source,nuc,nuclide,Z,N,A,ZA,t12,t12l,t12u,b_br,b_brl,b_bru,a_br,a_brl,a_bru,pn,pnl,pnu,p2n,p2nl,p2nu,p3n,p3nl,p3nu,t12theo,pntheo,p2ntheo,p3ntheo
mix,p40,40P,15,25,40,15040,0.15,0.008,0.008,100.0,0.0,0.0,0.0,0.0,0.0,15.8,2.1,2.1,0.0,0.0,0.0,0.0,0.0,0.0,0.15012,0.14,0.0,0.0
mix,p39,39P,15,24,39,15039,0.20400000000000001,0.039,0.039,100.0,0.0,0.0,0.0,0.0,0.0,26.0,8.0,8.0,0.0,0.0,0.0,0.0,0.0,0.0,0.35189,0.06,0.0,0.0
nubase,o23,23O,8,15,23,8023,0.096,0.008,0.008,100.0,0.0,0.0,0.0,0.0,0.0,7.0,2.0,2.0,0.0,0.0,0.0,0.0,0.0,0.0,-9999.0,-9999.0,-9999.0,-9999.0
mix,p38,38P,15,23,38,15038,0.64,0.14,0.14,100.0,0.0,0.0,0.0,0.0,0.0,12.0,5.0,5.0,0.0,0.0,0.0,0.0,0.0,0.0,0.37154,0.02,0.0,0.0
nubase,o24,24O,8,16,24,8024,0.07200000000000001,0.004,0.004,100.0,0.0,0.0,0.0,0.0,0.0,41.0,3.0,3.0,0.0,0.0,0.0,0.0,0.0,0.0,-9999.0,-9999.0,-9999.0,-9999.0
mix,p37,37P,15,22,37,15037,2.31,0.13,0.13,100.0,0.0,0.0,0.0,0.0,0.0,0.0,0.0,0.0,0.0,0.0,0.0,0.0,0.0,0.0,1.15471,0.03,0.0,0.0
mix,p44,44P,15,29,44,15044,0.0182,0.0008,0.0008,100.0,0.0,0.0,0.0,0.0,0.0,75.0,8.0,8.0,0.0,0.0,0.0,0.0,0.0,0.0,0.01408,0.55,0.21,0.0
mix,p43,43P,15,28,43,15043,0.0365,0.0015,0.0015,100.0,0.0,0.0,0.0,0.0,0.0,100.0,0.0,0.0,0.0,0.0,0.0,0.0,0.0,0.0,0.01259,0.59,0.02,0.0
mix,p42,42P,15,27,42,15042,0.0485,0.0015,0.0015,100.0,0.0,0.0,0.0,0.0,0.0,50.0,20.0,20.0,0.0,0.0,0.0,0.0,0.0,0.0,0.03836,0.46,0.05,0.0
mix,p41,41P,15,26,41,15041,0.101,0.005,0.005,100.0,0.0,0.0,0.0,0.0,0.0,30.0,10.0,10.0,0.0,0.0,0.0,0.0,0.0,0.0,0.08785,0.24,0.0,0.0
nubase,o21,21O,8,13,21,8021,3.42,0.1,0.1,100.0,0.0,0.0,0.0,0.0,0.0,0.0,0.0,0.0,0.0,0.0,0.0,0.0,0.0,0.0,-9999.0,-9999.0,-9999.0,-9999.0
mix,p36,36P,15,21,36,15036,5.6,0.3,0.3,100.0,0.0,0.0,0.0,0.0,0.0,0.0,0.0,0.0,0.0,0.0,0.0,0.0,0.0,0.0,0.93658,0.0,0.0,0.0
nubase,o22,22O,8,14,22,8022,2.19,0.16,0.16,100.0,0.0,0.0,0.0,0.0,0.0,0.0,0.0,0.0,0.0,0.0,0.0,0.0,0.0,0.0,-9999.0,-9999.0,-9999.0,-9999.0
mix,p35,35P,15,20,35,15035,47.3,0.7,0.7,100.0,0.0,0.0,0.0,0.0,0.0,0.0,0.0,0.0,0.0,0.0,0.0,0.0,0.0,0.0,7.90001,0.0,0.0,0.0
nubase,o19,19O,8,11,19,8019,26.47,0.006,0.006,100.0,0.0,0.0,0.0,0.0,0.0,0.0,0.0,0.0,0.0,0.0,0.0,0.0,0.0,0.0,-9999.0,-9999.0,-9999.0,-9999.0
nubase,o20,20O,8,12,20,8020,13.51,0.04,0.04,100.0,0.0,0.0,0.0,0.0,0.0,0.0,0.0,0.0,0.0,0.0,0.0,0.0,0.0,0.0,-9999.0,-9999.0,-9999.0,-9999.0
mix,p45,45P,15,30,45,15045,0.024,0.011,0.011,100.0,0.0,0.0,0.0,0.0,0.0,0.0,0.0,0.0,0.0,0.0,0.0,0.0,0.0,0.0,0.01521,0.7,0.21,0.02
mix,p33,33P,15,18,33,15033,2190240.0,9504.0,9504.0,100.0,0.0,0.0,0.0,0.0,0.0,0.0,0.0,0.0,0.0,0.0,0.0,0.0,0.0,0.0,1978597.125,0.0,0.0,0.0
mix,p32,32P,15,17,32,15032,1232668.8,518.4,518.4,100.0,0.0,0.0,0.0,0.0,0.0,0.0,0.0,0.0,0.0,0.0,0.0,0.0,0.0,0.0,1307.69226,0.0,0.0,0.0
mix,p34,34P,15,19,34,15034,12.43,0.08,0.08,100.0,0.0,0.0,0.0,0.0,0.0,0.0,0.0,0.0,0.0,0.0,0.0,0.0,0.0,0.0,9.02751,0.0,0.0,0.0
mix,zr109,109Zr,40,69,109,40109,0.056,0.003,0.003,100.0,0.0,0.0,0.0,0.0,0.0,0.0,0.0,0.0,0.0,0.0,0.0,0.0,0.0,0.0,0.10217,0.06,0.0,0.0
mix,zr108,108Zr,40,68,108,40108,0.07740000000000001,0.0022,0.0022,100.0,0.0,0.0,0.0,0.0,0.0,0.0,0.0,0.0,0.0,0.0,0.0,0.0,0.0,0.0,0.1498,0.02,0.0,0.0
mix,zr107,107Zr,40,67,107,40107,0.146,0.004,0.004,100.0,0.0,0.0,0.0,0.0,0.0,0.0,0.0,0.0,0.0,0.0,0.0,0.0,0.0,0.0,0.18685,0.02,0.0,0.0
mix,zr106,106Zr,40,66,106,40106,0.178,0.006,0.006,100.0,0.0,0.0,0.0,0.0,0.0,0.0,0.0,0.0,0.0,0.0,0.0,0.0,0.0,0.0,0.37107,0.01,0.0,0.0
nubase,au170,170Au,79,91,170,79170,0.00029,4e-05,5e-05,0.0,0.0,0.0,11.0,10.0,10.0,0.0,0.0,0.0,0.0,0.0,0.0,0.0,0.0,0.0,-9999.0,-9999.0,-9999.0,-9999.0
nubase,au173,173Au,79,94,173,79173,0.0263,0.0012,0.0012,0.0,0.0,0.0,94.0,19.0,6.0,0.0,0.0,0.0,0.0,0.0,0.0,0.0,0.0,0.0,-9999.0,-9999.0,-9999.0,-9999.0
nubase,au172,172Au,79,93,172,79172,0.022,0.004,0.006,0.0,0.0,0.0,100.0,0.0,0.0,0.0,0.0,0.0,0.0,0.0,0.0,0.0,0.0,0.0,-9999.0,-9999.0,-9999.0,-9999.0
nubase,au175,175Au,79,96,175,79175,0.201,0.003,0.003,0.0,0.0,0.0,90.0,7.0,7.0,0.0,0.0,0.0,0.0,0.0,0.0,0.0,0.0,0.0,-9999.0,-9999.0,-9999.0,-9999.0
nubase,au174,174Au,79,95,174,79174,0.139,0.003,0.003,0.0,0.0,0.0,90.0,6.0,6.0,0.0,0.0,0.0,0.0,0.0,0.0,0.0,0.0,0.0,-9999.0,-9999.0,-9999.0,-9999.0
nubase,au177,177Au,79,98,177,79177,1.454,0.046,0.046,0.0,0.0,0.0,54.0,12.0,12.0,0.0,0.0,0.0,0.0,0.0,0.0,0.0,0.0,0.0,-9999.0,-9999.0,-9999.0,-9999.0
nubase,au176,176Au,79,97,176,79176,1.05,0.01,0.01,0.0,0.0,0.0,58.0,5.0,5.0,0.0,0.0,0.0,0.0,0.0,0.0,0.0,0.0,0.0,-9999.0,-9999.0,-9999.0,-9999.0
nubase,au178,178Au,79,99,178,79178,3.4,0.5,0.5,0.0,0.0,0.0,16.0,1.0,1.0,0.0,0.0,0.0,0.0,0.0,0.0,0.0,0.0,0.0,-9999.0,-9999.0,-9999.0,-9999.0
mix,zr101,101Zr,40,61,101,40101,2.32,0.07,0.07,100.0,0.0,0.0,0.0,0.0,0.0,0.0,0.0,0.0,0.0,0.0,0.0,0.0,0.0,0.0,14.75128,0.0,0.0,0.0
mix,zr100,100Zr,40,60,100,40100,7.1,0.4,0.4,100.0,0.0,0.0,0.0,0.0,0.0,0.0,0.0,0.0,0.0,0.0,0.0,0.0,0.0,0.0,20.77184,0.0,0.0,0.0
mix,zr105,105Zr,40,65,105,40105,0.67,0.028,0.028,100.0,0.0,0.0,0.0,0.0,0.0,0.0,0.0,0.0,0.0,0.0,0.0,0.0,0.0,0.0,0.05027,0.0,0.0,0.0
mix,zr104,104Zr,40,64,104,40104,0.922,0.028,0.028,100.0,0.0,0.0,0.0,0.0,0.0,0.0,0.0,0.0,0.0,0.0,0.0,0.0,0.0,0.0,0.74164,0.0,0.0,0.0
mix,zr103,103Zr,40,63,103,40103,1.38,0.072,0.072,100.0,0.0,0.0,0.0,0.0,0.0,0.0,0.0,0.0,0.0,0.0,0.0,0.0,0.0,0.0,1.46159,0.0,0.0,0.0
mix,zr102,102Zr,40,62,102,40102,2.01,0.08,0.08,100.0,0.0,0.0,0.0,0.0,0.0,0.0,0.0,0.0,0.0,0.0,0.0,0.0,0.0,0.0,6.99654,0.0,0.0,0.0
mix,y108,108Y,39,69,108,39108,0.03,0.005,0.005,100.0,0.0,0.0,0.0,0.0,0.0,0.0,0.0,0.0,0.0,0.0,0.0,0.0,0.0,0.0,0.02159,0.38,0.02,0.0
mix,zr98,98Zr,40,58,98,40098,30.7,0.4,0.4,100.0,0.0,0.0,0.0,0.0,0.0,0.0,0.0,0.0,0.0,0.0,0.0,0.0,0.0,0.0,136.3638,0.0,0.0,0.0
mix,y107,107Y,39,68,107,39107,0.0335,0.003,0.003,100.0,0.0,0.0,0.0,0.0,0.0,0.0,0.0,0.0,0.0,0.0,0.0,0.0,0.0,0.0,0.02648,0.39,0.0,0.0
mix,zr97,97Zr,40,57,97,40097,60296.399999999994,28.8,28.8,100.0,0.0,0.0,0.0,0.0,0.0,0.0,0.0,0.0,0.0,0.0,0.0,0.0,0.0,0.0,1525.72583,0.0,0.0,0.0
mix,zr95,95Zr,40,55,95,40095,5532364.8,518.4,518.4,100.0,0.0,0.0,0.0,0.0,0.0,0.0,0.0,0.0,0.0,0.0,0.0,0.0,0.0,0.0,55486.67969,0.0,0.0,0.0
mix,zr99,99Zr,40,59,99,40099,2.1,0.1,0.1,100.0,0.0,0.0,0.0,0.0,0.0,0.0,0.0,0.0,0.0,0.0,0.0,0.0,0.0,0.0,38.49619,0.0,0.0,0.0
mix,y100,100Y,39,61,100,39100,0.729,0.008,0.008,100.0,0.0,0.0,0.0,0.0,0.0,1.02,0.06,0.06,0.0,0.0,0.0,0.0,0.0,0.0,0.28254,0.0,0.0,0.0
mix,y99,99Y,39,60,99,39099,1.483,0.006,0.006,100.0,0.0,0.0,0.0,0.0,0.0,1.77,0.19,0.19,0.0,0.0,0.0,0.0,0.0,0.0,0.16485,0.0,0.0,0.0
mix,y102,102Y,39,63,102,39102,0.396,0.024,0.024,100.0,0.0,0.0,0.0,0.0,0.0,6.0,1.3,1.3,0.0,0.0,0.0,0.0,0.0,0.0,0.17196,0.02,0.0,0.0
mix,y101,101Y,39,62,101,39101,0.429,0.019,0.019,100.0,0.0,0.0,0.0,0.0,0.0,1.88,0.16,0.16,0.0,0.0,0.0,0.0,0.0,0.0,0.13377,0.01,0.0,0.0
mix,y104,104Y,39,65,104,39104,0.197,0.004,0.004,100.0,0.0,0.0,0.0,0.0,0.0,34.0,10.0,10.0,0.0,0.0,0.0,0.0,0.0,0.0,0.02879,0.04,0.0,0.0
mix,y103,103Y,39,64,103,39103,0.23600000000000002,0.012,0.012,100.0,0.0,0.0,0.0,0.0,0.0,8.0,2.0,2.0,0.0,0.0,0.0,0.0,0.0,0.0,0.06761,0.06,0.0,0.0
mix,y106,106Y,39,67,106,39106,0.081,0.005,0.008,100.0,0.0,0.0,0.0,0.0,0.0,0.0,0.0,0.0,0.0,0.0,0.0,0.0,0.0,0.0,0.0314,0.2,0.0,0.0
mix,y105,105Y,39,66,105,39105,0.107,0.009000000000000001,0.006,100.0,0.0,0.0,0.0,0.0,0.0,0.0,0.0,0.0,0.0,0.0,0.0,0.0,0.0,0.0,0.04256,0.19,0.0,0.0
mix,y109,109Y,39,70,109,39109,0.025,0.005,0.005,100.0,0.0,0.0,0.0,0.0,0.0,0.0,0.0,0.0,0.0,0.0,0.0,0.0,0.0,0.0,0.01721,0.56,0.01,0.0
nubase,he6,6He,2,4,6,2006,0.8071200000000001,0.00017,0.00017,100.0,0.0,0.0,0.0,0.0,0.0,0.0,0.0,0.0,0.0,0.0,0.0,0.0,0.0,0.0,-9999.0,-9999.0,-9999.0,-9999.0
nubase,he8,8He,2,6,8,2008,0.11900000000000001,0.0016,0.0016,100.0,0.0,0.0,0.0,0.0,0.0,16.0,1.0,1.0,0.0,0.0,0.0,0.0,0.0,0.0,-9999.0,-9999.0,-9999.0,-9999.0
mix,zr93,93Zr,40,53,93,40093,50834484068732.0,1623603842700.0,1623603842700.0,100.0,0.0,0.0,0.0,0.0,0.0,0.0,0.0,0.0,0.0,0.0,0.0,0.0,0.0,0.0,26562707456.0,0.0,0.0,0.0
mix,y97,97Y,39,58,97,39097,3.75,0.03,0.03,100.0,0.0,0.0,0.0,0.0,0.0,0.055,0.004,0.004,0.0,0.0,0.0,0.0,0.0,0.0,0.28227,0.0,0.0,0.0
mix,y96,96Y,39,57,96,39096,5.35,0.04,0.04,100.0,0.0,0.0,0.0,0.0,0.0,0.0,0.0,0.0,0.0,0.0,0.0,0.0,0.0,0.0,1.59158,0.0,0.0,0.0
mix,y98,98Y,39,59,98,39098,0.548,0.001,0.001,100.0,0.0,0.0,0.0,0.0,0.0,0.33,0.03,0.03,0.0,0.0,0.0,0.0,0.0,0.0,0.32566,0.01,0.0,0.0
mix,y91,91Y,39,52,91,39091,5059584.0,7776.0,7776.0,100.0,0.0,0.0,0.0,0.0,0.0,0.0,0.0,0.0,0.0,0.0,0.0,0.0,0.0,0.0,31989.20898,0.0,0.0,0.0
mix,y90,90Y,39,51,90,39090,230565.60000000003,176.4,176.4,100.0,0.0,0.0,0.0,0.0,0.0,0.0,0.0,0.0,0.0,0.0,0.0,0.0,0.0,0.0,18156.23828,0.0,0.0,0.0
mix,y93,93Y,39,54,93,39093,36612.0,288.0,288.0,100.0,0.0,0.0,0.0,0.0,0.0,0.0,0.0,0.0,0.0,0.0,0.0,0.0,0.0,0.0,12.09476,0.0,0.0,0.0
mix,y92,92Y,39,53,92,39092,12744.0,36.0,36.0,100.0,0.0,0.0,0.0,0.0,0.0,0.0,0.0,0.0,0.0,0.0,0.0,0.0,0.0,0.0,1223.13403,0.0,0.0,0.0
mix,y95,95Y,39,56,95,39095,624.0,6.0,6.0,100.0,0.0,0.0,0.0,0.0,0.0,0.0,0.0,0.0,0.0,0.0,0.0,0.0,0.0,0.0,1.99067,0.0,0.0,0.0
mix,y94,94Y,39,55,94,39094,1122.0,6.0,6.0,100.0,0.0,0.0,0.0,0.0,0.0,0.0,0.0,0.0,0.0,0.0,0.0,0.0,0.0,0.0,36.7802,0.0,0.0,0.0
nubase,hg170,170Hg,80,90,170,80170,0.08,0.04,0.4,0.0,0.0,0.0,100.0,0.0,0.0,0.0,0.0,0.0,0.0,0.0,0.0,0.0,0.0,0.0,-9999.0,-9999.0,-9999.0,-9999.0
nubase,hg174,174Hg,80,94,174,80174,0.0019,0.0003,0.0004,0.0,0.0,0.0,100.0,0.0,0.0,0.0,0.0,0.0,0.0,0.0,0.0,0.0,0.0,0.0,-9999.0,-9999.0,-9999.0,-9999.0
nubase,hg173,173Hg,80,93,173,80173,0.0008,8e-05,8e-05,0.0,0.0,0.0,100.0,0.0,0.0,0.0,0.0,0.0,0.0,0.0,0.0,0.0,0.0,0.0,-9999.0,-9999.0,-9999.0,-9999.0
nubase,hg172,172Hg,80,92,172,80172,0.231,0.009000000000000001,0.009000000000000001,0.0,0.0,0.0,100.0,0.0,0.0,0.0,0.0,0.0,0.0,0.0,0.0,0.0,0.0,0.0,-9999.0,-9999.0,-9999.0,-9999.0
nubase,hg171,171Hg,80,91,171,80171,0.059000000000000004,0.016,0.036000000000000004,0.0,0.0,0.0,100.0,0.0,0.0,0.0,0.0,0.0,0.0,0.0,0.0,0.0,0.0,0.0,-9999.0,-9999.0,-9999.0,-9999.0
nubase,hg178,178Hg,80,98,178,80178,0.266,0.002,0.002,0.0,0.0,0.0,89.0,4.0,4.0,0.0,0.0,0.0,0.0,0.0,0.0,0.0,0.0,0.0,-9999.0,-9999.0,-9999.0,-9999.0
nubase,hg177,177Hg,80,97,177,80177,0.117,0.007,0.007,0.0,0.0,0.0,100.0,0.0,0.0,0.0,0.0,0.0,0.0,0.0,0.0,0.0,0.0,0.0,-9999.0,-9999.0,-9999.0,-9999.0
nubase,hg176,176Hg,80,96,176,80176,0.02,0.002,0.002,0.0,0.0,0.0,94.0,12.0,6.0,0.0,0.0,0.0,0.0,0.0,0.0,0.0,0.0,0.0,-9999.0,-9999.0,-9999.0,-9999.0
nubase,hg175,175Hg,80,95,175,80175,0.010199999999999999,0.0003,0.0003,0.0,0.0,0.0,100.0,0.0,0.0,0.0,0.0,0.0,0.0,0.0,0.0,0.0,0.0,0.0,-9999.0,-9999.0,-9999.0,-9999.0
nubase,hg179,179Hg,80,99,179,80179,1.05,0.03,0.03,0.0,0.0,0.0,75.0,4.0,4.0,0.0,0.0,0.0,0.0,0.0,0.0,0.0,0.0,0.0,-9999.0,-9999.0,-9999.0,-9999.0
mix,eu170,170Eu,63,107,170,63170,0.197,0.07100000000000001,0.074,100.0,0.0,0.0,0.0,0.0,0.0,0.0,0.0,0.0,0.0,0.0,0.0,0.0,0.0,0.0,0.32258,0.47,0.0,0.0
mix,eu169,169Eu,63,106,169,63169,0.389,0.09,0.09,100.0,0.0,0.0,0.0,0.0,0.0,14.6,5.1,5.8,0.0,0.0,0.0,0.0,0.0,0.0,0.47009,0.44,0.0,0.0
mix,eu164,164Eu,63,101,164,63164,4.08,0.16,0.16,100.0,0.0,0.0,0.0,0.0,0.0,0.0,0.0,0.0,0.0,0.0,0.0,0.0,0.0,0.0,7.36219,0.0,0.0,0.0
mix,eu163,163Eu,63,100,163,63163,7.7,0.4,0.4,100.0,0.0,0.0,0.0,0.0,0.0,0.0,0.0,0.0,0.0,0.0,0.0,0.0,0.0,0.0,14.78522,0.0,0.0,0.0
mix,eu166,166Eu,63,103,166,63166,1.29,0.08,0.07,100.0,0.0,0.0,0.0,0.0,0.0,0.63,0.17,0.17,0.0,0.0,0.0,0.0,0.0,0.0,1.46129,0.01,0.0,0.0
mix,eu165,165Eu,63,102,165,63165,2.25,0.14,0.14,100.0,0.0,0.0,0.0,0.0,0.0,0.0,0.0,0.0,0.0,0.0,0.0,0.0,0.0,0.0,4.55215,0.01,0.0,0.0
mix,eu168,168Eu,63,105,168,63168,0.44,0.048,0.048,100.0,0.0,0.0,0.0,0.0,0.0,3.95,0.83,0.83,0.0,0.0,0.0,0.0,0.0,0.0,0.19109,0.05,0.0,0.0
mix,eu167,167Eu,63,104,167,63167,0.862,0.059000000000000004,0.075,100.0,0.0,0.0,0.0,0.0,0.0,1.95,0.38,0.38,0.0,0.0,0.0,0.0,0.0,0.0,1.46812,0.17,0.0,0.0
mix,co74,74Co,27,47,74,27074,0.0313,0.0013000000000000002,0.0013000000000000002,100.0,0.0,0.0,0.0,0.0,0.0,18.0,15.0,15.0,0.0,0.0,0.0,0.0,0.0,0.0,0.01467,0.1,0.01,0.0
mix,co75,75Co,27,48,75,27075,0.0265,0.0012,0.0012,100.0,0.0,0.0,0.0,0.0,0.0,0.0,0.0,0.0,0.0,0.0,0.0,0.0,0.0,0.0,0.01635,0.12,0.0,0.0
mix,co72,72Co,27,45,72,27072,0.0519,0.0008,0.0008,100.0,0.0,0.0,0.0,0.0,0.0,0.0,0.0,0.0,0.0,0.0,0.0,0.0,0.0,0.0,0.02208,0.06,0.0,0.0
mix,co73,73Co,27,46,73,27073,0.042,0.0007,0.0007,100.0,0.0,0.0,0.0,0.0,0.0,6.0,3.0,3.0,0.0,0.0,0.0,0.0,0.0,0.0,0.019,0.09,0.0,0.0
mix,co76,76Co,27,49,76,27076,0.016,0.004,0.004,100.0,0.0,0.0,0.0,0.0,0.0,0.0,0.0,0.0,0.0,0.0,0.0,0.0,0.0,0.0,0.01269,0.18,0.02,0.0
mix,co67,67Co,27,40,67,27067,0.329,0.028,0.028,100.0,0.0,0.0,0.0,0.0,0.0,0.0,0.0,0.0,0.0,0.0,0.0,0.0,0.0,0.0,0.06567,0.0,0.0,0.0
mix,co70,70Co,27,43,70,27070,0.114,0.004,0.004,100.0,0.0,0.0,0.0,0.0,0.0,0.0,0.0,0.0,0.0,0.0,0.0,0.0,0.0,0.0,0.03544,0.02,0.0,0.0
mix,co71,71Co,27,44,71,27071,0.08,0.002,0.002,100.0,0.0,0.0,0.0,0.0,0.0,0.0,0.0,0.0,0.0,0.0,0.0,0.0,0.0,0.0,0.03327,0.04,0.0,0.0
mix,th238,238Th,90,148,238,90238,564.0,120.0,120.0,100.0,0.0,0.0,0.0,0.0,0.0,0.0,0.0,0.0,0.0,0.0,0.0,0.0,0.0,0.0,266.63336,0.0,0.0,0.0
mix,co68,68Co,27,41,68,27068,0.222,0.028,0.028,100.0,0.0,0.0,0.0,0.0,0.0,0.0,0.0,0.0,0.0,0.0,0.0,0.0,0.0,0.0,0.05535,0.01,0.0,0.0
mix,co69,69Co,27,42,69,27069,0.21,0.009000000000000001,0.009000000000000001,100.0,0.0,0.0,0.0,0.0,0.0,0.0,0.0,0.0,0.0,0.0,0.0,0.0,0.0,0.0,0.04805,0.02,0.0,0.0
mix,th235,235Th,90,145,235,90235,432.0,6.0,6.0,100.0,0.0,0.0,0.0,0.0,0.0,0.0,0.0,0.0,0.0,0.0,0.0,0.0,0.0,0.0,470.31586,0.0,0.0,0.0
mix,th234,234Th,90,144,234,90234,2082844.8,1987.2,1987.2,100.0,0.0,0.0,0.0,0.0,0.0,0.0,0.0,0.0,0.0,0.0,0.0,0.0,0.0,0.0,1291148.75,0.0,0.0,0.0
mix,th237,237Th,90,147,237,90237,287.4,30.0,30.0,100.0,0.0,0.0,0.0,0.0,0.0,0.0,0.0,0.0,0.0,0.0,0.0,0.0,0.0,0.0,50.36013,0.0,0.0,0.0
mix,th236,236Th,90,146,236,90236,2250.0,12.0,12.0,100.0,0.0,0.0,0.0,0.0,0.0,0.0,0.0,0.0,0.0,0.0,0.0,0.0,0.0,0.0,4577.15381,0.0,0.0,0.0
mix,th231,231Th,90,141,231,90231,91872.0,36.0,36.0,100.0,0.0,0.0,0.0,0.0,0.0,0.0,0.0,0.0,0.0,0.0,0.0,0.0,0.0,0.0,82020.11719,0.0,0.0,0.0
nubase,th230,230Th,90,140,230,90230,2379392220400.0,9467077800.0,9467077800.0,0.0,0.0,0.0,100.0,0.0,0.0,0.0,0.0,0.0,0.0,0.0,0.0,0.0,0.0,0.0,-9999.0,-9999.0,-9999.0,-9999.0
mix,th233,233Th,90,143,233,90233,1309.8,2.4,2.4,100.0,0.0,0.0,0.0,0.0,0.0,0.0,0.0,0.0,0.0,0.0,0.0,0.0,0.0,0.0,8911.50879,0.0,0.0,0.0
nubase,th232,232Th,90,142,232,90232,4.4395608385936877e+17,7109336786528600.0,7109336786528600.0,0.0,0.0,0.0,100.0,0.0,0.0,0.0,0.0,0.0,0.0,0.0,0.0,0.0,0.0,0.0,-9999.0,-9999.0,-9999.0,-9999.0
mix,co77,77Co,27,50,77,27077,0.013000000000000001,0.0043,0.007200000000000001,100.0,0.0,0.0,0.0,0.0,0.0,0.0,0.0,0.0,0.0,0.0,0.0,0.0,0.0,0.0,0.01082,0.55,0.02,0.0
nubase,th228,228Th,90,138,228,90228,60324219.7416,31556.926,31556.926,0.0,0.0,0.0,100.0,0.0,0.0,0.0,0.0,0.0,0.0,0.0,0.0,0.0,0.0,0.0,-9999.0,-9999.0,-9999.0,-9999.0
nubase,th227,227Th,90,137,227,90227,1615127.04,311.03999999999996,311.03999999999996,0.0,0.0,0.0,100.0,0.0,0.0,0.0,0.0,0.0,0.0,0.0,0.0,0.0,0.0,0.0,-9999.0,-9999.0,-9999.0,-9999.0
nubase,th229,229Th,90,139,229,90229,249536392345.0,634294212.6,634294212.6,0.0,0.0,0.0,100.0,0.0,0.0,0.0,0.0,0.0,0.0,0.0,0.0,0.0,0.0,0.0,-9999.0,-9999.0,-9999.0,-9999.0
nubase,th224,224Th,90,134,224,90224,1.04,0.02,0.02,0.0,0.0,0.0,100.0,0.0,0.0,0.0,0.0,0.0,0.0,0.0,0.0,0.0,0.0,0.0,-9999.0,-9999.0,-9999.0,-9999.0
nubase,th223,223Th,90,133,223,90223,0.6,0.02,0.02,0.0,0.0,0.0,100.0,0.0,0.0,0.0,0.0,0.0,0.0,0.0,0.0,0.0,0.0,0.0,-9999.0,-9999.0,-9999.0,-9999.0
nubase,th226,226Th,90,136,226,90226,1841.4,1.7999999999999998,1.7999999999999998,0.0,0.0,0.0,100.0,0.0,0.0,0.0,0.0,0.0,0.0,0.0,0.0,0.0,0.0,0.0,-9999.0,-9999.0,-9999.0,-9999.0
nubase,th225,225Th,90,135,225,90225,523.2,2.4,2.4,0.0,0.0,0.0,90.0,0.0,0.0,0.0,0.0,0.0,0.0,0.0,0.0,0.0,0.0,0.0,-9999.0,-9999.0,-9999.0,-9999.0
nubase,th220,220Th,90,130,220,90220,0.010199999999999999,0.0003,0.0003,0.0,0.0,0.0,100.0,0.0,0.0,0.0,0.0,0.0,0.0,0.0,0.0,0.0,0.0,0.0,-9999.0,-9999.0,-9999.0,-9999.0
nubase,th222,222Th,90,132,222,90222,0.00197,1.4e-05,1.4e-05,0.0,0.0,0.0,100.0,0.0,0.0,0.0,0.0,0.0,0.0,0.0,0.0,0.0,0.0,0.0,-9999.0,-9999.0,-9999.0,-9999.0
nubase,th221,221Th,90,131,221,90221,0.00173,3e-05,3e-05,0.0,0.0,0.0,100.0,0.0,0.0,0.0,0.0,0.0,0.0,0.0,0.0,0.0,0.0,0.0,-9999.0,-9999.0,-9999.0,-9999.0
nubase,th217,217Th,90,127,217,90217,0.254,0.002,0.002,0.0,0.0,0.0,100.0,0.0,0.0,0.0,0.0,0.0,0.0,0.0,0.0,0.0,0.0,0.0,-9999.0,-9999.0,-9999.0,-9999.0
nubase,th216,216Th,90,126,216,90216,0.026000000000000002,0.0002,0.0002,0.0,0.0,0.0,100.0,0.0,0.0,0.0,0.0,0.0,0.0,0.0,0.0,0.0,0.0,0.0,-9999.0,-9999.0,-9999.0,-9999.0
nubase,th219,219Th,90,129,219,90219,0.00102,2e-05,2e-05,0.0,0.0,0.0,100.0,0.0,0.0,0.0,0.0,0.0,0.0,0.0,0.0,0.0,0.0,0.0,-9999.0,-9999.0,-9999.0,-9999.0
nubase,th218,218Th,90,128,218,90218,1.21e-07,6.000000000000001e-09,6.000000000000001e-09,0.0,0.0,0.0,100.0,0.0,0.0,0.0,0.0,0.0,0.0,0.0,0.0,0.0,0.0,0.0,-9999.0,-9999.0,-9999.0,-9999.0
nubase,th213,213Th,90,123,213,90213,0.146,0.022,0.022,0.0,0.0,0.0,100.0,0.0,0.0,0.0,0.0,0.0,0.0,0.0,0.0,0.0,0.0,0.0,-9999.0,-9999.0,-9999.0,-9999.0
nubase,th212,212Th,90,122,212,90212,0.0317,0.0013000000000000002,0.0013000000000000002,0.0,0.0,0.0,100.0,0.0,0.0,0.0,0.0,0.0,0.0,0.0,0.0,0.0,0.0,0.0,-9999.0,-9999.0,-9999.0,-9999.0
nubase,th215,215Th,90,125,215,90215,1.4,0.2,0.2,0.0,0.0,0.0,100.0,0.0,0.0,0.0,0.0,0.0,0.0,0.0,0.0,0.0,0.0,0.0,-9999.0,-9999.0,-9999.0,-9999.0
nubase,th214,214Th,90,124,214,90214,0.1,0.01,0.01,0.0,0.0,0.0,100.0,0.0,0.0,0.0,0.0,0.0,0.0,0.0,0.0,0.0,0.0,0.0,-9999.0,-9999.0,-9999.0,-9999.0
nubase,th211,211Th,90,121,211,90211,0.037,0.011,0.028,0.0,0.0,0.0,100.0,0.0,0.0,0.0,0.0,0.0,0.0,0.0,0.0,0.0,0.0,0.0,-9999.0,-9999.0,-9999.0,-9999.0
nubase,th210,210Th,90,120,210,90210,0.0157,0.0035,0.0035,0.0,0.0,0.0,100.0,0.0,0.0,0.0,0.0,0.0,0.0,0.0,0.0,0.0,0.0,0.0,-9999.0,-9999.0,-9999.0,-9999.0
mix,co63,63Co,27,36,63,27063,26.9,0.4,0.4,100.0,0.0,0.0,0.0,0.0,0.0,0.0,0.0,0.0,0.0,0.0,0.0,0.0,0.0,0.0,9.03001,0.0,0.0,0.0
mix,co64,64Co,27,37,64,27064,0.3,0.03,0.03,100.0,0.0,0.0,0.0,0.0,0.0,0.0,0.0,0.0,0.0,0.0,0.0,0.0,0.0,0.0,1.36346,0.0,0.0,0.0
mix,co61,61Co,27,34,61,27061,5940.0,18.0,18.0,100.0,0.0,0.0,0.0,0.0,0.0,0.0,0.0,0.0,0.0,0.0,0.0,0.0,0.0,0.0,60967.16797,0.0,0.0,0.0
mix,co62,62Co,27,35,62,27062,90.6,2.4,2.4,100.0,0.0,0.0,0.0,0.0,0.0,0.0,0.0,0.0,0.0,0.0,0.0,0.0,0.0,0.0,149.43742,0.0,0.0,0.0
mix,co65,65Co,27,38,65,27065,1.16,0.03,0.03,100.0,0.0,0.0,0.0,0.0,0.0,0.0,0.0,0.0,0.0,0.0,0.0,0.0,0.0,0.0,0.3876,0.0,0.0,0.0
mix,co66,66Co,27,39,66,27066,0.2,0.015,0.015,100.0,0.0,0.0,0.0,0.0,0.0,0.0,0.0,0.0,0.0,0.0,0.0,0.0,0.0,0.0,0.13586,0.0,0.0,0.0
nubase,th209,209Th,90,119,209,90209,0.0025,0.0007,0.0017,0.0,0.0,0.0,100.0,0.0,0.0,0.0,0.0,0.0,0.0,0.0,0.0,0.0,0.0,0.0,-9999.0,-9999.0,-9999.0,-9999.0
mix,co60,60Co,27,33,60,27060,166336556.946,31556.926,31556.926,100.0,0.0,0.0,0.0,0.0,0.0,0.0,0.0,0.0,0.0,0.0,0.0,0.0,0.0,0.0,35191.08203,0.0,0.0,0.0
nubase,th208,208Th,90,118,208,90208,0.0031000000000000003,0.0013000000000000002,0.0013000000000000002,0.0,0.0,0.0,100.0,0.0,0.0,0.0,0.0,0.0,0.0,0.0,0.0,0.0,0.0,0.0,-9999.0,-9999.0,-9999.0,-9999.0
mix,tc101,101Tc,43,58,101,43101,847.38,5.46,5.46,100.0,0.0,0.0,0.0,0.0,0.0,0.0,0.0,0.0,0.0,0.0,0.0,0.0,0.0,0.0,138.31557,0.0,0.0,0.0
mix,tc102,102Tc,43,59,102,43102,5.28,0.15,0.15,100.0,0.0,0.0,0.0,0.0,0.0,0.0,0.0,0.0,0.0,0.0,0.0,0.0,0.0,0.0,165.81421,0.0,0.0,0.0
mix,tc98,98Tc,43,55,98,43098,132539089200000.0,9467077800000.0,9467077800000.0,100.0,0.0,0.0,0.0,0.0,0.0,0.0,0.0,0.0,0.0,0.0,0.0,0.0,0.0,0.0,155.03323,0.0,0.0,0.0
mix,tc99,99Tc,43,56,99,43099,6661667078600.0,37868311200.0,37868311200.0,100.0,0.0,0.0,0.0,0.0,0.0,0.0,0.0,0.0,0.0,0.0,0.0,0.0,0.0,0.0,85686.10938,0.0,0.0,0.0
mix,tc100,100Tc,43,57,100,43100,15.65,0.12,0.12,99.9974,0.0004,0.0004,0.0,0.0,0.0,0.0,0.0,0.0,0.0,0.0,0.0,0.0,0.0,0.0,27.5202,0.0,0.0,0.0
nubase,cs114,114Cs,55,59,114,55114,0.57,0.02,0.02,0.0,0.0,0.0,0.018,0.006,0.006,0.0,0.0,0.0,0.0,0.0,0.0,0.0,0.0,0.0,-9999.0,-9999.0,-9999.0,-9999.0
mix,ga85,85Ga,31,54,85,31085,0.09509999999999999,0.001,0.001,100.0,0.0,0.0,0.0,0.0,0.0,77.0,9.0,9.0,1.3,0.2,0.2,0.0,0.0,0.0,0.05517,0.91,0.02,0.0
mix,ga84,84Ga,31,53,84,31084,0.09759999999999999,0.0012,0.0012,100.0,0.0,0.0,0.0,0.0,0.0,43.0,3.0,3.0,1.6,0.2,0.2,0.0,0.0,0.0,0.06834,0.47,0.04,0.0
mix,ga87,87Ga,31,56,87,31087,0.029,0.004,0.004,100.0,0.0,0.0,0.0,0.0,0.0,81.0,12.0,12.0,10.2,2.8,2.8,0.0,0.0,0.0,0.02031,0.94,0.03,0.0
mix,ga86,86Ga,31,55,86,31086,0.049,0.002,0.002,100.0,0.0,0.0,0.0,0.0,0.0,67.0,7.0,7.0,16.2,1.1,1.1,0.0,0.0,0.0,0.02253,0.54,0.07,0.0
mix,ga81,81Ga,31,50,81,31081,1.217,0.005,0.005,100.0,0.0,0.0,0.0,0.0,0.0,12.7,0.6,0.6,0.0,0.0,0.0,0.0,0.0,0.0,1.10634,0.07,0.0,0.0
mix,ga83,83Ga,31,52,83,31083,0.31,0.001,0.001,100.0,0.0,0.0,0.0,0.0,0.0,67.9,7.2,7.2,0.0,0.0,0.0,0.0,0.0,0.0,0.18686,0.6,0.0,0.0
mix,ga82,82Ga,31,51,82,31082,0.6,0.004,0.004,100.0,0.0,0.0,0.0,0.0,0.0,20.6,0.7,0.7,0.0,0.0,0.0,0.0,0.0,0.0,0.28912,0.13,0.0,0.0
mix,ga74,74Ga,31,43,74,31074,486.0,3.5999999999999996,3.5999999999999996,100.0,0.0,0.0,0.0,0.0,0.0,0.0,0.0,0.0,0.0,0.0,0.0,0.0,0.0,0.0,62.92712,0.0,0.0,0.0
mix,ga73,73Ga,31,42,73,31073,17532.0,72.0,72.0,100.0,0.0,0.0,0.0,0.0,0.0,0.0,0.0,0.0,0.0,0.0,0.0,0.0,0.0,0.0,5180.83447,0.0,0.0,0.0
nubase,cs130,130Cs,55,75,130,55130,1752.0,2.4,2.4,1.6,0.0,0.0,0.0,0.0,0.0,0.0,0.0,0.0,0.0,0.0,0.0,0.0,0.0,0.0,-9999.0,-9999.0,-9999.0,-9999.0
mix,ga76,76Ga,31,45,76,31076,31.0,0.8,0.8,100.0,0.0,0.0,0.0,0.0,0.0,0.0,0.0,0.0,0.0,0.0,0.0,0.0,0.0,0.0,8.40229,0.0,0.0,0.0
mix,ga75,75Ga,31,44,75,31075,126.0,2.0,2.0,100.0,0.0,0.0,0.0,0.0,0.0,0.0,0.0,0.0,0.0,0.0,0.0,0.0,0.0,0.0,35.94667,0.0,0.0,0.0
mix,cs134,134Cs,55,79,134,55134,65183986.345599994,15778.463,15778.463,99.9997,0.0001,0.0001,0.0,0.0,0.0,0.0,0.0,0.0,0.0,0.0,0.0,0.0,0.0,0.0,4182.27734,0.0,0.0,0.0
mix,ga72,72Ga,31,41,72,31072,50490.0,208.8,208.8,100.0,0.0,0.0,0.0,0.0,0.0,0.0,0.0,0.0,0.0,0.0,0.0,0.0,0.0,0.0,937.72333,0.0,0.0,0.0
nubase,cs132,132Cs,55,77,132,55132,559872.0,518.4,518.4,1.87,0.09,0.09,0.0,0.0,0.0,0.0,0.0,0.0,0.0,0.0,0.0,0.0,0.0,0.0,-9999.0,-9999.0,-9999.0,-9999.0
mix,ga78,78Ga,31,47,78,31078,5.09,0.05,0.05,100.0,0.0,0.0,0.0,0.0,0.0,0.0,0.0,0.0,0.0,0.0,0.0,0.0,0.0,0.0,3.39783,0.0,0.0,0.0
mix,ga77,77Ga,31,46,77,31077,13.2,0.2,0.2,100.0,0.0,0.0,0.0,0.0,0.0,0.0,0.0,0.0,0.0,0.0,0.0,0.0,0.0,0.0,5.96033,0.0,0.0,0.0
mix,ga80,80Ga,31,49,80,31080,1.9,0.1,0.1,100.0,0.0,0.0,0.0,0.0,0.0,0.86,0.07,0.07,0.0,0.0,0.0,0.0,0.0,0.0,0.7712,0.01,0.0,0.0
mix,ga79,79Ga,31,48,79,31079,2.848,0.003,0.003,100.0,0.0,0.0,0.0,0.0,0.0,0.089,0.017,0.017,0.0,0.0,0.0,0.0,0.0,0.0,2.43826,0.0,0.0,0.0
mix,cs138,138Cs,55,83,138,55138,1948.7999999999997,12.0,12.0,100.0,0.0,0.0,0.0,0.0,0.0,0.0,0.0,0.0,0.0,0.0,0.0,0.0,0.0,0.0,82.16071,0.0,0.0,0.0
nubase,bk242,242Bk,97,145,242,97242,420.0,78.0,78.0,0.0,0.0,0.0,1.0,0.0,0.0,0.0,0.0,0.0,0.0,0.0,0.0,0.0,0.0,0.0,-9999.0,-9999.0,-9999.0,-9999.0
mix,cs137,137Cs,55,82,137,55137,946928678.482,725809.298,725809.298,100.0,0.0,0.0,0.0,0.0,0.0,0.0,0.0,0.0,0.0,0.0,0.0,0.0,0.0,0.0,16394.86328,0.0,0.0,0.0
nubase,bk243,243Bk,97,146,243,97243,16560.0,720.0,720.0,0.0,0.0,0.0,0.15,0.0,0.0,0.0,0.0,0.0,0.0,0.0,0.0,0.0,0.0,0.0,-9999.0,-9999.0,-9999.0,-9999.0
mix,cs136,136Cs,55,81,136,55136,1124064.0,4320.0,4320.0,100.0,0.0,0.0,0.0,0.0,0.0,0.0,0.0,0.0,0.0,0.0,0.0,0.0,0.0,0.0,1808.42627,0.0,0.0,0.0
nubase,bk244,244Bk,97,147,244,97244,18072.0,108.0,108.0,0.0,0.0,0.0,0.006,0.003,0.003,0.0,0.0,0.0,0.0,0.0,0.0,0.0,0.0,0.0,-9999.0,-9999.0,-9999.0,-9999.0
mix,cs135,135Cs,55,80,135,55135,41970711580000.0,5987516468462.0,5987516468462.0,100.0,0.0,0.0,0.0,0.0,0.0,0.0,0.0,0.0,0.0,0.0,0.0,0.0,0.0,0.0,9422173.0,0.0,0.0,0.0
nubase,bk245,245Bk,97,148,245,97245,428544.0,2592.0,2592.0,0.0,0.0,0.0,0.12,0.01,0.01,0.0,0.0,0.0,0.0,0.0,0.0,0.0,0.0,0.0,-9999.0,-9999.0,-9999.0,-9999.0
mix,cs142,142Cs,55,87,142,55142,1.687,0.009,0.009,100.0,0.0,0.0,0.0,0.0,0.0,0.0906,0.0028,0.0028,0.0,0.0,0.0,0.0,0.0,0.0,1.22169,0.0,0.0,0.0
mix,cs141,141Cs,55,86,141,55141,24.86,0.1,0.1,100.0,0.0,0.0,0.0,0.0,0.0,0.036,0.004,0.004,0.0,0.0,0.0,0.0,0.0,0.0,7.68739,0.0,0.0,0.0
mix,cs140,140Cs,55,85,140,55140,64.0,0.4,0.4,100.0,0.0,0.0,0.0,0.0,0.0,0.0,0.0,0.0,0.0,0.0,0.0,0.0,0.0,0.0,7.58614,0.0,0.0,0.0
mix,cs139,139Cs,55,84,139,55139,555.0,3.5999999999999996,3.5999999999999996,100.0,0.0,0.0,0.0,0.0,0.0,0.0,0.0,0.0,0.0,0.0,0.0,0.0,0.0,0.0,86.35194,0.0,0.0,0.0
mix,cs144,144Cs,55,89,144,55144,0.993,0.007,0.007,100.0,0.0,0.0,0.0,0.0,0.0,3.02,0.08,0.08,0.0,0.0,0.0,0.0,0.0,0.0,1.03023,0.05,0.0,0.0
mix,cs143,143Cs,55,88,143,55143,1.795,0.008,0.008,100.0,0.0,0.0,0.0,0.0,0.0,1.65,0.09,0.09,0.0,0.0,0.0,0.0,0.0,0.0,1.70711,0.03,0.0,0.0
nubase,ds267,267Ds,110,157,267,110267,0.003,0.001,0.013000000000000001,0.0,0.0,0.0,100.0,0.0,0.0,0.0,0.0,0.0,0.0,0.0,0.0,0.0,0.0,0.0,-9999.0,-9999.0,-9999.0,-9999.0
mix,ga70,70Ga,31,39,70,31070,1268.4,1.7999999999999998,1.7999999999999998,99.59,0.05,0.05,0.0,0.0,0.0,0.0,0.0,0.0,0.0,0.0,0.0,0.0,0.0,0.0,326960.5,0.0,0.0,0.0
nubase,tl184,184Tl,81,103,184,81184,9.5,0.2,0.2,0.0,0.0,0.0,1.22,0.3,0.3,0.0,0.0,0.0,0.0,0.0,0.0,0.0,0.0,0.0,-9999.0,-9999.0,-9999.0,-9999.0
nubase,bk247,247Bk,97,150,247,97247,43548557880.0,7889231500.0,7889231500.0,0.0,0.0,0.0,100.0,0.0,0.0,0.0,0.0,0.0,0.0,0.0,0.0,0.0,0.0,0.0,-9999.0,-9999.0,-9999.0,-9999.0
nubase,ds269,269Ds,110,159,269,110269,0.18,0.06,0.21,0.0,0.0,0.0,100.0,0.0,0.0,0.0,0.0,0.0,0.0,0.0,0.0,0.0,0.0,0.0,-9999.0,-9999.0,-9999.0,-9999.0
mix,cs145,145Cs,55,90,145,55145,0.588,0.005,0.005,100.0,0.0,0.0,0.0,0.0,0.0,12.84,0.43,0.43,0.0,0.0,0.0,0.0,0.0,0.0,0.52007,0.19,0.0,0.0
mix,cs149,149Cs,55,94,149,55149,0.112,0.003,0.003,100.0,0.0,0.0,0.0,0.0,0.0,25.0,4.0,4.0,0.0,0.0,0.0,0.0,0.0,0.0,0.17291,0.57,0.0,0.0
mix,cs148,148Cs,55,93,148,55148,0.151,0.002,0.002,100.0,0.0,0.0,0.0,0.0,0.0,28.7,4.1,4.1,0.0,0.0,0.0,0.0,0.0,0.0,0.11307,0.19,0.0,0.0
mix,cs147,147Cs,55,92,147,55147,0.232,0.002,0.002,100.0,0.0,0.0,0.0,0.0,0.0,28.5,1.7,1.7,0.0,0.0,0.0,0.0,0.0,0.0,0.39352,0.48,0.0,0.0
mix,cs146,146Cs,55,91,146,55146,0.322,0.001,0.001,100.0,0.0,0.0,0.0,0.0,0.0,14.2,0.5,0.5,0.0,0.0,0.0,0.0,0.0,0.0,0.18926,0.11,0.0,0.0
nubase,bk234,234Bk,97,137,234,97234,19.0,4.0,6.0,0.0,0.0,0.0,80.0,0.0,0.0,0.0,0.0,0.0,0.0,0.0,0.0,0.0,0.0,0.0,-9999.0,-9999.0,-9999.0,-9999.0
mix,tl204,204Tl,81,123,204,81204,119389318.1358,233521.2524,233521.2524,97.08,0.07,0.07,0.0,0.0,0.0,0.0,0.0,0.0,0.0,0.0,0.0,0.0,0.0,0.0,368736.875,0.0,0.0,0.0
nubase,bk236,236Bk,97,139,236,97236,22.0,6.0,13.0,0.0,0.0,0.0,17.0,0.0,0.0,0.0,0.0,0.0,0.0,0.0,0.0,0.0,0.0,0.0,-9999.0,-9999.0,-9999.0,-9999.0
mix,cs151,151Cs,55,96,151,55151,0.059000000000000004,0.019,0.019,100.0,0.0,0.0,0.0,0.0,0.0,0.0,0.0,0.0,0.0,0.0,0.0,0.0,0.0,0.0,0.04255,0.5,0.0,0.0
mix,cs150,150Cs,55,95,150,55150,0.0808,0.0028,0.0028,100.0,0.0,0.0,0.0,0.0,0.0,0.0,0.0,0.0,0.0,0.0,0.0,0.0,0.0,0.0,0.14004,0.68,0.0,0.0
mix,ar50,50Ar,18,32,50,18050,0.105,0.006,0.006,100.0,0.0,0.0,0.0,0.0,0.0,37.0,7.0,7.0,0.0,0.0,0.0,0.0,0.0,0.0,0.04179,0.28,0.0,0.0
mix,ar48,48Ar,18,30,48,18048,0.41600000000000004,0.016,0.016,100.0,0.0,0.0,0.0,0.0,0.0,38.0,6.0,6.0,0.0,0.0,0.0,0.0,0.0,0.0,0.21232,0.28,0.0,0.0
mix,ar49,49Ar,18,31,49,18049,0.23600000000000002,0.008,0.008,100.0,0.0,0.0,0.0,0.0,0.0,29.0,6.0,6.0,0.0,0.0,0.0,0.0,0.0,0.0,0.06683,0.28,0.0,0.0
nubase,ho151,151Ho,67,84,151,67151,35.2,0.2,0.2,0.0,0.0,0.0,22.0,2.0,2.0,0.0,0.0,0.0,0.0,0.0,0.0,0.0,0.0,0.0,-9999.0,-9999.0,-9999.0,-9999.0
nubase,ho154,154Ho,67,87,154,67154,705.6,10.799999999999999,10.799999999999999,0.0,0.0,0.0,0.018,0.003,0.003,0.0,0.0,0.0,0.0,0.0,0.0,0.0,0.0,0.0,-9999.0,-9999.0,-9999.0,-9999.0
nubase,ho152,152Ho,67,85,152,67152,147.0,4.8,4.8,0.0,0.0,0.0,12.0,3.0,3.0,0.0,0.0,0.0,0.0,0.0,0.0,0.0,0.0,0.0,-9999.0,-9999.0,-9999.0,-9999.0
nubase,ho153,153Ho,67,86,153,67153,120.6,1.2,1.2,0.0,0.0,0.0,0.051,0.025,0.025,0.0,0.0,0.0,0.0,0.0,0.0,0.0,0.0,0.0,-9999.0,-9999.0,-9999.0,-9999.0
nubase,b17,17B,5,12,17,5017,0.005070000000000001,5e-05,5e-05,100.0,0.0,0.0,0.0,0.0,0.0,63.0,1.0,1.0,12.0,2.0,2.0,3.5,0.7,0.7,-9999.0,-9999.0,-9999.0,-9999.0
nubase,b19,19B,5,14,19,5019,0.00292,0.00013000000000000002,0.00013000000000000002,100.0,0.0,0.0,0.0,0.0,0.0,71.8,9.1,8.3,16.0,4.8,5.6,0.0,0.0,0.0,-9999.0,-9999.0,-9999.0,-9999.0
nubase,tl181,181Tl,81,100,181,81181,2.9,0.1,0.1,0.0,0.0,0.0,8.6,0.6,0.6,0.0,0.0,0.0,0.0,0.0,0.0,0.0,0.0,0.0,-9999.0,-9999.0,-9999.0,-9999.0
nubase,tl182,182Tl,81,101,182,81182,1.9,0.1,0.1,0.0,0.0,0.0,0.5,0.0,0.0,0.0,0.0,0.0,0.0,0.0,0.0,0.0,0.0,0.0,-9999.0,-9999.0,-9999.0,-9999.0
nubase,b15,15B,5,10,15,5015,0.01018,0.00035,0.00035,100.0,0.0,0.0,0.0,0.0,0.0,99.68,1.6,0.08,0.0,0.0,0.0,0.0,0.0,0.0,-9999.0,-9999.0,-9999.0,-9999.0
mix,ho166,166Ho,67,99,166,67166,96508.8,28.8,28.8,100.0,0.0,0.0,0.0,0.0,0.0,0.0,0.0,0.0,0.0,0.0,0.0,0.0,0.0,0.0,9933.32227,0.0,0.0,0.0
nubase,ho164,164Ho,67,97,164,67164,1728.0,24.0,24.0,40.0,5.0,5.0,0.0,0.0,0.0,0.0,0.0,0.0,0.0,0.0,0.0,0.0,0.0,0.0,-9999.0,-9999.0,-9999.0,-9999.0
mix,tl214,214Tl,81,133,214,81214,11.0,2.4,2.4,100.0,0.0,0.0,0.0,0.0,0.0,34.0,12.0,12.0,0.0,0.0,0.0,0.0,0.0,0.0,16.99577,0.03,0.0,0.0
nubase,ds281,281Ds,110,171,281,110281,12.0,2.0,4.0,0.0,0.0,0.0,6.0,0.0,0.0,0.0,0.0,0.0,0.0,0.0,0.0,0.0,0.0,0.0,-9999.0,-9999.0,-9999.0,-9999.0
mix,tl215,215Tl,81,134,215,81215,9.7,3.8,3.8,100.0,0.0,0.0,0.0,0.0,0.0,4.6,4.6,4.6,0.0,0.0,0.0,0.0,0.0,0.0,15.68686,0.28,0.0,0.0
mix,tl212,212Tl,81,131,212,81212,30.9,8.0,8.0,100.0,0.0,0.0,0.0,0.0,0.0,1.8,1.8,1.8,0.0,0.0,0.0,0.0,0.0,0.0,29.36982,0.0,0.0,0.0
mix,tl213,213Tl,81,132,213,81213,23.8,4.4,4.4,100.0,0.0,0.0,0.0,0.0,0.0,7.6,3.4,3.4,0.0,0.0,0.0,0.0,0.0,0.0,29.00077,0.05,0.0,0.0
mix,tl211,211Tl,81,130,211,81211,79.6,15.2,15.4,100.0,0.0,0.0,0.0,0.0,0.0,2.2,2.2,2.2,0.0,0.0,0.0,0.0,0.0,0.0,74.80783,0.0,0.0,0.0
mix,tl209,209Tl,81,128,209,81209,129.72,0.42,0.42,100.0,0.0,0.0,0.0,0.0,0.0,0.0,0.0,0.0,0.0,0.0,0.0,0.0,0.0,0.0,92.4262,0.0,0.0,0.0
mix,tl210,210Tl,81,129,210,81210,78.0,1.7999999999999998,1.7999999999999998,100.0,0.0,0.0,0.0,0.0,0.0,0.007,0.004,0.007,0.0,0.0,0.0,0.0,0.0,0.0,58.9064,0.0,0.0,0.0
mix,tl207,207Tl,81,126,207,81207,286.2,0.6,0.6,100.0,0.0,0.0,0.0,0.0,0.0,0.0,0.0,0.0,0.0,0.0,0.0,0.0,0.0,0.0,8002.64844,0.0,0.0,0.0
mix,tl208,208Tl,81,127,208,81208,183.18,0.18,0.18,100.0,0.0,0.0,0.0,0.0,0.0,0.0,0.0,0.0,0.0,0.0,0.0,0.0,0.0,0.0,100.26637,0.0,0.0,0.0
mix,tl206,206Tl,81,125,206,81206,252.12,0.7799999999999999,0.7799999999999999,100.0,0.0,0.0,0.0,0.0,0.0,0.0,0.0,0.0,0.0,0.0,0.0,0.0,0.0,0.0,22705.29102,0.0,0.0,0.0
nubase,ds282,282Ds,110,172,282,110282,66.0,30.0,318.0,0.0,0.0,0.0,100.0,0.0,0.0,0.0,0.0,0.0,0.0,0.0,0.0,0.0,0.0,0.0,-9999.0,-9999.0,-9999.0,-9999.0
mix,bk249,249Bk,97,152,249,97249,28270080.0,25920.0,25920.0,99.99863,0.0001,0.0001,0.00137,0.0001,0.0001,0.0,0.0,0.0,0.0,0.0,0.0,0.0,0.0,0.0,144485088.0,0.0,0.0,0.0
mix,bk250,250Bk,97,153,250,97250,11563.2,18.0,18.0,100.0,0.0,0.0,0.0,0.0,0.0,0.0,0.0,0.0,0.0,0.0,0.0,0.0,0.0,0.0,425.09747,0.0,0.0,0.0
mix,bk251,251Bk,97,154,251,97251,3360.0,54.0,54.0,100.0,0.0,0.0,0.0,0.0,0.0,0.0,0.0,0.0,0.0,0.0,0.0,0.0,0.0,0.0,2542.12793,0.0,0.0,0.0
mix,bk252,252Bk,97,155,252,97252,108.0,30.0,30.0,100.0,0.0,0.0,0.0,0.0,0.0,0.0,0.0,0.0,0.0,0.0,0.0,0.0,0.0,0.0,800.17303,0.0,0.0,0.0
nubase,ds270,270Ds,110,160,270,110270,0.00019,4e-05,5e-05,0.0,0.0,0.0,100.0,0.0,0.0,0.0,0.0,0.0,0.0,0.0,0.0,0.0,0.0,0.0,-9999.0,-9999.0,-9999.0,-9999.0
nubase,ds277,277Ds,110,167,277,110277,0.0035,0.001,0.0021000000000000003,0.0,0.0,0.0,100.0,0.0,0.0,0.0,0.0,0.0,0.0,0.0,0.0,0.0,0.0,0.0,-9999.0,-9999.0,-9999.0,-9999.0
nubase,ds273,273Ds,110,163,273,110273,0.19,0.06,0.14,0.0,0.0,0.0,100.0,0.0,0.0,0.0,0.0,0.0,0.0,0.0,0.0,0.0,0.0,0.0,-9999.0,-9999.0,-9999.0,-9999.0
mix,tl216,216Tl,81,135,216,81216,5.9,3.3,3.3,100.0,0.0,0.0,0.0,0.0,0.0,0.0,0.0,0.0,0.0,0.0,0.0,0.0,0.0,0.0,7.87276,0.28,0.0,0.0
nubase,ds271,271Ds,110,161,271,110271,0.0016,0.0003,0.0004,0.0,0.0,0.0,100.0,0.0,0.0,0.0,0.0,0.0,0.0,0.0,0.0,0.0,0.0,0.0,-9999.0,-9999.0,-9999.0,-9999.0
nubase,ds279,279Ds,110,169,279,110279,0.216,0.033,0.047,0.0,0.0,0.0,12.5,0.0,0.0,0.0,0.0,0.0,0.0,0.0,0.0,0.0,0.0,0.0,-9999.0,-9999.0,-9999.0,-9999.0
mix,ho168,168Ho,67,101,168,67168,179.4,4.2,4.2,100.0,0.0,0.0,0.0,0.0,0.0,0.0,0.0,0.0,0.0,0.0,0.0,0.0,0.0,0.0,556.01538,0.0,0.0,0.0
mix,ho167,167Ho,67,100,167,67167,10683.0,127.79999999999998,127.79999999999998,100.0,0.0,0.0,0.0,0.0,0.0,0.0,0.0,0.0,0.0,0.0,0.0,0.0,0.0,0.0,2082.9104,0.0,0.0,0.0
mix,ho170,170Ho,67,103,170,67170,165.6,3.0,3.0,100.0,0.0,0.0,0.0,0.0,0.0,0.0,0.0,0.0,0.0,0.0,0.0,0.0,0.0,0.0,18.89473,0.0,0.0,0.0
mix,ho169,169Ho,67,102,169,67169,282.0,6.0,6.0,100.0,0.0,0.0,0.0,0.0,0.0,0.0,0.0,0.0,0.0,0.0,0.0,0.0,0.0,0.0,75.32192,0.0,0.0,0.0
mix,ho172,172Ho,67,105,172,67172,25.0,3.0,3.0,100.0,0.0,0.0,0.0,0.0,0.0,0.0,0.0,0.0,0.0,0.0,0.0,0.0,0.0,0.0,1.50124,0.0,0.0,0.0
mix,ho171,171Ho,67,104,171,67171,53.0,2.0,2.0,100.0,0.0,0.0,0.0,0.0,0.0,0.0,0.0,0.0,0.0,0.0,0.0,0.0,0.0,0.0,10.53654,0.0,0.0,0.0
mix,ho174,174Ho,67,107,174,67174,3.5,0.5,0.5,100.0,0.0,0.0,0.0,0.0,0.0,0.0,0.0,0.0,0.0,0.0,0.0,0.0,0.0,0.0,1.34186,0.0,0.0,0.0
mix,ho173,173Ho,67,106,173,67173,7.1,0.4,0.4,100.0,0.0,0.0,0.0,0.0,0.0,0.0,0.0,0.0,0.0,0.0,0.0,0.0,0.0,0.0,2.19779,0.0,0.0,0.0
mix,ho175,175Ho,67,108,175,67175,1.9,0.6,0.6,100.0,0.0,0.0,0.0,0.0,0.0,0.0,0.0,0.0,0.0,0.0,0.0,0.0,0.0,0.0,0.73317,0.0,0.0,0.0
mix,tc113,113Tc,43,70,113,43113,0.152,0.008,0.008,100.0,0.0,0.0,0.0,0.0,0.0,2.1,0.3,0.3,0.0,0.0,0.0,0.0,0.0,0.0,0.07416,0.08,0.0,0.0
mix,tc114,114Tc,43,71,114,43114,0.11800000000000001,0.008,0.008,100.0,0.0,0.0,0.0,0.0,0.0,1.3,0.4,0.4,0.0,0.0,0.0,0.0,0.0,0.0,0.07985,0.09,0.0,0.0
mix,tc119,119Tc,43,76,119,43119,0.022,0.003,0.003,100.0,0.0,0.0,0.0,0.0,0.0,0.0,0.0,0.0,0.0,0.0,0.0,0.0,0.0,0.0,0.02467,0.34,0.0,0.0
mix,tc120,120Tc,43,77,120,43120,0.021,0.005,0.005,100.0,0.0,0.0,0.0,0.0,0.0,0.0,0.0,0.0,0.0,0.0,0.0,0.0,0.0,0.0,0.02273,0.34,0.01,0.0
mix,tc121,121Tc,43,78,121,43121,0.022,0.006,0.006,100.0,0.0,0.0,0.0,0.0,0.0,0.0,0.0,0.0,0.0,0.0,0.0,0.0,0.0,0.0,0.01701,0.51,0.01,0.0
mix,tc115,115Tc,43,72,115,43115,0.078,0.002,0.002,100.0,0.0,0.0,0.0,0.0,0.0,19.0,5.0,5.0,0.0,0.0,0.0,0.0,0.0,0.0,0.05982,0.18,0.0,0.0
mix,tc116,116Tc,43,73,116,43116,0.057,0.003,0.003,100.0,0.0,0.0,0.0,0.0,0.0,17.0,7.0,7.0,0.0,0.0,0.0,0.0,0.0,0.0,0.04239,0.18,0.0,0.0
mix,tc117,117Tc,43,74,117,43117,0.0445,0.003,0.003,100.0,0.0,0.0,0.0,0.0,0.0,0.0,0.0,0.0,0.0,0.0,0.0,0.0,0.0,0.0,0.03567,0.28,0.0,0.0
mix,tc118,118Tc,43,75,118,43118,0.03,0.004,0.004,100.0,0.0,0.0,0.0,0.0,0.0,0.0,0.0,0.0,0.0,0.0,0.0,0.0,0.0,0.0,0.03042,0.29,0.0,0.0
mix,tc112,112Tc,43,69,112,43112,0.323,0.006,0.006,100.0,0.0,0.0,0.0,0.0,0.0,1.5,0.2,0.2,0.0,0.0,0.0,0.0,0.0,0.0,1.14086,0.08,0.0,0.0
mix,tc103,103Tc,43,60,103,43103,54.2,0.8,0.8,100.0,0.0,0.0,0.0,0.0,0.0,0.0,0.0,0.0,0.0,0.0,0.0,0.0,0.0,0.0,853.25269,0.0,0.0,0.0
mix,tc108,108Tc,43,65,108,43108,5.15,0.07,0.07,100.0,0.0,0.0,0.0,0.0,0.0,0.0,0.0,0.0,0.0,0.0,0.0,0.0,0.0,0.0,0.67406,0.0,0.0,0.0
mix,tc109,109Tc,43,66,109,43109,0.88,0.03,0.03,100.0,0.0,0.0,0.0,0.0,0.0,0.08,0.02,0.02,0.0,0.0,0.0,0.0,0.0,0.0,3.28308,0.0,0.0,0.0
mix,tc110,110Tc,43,67,110,43110,0.911,0.013,0.013,100.0,0.0,0.0,0.0,0.0,0.0,0.04,0.02,0.02,0.0,0.0,0.0,0.0,0.0,0.0,0.93912,0.01,0.0,0.0
mix,tc111,111Tc,43,68,111,43111,0.35000000000000003,0.021,0.021,100.0,0.0,0.0,0.0,0.0,0.0,0.85,0.2,0.2,0.0,0.0,0.0,0.0,0.0,0.0,1.14715,0.04,0.0,0.0
mix,tc104,104Tc,43,61,104,43104,1092.0,12.0,12.0,100.0,0.0,0.0,0.0,0.0,0.0,0.0,0.0,0.0,0.0,0.0,0.0,0.0,0.0,0.0,37.02196,0.0,0.0,0.0
mix,tc105,105Tc,43,62,105,43105,458.4,3.5999999999999996,3.5999999999999996,100.0,0.0,0.0,0.0,0.0,0.0,0.0,0.0,0.0,0.0,0.0,0.0,0.0,0.0,0.0,157.06223,0.0,0.0,0.0
mix,tc106,106Tc,43,63,106,43106,35.7,0.5,0.5,100.0,0.0,0.0,0.0,0.0,0.0,0.0,0.0,0.0,0.0,0.0,0.0,0.0,0.0,0.0,23.20041,0.0,0.0,0.0
mix,tc107,107Tc,43,64,107,43107,21.2,0.2,0.2,100.0,0.0,0.0,0.0,0.0,0.0,0.0,0.0,0.0,0.0,0.0,0.0,0.0,0.0,0.0,25.81077,0.0,0.0,0.0
nubase,cd113,113Cd,48,65,113,48113,2.5371768504e+23,1.5778463e+21,1.5778463e+21,100.0,0.0,0.0,0.0,0.0,0.0,0.0,0.0,0.0,0.0,0.0,0.0,0.0,0.0,0.0,-9999.0,-9999.0,-9999.0,-9999.0
mix,cd117,117Cd,48,69,117,48117,9010.800000000001,18.0,18.0,100.0,0.0,0.0,0.0,0.0,0.0,0.0,0.0,0.0,0.0,0.0,0.0,0.0,0.0,0.0,751.02307,0.0,0.0,0.0
mix,cd115,115Cd,48,67,115,48115,192240.0,144.0,144.0,100.0,0.0,0.0,0.0,0.0,0.0,0.0,0.0,0.0,0.0,0.0,0.0,0.0,0.0,0.0,10506.85352,0.0,0.0,0.0
mix,kr100,100Kr,36,64,100,36100,0.007,0.003,0.011,100.0,0.0,0.0,0.0,0.0,0.0,0.0,0.0,0.0,0.0,0.0,0.0,0.0,0.0,0.0,0.03794,0.3,0.0,0.0
mix,kr99,99Kr,36,63,99,36099,0.013000000000000001,0.006,0.034,100.0,0.0,0.0,0.0,0.0,0.0,11.0,7.0,7.0,0.0,0.0,0.0,0.0,0.0,0.0,0.05996,0.26,0.0,0.0
mix,kr98,98Kr,36,62,98,36098,0.043000000000000003,0.004,0.004,100.0,0.0,0.0,0.0,0.0,0.0,7.0,1.0,1.0,0.0,0.0,0.0,0.0,0.0,0.0,0.0838,0.12,0.0,0.0
mix,kr97,97Kr,36,61,97,36097,0.062,0.003,0.003,100.0,0.0,0.0,0.0,0.0,0.0,6.7,0.6,0.6,0.0,0.0,0.0,0.0,0.0,0.0,0.06644,0.08,0.0,0.0
mix,kr96,96Kr,36,60,96,36096,0.08,0.006,0.006,100.0,0.0,0.0,0.0,0.0,0.0,3.7,0.4,0.4,0.0,0.0,0.0,0.0,0.0,0.0,0.16588,0.06,0.0,0.0
mix,pu246,246Pu,94,152,246,94246,936576.0,1728.0,1728.0,100.0,0.0,0.0,0.0,0.0,0.0,0.0,0.0,0.0,0.0,0.0,0.0,0.0,0.0,0.0,290010.40625,0.0,0.0,0.0
mix,pu245,245Pu,94,151,245,94245,37944.0,252.00000000000003,252.00000000000003,100.0,0.0,0.0,0.0,0.0,0.0,0.0,0.0,0.0,0.0,0.0,0.0,0.0,0.0,0.0,11208.15332,0.0,0.0,0.0
mix,pu247,247Pu,94,153,247,94247,196128.0,19872.0,19872.0,100.0,0.0,0.0,0.0,0.0,0.0,0.0,0.0,0.0,0.0,0.0,0.0,0.0,0.0,0.0,99.15572,0.0,0.0,0.0
nubase,pu244,244Pu,94,150,244,94244,2565578083800000.0,9467077800000.0,9467077800000.0,0.0,0.0,0.0,99.877,0.006,0.006,0.0,0.0,0.0,0.0,0.0,0.0,0.0,0.0,0.0,-9999.0,-9999.0,-9999.0,-9999.0
mix,pu243,243Pu,94,149,243,94243,17838.0,7.2,7.2,100.0,0.0,0.0,0.0,0.0,0.0,0.0,0.0,0.0,0.0,0.0,0.0,0.0,0.0,0.0,7527.11182,0.0,0.0,0.0
nubase,pu242,242Pu,94,148,242,94242,11833847250000.0,63113852000.0,63113852000.0,0.0,0.0,0.0,100.0,0.0,0.0,0.0,0.0,0.0,0.0,0.0,0.0,0.0,0.0,0.0,-9999.0,-9999.0,-9999.0,-9999.0
nubase,pu239,239Pu,94,145,239,94239,760805928934.0,473353890.0,473353890.0,0.0,0.0,0.0,100.0,0.0,0.0,0.0,0.0,0.0,0.0,0.0,0.0,0.0,0.0,0.0,-9999.0,-9999.0,-9999.0,-9999.0
nubase,pu238,238Pu,94,144,238,94238,2767542410.2000003,3155692.6,3155692.6,0.0,0.0,0.0,100.0,0.0,0.0,0.0,0.0,0.0,0.0,0.0,0.0,0.0,0.0,0.0,-9999.0,-9999.0,-9999.0,-9999.0
mix,pu241,241Pu,94,147,241,94241,452179192.65400004,915150.854,915150.854,99.99755,8e-05,8e-05,0.00245,8e-05,8e-05,0.0,0.0,0.0,0.0,0.0,0.0,0.0,0.0,0.0,999999995904.0,0.0,0.0,0.0
nubase,pu240,240Pu,94,146,240,94240,207082859797.19998,183030170.79999998,183030170.79999998,0.0,0.0,0.0,100.0,0.0,0.0,0.0,0.0,0.0,0.0,0.0,0.0,0.0,0.0,0.0,-9999.0,-9999.0,-9999.0,-9999.0
mix,kr89,89Kr,36,53,89,36089,188.82,2.1,2.1,100.0,0.0,0.0,0.0,0.0,0.0,0.0,0.0,0.0,0.0,0.0,0.0,0.0,0.0,0.0,5.28076,0.0,0.0,0.0
mix,kr88,88Kr,36,52,88,36088,10090.8,32.4,32.4,100.0,0.0,0.0,0.0,0.0,0.0,0.0,0.0,0.0,0.0,0.0,0.0,0.0,0.0,0.0,241.47935,0.0,0.0,0.0
mix,kr87,87Kr,36,51,87,36087,4565.400000000001,21.599999999999998,21.599999999999998,100.0,0.0,0.0,0.0,0.0,0.0,0.0,0.0,0.0,0.0,0.0,0.0,0.0,0.0,0.0,160.9557,0.0,0.0,0.0
nubase,pu235,235Pu,94,141,235,94235,1518.0,30.0,30.0,0.0,0.0,0.0,0.0028,0.0007,0.0007,0.0,0.0,0.0,0.0,0.0,0.0,0.0,0.0,0.0,-9999.0,-9999.0,-9999.0,-9999.0
nubase,pu234,234Pu,94,140,234,94234,31680.000000000004,360.0,360.0,0.0,0.0,0.0,6.0,0.0,0.0,0.0,0.0,0.0,0.0,0.0,0.0,0.0,0.0,0.0,-9999.0,-9999.0,-9999.0,-9999.0
mix,kr95,95Kr,36,59,95,36095,0.114,0.007,0.007,100.0,0.0,0.0,0.0,0.0,0.0,2.87,0.18,0.18,0.0,0.0,0.0,0.0,0.0,0.0,0.23278,0.06,0.0,0.0
nubase,pu237,237Pu,94,143,237,94237,3943296.0,3456.0,3456.0,0.0,0.0,0.0,0.0032,0.0006,0.0006,0.0,0.0,0.0,0.0,0.0,0.0,0.0,0.0,0.0,-9999.0,-9999.0,-9999.0,-9999.0
mix,kr94,94Kr,36,58,94,36094,0.212,0.004,0.004,100.0,0.0,0.0,0.0,0.0,0.0,1.11,0.07,0.07,0.0,0.0,0.0,0.0,0.0,0.0,0.29123,0.02,0.0,0.0
nubase,pu236,236Pu,94,142,236,94236,90189694.508,220898.48200000002,220898.48200000002,0.0,0.0,0.0,100.0,0.0,0.0,0.0,0.0,0.0,0.0,0.0,0.0,0.0,0.0,0.0,-9999.0,-9999.0,-9999.0,-9999.0
mix,kr93,93Kr,36,57,93,36093,1.284,0.01,0.01,100.0,0.0,0.0,0.0,0.0,0.0,2.0,0.2,0.2,0.0,0.0,0.0,0.0,0.0,0.0,0.10445,0.0,0.0,0.0
mix,kr92,92Kr,36,56,92,36092,1.841,0.008,0.008,100.0,0.0,0.0,0.0,0.0,0.0,0.0332,0.0025,0.0025,0.0,0.0,0.0,0.0,0.0,0.0,0.42538,0.0,0.0,0.0
mix,kr91,91Kr,36,55,91,36091,8.57,0.04,0.04,100.0,0.0,0.0,0.0,0.0,0.0,0.0,0.0,0.0,0.0,0.0,0.0,0.0,0.0,0.0,0.49703,0.0,0.0,0.0
mix,kr90,90Kr,36,54,90,36090,32.32,0.09,0.09,100.0,0.0,0.0,0.0,0.0,0.0,0.0,0.0,0.0,0.0,0.0,0.0,0.0,0.0,0.0,2.69281,0.0,0.0,0.0
nubase,pu232,232Pu,94,138,232,94232,1986.0,48.0,48.0,0.0,0.0,0.0,11.0,9.0,9.0,0.0,0.0,0.0,0.0,0.0,0.0,0.0,0.0,0.0,-9999.0,-9999.0,-9999.0,-9999.0
nubase,pu231,231Pu,94,137,231,94231,516.0,30.0,30.0,0.0,0.0,0.0,10.0,3.0,7.0,0.0,0.0,0.0,0.0,0.0,0.0,0.0,0.0,0.0,-9999.0,-9999.0,-9999.0,-9999.0
nubase,pu233,233Pu,94,139,233,94233,1254.0,24.0,24.0,0.0,0.0,0.0,0.12,0.05,0.05,0.0,0.0,0.0,0.0,0.0,0.0,0.0,0.0,0.0,-9999.0,-9999.0,-9999.0,-9999.0
nubase,pu228,228Pu,94,134,228,94228,1.1,0.5,2.0,0.0,0.0,0.0,100.0,0.0,0.0,0.0,0.0,0.0,0.0,0.0,0.0,0.0,0.0,0.0,-9999.0,-9999.0,-9999.0,-9999.0
nubase,pu230,230Pu,94,136,230,94230,107.0,22.0,22.0,0.0,0.0,0.0,100.0,0.0,0.0,0.0,0.0,0.0,0.0,0.0,0.0,0.0,0.0,0.0,-9999.0,-9999.0,-9999.0,-9999.0
nubase,pu229,229Pu,94,135,229,94229,83.0,22.0,28.0,0.0,0.0,0.0,50.0,20.0,20.0,0.0,0.0,0.0,0.0,0.0,0.0,0.0,0.0,0.0,-9999.0,-9999.0,-9999.0,-9999.0
mix,pm147,147Pm,61,86,147,61147,82787701.94544,6942.52372,6942.52372,100.0,0.0,0.0,0.0,0.0,0.0,0.0,0.0,0.0,0.0,0.0,0.0,0.0,0.0,0.0,20080184.0,0.0,0.0,0.0
mix,pm146,146Pm,61,85,146,61146,174509800.78,1577846.3,1577846.3,34.3,1.5,1.5,0.0,0.0,0.0,0.0,0.0,0.0,0.0,0.0,0.0,0.0,0.0,0.0,16534.52539,0.0,0.0,0.0
nubase,pm145,145Pm,61,84,145,61145,558557590.1999999,12622770.4,12622770.4,0.0,0.0,0.0,2.8e-07,0.0,0.0,0.0,0.0,0.0,0.0,0.0,0.0,0.0,0.0,0.0,-9999.0,-9999.0,-9999.0,-9999.0
mix,kr85,85Kr,36,49,85,36085,338605815.98,315569.26,315569.26,100.0,0.0,0.0,0.0,0.0,0.0,0.0,0.0,0.0,0.0,0.0,0.0,0.0,0.0,0.0,3348324.25,0.0,0.0,0.0
mix,pm150,150Pm,61,89,150,61150,9712.8,54.0,54.0,100.0,0.0,0.0,0.0,0.0,0.0,0.0,0.0,0.0,0.0,0.0,0.0,0.0,0.0,0.0,138.27888,0.0,0.0,0.0
mix,pm149,149Pm,61,88,149,61149,191088.0,180.0,180.0,100.0,0.0,0.0,0.0,0.0,0.0,0.0,0.0,0.0,0.0,0.0,0.0,0.0,0.0,0.0,27814.85742,0.0,0.0,0.0
mix,pm148,148Pm,61,87,148,61148,463795.2,604.8000000000001,604.8000000000001,100.0,0.0,0.0,0.0,0.0,0.0,0.0,0.0,0.0,0.0,0.0,0.0,0.0,0.0,0.0,2677.96899,0.0,0.0,0.0
mix,pm158,158Pm,61,97,158,61158,4.8,0.5,0.5,100.0,0.0,0.0,0.0,0.0,0.0,0.0,0.0,0.0,0.0,0.0,0.0,0.0,0.0,0.0,0.74435,0.0,0.0,0.0
mix,pm157,157Pm,61,96,157,61157,10.56,0.1,0.1,100.0,0.0,0.0,0.0,0.0,0.0,0.0,0.0,0.0,0.0,0.0,0.0,0.0,0.0,0.0,2.43551,0.0,0.0,0.0
mix,pm156,156Pm,61,95,156,61156,27.8,0.8,0.8,100.0,0.0,0.0,0.0,0.0,0.0,0.0,0.0,0.0,0.0,0.0,0.0,0.0,0.0,0.0,7.81996,0.0,0.0,0.0
mix,pm155,155Pm,61,94,155,61155,41.5,0.2,0.2,100.0,0.0,0.0,0.0,0.0,0.0,0.0,0.0,0.0,0.0,0.0,0.0,0.0,0.0,0.0,12.09187,0.0,0.0,0.0
mix,pm154,154Pm,61,93,154,61154,160.8,4.2,4.2,100.0,0.0,0.0,0.0,0.0,0.0,0.0,0.0,0.0,0.0,0.0,0.0,0.0,0.0,0.0,9.27286,0.0,0.0,0.0
mix,pm153,153Pm,61,92,153,61153,315.0,1.2,1.2,100.0,0.0,0.0,0.0,0.0,0.0,0.0,0.0,0.0,0.0,0.0,0.0,0.0,0.0,0.0,78.87964,0.0,0.0,0.0
mix,pm152,152Pm,61,91,152,61152,245.99999999999997,6.0,6.0,100.0,0.0,0.0,0.0,0.0,0.0,0.0,0.0,0.0,0.0,0.0,0.0,0.0,0.0,0.0,108.6958,0.0,0.0,0.0
mix,pm151,151Pm,61,90,151,61151,102240.0,144.0,144.0,100.0,0.0,0.0,0.0,0.0,0.0,0.0,0.0,0.0,0.0,0.0,0.0,0.0,0.0,0.0,494.66583,0.0,0.0,0.0
mix,pm160,160Pm,61,99,160,61160,0.725,0.057,0.057,100.0,0.0,0.0,0.0,0.0,0.0,0.0,0.0,0.0,0.0,0.0,0.0,0.0,0.0,0.0,0.43888,0.0,0.0,0.0
mix,pm159,159Pm,61,98,159,61159,1.634,0.04,0.04,100.0,0.0,0.0,0.0,0.0,0.0,0.0,0.0,0.0,0.0,0.0,0.0,0.0,0.0,0.0,0.75359,0.0,0.0,0.0
mix,cr63,63Cr,24,39,63,24063,0.129,0.002,0.002,100.0,0.0,0.0,0.0,0.0,0.0,0.0,0.0,0.0,0.0,0.0,0.0,0.0,0.0,0.0,0.14733,0.02,0.0,0.0
nubase,ta162,162Ta,73,89,162,73162,3.56,0.12,0.12,0.0,0.0,0.0,0.074,0.01,0.01,0.0,0.0,0.0,0.0,0.0,0.0,0.0,0.0,0.0,-9999.0,-9999.0,-9999.0,-9999.0
mix,cr55,55Cr,24,31,55,24055,209.88000000000002,0.24,0.24,100.0,0.0,0.0,0.0,0.0,0.0,0.0,0.0,0.0,0.0,0.0,0.0,0.0,0.0,0.0,60.82066,0.0,0.0,0.0
nubase,ta159,159Ta,73,86,159,73159,1.04,0.11,0.11,0.0,0.0,0.0,34.0,5.0,5.0,0.0,0.0,0.0,0.0,0.0,0.0,0.0,0.0,0.0,-9999.0,-9999.0,-9999.0,-9999.0
mix,cr56,56Cr,24,32,56,24056,356.40000000000003,6.0,6.0,100.0,0.0,0.0,0.0,0.0,0.0,0.0,0.0,0.0,0.0,0.0,0.0,0.0,0.0,0.0,2812.00415,0.0,0.0,0.0
mix,cr57,57Cr,24,33,57,24057,21.1,1.0,1.0,100.0,0.0,0.0,0.0,0.0,0.0,0.0,0.0,0.0,0.0,0.0,0.0,0.0,0.0,0.0,2.0733,0.0,0.0,0.0
nubase,ta157,157Ta,73,84,157,73157,0.010199999999999999,0.0004,0.0004,0.0,0.0,0.0,96.6,1.2,1.2,0.0,0.0,0.0,0.0,0.0,0.0,0.0,0.0,0.0,-9999.0,-9999.0,-9999.0,-9999.0
mix,cr58,58Cr,24,34,58,24058,7.0,0.3,0.3,100.0,0.0,0.0,0.0,0.0,0.0,0.0,0.0,0.0,0.0,0.0,0.0,0.0,0.0,0.0,9.88742,0.0,0.0,0.0
nubase,ta158,158Ta,73,85,158,73158,0.049,0.008,0.008,0.0,0.0,0.0,100.0,0.0,0.0,0.0,0.0,0.0,0.0,0.0,0.0,0.0,0.0,0.0,-9999.0,-9999.0,-9999.0,-9999.0
mix,cr59,59Cr,24,35,59,24059,1.05,0.09,0.09,100.0,0.0,0.0,0.0,0.0,0.0,0.0,0.0,0.0,0.0,0.0,0.0,0.0,0.0,0.0,0.35942,0.0,0.0,0.0
mix,cr60,60Cr,24,36,60,24060,0.49,0.01,0.01,100.0,0.0,0.0,0.0,0.0,0.0,0.0,0.0,0.0,0.0,0.0,0.0,0.0,0.0,0.0,0.73452,0.0,0.0,0.0
mix,cr61,61Cr,24,37,61,24061,0.243,0.01,0.01,100.0,0.0,0.0,0.0,0.0,0.0,0.0,0.0,0.0,0.0,0.0,0.0,0.0,0.0,0.0,0.07223,0.0,0.0,0.0
mix,cr62,62Cr,24,38,62,24062,0.20600000000000002,0.011,0.011,100.0,0.0,0.0,0.0,0.0,0.0,0.0,0.0,0.0,0.0,0.0,0.0,0.0,0.0,0.0,0.19244,0.0,0.0,0.0
mix,cr66,66Cr,24,42,66,24066,0.024,0.002,0.002,100.0,0.0,0.0,0.0,0.0,0.0,0.0,0.0,0.0,0.0,0.0,0.0,0.0,0.0,0.0,0.04385,0.09,0.0,0.0
nubase,li8,8Li,3,5,8,3008,0.83879,0.00035,0.00035,100.0,0.0,0.0,0.0,0.0,0.0,0.0,0.0,0.0,0.0,0.0,0.0,0.0,0.0,0.0,-9999.0,-9999.0,-9999.0,-9999.0
nubase,li9,9Li,3,6,9,3009,0.178,0.0003,0.0003,100.0,0.0,0.0,0.0,0.0,0.0,51.0,0.9,0.9,0.0,0.0,0.0,0.0,0.0,0.0,-9999.0,-9999.0,-9999.0,-9999.0
mix,cr64,64Cr,24,40,64,24064,0.043000000000000003,0.001,0.001,100.0,0.0,0.0,0.0,0.0,0.0,0.0,0.0,0.0,0.0,0.0,0.0,0.0,0.0,0.0,0.09065,0.03,0.0,0.0
nubase,li11,11Li,3,8,11,3011,0.00875,0.0001,0.0001,100.0,0.0,0.0,0.0,0.0,0.0,84.3,1.3,1.3,4.2,0.3,0.3,1.9,0.2,0.2,-9999.0,-9999.0,-9999.0,-9999.0
mix,cr65,65Cr,24,41,65,24065,0.028,0.002,0.002,100.0,0.0,0.0,0.0,0.0,0.0,0.0,0.0,0.0,0.0,0.0,0.0,0.0,0.0,0.0,0.05849,0.08,0.0,0.0
nubase,po205,205Po,84,121,205,84205,6444.0,396.0,396.0,0.0,0.0,0.0,0.04,0.01,0.01,0.0,0.0,0.0,0.0,0.0,0.0,0.0,0.0,0.0,-9999.0,-9999.0,-9999.0,-9999.0
nubase,po206,206Po,84,122,206,84206,760320.0000000001,8640.0,8640.0,0.0,0.0,0.0,5.45,0.05,0.05,0.0,0.0,0.0,0.0,0.0,0.0,0.0,0.0,0.0,-9999.0,-9999.0,-9999.0,-9999.0
nubase,db268,268Db,105,163,268,105268,95040.0,7920.000000000001,7920.000000000001,0.0,0.0,0.0,55.0,15.0,20.0,0.0,0.0,0.0,0.0,0.0,0.0,0.0,0.0,0.0,-9999.0,-9999.0,-9999.0,-9999.0
nubase,po207,207Po,84,123,207,84207,20880.0,72.0,72.0,0.0,0.0,0.0,0.021,0.002,0.002,0.0,0.0,0.0,0.0,0.0,0.0,0.0,0.0,0.0,-9999.0,-9999.0,-9999.0,-9999.0
nubase,po208,208Po,84,124,208,84208,91451971.54800001,63113.852,63113.852,0.0,0.0,0.0,99.996,0.0004,0.0004,0.0,0.0,0.0,0.0,0.0,0.0,0.0,0.0,0.0,-9999.0,-9999.0,-9999.0,-9999.0
nubase,po209,209Po,84,125,209,84209,3913058824.0,91515085.39999999,91515085.39999999,0.0,0.0,0.0,99.545,0.007,0.007,0.0,0.0,0.0,0.0,0.0,0.0,0.0,0.0,0.0,-9999.0,-9999.0,-9999.0,-9999.0
nubase,po210,210Po,84,126,210,84210,11955859.2,345.6,345.6,0.0,0.0,0.0,100.0,0.0,0.0,0.0,0.0,0.0,0.0,0.0,0.0,0.0,0.0,0.0,-9999.0,-9999.0,-9999.0,-9999.0
nubase,po211,211Po,84,127,211,84211,0.516,0.003,0.003,0.0,0.0,0.0,100.0,0.0,0.0,0.0,0.0,0.0,0.0,0.0,0.0,0.0,0.0,0.0,-9999.0,-9999.0,-9999.0,-9999.0
nubase,po212,212Po,84,128,212,84212,2.9500000000000003e-07,4.0000000000000007e-10,4.0000000000000007e-10,0.0,0.0,0.0,100.0,0.0,0.0,0.0,0.0,0.0,0.0,0.0,0.0,0.0,0.0,0.0,-9999.0,-9999.0,-9999.0,-9999.0
nubase,po213,213Po,84,129,213,84213,0.003706,1e-06,1e-06,0.0,0.0,0.0,100.0,0.0,0.0,0.0,0.0,0.0,0.0,0.0,0.0,0.0,0.0,0.0,-9999.0,-9999.0,-9999.0,-9999.0
nubase,po214,214Po,84,130,214,84214,0.16348,4e-05,4e-05,0.0,0.0,0.0,100.0,0.0,0.0,0.0,0.0,0.0,0.0,0.0,0.0,0.0,0.0,0.0,-9999.0,-9999.0,-9999.0,-9999.0
mix,po215,215Po,84,131,215,84215,0.001781,3e-06,3e-06,0.00023,2e-05,2e-05,99.99977,2e-05,2e-05,0.0,0.0,0.0,0.0,0.0,0.0,0.0,0.0,0.0,143169.45313,0.0,0.0,0.0
nubase,po216,216Po,84,132,216,84216,0.14400000000000002,0.0006,0.0006,0.0,0.0,0.0,100.0,0.0,0.0,0.0,0.0,0.0,0.0,0.0,0.0,0.0,0.0,0.0,-9999.0,-9999.0,-9999.0,-9999.0
nubase,db258,258Db,105,153,258,105258,2.08,0.29,0.29,0.0,0.0,0.0,64.0,10.0,10.0,0.0,0.0,0.0,0.0,0.0,0.0,0.0,0.0,0.0,-9999.0,-9999.0,-9999.0,-9999.0
mix,po217,217Po,84,133,217,84217,1.53,0.05,0.05,2.5,2.5,2.5,97.5,2.5,2.5,0.0,0.0,0.0,0.0,0.0,0.0,0.0,0.0,0.0,3861.29419,0.0,0.0,0.0
nubase,db257,257Db,105,152,257,105257,2.3,0.2,0.2,0.0,0.0,0.0,94.0,0.0,0.0,0.0,0.0,0.0,0.0,0.0,0.0,0.0,0.0,0.0,-9999.0,-9999.0,-9999.0,-9999.0
mix,po218,218Po,84,134,218,84218,185.82,0.6,0.6,0.022,0.003,0.003,99.978,0.003,0.003,0.0,0.0,0.0,0.0,0.0,0.0,0.0,0.0,0.0,3069228.75,0.0,0.0,0.0
nubase,db260,260Db,105,155,260,105260,1.51,0.12,0.12,0.0,0.0,0.0,90.0,6.0,6.0,0.0,0.0,0.0,0.0,0.0,0.0,0.0,0.0,0.0,-9999.0,-9999.0,-9999.0,-9999.0
mix,po219,219Po,84,135,219,84219,619.8,58.8,58.8,71.8,2.0,2.0,28.2,2.0,2.0,0.0,0.0,0.0,0.0,0.0,0.0,0.0,0.0,0.0,80.87679,0.0,0.0,0.0
nubase,db259,259Db,105,154,259,105259,0.51,0.16,0.16,0.0,0.0,0.0,100.0,0.0,0.0,0.0,0.0,0.0,0.0,0.0,0.0,0.0,0.0,0.0,-9999.0,-9999.0,-9999.0,-9999.0
nubase,db262,262Db,105,157,262,105262,34.4,2.6,2.8,0.0,0.0,0.0,46.0,7.0,7.0,0.0,0.0,0.0,0.0,0.0,0.0,0.0,0.0,0.0,-9999.0,-9999.0,-9999.0,-9999.0
mix,po221,221Po,84,137,221,84221,112.2,28.2,58.199999999999996,100.0,0.0,0.0,0.0,0.0,0.0,0.0,0.0,0.0,0.0,0.0,0.0,0.0,0.0,0.0,85.51405,0.0,0.0,0.0
nubase,db261,261Db,105,156,261,105261,4.1,0.8,1.4,0.0,0.0,0.0,27.0,27.0,27.0,0.0,0.0,0.0,0.0,0.0,0.0,0.0,0.0,0.0,-9999.0,-9999.0,-9999.0,-9999.0
mix,po222,222Po,84,138,222,84222,145.2,66.0,694.2,100.0,0.0,0.0,0.0,0.0,0.0,0.0,0.0,0.0,0.0,0.0,0.0,0.0,0.0,0.0,36.07802,0.0,0.0,0.0
nubase,db263,263Db,105,158,263,105263,27.0,7.0,10.0,0.0,0.0,0.0,42.0,4.0,4.0,0.0,0.0,0.0,0.0,0.0,0.0,0.0,0.0,0.0,-9999.0,-9999.0,-9999.0,-9999.0
nubase,db256,256Db,105,151,256,105256,1.9,0.3,0.4,0.0,0.0,0.0,70.0,8.0,8.0,0.0,0.0,0.0,0.0,0.0,0.0,0.0,0.0,0.0,-9999.0,-9999.0,-9999.0,-9999.0
nubase,mt276,276Mt,109,167,276,109276,0.62,0.08,0.08,0.0,0.0,0.0,100.0,0.0,0.0,0.0,0.0,0.0,0.0,0.0,0.0,0.0,0.0,0.0,-9999.0,-9999.0,-9999.0,-9999.0
nubase,mt278,278Mt,109,169,278,109278,4.5,1.3,3.5,0.0,0.0,0.0,100.0,0.0,0.0,0.0,0.0,0.0,0.0,0.0,0.0,0.0,0.0,0.0,-9999.0,-9999.0,-9999.0,-9999.0
nubase,au179,179Au,79,100,179,79179,7.2,0.2,0.2,0.0,0.0,0.0,22.0,0.9,0.9,0.0,0.0,0.0,0.0,0.0,0.0,0.0,0.0,0.0,-9999.0,-9999.0,-9999.0,-9999.0
nubase,au182,182Au,79,103,182,79182,15.5,0.4,0.4,0.0,0.0,0.0,0.13,0.05,0.05,0.0,0.0,0.0,0.0,0.0,0.0,0.0,0.0,0.0,-9999.0,-9999.0,-9999.0,-9999.0
nubase,au183,183Au,79,104,183,79183,42.8,1.0,1.0,0.0,0.0,0.0,0.55,0.25,0.25,0.0,0.0,0.0,0.0,0.0,0.0,0.0,0.0,0.0,-9999.0,-9999.0,-9999.0,-9999.0
nubase,au180,180Au,79,101,180,79180,7.9,0.4,0.4,0.0,0.0,0.0,0.58,0.1,0.1,0.0,0.0,0.0,0.0,0.0,0.0,0.0,0.0,0.0,-9999.0,-9999.0,-9999.0,-9999.0
nubase,au181,181Au,79,102,181,79181,13.7,0.9,0.9,0.0,0.0,0.0,2.7,0.5,0.5,0.0,0.0,0.0,0.0,0.0,0.0,0.0,0.0,0.0,-9999.0,-9999.0,-9999.0,-9999.0
nubase,au186,186Au,79,107,186,79186,642.0,24.0,24.0,0.0,0.0,0.0,0.0008,0.0002,0.0002,0.0,0.0,0.0,0.0,0.0,0.0,0.0,0.0,0.0,-9999.0,-9999.0,-9999.0,-9999.0
nubase,au184,184Au,79,105,184,79184,21.0,1.0,1.0,0.0,0.0,0.0,0.016,0.0,0.0,0.0,0.0,0.0,0.0,0.0,0.0,0.0,0.0,0.0,-9999.0,-9999.0,-9999.0,-9999.0
nubase,au185,185Au,79,106,185,79185,258.0,6.0,6.0,0.0,0.0,0.0,0.26,0.06,0.06,0.0,0.0,0.0,0.0,0.0,0.0,0.0,0.0,0.0,-9999.0,-9999.0,-9999.0,-9999.0
mix,au198,198Au,79,119,198,79198,232821.21600000001,21.6,21.6,100.0,0.0,0.0,0.0,0.0,0.0,0.0,0.0,0.0,0.0,0.0,0.0,0.0,0.0,0.0,35688.79688,0.0,0.0,0.0
nubase,au196,196Au,79,117,196,79196,531878.4,941.76,941.76,7.0,0.3,0.3,0.0,0.0,0.0,0.0,0.0,0.0,0.0,0.0,0.0,0.0,0.0,0.0,-9999.0,-9999.0,-9999.0,-9999.0
mix,au200,200Au,79,121,200,79200,2904.0,18.0,18.0,100.0,0.0,0.0,0.0,0.0,0.0,0.0,0.0,0.0,0.0,0.0,0.0,0.0,0.0,0.0,5272.43262,0.0,0.0,0.0
mix,au201,201Au,79,122,201,79201,1560.0,48.0,48.0,100.0,0.0,0.0,0.0,0.0,0.0,0.0,0.0,0.0,0.0,0.0,0.0,0.0,0.0,0.0,13542.29688,0.0,0.0,0.0
mix,au199,199Au,79,120,199,79199,270864.0,259.2,259.2,100.0,0.0,0.0,0.0,0.0,0.0,0.0,0.0,0.0,0.0,0.0,0.0,0.0,0.0,0.0,997571.625,0.0,0.0,0.0
mix,au204,204Au,79,125,204,79204,38.4,0.8,0.8,100.0,0.0,0.0,0.0,0.0,0.0,0.0,0.0,0.0,0.0,0.0,0.0,0.0,0.0,0.0,344.04559,0.0,0.0,0.0
mix,au205,205Au,79,126,205,79205,32.0,1.1,1.1,100.0,0.0,0.0,0.0,0.0,0.0,0.0,0.0,0.0,0.0,0.0,0.0,0.0,0.0,0.0,266.17505,0.0,0.0,0.0
mix,au202,202Au,79,123,202,79202,28.4,1.2,1.2,100.0,0.0,0.0,0.0,0.0,0.0,0.0,0.0,0.0,0.0,0.0,0.0,0.0,0.0,0.0,1615.84973,0.0,0.0,0.0
mix,au203,203Au,79,124,203,79203,60.0,6.0,6.0,100.0,0.0,0.0,0.0,0.0,0.0,0.0,0.0,0.0,0.0,0.0,0.0,0.0,0.0,0.0,1559.9176,0.0,0.0,0.0
mix,au206,206Au,79,127,206,79206,47.0,11.2,11.2,100.0,0.0,0.0,0.0,0.0,0.0,0.0,0.0,0.0,0.0,0.0,0.0,0.0,0.0,0.0,23.83814,0.0,0.0,0.0
nubase,fl284,284Fl,114,170,284,114284,0.0025,0.0008,0.0018000000000000002,0.0,0.0,0.0,25.0,0.0,0.0,0.0,0.0,0.0,0.0,0.0,0.0,0.0,0.0,0.0,-9999.0,-9999.0,-9999.0,-9999.0
nubase,fl285,285Fl,114,171,285,114285,0.1,0.03,0.06,0.0,0.0,0.0,100.0,0.0,0.0,0.0,0.0,0.0,0.0,0.0,0.0,0.0,0.0,0.0,-9999.0,-9999.0,-9999.0,-9999.0
nubase,fl286,286Fl,114,172,286,114286,0.121,0.02,0.031,0.0,0.0,0.0,60.0,11.0,10.0,0.0,0.0,0.0,0.0,0.0,0.0,0.0,0.0,0.0,-9999.0,-9999.0,-9999.0,-9999.0
nubase,fl287,287Fl,114,173,287,114287,0.4,0.08,0.13,0.0,0.0,0.0,100.0,0.0,0.0,0.0,0.0,0.0,0.0,0.0,0.0,0.0,0.0,0.0,-9999.0,-9999.0,-9999.0,-9999.0
nubase,fl288,288Fl,114,174,288,114288,0.64,0.1,0.14,0.0,0.0,0.0,100.0,0.0,0.0,0.0,0.0,0.0,0.0,0.0,0.0,0.0,0.0,0.0,-9999.0,-9999.0,-9999.0,-9999.0
nubase,fl289,289Fl,114,175,289,114289,2.4,0.5,0.8,0.0,0.0,0.0,100.0,0.0,0.0,0.0,0.0,0.0,0.0,0.0,0.0,0.0,0.0,0.0,-9999.0,-9999.0,-9999.0,-9999.0
nubase,fl290,290Fl,114,176,290,114290,19.0,9.0,91.0,0.0,0.0,0.0,50.0,0.0,0.0,0.0,0.0,0.0,0.0,0.0,0.0,0.0,0.0,0.0,-9999.0,-9999.0,-9999.0,-9999.0
nubase,po186,186Po,84,102,186,84186,0.028,0.006,0.016,0.0,0.0,0.0,100.0,0.0,0.0,0.0,0.0,0.0,0.0,0.0,0.0,0.0,0.0,0.0,-9999.0,-9999.0,-9999.0,-9999.0
nubase,po187,187Po,84,103,187,84187,0.0014,0.00025,0.00025,0.0,0.0,0.0,100.0,0.0,0.0,0.0,0.0,0.0,0.0,0.0,0.0,0.0,0.0,0.0,-9999.0,-9999.0,-9999.0,-9999.0
nubase,po188,188Po,84,104,188,84188,0.27,0.03,0.03,0.0,0.0,0.0,100.0,0.0,0.0,0.0,0.0,0.0,0.0,0.0,0.0,0.0,0.0,0.0,-9999.0,-9999.0,-9999.0,-9999.0
nubase,po189,189Po,84,105,189,84189,0.0035,0.0005,0.0005,0.0,0.0,0.0,100.0,0.0,0.0,0.0,0.0,0.0,0.0,0.0,0.0,0.0,0.0,0.0,-9999.0,-9999.0,-9999.0,-9999.0
nubase,po190,190Po,84,106,190,84190,0.0024500000000000004,5e-05,5e-05,0.0,0.0,0.0,100.0,0.0,0.0,0.0,0.0,0.0,0.0,0.0,0.0,0.0,0.0,0.0,-9999.0,-9999.0,-9999.0,-9999.0
nubase,po191,191Po,84,107,191,84191,0.022,0.001,0.001,0.0,0.0,0.0,100.0,0.0,0.0,0.0,0.0,0.0,0.0,0.0,0.0,0.0,0.0,0.0,-9999.0,-9999.0,-9999.0,-9999.0
nubase,po192,192Po,84,108,192,84192,0.032200000000000006,0.0003,0.0003,0.0,0.0,0.0,100.0,0.0,0.0,0.0,0.0,0.0,0.0,0.0,0.0,0.0,0.0,0.0,-9999.0,-9999.0,-9999.0,-9999.0
nubase,po193,193Po,84,109,193,84193,0.40700000000000003,0.031,0.031,0.0,0.0,0.0,100.0,0.0,0.0,0.0,0.0,0.0,0.0,0.0,0.0,0.0,0.0,0.0,-9999.0,-9999.0,-9999.0,-9999.0
mix,cd134,134Cd,48,86,134,48134,0.065,0.015,0.015,100.0,0.0,0.0,0.0,0.0,0.0,0.0,0.0,0.0,0.0,0.0,0.0,0.0,0.0,0.0,0.15004,0.62,0.17,0.0
mix,cd132,132Cd,48,84,132,48132,0.084,0.005,0.005,100.0,0.0,0.0,0.0,0.0,0.0,60.0,15.0,15.0,0.0,0.0,0.0,0.0,0.0,0.0,0.27273,0.68,0.0,0.0
mix,cd133,133Cd,48,85,133,48133,0.061,0.006,0.006,100.0,0.0,0.0,0.0,0.0,0.0,0.0,0.0,0.0,0.0,0.0,0.0,0.0,0.0,0.0,0.19293,0.4,0.31,0.0
mix,cd130,130Cd,48,82,130,48130,0.129,0.003,0.003,100.0,0.0,0.0,0.0,0.0,0.0,3.0,0.2,0.2,0.0,0.0,0.0,0.0,0.0,0.0,0.2285,0.06,0.0,0.0
mix,cd131,131Cd,48,83,131,48131,0.098,0.002,0.002,100.0,0.0,0.0,0.0,0.0,0.0,3.5,1.0,1.0,0.0,0.0,0.0,0.0,0.0,0.0,0.26308,0.4,0.0,0.0
mix,cd128,128Cd,48,80,128,48128,0.2459,0.0019,0.0019,100.0,0.0,0.0,0.0,0.0,0.0,1.9,0.0,0.0,0.0,0.0,0.0,0.0,0.0,0.0,0.69352,0.01,0.0,0.0
mix,cd129,129Cd,48,81,129,48129,0.151,0.004,0.004,100.0,0.0,0.0,0.0,0.0,0.0,1.84,0.15,0.15,0.0,0.0,0.0,0.0,0.0,0.0,1.0118,0.01,0.0,0.0
nubase,po194,194Po,84,110,194,84194,0.392,0.004,0.004,0.0,0.0,0.0,93.0,7.0,7.0,0.0,0.0,0.0,0.0,0.0,0.0,0.0,0.0,0.0,-9999.0,-9999.0,-9999.0,-9999.0
nubase,po195,195Po,84,111,195,84195,4.64,0.09,0.09,0.0,0.0,0.0,94.0,4.0,4.0,0.0,0.0,0.0,0.0,0.0,0.0,0.0,0.0,0.0,-9999.0,-9999.0,-9999.0,-9999.0
nubase,po196,196Po,84,112,196,84196,5.63,0.07,0.07,0.0,0.0,0.0,94.0,5.0,5.0,0.0,0.0,0.0,0.0,0.0,0.0,0.0,0.0,0.0,-9999.0,-9999.0,-9999.0,-9999.0
nubase,po197,197Po,84,113,197,84197,54.0,1.0,1.0,0.0,0.0,0.0,44.0,7.0,7.0,0.0,0.0,0.0,0.0,0.0,0.0,0.0,0.0,0.0,-9999.0,-9999.0,-9999.0,-9999.0
nubase,po198,198Po,84,114,198,84198,105.6,1.2,1.2,0.0,0.0,0.0,57.0,2.0,2.0,0.0,0.0,0.0,0.0,0.0,0.0,0.0,0.0,0.0,-9999.0,-9999.0,-9999.0,-9999.0
nubase,po199,199Po,84,115,199,84199,330.0,12.0,12.0,0.0,0.0,0.0,7.5,0.3,0.3,0.0,0.0,0.0,0.0,0.0,0.0,0.0,0.0,0.0,-9999.0,-9999.0,-9999.0,-9999.0
nubase,po200,200Po,84,116,200,84200,690.0,6.0,6.0,0.0,0.0,0.0,11.3,0.4,0.4,0.0,0.0,0.0,0.0,0.0,0.0,0.0,0.0,0.0,-9999.0,-9999.0,-9999.0,-9999.0
nubase,po201,201Po,84,117,201,84201,930.0,12.0,12.0,0.0,0.0,0.0,1.13,0.04,0.04,0.0,0.0,0.0,0.0,0.0,0.0,0.0,0.0,0.0,-9999.0,-9999.0,-9999.0,-9999.0
nubase,po202,202Po,84,118,202,84202,2676.0,24.0,24.0,0.0,0.0,0.0,1.92,0.07,0.07,0.0,0.0,0.0,0.0,0.0,0.0,0.0,0.0,0.0,-9999.0,-9999.0,-9999.0,-9999.0
nubase,po203,203Po,84,119,203,84203,2202.0,30.0,30.0,0.0,0.0,0.0,0.11,0.02,0.02,0.0,0.0,0.0,0.0,0.0,0.0,0.0,0.0,0.0,-9999.0,-9999.0,-9999.0,-9999.0
mix,cd123,123Cd,48,75,123,48123,2.1,0.02,0.02,100.0,0.0,0.0,0.0,0.0,0.0,0.0,0.0,0.0,0.0,0.0,0.0,0.0,0.0,0.0,8.11415,0.0,0.0,0.0
mix,cd124,124Cd,48,76,124,48124,1.25,0.02,0.02,100.0,0.0,0.0,0.0,0.0,0.0,0.0,0.0,0.0,0.0,0.0,0.0,0.0,0.0,0.0,15.29746,0.0,0.0,0.0
mix,cd121,121Cd,48,73,121,48121,13.5,0.3,0.3,100.0,0.0,0.0,0.0,0.0,0.0,0.0,0.0,0.0,0.0,0.0,0.0,0.0,0.0,0.0,18.67413,0.0,0.0,0.0
mix,cd122,122Cd,48,74,122,48122,5.24,0.03,0.03,100.0,0.0,0.0,0.0,0.0,0.0,0.0,0.0,0.0,0.0,0.0,0.0,0.0,0.0,0.0,70.34769,0.0,0.0,0.0
mix,cd119,119Cd,48,71,119,48119,161.4,1.2,1.2,100.0,0.0,0.0,0.0,0.0,0.0,0.0,0.0,0.0,0.0,0.0,0.0,0.0,0.0,0.0,96.59338,0.0,0.0,0.0
mix,cd120,120Cd,48,72,120,48120,50.8,0.21,0.21,100.0,0.0,0.0,0.0,0.0,0.0,0.0,0.0,0.0,0.0,0.0,0.0,0.0,0.0,0.0,134.2626,0.0,0.0,0.0
mix,cd118,118Cd,48,70,118,48118,3018.0,12.0,12.0,100.0,0.0,0.0,0.0,0.0,0.0,0.0,0.0,0.0,0.0,0.0,0.0,0.0,0.0,0.0,357434.375,0.0,0.0,0.0
mix,cd127,127Cd,48,79,127,48127,0.45,0.08,0.12,100.0,0.0,0.0,0.0,0.0,0.0,0.0,0.0,0.0,0.0,0.0,0.0,0.0,0.0,0.0,1.26872,0.0,0.0,0.0
mix,cd125,125Cd,48,77,125,48125,0.68,0.04,0.04,100.0,0.0,0.0,0.0,0.0,0.0,0.0,0.0,0.0,0.0,0.0,0.0,0.0,0.0,0.0,4.38114,0.0,0.0,0.0
mix,cd126,126Cd,48,78,126,48126,0.512,0.005,0.005,100.0,0.0,0.0,0.0,0.0,0.0,0.0,0.0,0.0,0.0,0.0,0.0,0.0,0.0,0.0,3.29308,0.0,0.0,0.0
nubase,po204,204Po,84,120,204,84204,12664.8,46.8,46.8,0.0,0.0,0.0,0.673,0.027,0.027,0.0,0.0,0.0,0.0,0.0,0.0,0.0,0.0,0.0,-9999.0,-9999.0,-9999.0,-9999.0
nubase,os166,166Os,76,90,166,76166,0.212,0.005,0.005,0.0,0.0,0.0,83.0,4.0,4.0,0.0,0.0,0.0,0.0,0.0,0.0,0.0,0.0,0.0,-9999.0,-9999.0,-9999.0,-9999.0
nubase,os167,167Os,76,91,167,76167,0.839,0.005,0.005,0.0,0.0,0.0,51.0,4.0,4.0,0.0,0.0,0.0,0.0,0.0,0.0,0.0,0.0,0.0,-9999.0,-9999.0,-9999.0,-9999.0
nubase,os168,168Os,76,92,168,76168,2.1,0.1,0.1,0.0,0.0,0.0,45.0,5.0,5.0,0.0,0.0,0.0,0.0,0.0,0.0,0.0,0.0,0.0,-9999.0,-9999.0,-9999.0,-9999.0
nubase,os169,169Os,76,93,169,76169,3.4,0.1,0.1,0.0,0.0,0.0,13.7,0.8,0.8,0.0,0.0,0.0,0.0,0.0,0.0,0.0,0.0,0.0,-9999.0,-9999.0,-9999.0,-9999.0
nubase,os170,170Os,76,94,170,76170,7.4,0.2,0.2,0.0,0.0,0.0,9.5,1.0,1.0,0.0,0.0,0.0,0.0,0.0,0.0,0.0,0.0,0.0,-9999.0,-9999.0,-9999.0,-9999.0
nubase,os171,171Os,76,95,171,76171,8.3,0.2,0.2,0.0,0.0,0.0,1.8,0.2,0.2,0.0,0.0,0.0,0.0,0.0,0.0,0.0,0.0,0.0,-9999.0,-9999.0,-9999.0,-9999.0
nubase,os172,172Os,76,96,172,76172,19.2,0.9,0.9,0.0,0.0,0.0,1.2,0.2,0.2,0.0,0.0,0.0,0.0,0.0,0.0,0.0,0.0,0.0,-9999.0,-9999.0,-9999.0,-9999.0
nubase,os173,173Os,76,97,173,76173,22.4,0.9,0.9,0.0,0.0,0.0,0.4,0.2,0.2,0.0,0.0,0.0,0.0,0.0,0.0,0.0,0.0,0.0,-9999.0,-9999.0,-9999.0,-9999.0
nubase,os174,174Os,76,98,174,76174,44.0,4.0,4.0,0.0,0.0,0.0,0.02,0.004,0.01,0.0,0.0,0.0,0.0,0.0,0.0,0.0,0.0,0.0,-9999.0,-9999.0,-9999.0,-9999.0
mix,re194,194Re,75,119,194,75194,5.0,1.0,1.0,100.0,0.0,0.0,0.0,0.0,0.0,0.0,0.0,0.0,0.0,0.0,0.0,0.0,0.0,0.0,77.36002,0.0,0.0,0.0
mix,re191,191Re,75,116,191,75191,588.0,30.0,30.0,100.0,0.0,0.0,0.0,0.0,0.0,0.0,0.0,0.0,0.0,0.0,0.0,0.0,0.0,0.0,1972.65784,0.0,0.0,0.0
mix,re192,192Re,75,117,192,75192,15.2,0.6,0.6,100.0,0.0,0.0,0.0,0.0,0.0,0.0,0.0,0.0,0.0,0.0,0.0,0.0,0.0,0.0,46.59146,0.0,0.0,0.0
mix,re186,186Re,75,111,186,75186,321278.4,34.56,34.56,92.53,0.1,0.1,0.0,0.0,0.0,0.0,0.0,0.0,0.0,0.0,0.0,0.0,0.0,0.0,96160.79688,0.0,0.0,0.0
mix,re189,189Re,75,114,189,75189,87120.0,1440.0,1440.0,100.0,0.0,0.0,0.0,0.0,0.0,0.0,0.0,0.0,0.0,0.0,0.0,0.0,0.0,0.0,37196.46094,0.0,0.0,0.0
mix,re190,190Re,75,115,190,75190,180.0,18.0,18.0,100.0,0.0,0.0,0.0,0.0,0.0,0.0,0.0,0.0,0.0,0.0,0.0,0.0,0.0,0.0,1268.24011,0.0,0.0,0.0
mix,re187,187Re,75,112,187,75187,1.3001453512e+18,3.47126186e+16,3.47126186e+16,100.0,0.0,0.0,0.0,0.0,0.0,0.0,0.0,0.0,0.0,0.0,0.0,0.0,0.0,0.0,999999995904.0,0.0,0.0,0.0
mix,re188,188Re,75,113,188,75188,61214.4,7.2,7.2,100.0,0.0,0.0,0.0,0.0,0.0,0.0,0.0,0.0,0.0,0.0,0.0,0.0,0.0,0.0,6606.68701,0.0,0.0,0.0
mix,re196,196Re,75,121,196,75196,3.0,2.0,1.0,100.0,0.0,0.0,0.0,0.0,0.0,0.0,0.0,0.0,0.0,0.0,0.0,0.0,0.0,0.0,4.80439,0.0,0.0,0.0
mix,re195,195Re,75,120,195,75195,6.0,1.0,1.0,100.0,0.0,0.0,0.0,0.0,0.0,0.0,0.0,0.0,0.0,0.0,0.0,0.0,0.0,0.0,57.13305,0.0,0.0,0.0
mix,nd161,161Nd,60,101,161,60161,0.215,0.076,0.076,100.0,0.0,0.0,0.0,0.0,0.0,0.0,0.0,0.0,0.0,0.0,0.0,0.0,0.0,0.0,0.38619,0.01,0.0,0.0
mix,nd162,162Nd,60,102,162,60162,0.31,0.02,0.02,100.0,0.0,0.0,0.0,0.0,0.0,0.0,0.0,0.0,0.0,0.0,0.0,0.0,0.0,0.0,0.27652,0.02,0.0,0.0
mix,ce158,158Ce,58,100,158,58158,0.099,0.093,0.093,100.0,0.0,0.0,0.0,0.0,0.0,0.0,0.0,0.0,0.0,0.0,0.0,0.0,0.0,0.0,0.14475,0.04,0.0,0.0
mix,zr112,112Zr,40,72,112,40112,0.03,0.01,0.03,100.0,0.0,0.0,0.0,0.0,0.0,0.0,0.0,0.0,0.0,0.0,0.0,0.0,0.0,0.0,0.04279,0.35,0.0,0.0
mix,zr111,111Zr,40,71,111,40111,0.024,0.005,0.005,100.0,0.0,0.0,0.0,0.0,0.0,0.0,0.0,0.0,0.0,0.0,0.0,0.0,0.0,0.0,0.04234,0.18,0.0,0.0
mix,zr110,110Zr,40,70,110,40110,0.0376,0.0017,0.0017,100.0,0.0,0.0,0.0,0.0,0.0,0.0,0.0,0.0,0.0,0.0,0.0,0.0,0.0,0.0,0.07454,0.08,0.0,0.0
nubase,te106,106Te,52,54,106,52106,0.069,0.008,0.011,0.0,0.0,0.0,100.0,0.0,0.0,0.0,0.0,0.0,0.0,0.0,0.0,0.0,0.0,0.0,-9999.0,-9999.0,-9999.0,-9999.0
nubase,te107,107Te,52,55,107,52107,0.0036000000000000003,0.0002,0.0002,0.0,0.0,0.0,70.0,30.0,30.0,0.0,0.0,0.0,0.0,0.0,0.0,0.0,0.0,0.0,-9999.0,-9999.0,-9999.0,-9999.0
nubase,te105,105Te,52,53,105,52105,0.00063,6e-05,6e-05,0.0,0.0,0.0,100.0,0.0,0.0,0.0,0.0,0.0,0.0,0.0,0.0,0.0,0.0,0.0,-9999.0,-9999.0,-9999.0,-9999.0
mix,ra225,225Ra,88,137,225,88225,1278720.0,17280.0,17280.0,100.0,0.0,0.0,0.0,0.0,0.0,0.0,0.0,0.0,0.0,0.0,0.0,0.0,0.0,0.0,25402.76953,0.0,0.0,0.0
nubase,ra224,224Ra,88,136,224,88224,313744.32,103.67999999999999,103.67999999999999,0.0,0.0,0.0,100.0,0.0,0.0,0.0,0.0,0.0,0.0,0.0,0.0,0.0,0.0,0.0,-9999.0,-9999.0,-9999.0,-9999.0
nubase,te108,108Te,52,56,108,52108,2.1,0.1,0.1,0.0,0.0,0.0,49.0,4.0,4.0,0.0,0.0,0.0,0.0,0.0,0.0,0.0,0.0,0.0,-9999.0,-9999.0,-9999.0,-9999.0
mix,ra227,227Ra,88,139,227,88227,2532.0,30.0,30.0,100.0,0.0,0.0,0.0,0.0,0.0,0.0,0.0,0.0,0.0,0.0,0.0,0.0,0.0,0.0,323.21622,0.0,0.0,0.0
nubase,te109,109Te,52,57,109,52109,4.4,0.2,0.2,0.0,0.0,0.0,3.9,1.3,1.3,0.0,0.0,0.0,0.0,0.0,0.0,0.0,0.0,0.0,-9999.0,-9999.0,-9999.0,-9999.0
nubase,ra226,226Ra,88,138,226,88226,50491081600.0,220898482.0,220898482.0,0.0,0.0,0.0,100.0,0.0,0.0,0.0,0.0,0.0,0.0,0.0,0.0,0.0,0.0,0.0,-9999.0,-9999.0,-9999.0,-9999.0
nubase,md251,251Md,101,150,251,101251,256.2,6.6,6.6,0.0,0.0,0.0,10.0,1.0,1.0,0.0,0.0,0.0,0.0,0.0,0.0,0.0,0.0,0.0,-9999.0,-9999.0,-9999.0,-9999.0
nubase,md253,253Md,101,152,253,101253,387.0,216.0,696.0,0.0,0.0,0.0,0.7,0.0,0.0,0.0,0.0,0.0,0.0,0.0,0.0,0.0,0.0,0.0,-9999.0,-9999.0,-9999.0,-9999.0
nubase,md256,256Md,101,155,256,101256,4662.0,90.0,90.0,0.0,0.0,0.0,9.5,0.5,0.5,0.0,0.0,0.0,0.0,0.0,0.0,0.0,0.0,0.0,-9999.0,-9999.0,-9999.0,-9999.0
nubase,md255,255Md,101,154,255,101255,1620.0,120.0,120.0,0.0,0.0,0.0,7.0,1.0,1.0,0.0,0.0,0.0,0.0,0.0,0.0,0.0,0.0,0.0,-9999.0,-9999.0,-9999.0,-9999.0
mix,md258,258Md,101,157,258,101258,4451328.0,25056.0,25056.0,0.0,0.0,0.0,100.0,0.0,0.0,0.0,0.0,0.0,0.0,0.0,0.0,0.0,0.0,0.0,9684255.0,0.0,0.0,0.0
nubase,md257,257Md,101,156,257,101257,19872.0,180.0,180.0,0.0,0.0,0.0,15.0,3.0,3.0,0.0,0.0,0.0,0.0,0.0,0.0,0.0,0.0,0.0,-9999.0,-9999.0,-9999.0,-9999.0
nubase,ra219,219Ra,88,131,219,88219,0.009000000000000001,0.002,0.002,0.0,0.0,0.0,100.0,0.0,0.0,0.0,0.0,0.0,0.0,0.0,0.0,0.0,0.0,0.0,-9999.0,-9999.0,-9999.0,-9999.0
mix,md260,260Md,101,159,260,101260,2747520.0,43200.0,43200.0,10.0,0.0,0.0,25.0,0.0,0.0,0.0,0.0,0.0,0.0,0.0,0.0,0.0,0.0,0.0,108923.65625,0.0,0.0,0.0
nubase,ra218,218Ra,88,130,218,88218,0.02591,0.00014000000000000001,0.00014000000000000001,0.0,0.0,0.0,100.0,0.0,0.0,0.0,0.0,0.0,0.0,0.0,0.0,0.0,0.0,0.0,-9999.0,-9999.0,-9999.0,-9999.0
nubase,md259,259Md,101,158,259,101259,5796.0,216.0,216.0,0.0,0.0,0.0,1.3,0.0,0.0,0.0,0.0,0.0,0.0,0.0,0.0,0.0,0.0,0.0,-9999.0,-9999.0,-9999.0,-9999.0
nubase,ra221,221Ra,88,133,221,88221,16.0,2.0,2.0,0.0,0.0,0.0,100.0,0.0,0.0,0.0,0.0,0.0,0.0,0.0,0.0,0.0,0.0,0.0,-9999.0,-9999.0,-9999.0,-9999.0
nubase,ra220,220Ra,88,132,220,88220,0.018000000000000002,0.002,0.002,0.0,0.0,0.0,100.0,0.0,0.0,0.0,0.0,0.0,0.0,0.0,0.0,0.0,0.0,0.0,-9999.0,-9999.0,-9999.0,-9999.0
nubase,ra223,223Ra,88,135,223,88223,988001.28,86.4,86.4,0.0,0.0,0.0,100.0,0.0,0.0,0.0,0.0,0.0,0.0,0.0,0.0,0.0,0.0,0.0,-9999.0,-9999.0,-9999.0,-9999.0
nubase,ra222,222Ra,88,134,222,88222,33.6,0.4,0.4,0.0,0.0,0.0,100.0,0.0,0.0,0.0,0.0,0.0,0.0,0.0,0.0,0.0,0.0,0.0,-9999.0,-9999.0,-9999.0,-9999.0
nubase,ra214,214Ra,88,126,214,88214,2.438,0.016,0.016,0.0,0.0,0.0,99.94,0.004,0.004,0.0,0.0,0.0,0.0,0.0,0.0,0.0,0.0,0.0,-9999.0,-9999.0,-9999.0,-9999.0
nubase,ra213,213Ra,88,125,213,88213,163.8,3.0,3.0,0.0,0.0,0.0,86.0,2.0,2.0,0.0,0.0,0.0,0.0,0.0,0.0,0.0,0.0,0.0,-9999.0,-9999.0,-9999.0,-9999.0
nubase,ra216,216Ra,88,128,216,88216,1.72e-07,7.000000000000001e-09,7.000000000000001e-09,0.0,0.0,0.0,100.0,0.0,0.0,0.0,0.0,0.0,0.0,0.0,0.0,0.0,0.0,0.0,-9999.0,-9999.0,-9999.0,-9999.0
nubase,ra215,215Ra,88,127,215,88215,0.00168,1e-05,1e-05,0.0,0.0,0.0,100.0,0.0,0.0,0.0,0.0,0.0,0.0,0.0,0.0,0.0,0.0,0.0,-9999.0,-9999.0,-9999.0,-9999.0
nubase,ra217,217Ra,88,129,217,88217,0.00159,0.00014000000000000001,0.00014000000000000001,0.0,0.0,0.0,100.0,0.0,0.0,0.0,0.0,0.0,0.0,0.0,0.0,0.0,0.0,0.0,-9999.0,-9999.0,-9999.0,-9999.0
nubase,ra208,208Ra,88,120,208,88208,1.11,0.045,0.045,0.0,0.0,0.0,87.0,3.0,3.0,0.0,0.0,0.0,0.0,0.0,0.0,0.0,0.0,0.0,-9999.0,-9999.0,-9999.0,-9999.0
nubase,ra210,210Ra,88,122,210,88210,3.9,0.1,0.1,0.0,0.0,0.0,100.0,0.0,0.0,0.0,0.0,0.0,0.0,0.0,0.0,0.0,0.0,0.0,-9999.0,-9999.0,-9999.0,-9999.0
nubase,ra209,209Ra,88,121,209,88209,4.8,0.2,0.2,0.0,0.0,0.0,100.0,0.0,0.0,0.0,0.0,0.0,0.0,0.0,0.0,0.0,0.0,0.0,-9999.0,-9999.0,-9999.0,-9999.0
nubase,ra212,212Ra,88,124,212,88212,13.0,0.2,0.2,0.0,0.0,0.0,100.0,0.0,0.0,0.0,0.0,0.0,0.0,0.0,0.0,0.0,0.0,0.0,-9999.0,-9999.0,-9999.0,-9999.0
nubase,ra211,211Ra,88,123,211,88211,13.0,1.0,1.0,0.0,0.0,0.0,100.0,0.0,0.0,0.0,0.0,0.0,0.0,0.0,0.0,0.0,0.0,0.0,-9999.0,-9999.0,-9999.0,-9999.0
mix,mg27,27Mg,12,15,27,12027,566.1,1.6199999999999999,1.6199999999999999,100.0,0.0,0.0,0.0,0.0,0.0,0.0,0.0,0.0,0.0,0.0,0.0,0.0,0.0,0.0,57.34644,0.0,0.0,0.0
mix,te129,129Te,52,77,129,52129,4170.0,24.0,24.0,100.0,0.0,0.0,0.0,0.0,0.0,0.0,0.0,0.0,0.0,0.0,0.0,0.0,0.0,0.0,6564.34326,0.0,0.0,0.0
mix,te127,127Te,52,75,127,52127,33660.0,216.0,216.0,100.0,0.0,0.0,0.0,0.0,0.0,0.0,0.0,0.0,0.0,0.0,0.0,0.0,0.0,0.0,193400.14063,0.0,0.0,0.0
mix,te131,131Te,52,79,131,52131,1500.0,6.0,6.0,100.0,0.0,0.0,0.0,0.0,0.0,0.0,0.0,0.0,0.0,0.0,0.0,0.0,0.0,0.0,1151.82495,0.0,0.0,0.0
mix,mg29,29Mg,12,17,29,12029,1.31,0.13,0.13,100.0,0.0,0.0,0.0,0.0,0.0,0.0,0.0,0.0,0.0,0.0,0.0,0.0,0.0,0.0,0.48829,0.0,0.0,0.0
mix,mg28,28Mg,12,16,28,12028,75294.0,32.4,32.4,100.0,0.0,0.0,0.0,0.0,0.0,0.0,0.0,0.0,0.0,0.0,0.0,0.0,0.0,0.0,3429.11157,0.0,0.0,0.0
mix,mg31,31Mg,12,19,31,12031,0.27,0.002,0.002,100.0,0.0,0.0,0.0,0.0,0.0,6.2,1.9,1.9,0.0,0.0,0.0,0.0,0.0,0.0,0.03695,0.01,0.0,0.0
mix,mg30,30Mg,12,18,30,12030,0.314,0.005,0.005,100.0,0.0,0.0,0.0,0.0,0.0,0.0,0.0,0.0,0.0,0.0,0.0,0.0,0.0,0.0,2.74729,0.0,0.0,0.0
mix,mg32,32Mg,12,20,32,12032,0.08040000000000001,0.0004,0.0004,100.0,0.0,0.0,0.0,0.0,0.0,5.5,0.5,0.5,0.0,0.0,0.0,0.0,0.0,0.0,0.11408,0.12,0.0,0.0
mix,mg34,34Mg,12,22,34,12034,0.0449,0.0004,0.0004,100.0,0.0,0.0,0.0,0.0,0.0,21.0,7.0,7.0,0.0,0.0,0.0,0.0,0.0,0.0,0.06333,0.27,0.0,0.0
mix,mg33,33Mg,12,21,33,12033,0.0902,0.0009000000000000001,0.0009000000000000001,100.0,0.0,0.0,0.0,0.0,0.0,14.0,2.0,2.0,0.0,0.0,0.0,0.0,0.0,0.0,0.1676,0.38,0.0,0.0
mix,mg36,36Mg,12,24,36,12036,0.007200000000000001,0.0012,0.0012,100.0,0.0,0.0,0.0,0.0,0.0,48.0,12.0,12.0,0.0,0.0,0.0,0.0,0.0,0.0,0.01809,0.53,0.01,0.0
mix,mg35,35Mg,12,23,35,12035,0.011300000000000001,0.0006,0.0006,100.0,0.0,0.0,0.0,0.0,0.0,52.0,46.0,46.0,0.0,0.0,0.0,0.0,0.0,0.0,0.03903,0.32,0.03,0.0
mix,te132,132Te,52,80,132,52132,276825.60000000003,1123.2,1123.2,100.0,0.0,0.0,0.0,0.0,0.0,0.0,0.0,0.0,0.0,0.0,0.0,0.0,0.0,0.0,269165.40625,0.0,0.0,0.0
mix,mg38,38Mg,12,26,38,12038,0.0031000000000000003,0.0005,0.0005,100.0,0.0,0.0,0.0,0.0,0.0,0.0,0.0,0.0,0.0,0.0,0.0,0.0,0.0,0.0,0.00883,0.81,0.09,0.01
nubase,mg37,37Mg,12,25,37,12037,0.0064,0.0015,0.0015,100.0,0.0,0.0,0.0,0.0,0.0,0.0,0.0,0.0,0.0,0.0,0.0,0.0,0.0,0.0,-9999.0,-9999.0,-9999.0,-9999.0
mix,te135,135Te,52,83,135,52135,19.0,0.2,0.2,100.0,0.0,0.0,0.0,0.0,0.0,0.0,0.0,0.0,0.0,0.0,0.0,0.0,0.0,0.0,16.88408,0.0,0.0,0.0
mix,te136,136Te,52,84,136,52136,17.66,0.08,0.08,100.0,0.0,0.0,0.0,0.0,0.0,1.37,0.05,0.05,0.0,0.0,0.0,0.0,0.0,0.0,10.5856,0.02,0.0,0.0
mix,te133,133Te,52,81,133,52133,750.0,18.0,18.0,100.0,0.0,0.0,0.0,0.0,0.0,0.0,0.0,0.0,0.0,0.0,0.0,0.0,0.0,0.0,354.58484,0.0,0.0,0.0
mix,te134,134Te,52,82,134,52134,2508.0,48.0,48.0,100.0,0.0,0.0,0.0,0.0,0.0,0.0,0.0,0.0,0.0,0.0,0.0,0.0,0.0,0.0,1248.80212,0.0,0.0,0.0
mix,te139,139Te,52,87,139,52139,0.724,0.081,0.081,100.0,0.0,0.0,0.0,0.0,0.0,0.0,0.0,0.0,0.0,0.0,0.0,0.0,0.0,0.0,0.11784,0.01,0.0,0.0
mix,te140,140Te,52,88,140,52140,0.35100000000000003,0.005,0.005,100.0,0.0,0.0,0.0,0.0,0.0,0.0,0.0,0.0,0.0,0.0,0.0,0.0,0.0,0.0,0.33875,0.04,0.0,0.0
mix,te137,137Te,52,85,137,52137,2.48,0.03,0.03,100.0,0.0,0.0,0.0,0.0,0.0,2.99,0.16,0.16,0.0,0.0,0.0,0.0,0.0,0.0,7.98726,0.07,0.0,0.0
mix,te138,138Te,52,86,138,52138,1.46,0.25,0.25,100.0,0.0,0.0,0.0,0.0,0.0,6.3,2.1,2.1,0.0,0.0,0.0,0.0,0.0,0.0,1.87589,0.1,0.0,0.0
mix,te141,141Te,52,89,141,52141,0.193,0.016,0.016,100.0,0.0,0.0,0.0,0.0,0.0,0.0,0.0,0.0,0.0,0.0,0.0,0.0,0.0,0.0,0.06096,0.04,0.0,0.0
nubase,md245,245Md,101,144,245,101245,0.33,0.08,0.15,0.0,0.0,0.0,100.0,0.0,0.0,0.0,0.0,0.0,0.0,0.0,0.0,0.0,0.0,0.0,-9999.0,-9999.0,-9999.0,-9999.0
nubase,md244,244Md,101,143,244,101244,0.39,0.1,0.22,0.0,0.0,0.0,100.0,0.0,0.0,0.0,0.0,0.0,0.0,0.0,0.0,0.0,0.0,0.0,-9999.0,-9999.0,-9999.0,-9999.0
mix,ra228,228Ra,88,140,228,88228,181452324.5,946707.7799999999,946707.7799999999,100.0,0.0,0.0,0.0,0.0,0.0,0.0,0.0,0.0,0.0,0.0,0.0,0.0,0.0,0.0,999999995904.0,0.0,0.0,0.0
nubase,md247,247Md,101,146,247,101247,1.2,0.08,0.08,0.0,0.0,0.0,99.14,0.1,0.1,0.0,0.0,0.0,0.0,0.0,0.0,0.0,0.0,0.0,-9999.0,-9999.0,-9999.0,-9999.0
nubase,md246,246Md,101,145,246,101246,0.9,0.2,0.2,0.0,0.0,0.0,100.0,0.0,0.0,0.0,0.0,0.0,0.0,0.0,0.0,0.0,0.0,0.0,-9999.0,-9999.0,-9999.0,-9999.0
mix,ra230,230Ra,88,142,230,88230,5580.0,120.0,120.0,100.0,0.0,0.0,0.0,0.0,0.0,0.0,0.0,0.0,0.0,0.0,0.0,0.0,0.0,0.0,5246.85742,0.0,0.0,0.0
nubase,md249,249Md,101,148,249,101249,25.6,0.9,0.9,0.0,0.0,0.0,75.0,5.0,5.0,0.0,0.0,0.0,0.0,0.0,0.0,0.0,0.0,0.0,-9999.0,-9999.0,-9999.0,-9999.0
mix,ra229,229Ra,88,141,229,88229,240.0,12.0,12.0,100.0,0.0,0.0,0.0,0.0,0.0,0.0,0.0,0.0,0.0,0.0,0.0,0.0,0.0,0.0,106.01487,0.0,0.0,0.0
nubase,md248,248Md,101,147,248,101248,7.0,3.0,3.0,0.0,0.0,0.0,20.0,10.0,10.0,0.0,0.0,0.0,0.0,0.0,0.0,0.0,0.0,0.0,-9999.0,-9999.0,-9999.0,-9999.0
mix,ra232,232Ra,88,144,232,88232,252.0,48.0,48.0,100.0,0.0,0.0,0.0,0.0,0.0,0.0,0.0,0.0,0.0,0.0,0.0,0.0,0.0,0.0,567.90564,0.0,0.0,0.0
mix,ra231,231Ra,88,143,231,88231,103.9,1.3,1.3,100.0,0.0,0.0,0.0,0.0,0.0,0.0,0.0,0.0,0.0,0.0,0.0,0.0,0.0,0.0,714.88892,0.0,0.0,0.0
nubase,md250,250Md,101,149,250,101250,53.4,4.5,4.5,0.0,0.0,0.0,7.0,1.0,1.0,0.0,0.0,0.0,0.0,0.0,0.0,0.0,0.0,0.0,-9999.0,-9999.0,-9999.0,-9999.0
mix,ra234,234Ra,88,146,234,88234,30.0,10.0,10.0,100.0,0.0,0.0,0.0,0.0,0.0,0.0,0.0,0.0,0.0,0.0,0.0,0.0,0.0,0.0,72.81137,0.0,0.0,0.0
mix,ra233,233Ra,88,145,233,88233,30.0,5.0,5.0,100.0,0.0,0.0,0.0,0.0,0.0,0.0,0.0,0.0,0.0,0.0,0.0,0.0,0.0,0.0,47.4291,0.0,0.0,0.0
mix,te142,142Te,52,90,142,52142,0.147,0.007,0.007,100.0,0.0,0.0,0.0,0.0,0.0,0.0,0.0,0.0,0.0,0.0,0.0,0.0,0.0,0.0,0.12085,0.09,0.0,0.0
mix,te143,143Te,52,91,143,52143,0.12,0.008,0.008,100.0,0.0,0.0,0.0,0.0,0.0,0.0,0.0,0.0,0.0,0.0,0.0,0.0,0.0,0.0,0.03909,0.14,0.0,0.0
mix,te144,144Te,52,92,144,52144,0.093,0.06,0.06,100.0,0.0,0.0,0.0,0.0,0.0,0.0,0.0,0.0,0.0,0.0,0.0,0.0,0.0,0.0,0.05482,0.24,0.0,0.0
nubase,gd149,149Gd,64,85,149,64149,801792.0,7776.0,7776.0,0.0,0.0,0.0,0.00042,9e-05,9e-05,0.0,0.0,0.0,0.0,0.0,0.0,0.0,0.0,0.0,-9999.0,-9999.0,-9999.0,-9999.0
nubase,gd148,148Gd,64,84,148,64148,2742296869.4,123072011.39999999,123072011.39999999,0.0,0.0,0.0,100.0,0.0,0.0,0.0,0.0,0.0,0.0,0.0,0.0,0.0,0.0,0.0,-9999.0,-9999.0,-9999.0,-9999.0
nubase,gd151,151Gd,64,87,151,64151,10756800.0,77760.0,77760.0,0.0,0.0,0.0,8e-07,0.0,0.0,0.0,0.0,0.0,0.0,0.0,0.0,0.0,0.0,0.0,-9999.0,-9999.0,-9999.0,-9999.0
nubase,gd150,150Gd,64,86,150,64150,56385915376800.0,2414231066704.0,2414231066704.0,0.0,0.0,0.0,100.0,0.0,0.0,0.0,0.0,0.0,0.0,0.0,0.0,0.0,0.0,0.0,-9999.0,-9999.0,-9999.0,-9999.0
nubase,gd152,152Gd,64,88,152,64152,3.408148008e+21,2.52455408e+20,2.52455408e+20,0.0,0.0,0.0,100.0,0.0,0.0,0.0,0.0,0.0,0.0,0.0,0.0,0.0,0.0,0.0,-9999.0,-9999.0,-9999.0,-9999.0
nubase,os161,161Os,76,85,161,76161,0.00064,6e-05,6e-05,0.0,0.0,0.0,100.0,0.0,0.0,0.0,0.0,0.0,0.0,0.0,0.0,0.0,0.0,0.0,-9999.0,-9999.0,-9999.0,-9999.0
nubase,os162,162Os,76,86,162,76162,0.0021000000000000003,0.0001,0.0001,0.0,0.0,0.0,100.0,0.0,0.0,0.0,0.0,0.0,0.0,0.0,0.0,0.0,0.0,0.0,-9999.0,-9999.0,-9999.0,-9999.0
nubase,os163,163Os,76,87,163,76163,0.0058,0.0005,0.0005,0.0,0.0,0.0,100.0,0.0,0.0,0.0,0.0,0.0,0.0,0.0,0.0,0.0,0.0,0.0,-9999.0,-9999.0,-9999.0,-9999.0
nubase,os164,164Os,76,88,164,76164,0.021,0.001,0.001,0.0,0.0,0.0,96.0,5.0,4.0,0.0,0.0,0.0,0.0,0.0,0.0,0.0,0.0,0.0,-9999.0,-9999.0,-9999.0,-9999.0
nubase,os165,165Os,76,89,165,76165,0.07100000000000001,0.003,0.003,0.0,0.0,0.0,90.0,2.0,2.0,0.0,0.0,0.0,0.0,0.0,0.0,0.0,0.0,0.0,-9999.0,-9999.0,-9999.0,-9999.0
nubase,ra203,203Ra,88,115,203,88203,0.031,0.009000000000000001,0.017,0.0,0.0,0.0,100.0,0.0,0.0,0.0,0.0,0.0,0.0,0.0,0.0,0.0,0.0,0.0,-9999.0,-9999.0,-9999.0,-9999.0
nubase,ra202,202Ra,88,114,202,88202,0.0038,0.0011,0.0016,0.0,0.0,0.0,100.0,0.0,0.0,0.0,0.0,0.0,0.0,0.0,0.0,0.0,0.0,0.0,-9999.0,-9999.0,-9999.0,-9999.0
nubase,ra205,205Ra,88,117,205,88205,0.215,0.035,0.042,0.0,0.0,0.0,100.0,0.0,0.0,0.0,0.0,0.0,0.0,0.0,0.0,0.0,0.0,0.0,-9999.0,-9999.0,-9999.0,-9999.0
nubase,ra204,204Ra,88,116,204,88204,0.058,0.008,0.009000000000000001,0.0,0.0,0.0,100.0,0.0,0.0,0.0,0.0,0.0,0.0,0.0,0.0,0.0,0.0,0.0,-9999.0,-9999.0,-9999.0,-9999.0
nubase,ra207,207Ra,88,119,207,88207,1.4,0.2,0.2,0.0,0.0,0.0,86.0,0.0,0.0,0.0,0.0,0.0,0.0,0.0,0.0,0.0,0.0,0.0,-9999.0,-9999.0,-9999.0,-9999.0
nubase,ra206,206Ra,88,118,206,88206,0.24,0.017,0.017,0.0,0.0,0.0,100.0,0.0,0.0,0.0,0.0,0.0,0.0,0.0,0.0,0.0,0.0,0.0,-9999.0,-9999.0,-9999.0,-9999.0
mix,gd159,159Gd,64,95,159,64159,66524.4,14.4,14.4,100.0,0.0,0.0,0.0,0.0,0.0,0.0,0.0,0.0,0.0,0.0,0.0,0.0,0.0,0.0,46523.08203,0.0,0.0,0.0
mix,gd162,162Gd,64,98,162,64162,503.40000000000003,12.0,12.0,100.0,0.0,0.0,0.0,0.0,0.0,0.0,0.0,0.0,0.0,0.0,0.0,0.0,0.0,0.0,296.34253,0.0,0.0,0.0
mix,gd161,161Gd,64,97,161,64161,219.60000000000002,3.0,3.0,100.0,0.0,0.0,0.0,0.0,0.0,0.0,0.0,0.0,0.0,0.0,0.0,0.0,0.0,0.0,44.10498,0.0,0.0,0.0
nubase,ra201,201Ra,88,113,201,88201,0.008,0.004,0.04,0.0,0.0,0.0,100.0,0.0,0.0,0.0,0.0,0.0,0.0,0.0,0.0,0.0,0.0,0.0,-9999.0,-9999.0,-9999.0,-9999.0
mix,gd163,163Gd,64,99,163,64163,68.0,3.0,3.0,100.0,0.0,0.0,0.0,0.0,0.0,0.0,0.0,0.0,0.0,0.0,0.0,0.0,0.0,0.0,117.35169,0.0,0.0,0.0
nubase,og294,294Og,118,176,294,118294,0.00058,0.00017999999999999998,0.00044,0.0,0.0,0.0,100.0,0.0,0.0,0.0,0.0,0.0,0.0,0.0,0.0,0.0,0.0,0.0,-9999.0,-9999.0,-9999.0,-9999.0
nubase,pb178,178Pb,82,96,178,82178,0.0002,8e-05,0.00012,0.0,0.0,0.0,100.0,0.0,0.0,0.0,0.0,0.0,0.0,0.0,0.0,0.0,0.0,0.0,-9999.0,-9999.0,-9999.0,-9999.0
nubase,pb179,179Pb,82,97,179,82179,0.0027,0.0002,0.0002,0.0,0.0,0.0,100.0,0.0,0.0,0.0,0.0,0.0,0.0,0.0,0.0,0.0,0.0,0.0,-9999.0,-9999.0,-9999.0,-9999.0
nubase,pb180,180Pb,82,98,180,82180,0.0040999999999999995,0.0003,0.0003,0.0,0.0,0.0,100.0,0.0,0.0,0.0,0.0,0.0,0.0,0.0,0.0,0.0,0.0,0.0,-9999.0,-9999.0,-9999.0,-9999.0
nubase,pb181,181Pb,82,99,181,82181,0.036000000000000004,0.002,0.002,0.0,0.0,0.0,100.0,0.0,0.0,0.0,0.0,0.0,0.0,0.0,0.0,0.0,0.0,0.0,-9999.0,-9999.0,-9999.0,-9999.0
nubase,fm241,241Fm,100,141,241,100241,0.00073,6e-05,6e-05,0.0,0.0,0.0,14.0,0.0,0.0,0.0,0.0,0.0,0.0,0.0,0.0,0.0,0.0,0.0,-9999.0,-9999.0,-9999.0,-9999.0
mix,lu177,177Lu,71,106,177,71177,574318.08,138.24,138.24,100.0,0.0,0.0,0.0,0.0,0.0,0.0,0.0,0.0,0.0,0.0,0.0,0.0,0.0,0.0,2639.03735,0.0,0.0,0.0
nubase,fm245,245Fm,100,145,245,100245,5.4,0.6,0.6,0.0,0.0,0.0,88.5,6.0,5.0,0.0,0.0,0.0,0.0,0.0,0.0,0.0,0.0,0.0,-9999.0,-9999.0,-9999.0,-9999.0
mix,lu176,176Lu,71,105,176,71176,1.1721124488057344e+18,5916094845452462.0,5916094845452462.0,100.0,0.0,0.0,0.0,0.0,0.0,0.0,0.0,0.0,0.0,0.0,0.0,0.0,0.0,0.0,147.85228,0.0,0.0,0.0
nubase,fm244,244Fm,100,144,244,100244,0.0031200000000000004,8e-05,8e-05,0.0,0.0,0.0,1.0,0.0,0.0,0.0,0.0,0.0,0.0,0.0,0.0,0.0,0.0,0.0,-9999.0,-9999.0,-9999.0,-9999.0
mix,lu179,179Lu,71,108,179,71179,16524.0,216.0,216.0,100.0,0.0,0.0,0.0,0.0,0.0,0.0,0.0,0.0,0.0,0.0,0.0,0.0,0.0,0.0,109.61008,0.0,0.0,0.0
nubase,fm243,243Fm,100,143,243,100243,0.231,0.009000000000000001,0.009000000000000001,0.0,0.0,0.0,91.0,3.0,3.0,0.0,0.0,0.0,0.0,0.0,0.0,0.0,0.0,0.0,-9999.0,-9999.0,-9999.0,-9999.0
mix,lu178,178Lu,71,107,178,71178,1704.0,12.0,12.0,100.0,0.0,0.0,0.0,0.0,0.0,0.0,0.0,0.0,0.0,0.0,0.0,0.0,0.0,0.0,3159.90381,0.0,0.0,0.0
nubase,fm249,249Fm,100,149,249,100249,96.0,6.0,6.0,0.0,0.0,0.0,15.6,1.0,1.0,0.0,0.0,0.0,0.0,0.0,0.0,0.0,0.0,0.0,-9999.0,-9999.0,-9999.0,-9999.0
mix,lu180,180Lu,71,109,180,71180,336.0,12.0,12.0,100.0,0.0,0.0,0.0,0.0,0.0,0.0,0.0,0.0,0.0,0.0,0.0,0.0,0.0,0.0,169.67709,0.0,0.0,0.0
nubase,fm248,248Fm,100,148,248,100248,34.5,1.2,1.2,0.0,0.0,0.0,99.9,0.0,0.0,0.0,0.0,0.0,0.0,0.0,0.0,0.0,0.0,0.0,-9999.0,-9999.0,-9999.0,-9999.0
nubase,fm247,247Fm,100,147,247,100247,31.0,1.0,1.0,0.0,0.0,0.0,64.0,0.0,0.0,0.0,0.0,0.0,0.0,0.0,0.0,0.0,0.0,0.0,-9999.0,-9999.0,-9999.0,-9999.0
nubase,fm246,246Fm,100,146,246,100246,1.53,0.04,0.04,0.0,0.0,0.0,93.6,0.4,0.4,0.0,0.0,0.0,0.0,0.0,0.0,0.0,0.0,0.0,-9999.0,-9999.0,-9999.0,-9999.0
mix,lu182,182Lu,71,111,182,71182,120.0,12.0,12.0,100.0,0.0,0.0,0.0,0.0,0.0,0.0,0.0,0.0,0.0,0.0,0.0,0.0,0.0,0.0,10.52881,0.0,0.0,0.0
mix,lu181,181Lu,71,110,181,71181,210.0,18.0,18.0,100.0,0.0,0.0,0.0,0.0,0.0,0.0,0.0,0.0,0.0,0.0,0.0,0.0,0.0,0.0,35.00243,0.0,0.0,0.0
nubase,be10,10Be,4,6,10,4010,43724866425562.0,365460760006.0,365460760006.0,100.0,0.0,0.0,0.0,0.0,0.0,0.0,0.0,0.0,0.0,0.0,0.0,0.0,0.0,0.0,-9999.0,-9999.0,-9999.0,-9999.0
nubase,be11,11Be,4,7,11,4011,13.77,0.07,0.07,100.0,0.0,0.0,0.0,0.0,0.0,0.0,0.0,0.0,0.0,0.0,0.0,0.0,0.0,0.0,-9999.0,-9999.0,-9999.0,-9999.0
nubase,be12,12Be,4,8,12,4012,0.02146,5e-05,5e-05,100.0,0.0,0.0,0.0,0.0,0.0,0.5,0.03,0.03,0.0,0.0,0.0,0.0,0.0,0.0,-9999.0,-9999.0,-9999.0,-9999.0
mix,lu184,184Lu,71,113,184,71184,19.0,2.0,2.0,100.0,0.0,0.0,0.0,0.0,0.0,0.0,0.0,0.0,0.0,0.0,0.0,0.0,0.0,0.0,5.84829,0.0,0.0,0.0
nubase,fm252,252Fm,100,152,252,100252,91368.0,432.0,432.0,0.0,0.0,0.0,99.9977,0.0002,0.0002,0.0,0.0,0.0,0.0,0.0,0.0,0.0,0.0,0.0,-9999.0,-9999.0,-9999.0,-9999.0
mix,lu183,183Lu,71,112,183,71183,58.0,4.0,4.0,100.0,0.0,0.0,0.0,0.0,0.0,0.0,0.0,0.0,0.0,0.0,0.0,0.0,0.0,0.0,10.3637,0.0,0.0,0.0
nubase,fm251,251Fm,100,151,251,100251,19080.0,288.0,288.0,0.0,0.0,0.0,1.8,0.13,0.13,0.0,0.0,0.0,0.0,0.0,0.0,0.0,0.0,0.0,-9999.0,-9999.0,-9999.0,-9999.0
nubase,fm250,250Fm,100,150,250,100250,1854.0,60.0,60.0,0.0,0.0,0.0,100.0,0.0,0.0,0.0,0.0,0.0,0.0,0.0,0.0,0.0,0.0,0.0,-9999.0,-9999.0,-9999.0,-9999.0
nubase,fm256,256Fm,100,156,256,100256,9426.0,72.0,72.0,0.0,0.0,0.0,8.1,0.3,0.3,0.0,0.0,0.0,0.0,0.0,0.0,0.0,0.0,0.0,-9999.0,-9999.0,-9999.0,-9999.0
nubase,fm255,255Fm,100,155,255,100255,72252.0,252.00000000000003,252.00000000000003,0.0,0.0,0.0,100.0,0.0,0.0,0.0,0.0,0.0,0.0,0.0,0.0,0.0,0.0,0.0,-9999.0,-9999.0,-9999.0,-9999.0
nubase,fm254,254Fm,100,154,254,100254,11664.0,7.2,7.2,0.0,0.0,0.0,99.9408,0.0003,0.0003,0.0,0.0,0.0,0.0,0.0,0.0,0.0,0.0,0.0,-9999.0,-9999.0,-9999.0,-9999.0
nubase,fm253,253Fm,100,153,253,100253,259200.0,10368.0,10368.0,0.0,0.0,0.0,12.0,1.0,1.0,0.0,0.0,0.0,0.0,0.0,0.0,0.0,0.0,0.0,-9999.0,-9999.0,-9999.0,-9999.0
nubase,fm257,257Fm,100,157,257,100257,8683200.0,17280.0,17280.0,0.0,0.0,0.0,99.79,0.004,0.004,0.0,0.0,0.0,0.0,0.0,0.0,0.0,0.0,0.0,-9999.0,-9999.0,-9999.0,-9999.0
mix,rh127,127Rh,45,82,127,45127,0.02,0.007,0.02,100.0,0.0,0.0,0.0,0.0,0.0,0.0,0.0,0.0,0.0,0.0,0.0,0.0,0.0,0.0,0.02207,0.26,0.0,0.0
mix,rh126,126Rh,45,81,126,45126,0.019,0.003,0.003,100.0,0.0,0.0,0.0,0.0,0.0,0.0,0.0,0.0,0.0,0.0,0.0,0.0,0.0,0.0,0.02108,0.24,0.0,0.0
mix,rh125,125Rh,45,80,125,45125,0.0265,0.002,0.002,100.0,0.0,0.0,0.0,0.0,0.0,0.0,0.0,0.0,0.0,0.0,0.0,0.0,0.0,0.0,0.02747,0.22,0.0,0.0
mix,gd168,168Gd,64,104,168,64168,3.02,0.15,0.15,100.0,0.0,0.0,0.0,0.0,0.0,0.0,0.0,0.0,0.0,0.0,0.0,0.0,0.0,0.0,4.65135,0.0,0.0,0.0
mix,gd167,167Gd,64,103,167,64167,4.26,0.32,0.18,100.0,0.0,0.0,0.0,0.0,0.0,0.0,0.0,0.0,0.0,0.0,0.0,0.0,0.0,0.0,3.27594,0.0,0.0,0.0
mix,gd166,166Gd,64,102,166,64166,5.0,0.8,0.8,100.0,0.0,0.0,0.0,0.0,0.0,0.0,0.0,0.0,0.0,0.0,0.0,0.0,0.0,0.0,26.68238,0.0,0.0,0.0
mix,gd165,165Gd,64,101,165,64165,11.6,1.0,1.0,100.0,0.0,0.0,0.0,0.0,0.0,0.0,0.0,0.0,0.0,0.0,0.0,0.0,0.0,0.0,43.50601,0.0,0.0,0.0
mix,gd164,164Gd,64,100,164,64164,45.0,3.0,3.0,100.0,0.0,0.0,0.0,0.0,0.0,0.0,0.0,0.0,0.0,0.0,0.0,0.0,0.0,0.0,159.02907,0.0,0.0,0.0
mix,gd172,172Gd,64,108,172,64172,0.163,0.099,0.113,100.0,0.0,0.0,0.0,0.0,0.0,0.0,0.0,0.0,0.0,0.0,0.0,0.0,0.0,0.0,0.35344,0.01,0.0,0.0
mix,gd171,171Gd,64,107,171,64171,0.392,0.135,0.145,100.0,0.0,0.0,0.0,0.0,0.0,0.0,0.0,0.0,0.0,0.0,0.0,0.0,0.0,0.0,0.7265,0.0,0.0,0.0
mix,gd170,170Gd,64,106,170,64170,0.616,0.11,0.11,100.0,0.0,0.0,0.0,0.0,0.0,0.0,0.0,0.0,0.0,0.0,0.0,0.0,0.0,0.0,0.94189,0.0,0.0,0.0
mix,gd169,169Gd,64,105,169,64169,0.892,0.092,0.09,100.0,0.0,0.0,0.0,0.0,0.0,0.0,0.0,0.0,0.0,0.0,0.0,0.0,0.0,0.0,0.36395,0.0,0.0,0.0
mix,nd160,160Nd,60,100,160,60160,0.439,0.037,0.037,100.0,0.0,0.0,0.0,0.0,0.0,0.0,0.0,0.0,0.0,0.0,0.0,0.0,0.0,0.0,0.54268,0.0,0.0,0.0
mix,cu68,68Cu,29,39,68,29068,30.8,0.6,0.6,100.0,0.0,0.0,0.0,0.0,0.0,0.0,0.0,0.0,0.0,0.0,0.0,0.0,0.0,0.0,3.71536,0.0,0.0,0.0
mix,cu67,67Cu,29,38,67,29067,222516.0,360.0,360.0,100.0,0.0,0.0,0.0,0.0,0.0,0.0,0.0,0.0,0.0,0.0,0.0,0.0,0.0,0.0,51199.46875,0.0,0.0,0.0
mix,cu66,66Cu,29,37,66,29066,305.4,0.5399999999999999,0.5399999999999999,100.0,0.0,0.0,0.0,0.0,0.0,0.0,0.0,0.0,0.0,0.0,0.0,0.0,0.0,0.0,157.7816,0.0,0.0,0.0
mix,cu64,64Cu,29,35,64,29064,45722.52,4.68,4.68,38.5,0.3,0.3,0.0,0.0,0.0,0.0,0.0,0.0,0.0,0.0,0.0,0.0,0.0,0.0,105883.00781,0.0,0.0,0.0
mix,cl45,45Cl,17,28,45,17045,0.41300000000000003,0.025,0.025,100.0,0.0,0.0,0.0,0.0,0.0,24.0,4.0,4.0,0.0,0.0,0.0,0.0,0.0,0.0,0.4577,0.21,0.0,0.0
mix,cl46,46Cl,17,29,46,17046,0.232,0.002,0.002,100.0,0.0,0.0,0.0,0.0,0.0,60.0,9.0,9.0,0.0,0.0,0.0,0.0,0.0,0.0,0.19936,0.19,0.0,0.0
mix,la140,140La,57,83,140,57140,145022.4,10.8,10.8,100.0,0.0,0.0,0.0,0.0,0.0,0.0,0.0,0.0,0.0,0.0,0.0,0.0,0.0,0.0,455.55521,0.0,0.0,0.0
mix,la141,141La,57,84,141,57141,14148.0,108.0,108.0,100.0,0.0,0.0,0.0,0.0,0.0,0.0,0.0,0.0,0.0,0.0,0.0,0.0,0.0,0.0,784.02155,0.0,0.0,0.0
mix,la142,142La,57,85,142,57142,5508.0,30.0,30.0,100.0,0.0,0.0,0.0,0.0,0.0,0.0,0.0,0.0,0.0,0.0,0.0,0.0,0.0,0.0,62.87472,0.0,0.0,0.0
mix,cl41,41Cl,17,24,41,17041,38.4,0.8,0.8,100.0,0.0,0.0,0.0,0.0,0.0,0.0,0.0,0.0,0.0,0.0,0.0,0.0,0.0,0.0,10.5862,0.0,0.0,0.0
mix,cl42,42Cl,17,25,42,17042,6.8,0.3,0.3,100.0,0.0,0.0,0.0,0.0,0.0,0.0,0.0,0.0,0.0,0.0,0.0,0.0,0.0,0.0,2.85341,0.0,0.0,0.0
mix,cl43,43Cl,17,26,43,17043,3.13,0.09,0.09,100.0,0.0,0.0,0.0,0.0,0.0,0.0,0.0,0.0,0.0,0.0,0.0,0.0,0.0,0.0,3.28389,0.02,0.0,0.0
mix,cl44,44Cl,17,27,44,17044,0.542,0.108,0.108,100.0,0.0,0.0,0.0,0.0,0.0,0.0,0.0,0.0,0.0,0.0,0.0,0.0,0.0,0.0,0.75156,0.03,0.0,0.0
nubase,la138,138La,57,81,138,57138,3.24360101671515e+18,3.50718973582026e+16,3.50718973582026e+16,34.5,0.4,0.4,0.0,0.0,0.0,0.0,0.0,0.0,0.0,0.0,0.0,0.0,0.0,0.0,-9999.0,-9999.0,-9999.0,-9999.0
mix,cl38,38Cl,17,21,38,17038,2234.16,0.72,0.72,100.0,0.0,0.0,0.0,0.0,0.0,0.0,0.0,0.0,0.0,0.0,0.0,0.0,0.0,0.0,1525.08777,0.0,0.0,0.0
mix,cl39,39Cl,17,22,39,17039,3372.0,36.0,36.0,100.0,0.0,0.0,0.0,0.0,0.0,0.0,0.0,0.0,0.0,0.0,0.0,0.0,0.0,0.0,617.05371,0.0,0.0,0.0
mix,cl40,40Cl,17,23,40,17040,79.80000000000001,1.7999999999999998,1.7999999999999998,100.0,0.0,0.0,0.0,0.0,0.0,0.0,0.0,0.0,0.0,0.0,0.0,0.0,0.0,0.0,15.46006,0.0,0.0,0.0
mix,la143,143La,57,86,143,57143,845.4,4.2,4.2,100.0,0.0,0.0,0.0,0.0,0.0,0.0,0.0,0.0,0.0,0.0,0.0,0.0,0.0,0.0,5.9107,0.0,0.0,0.0
mix,la144,144La,57,87,144,57144,40.8,0.4,0.4,100.0,0.0,0.0,0.0,0.0,0.0,0.0,0.0,0.0,0.0,0.0,0.0,0.0,0.0,0.0,1.84725,0.0,0.0,0.0
mix,la145,145La,57,88,145,57145,24.8,2.0,2.0,100.0,0.0,0.0,0.0,0.0,0.0,0.0,0.0,0.0,0.0,0.0,0.0,0.0,0.0,0.0,1.94896,0.0,0.0,0.0
mix,la146,146La,57,89,146,57146,6.1,0.3,0.3,100.0,0.0,0.0,0.0,0.0,0.0,0.0,0.0,0.0,0.0,0.0,0.0,0.0,0.0,0.0,1.13642,0.0,0.0,0.0
mix,la150,150La,57,93,150,57150,0.51,0.022,0.01,100.0,0.0,0.0,0.0,0.0,0.0,2.69,0.34,0.34,0.0,0.0,0.0,0.0,0.0,0.0,0.49675,0.01,0.0,0.0
mix,la151,151La,57,94,151,57151,0.457,0.018,0.03,100.0,0.0,0.0,0.0,0.0,0.0,0.0,0.0,0.0,0.0,0.0,0.0,0.0,0.0,0.0,0.73098,0.18,0.0,0.0
mix,la152,152La,57,95,152,57152,0.298,0.023,0.006,100.0,0.0,0.0,0.0,0.0,0.0,0.0,0.0,0.0,0.0,0.0,0.0,0.0,0.0,0.0,0.49364,0.25,0.0,0.0
mix,la153,153La,57,96,153,57153,0.244,0.018000000000000002,0.018000000000000002,100.0,0.0,0.0,0.0,0.0,0.0,0.0,0.0,0.0,0.0,0.0,0.0,0.0,0.0,0.0,0.31206,0.44,0.0,0.0
mix,la147,147La,57,90,147,57147,4.024,0.011,0.011,100.0,0.0,0.0,0.0,0.0,0.0,0.043,0.004,0.004,0.0,0.0,0.0,0.0,0.0,0.0,0.85087,0.0,0.0,0.0
mix,la148,148La,57,91,148,57148,1.411,0.028,0.028,100.0,0.0,0.0,0.0,0.0,0.0,0.192,0.049,0.048,0.0,0.0,0.0,0.0,0.0,0.0,4.39957,0.01,0.0,0.0
mix,la149,149La,57,92,149,57149,1.085,0.026,0.026,100.0,0.0,0.0,0.0,0.0,0.0,1.41,0.33,0.33,0.0,0.0,0.0,0.0,0.0,0.0,1.74388,0.03,0.0,0.0
mix,la154,154La,57,97,154,57154,0.163,0.015,0.015,100.0,0.0,0.0,0.0,0.0,0.0,0.0,0.0,0.0,0.0,0.0,0.0,0.0,0.0,0.0,0.09211,0.2,0.0,0.0
mix,la155,155La,57,98,155,57155,0.1,0.025,0.025,100.0,0.0,0.0,0.0,0.0,0.0,0.0,0.0,0.0,0.0,0.0,0.0,0.0,0.0,0.0,0.13039,0.57,0.0,0.0
mix,la156,156La,57,99,156,57156,0.084,0.078,0.078,100.0,0.0,0.0,0.0,0.0,0.0,0.0,0.0,0.0,0.0,0.0,0.0,0.0,0.0,0.0,0.0919,0.61,0.0,0.0
mix,cl47,47Cl,17,30,47,17047,0.101,0.006,0.006,100.0,0.0,0.0,0.0,0.0,0.0,0.0,0.0,0.0,0.0,0.0,0.0,0.0,0.0,0.0,0.05959,0.76,0.01,0.0
nubase,tm155,155Tm,69,86,155,69155,21.6,0.2,0.2,0.0,0.0,0.0,0.83,0.17,0.17,0.0,0.0,0.0,0.0,0.0,0.0,0.0,0.0,0.0,-9999.0,-9999.0,-9999.0,-9999.0
nubase,tm154,154Tm,69,85,154,69154,8.1,0.3,0.3,0.0,0.0,0.0,54.0,5.0,5.0,0.0,0.0,0.0,0.0,0.0,0.0,0.0,0.0,0.0,-9999.0,-9999.0,-9999.0,-9999.0
nubase,tm153,153Tm,69,84,153,69153,1.48,0.01,0.01,0.0,0.0,0.0,91.0,3.0,3.0,0.0,0.0,0.0,0.0,0.0,0.0,0.0,0.0,0.0,-9999.0,-9999.0,-9999.0,-9999.0
nubase,tm157,157Tm,69,88,157,69157,217.79999999999998,5.3999999999999995,5.3999999999999995,0.0,0.0,0.0,0.00075,0.00025,0.00025,0.0,0.0,0.0,0.0,0.0,0.0,0.0,0.0,0.0,-9999.0,-9999.0,-9999.0,-9999.0
nubase,tm156,156Tm,69,87,156,69156,83.0,2.0,2.0,0.0,0.0,0.0,0.064,0.01,0.01,0.0,0.0,0.0,0.0,0.0,0.0,0.0,0.0,0.0,-9999.0,-9999.0,-9999.0,-9999.0
mix,cl36,36Cl,17,19,36,17036,9508101803800.0,47335389000.0,47335389000.0,98.1,0.1,0.1,0.0,0.0,0.0,0.0,0.0,0.0,0.0,0.0,0.0,0.0,0.0,0.0,46220.51172,0.0,0.0,0.0
nubase,yb156,156Yb,70,86,156,70156,25.0,1.1,1.1,0.0,0.0,0.0,10.0,4.0,4.0,0.0,0.0,0.0,0.0,0.0,0.0,0.0,0.0,0.0,-9999.0,-9999.0,-9999.0,-9999.0
nubase,yb155,155Yb,70,85,155,70155,1.79,0.02,0.02,0.0,0.0,0.0,89.0,4.0,4.0,0.0,0.0,0.0,0.0,0.0,0.0,0.0,0.0,0.0,-9999.0,-9999.0,-9999.0,-9999.0
nubase,yb158,158Yb,70,88,158,70158,89.4,7.800000000000001,7.800000000000001,0.0,0.0,0.0,0.0021,0.0012,0.0012,0.0,0.0,0.0,0.0,0.0,0.0,0.0,0.0,0.0,-9999.0,-9999.0,-9999.0,-9999.0
nubase,yb154,154Yb,70,84,154,70154,0.40900000000000003,0.002,0.002,0.0,0.0,0.0,92.6,1.2,1.2,0.0,0.0,0.0,0.0,0.0,0.0,0.0,0.0,0.0,-9999.0,-9999.0,-9999.0,-9999.0
nubase,tm168,168Tm,69,99,168,69168,8043839.999999999,17280.0,17280.0,0.01,0.007,0.007,0.0,0.0,0.0,0.0,0.0,0.0,0.0,0.0,0.0,0.0,0.0,0.0,-9999.0,-9999.0,-9999.0,-9999.0
mix,sc50,50Sc,21,29,50,21050,102.5,0.5,0.5,100.0,0.0,0.0,0.0,0.0,0.0,0.0,0.0,0.0,0.0,0.0,0.0,0.0,0.0,0.0,44.70219,0.0,0.0,0.0
mix,sc49,49Sc,21,28,49,21049,3432.0,9.0,9.0,100.0,0.0,0.0,0.0,0.0,0.0,0.0,0.0,0.0,0.0,0.0,0.0,0.0,0.0,0.0,397.46014,0.0,0.0,0.0
mix,sc48,48Sc,21,27,48,21048,157356.0,288.0,288.0,100.0,0.0,0.0,0.0,0.0,0.0,0.0,0.0,0.0,0.0,0.0,0.0,0.0,0.0,0.0,1328.07935,0.0,0.0,0.0
mix,sc47,47Sc,21,26,47,21047,289362.24,51.839999999999996,51.839999999999996,100.0,0.0,0.0,0.0,0.0,0.0,0.0,0.0,0.0,0.0,0.0,0.0,0.0,0.0,0.0,28747.08594,0.0,0.0,0.0
mix,sc46,46Sc,21,25,46,21046,7241011.2,2505.6,2505.6,100.0,0.0,0.0,0.0,0.0,0.0,0.0,0.0,0.0,0.0,0.0,0.0,0.0,0.0,0.0,180182.1875,0.0,0.0,0.0
mix,sc58,58Sc,21,37,58,21058,0.012,0.005,0.005,100.0,0.0,0.0,0.0,0.0,0.0,0.0,0.0,0.0,0.0,0.0,0.0,0.0,0.0,0.0,0.0067,0.17,0.01,0.0
mix,sc57,57Sc,21,36,57,21057,0.02,0.004,0.004,100.0,0.0,0.0,0.0,0.0,0.0,0.0,0.0,0.0,0.0,0.0,0.0,0.0,0.0,0.0,0.01454,0.31,0.0,0.0
mix,sc56,56Sc,21,35,56,21056,0.026000000000000002,0.006,0.006,100.0,0.0,0.0,0.0,0.0,0.0,0.0,0.0,0.0,0.0,0.0,0.0,0.0,0.0,0.0,0.01618,0.1,0.0,0.0
mix,sc55,55Sc,21,34,55,21055,0.092,0.004,0.004,100.0,0.0,0.0,0.0,0.0,0.0,17.0,7.0,7.0,0.0,0.0,0.0,0.0,0.0,0.0,0.02739,0.15,0.0,0.0
mix,sc54,54Sc,21,33,54,21054,0.526,0.015,0.015,100.0,0.0,0.0,0.0,0.0,0.0,16.0,9.0,9.0,0.0,0.0,0.0,0.0,0.0,0.0,0.0388,0.01,0.0,0.0
mix,sc53,53Sc,21,32,53,21053,2.4,0.6,0.6,100.0,0.0,0.0,0.0,0.0,0.0,0.0,0.0,0.0,0.0,0.0,0.0,0.0,0.0,0.0,0.13286,0.0,0.0,0.0
mix,sc52,52Sc,21,31,52,21052,8.2,0.2,0.2,100.0,0.0,0.0,0.0,0.0,0.0,0.0,0.0,0.0,0.0,0.0,0.0,0.0,0.0,0.0,3.23104,0.0,0.0,0.0
mix,sc51,51Sc,21,30,51,21051,12.5,0.1,0.1,100.0,0.0,0.0,0.0,0.0,0.0,0.0,0.0,0.0,0.0,0.0,0.0,0.0,0.0,0.0,2.94903,0.0,0.0,0.0
nubase,hg183,183Hg,80,103,183,80183,8.9,0.2,0.2,0.0,0.0,0.0,23.6,0.6,0.6,0.0,0.0,0.0,0.0,0.0,0.0,0.0,0.0,0.0,-9999.0,-9999.0,-9999.0,-9999.0
nubase,hg184,184Hg,80,104,184,80184,30.9,0.3,0.3,0.0,0.0,0.0,1.11,0.06,0.06,0.0,0.0,0.0,0.0,0.0,0.0,0.0,0.0,0.0,-9999.0,-9999.0,-9999.0,-9999.0
nubase,hg185,185Hg,80,105,185,80185,48.2,1.5,1.5,0.0,0.0,0.0,6.0,1.0,1.0,0.0,0.0,0.0,0.0,0.0,0.0,0.0,0.0,0.0,-9999.0,-9999.0,-9999.0,-9999.0
nubase,hg186,186Hg,80,106,186,80186,82.8,3.5999999999999996,3.5999999999999996,0.0,0.0,0.0,0.016,0.005,0.005,0.0,0.0,0.0,0.0,0.0,0.0,0.0,0.0,0.0,-9999.0,-9999.0,-9999.0,-9999.0
nubase,hg188,188Hg,80,108,188,80188,195.0,9.0,9.0,0.0,0.0,0.0,3.7e-05,8e-06,8e-06,0.0,0.0,0.0,0.0,0.0,0.0,0.0,0.0,0.0,-9999.0,-9999.0,-9999.0,-9999.0
nubase,cm236,236Cm,96,140,236,96236,408.0,48.0,48.0,0.0,0.0,0.0,18.0,2.0,2.0,0.0,0.0,0.0,0.0,0.0,0.0,0.0,0.0,0.0,-9999.0,-9999.0,-9999.0,-9999.0
mix,rh116,116Rh,45,71,116,45116,0.685,0.038,0.038,100.0,0.0,0.0,0.0,0.0,0.0,0.0,0.0,0.0,0.0,0.0,0.0,0.0,0.0,0.0,0.26162,0.0,0.0,0.0
mix,rh115,115Rh,45,70,115,45115,0.99,0.05,0.05,100.0,0.0,0.0,0.0,0.0,0.0,0.0,0.0,0.0,0.0,0.0,0.0,0.0,0.0,0.0,0.54143,0.0,0.0,0.0
mix,rh118,118Rh,45,73,118,45118,0.28600000000000003,0.008,0.008,100.0,0.0,0.0,0.0,0.0,0.0,2.4,0.8,0.8,0.0,0.0,0.0,0.0,0.0,0.0,0.09017,0.02,0.0,0.0
mix,rh117,117Rh,45,72,117,45117,0.421,0.03,0.03,100.0,0.0,0.0,0.0,0.0,0.0,0.0,0.0,0.0,0.0,0.0,0.0,0.0,0.0,0.0,0.22721,0.01,0.0,0.0
nubase,cm234,234Cm,96,138,234,96234,50.0,8.0,9.0,0.0,0.0,0.0,27.0,0.0,0.0,0.0,0.0,0.0,0.0,0.0,0.0,0.0,0.0,0.0,-9999.0,-9999.0,-9999.0,-9999.0
nubase,cm233,233Cm,96,137,233,96233,23.0,6.0,13.0,0.0,0.0,0.0,20.0,10.0,10.0,0.0,0.0,0.0,0.0,0.0,0.0,0.0,0.0,0.0,-9999.0,-9999.0,-9999.0,-9999.0
mix,rh124,124Rh,45,79,124,45124,0.032,0.002,0.002,100.0,0.0,0.0,0.0,0.0,0.0,28.0,5.0,5.0,0.0,0.0,0.0,0.0,0.0,0.0,0.03285,0.19,0.0,0.0
mix,rh123,123Rh,45,78,123,45123,0.0422,0.0016,0.0016,100.0,0.0,0.0,0.0,0.0,0.0,24.2,1.4,1.4,0.0,0.0,0.0,0.0,0.0,0.0,0.16229,0.7,0.0,0.0
nubase,cm235,235Cm,96,139,235,96235,300.0,10.0,25.0,0.0,0.0,0.0,1.0,0.5,0.7,0.0,0.0,0.0,0.0,0.0,0.0,0.0,0.0,0.0,-9999.0,-9999.0,-9999.0,-9999.0
mix,rh120,120Rh,45,75,120,45120,0.133,0.004,0.004,100.0,0.0,0.0,0.0,0.0,0.0,7.2,1.6,1.6,0.0,0.0,0.0,0.0,0.0,0.0,0.08495,0.05,0.0,0.0
mix,rh119,119Rh,45,74,119,45119,0.189,0.005,0.005,100.0,0.0,0.0,0.0,0.0,0.0,4.1,1.3,1.3,0.0,0.0,0.0,0.0,0.0,0.0,0.106,0.06,0.0,0.0
mix,rh122,122Rh,45,77,122,45122,0.0523,0.0015,0.0015,100.0,0.0,0.0,0.0,0.0,0.0,11.3,0.7,0.7,0.0,0.0,0.0,0.0,0.0,0.0,0.04487,0.1,0.0,0.0
mix,rh121,121Rh,45,76,121,45121,0.073,0.002,0.002,100.0,0.0,0.0,0.0,0.0,0.0,13.4,0.8,0.8,0.0,0.0,0.0,0.0,0.0,0.0,0.06295,0.1,0.0,0.0
nubase,cm246,246Cm,96,150,246,96246,150116296982.0,1041378558.0,1041378558.0,0.0,0.0,0.0,99.97385,7e-05,7e-05,0.0,0.0,0.0,0.0,0.0,0.0,0.0,0.0,0.0,-9999.0,-9999.0,-9999.0,-9999.0
nubase,cm248,248Cm,96,152,248,96248,10996673560146.0,189657125260.0,189657125260.0,0.0,0.0,0.0,91.61,0.16,0.16,0.0,0.0,0.0,0.0,0.0,0.0,0.0,0.0,0.0,-9999.0,-9999.0,-9999.0,-9999.0
nubase,cm247,247Cm,96,151,247,96247,492288045600000.0,15778463000000.0,15778463000000.0,0.0,0.0,0.0,100.0,0.0,0.0,0.0,0.0,0.0,0.0,0.0,0.0,0.0,0.0,0.0,-9999.0,-9999.0,-9999.0,-9999.0
mix,rh105,105Rh,45,60,105,45105,127227.6,79.19999999999999,79.19999999999999,100.0,0.0,0.0,0.0,0.0,0.0,0.0,0.0,0.0,0.0,0.0,0.0,0.0,0.0,0.0,1315153.875,0.0,0.0,0.0
nubase,cm239,239Cm,96,143,239,96239,9000.0,1440.0,1440.0,0.0,0.0,0.0,0.001,0.0,0.0,0.0,0.0,0.0,0.0,0.0,0.0,0.0,0.0,0.0,-9999.0,-9999.0,-9999.0,-9999.0
nubase,cm238,238Cm,96,142,238,96238,7920.000000000001,1440.0,1440.0,0.0,0.0,0.0,3.84,0.18,0.18,0.0,0.0,0.0,0.0,0.0,0.0,0.0,0.0,0.0,-9999.0,-9999.0,-9999.0,-9999.0
mix,rh107,107Rh,45,62,107,45107,1302.0,42.0,42.0,100.0,0.0,0.0,0.0,0.0,0.0,0.0,0.0,0.0,0.0,0.0,0.0,0.0,0.0,0.0,12322.27637,0.0,0.0,0.0
nubase,cm241,241Cm,96,145,241,96241,2833919.9999999995,17280.0,17280.0,0.0,0.0,0.0,1.0,0.1,0.1,0.0,0.0,0.0,0.0,0.0,0.0,0.0,0.0,0.0,-9999.0,-9999.0,-9999.0,-9999.0
mix,rh106,106Rh,45,61,106,45106,30.07,0.35,0.35,100.0,0.0,0.0,0.0,0.0,0.0,0.0,0.0,0.0,0.0,0.0,0.0,0.0,0.0,0.0,511.14828,0.0,0.0,0.0
nubase,cm240,240Cm,96,144,240,96240,2626560.0,319680.0,319680.0,0.0,0.0,0.0,99.5,0.0,0.0,0.0,0.0,0.0,0.0,0.0,0.0,0.0,0.0,0.0,-9999.0,-9999.0,-9999.0,-9999.0
nubase,cm243,243Cm,96,147,243,96243,920831100.68,3786831.1199999996,3786831.1199999996,0.0,0.0,0.0,99.71,0.03,0.03,0.0,0.0,0.0,0.0,0.0,0.0,0.0,0.0,0.0,-9999.0,-9999.0,-9999.0,-9999.0
nubase,cm242,242Cm,96,146,242,96242,14072832.0,5184.0,5184.0,0.0,0.0,0.0,100.0,0.0,0.0,0.0,0.0,0.0,0.0,0.0,0.0,0.0,0.0,0.0,-9999.0,-9999.0,-9999.0,-9999.0
mix,hg203,203Hg,80,123,203,80203,4027276.8000000003,950.4,950.4,100.0,0.0,0.0,0.0,0.0,0.0,0.0,0.0,0.0,0.0,0.0,0.0,0.0,0.0,0.0,765779.4375,0.0,0.0,0.0
nubase,cm245,245Cm,96,149,245,96245,260186854870.0,2208984820.0,2208984820.0,0.0,0.0,0.0,100.0,0.0,0.0,0.0,0.0,0.0,0.0,0.0,0.0,0.0,0.0,0.0,-9999.0,-9999.0,-9999.0,-9999.0
nubase,cm244,244Cm,96,148,244,96244,571559043.7119999,788923.15,788923.15,0.0,0.0,0.0,100.0,0.0,0.0,0.0,0.0,0.0,0.0,0.0,0.0,0.0,0.0,0.0,-9999.0,-9999.0,-9999.0,-9999.0
mix,rh113,113Rh,45,68,113,45113,2.8,0.12,0.12,100.0,0.0,0.0,0.0,0.0,0.0,0.0,0.0,0.0,0.0,0.0,0.0,0.0,0.0,0.0,1.09499,0.0,0.0,0.0
mix,rh112,112Rh,45,67,112,45112,3.5,0.4,0.4,100.0,0.0,0.0,0.0,0.0,0.0,0.0,0.0,0.0,0.0,0.0,0.0,0.0,0.0,0.0,1.73661,0.0,0.0,0.0
mix,rh114,114Rh,45,69,114,45114,1.82,0.05,0.05,100.0,0.0,0.0,0.0,0.0,0.0,0.0,0.0,0.0,0.0,0.0,0.0,0.0,0.0,0.0,0.60144,0.0,0.0,0.0
mix,rh109,109Rh,45,64,109,45109,80.8,0.6,0.6,100.0,0.0,0.0,0.0,0.0,0.0,0.0,0.0,0.0,0.0,0.0,0.0,0.0,0.0,0.0,14.73582,0.0,0.0,0.0
mix,rh108,108Rh,45,63,108,45108,17.0,0.4,0.4,100.0,0.0,0.0,0.0,0.0,0.0,0.0,0.0,0.0,0.0,0.0,0.0,0.0,0.0,0.0,30.6111,0.0,0.0,0.0
mix,rh111,111Rh,45,66,111,45111,11.0,1.0,1.0,100.0,0.0,0.0,0.0,0.0,0.0,0.0,0.0,0.0,0.0,0.0,0.0,0.0,0.0,0.0,4.08856,0.0,0.0,0.0
mix,rh110,110Rh,45,65,110,45110,3.3,0.1,0.1,100.0,0.0,0.0,0.0,0.0,0.0,0.0,0.0,0.0,0.0,0.0,0.0,0.0,0.0,0.0,1.85603,0.0,0.0,0.0
mix,er175,175Er,68,107,175,68175,72.0,18.0,18.0,100.0,0.0,0.0,0.0,0.0,0.0,0.0,0.0,0.0,0.0,0.0,0.0,0.0,0.0,0.0,79.94656,0.0,0.0,0.0
mix,er174,174Er,68,106,174,68174,192.0,12.0,12.0,100.0,0.0,0.0,0.0,0.0,0.0,0.0,0.0,0.0,0.0,0.0,0.0,0.0,0.0,0.0,326.9346,0.0,0.0,0.0
mix,er173,173Er,68,105,173,68173,84.0,6.0,6.0,100.0,0.0,0.0,0.0,0.0,0.0,0.0,0.0,0.0,0.0,0.0,0.0,0.0,0.0,0.0,13.68417,0.0,0.0,0.0
mix,er172,172Er,68,104,172,68172,177480.0,1080.0,1080.0,100.0,0.0,0.0,0.0,0.0,0.0,0.0,0.0,0.0,0.0,0.0,0.0,0.0,0.0,0.0,7059.23779,0.0,0.0,0.0
mix,er171,171Er,68,103,171,68171,27057.6,7.2,7.2,100.0,0.0,0.0,0.0,0.0,0.0,0.0,0.0,0.0,0.0,0.0,0.0,0.0,0.0,0.0,1223.46448,0.0,0.0,0.0
mix,er169,169Er,68,101,169,68169,811296.0,1728.0,1728.0,100.0,0.0,0.0,0.0,0.0,0.0,0.0,0.0,0.0,0.0,0.0,0.0,0.0,0.0,0.0,3494998.0,0.0,0.0,0.0
nubase,rh102,102Rh,45,57,102,45102,17910720.0,103680.0,103680.0,22.0,5.0,5.0,0.0,0.0,0.0,0.0,0.0,0.0,0.0,0.0,0.0,0.0,0.0,0.0,-9999.0,-9999.0,-9999.0,-9999.0
mix,rh104,104Rh,45,59,104,45104,42.3,0.4,0.4,99.55,0.1,0.1,0.0,0.0,0.0,0.0,0.0,0.0,0.0,0.0,0.0,0.0,0.0,0.0,4242.98926,0.0,0.0,0.0
nubase,hg180,180Hg,80,100,180,80180,2.58,0.01,0.01,0.0,0.0,0.0,48.0,2.0,2.0,0.0,0.0,0.0,0.0,0.0,0.0,0.0,0.0,0.0,-9999.0,-9999.0,-9999.0,-9999.0
nubase,hg181,181Hg,80,101,181,80181,3.6,0.1,0.1,0.0,0.0,0.0,24.0,2.0,2.0,0.0,0.0,0.0,0.0,0.0,0.0,0.0,0.0,0.0,-9999.0,-9999.0,-9999.0,-9999.0
nubase,hg182,182Hg,80,102,182,80182,10.88,0.08,0.08,0.0,0.0,0.0,13.8,0.9,0.9,0.0,0.0,0.0,0.0,0.0,0.0,0.0,0.0,0.0,-9999.0,-9999.0,-9999.0,-9999.0
mix,as83,83As,33,50,83,33083,14.1,1.1,1.1,100.0,0.0,0.0,0.0,0.0,0.0,0.0,0.0,0.0,0.0,0.0,0.0,0.0,0.0,0.0,30.10025,0.0,0.0,0.0
mix,as88,88As,33,55,88,33088,0.2,0.09,0.2,100.0,0.0,0.0,0.0,0.0,0.0,0.0,0.0,0.0,0.0,0.0,0.0,0.0,0.0,0.0,0.07881,0.28,0.0,0.0
mix,as86,86As,33,53,86,33086,0.9440000000000001,0.008,0.008,100.0,0.0,0.0,0.0,0.0,0.0,35.5,0.6,0.6,0.0,0.0,0.0,0.0,0.0,0.0,0.2546,0.11,0.0,0.0
mix,as87,87As,33,54,87,33087,0.484,0.026000000000000002,0.026000000000000002,100.0,0.0,0.0,0.0,0.0,0.0,15.4,2.2,2.2,0.0,0.0,0.0,0.0,0.0,0.0,0.13416,0.4,0.0,0.0
mix,as84,84As,33,51,84,33084,3.16,0.58,0.58,100.0,0.0,0.0,0.0,0.0,0.0,0.28,0.04,0.04,0.0,0.0,0.0,0.0,0.0,0.0,1.17447,0.0,0.0,0.0
mix,as85,85As,33,52,85,33085,2.023,0.007,0.007,100.0,0.0,0.0,0.0,0.0,0.0,62.2,1.6,1.6,0.0,0.0,0.0,0.0,0.0,0.0,0.81502,0.15,0.0,0.0
nubase,n22,22N,7,15,22,7022,0.0209,0.0021000000000000003,0.0021000000000000003,100.0,0.0,0.0,0.0,0.0,0.0,34.0,2.0,2.0,12.0,3.0,3.0,0.0,0.0,0.0,-9999.0,-9999.0,-9999.0,-9999.0
nubase,n21,21N,7,14,21,7021,0.0853,0.0045000000000000005,0.0045000000000000005,100.0,0.0,0.0,0.0,0.0,0.0,86.5,3.7,3.7,0.0,0.0,0.0,0.0,0.0,0.0,-9999.0,-9999.0,-9999.0,-9999.0
nubase,n23,23N,7,16,23,7023,0.0141,0.0015,0.0012,100.0,0.0,0.0,0.0,0.0,0.0,42.0,6.0,6.0,8.0,4.0,4.0,0.0,0.0,0.0,-9999.0,-9999.0,-9999.0,-9999.0
mix,as79,79As,33,46,79,33079,540.6,9.0,9.0,100.0,0.0,0.0,0.0,0.0,0.0,0.0,0.0,0.0,0.0,0.0,0.0,0.0,0.0,0.0,737.45575,0.0,0.0,0.0
mix,as80,80As,33,47,80,33080,15.2,0.2,0.2,100.0,0.0,0.0,0.0,0.0,0.0,0.0,0.0,0.0,0.0,0.0,0.0,0.0,0.0,0.0,79.48928,0.0,0.0,0.0
mix,as77,77As,33,44,77,33077,139644.0,144.0,144.0,100.0,0.0,0.0,0.0,0.0,0.0,0.0,0.0,0.0,0.0,0.0,0.0,0.0,0.0,0.0,89179.0,0.0,0.0,0.0
mix,as78,78As,33,45,78,33078,5442.0,12.0,12.0,100.0,0.0,0.0,0.0,0.0,0.0,0.0,0.0,0.0,0.0,0.0,0.0,0.0,0.0,0.0,648.46497,0.0,0.0,0.0
nubase,n18,18N,7,11,18,7018,0.619,0.002,0.002,100.0,0.0,0.0,0.0,0.0,0.0,8.3,1.3,1.3,0.0,0.0,0.0,0.0,0.0,0.0,-9999.0,-9999.0,-9999.0,-9999.0
nubase,n17,17N,7,10,17,7017,4.171,0.003,0.003,100.0,0.0,0.0,0.0,0.0,0.0,95.1,0.7,0.7,0.0,0.0,0.0,0.0,0.0,0.0,-9999.0,-9999.0,-9999.0,-9999.0
mix,as76,76As,33,43,76,33076,94464.0,324.0,324.0,100.0,0.0,0.0,0.0,0.0,0.0,0.0,0.0,0.0,0.0,0.0,0.0,0.0,0.0,0.0,10924.73438,0.0,0.0,0.0
nubase,n20,20N,7,13,20,7020,0.136,0.003,0.003,100.0,0.0,0.0,0.0,0.0,0.0,42.9,1.4,1.4,0.0,0.0,0.0,0.0,0.0,0.0,-9999.0,-9999.0,-9999.0,-9999.0
nubase,n19,19N,7,12,19,7019,0.336,0.003,0.003,100.0,0.0,0.0,0.0,0.0,0.0,41.8,0.9,0.9,0.0,0.0,0.0,0.0,0.0,0.0,-9999.0,-9999.0,-9999.0,-9999.0
nubase,as74,74As,33,41,74,33074,1536192.0,3456.0,3456.0,34.0,2.0,2.0,0.0,0.0,0.0,0.0,0.0,0.0,0.0,0.0,0.0,0.0,0.0,0.0,-9999.0,-9999.0,-9999.0,-9999.0
mix,as81,81As,33,48,81,33081,33.3,0.8,0.8,100.0,0.0,0.0,0.0,0.0,0.0,0.0,0.0,0.0,0.0,0.0,0.0,0.0,0.0,0.0,136.60023,0.0,0.0,0.0
mix,as82,82As,33,49,82,33082,19.1,0.5,0.5,100.0,0.0,0.0,0.0,0.0,0.0,0.0,0.0,0.0,0.0,0.0,0.0,0.0,0.0,0.0,16.37371,0.0,0.0,0.0
mix,hg205,205Hg,80,125,205,80205,306.0,6.0,6.0,100.0,0.0,0.0,0.0,0.0,0.0,0.0,0.0,0.0,0.0,0.0,0.0,0.0,0.0,0.0,6700.80664,0.0,0.0,0.0
mix,hg206,206Hg,80,126,206,80206,499.20000000000005,7.199999999999999,7.199999999999999,100.0,0.0,0.0,0.0,0.0,0.0,0.0,0.0,0.0,0.0,0.0,0.0,0.0,0.0,0.0,3725.34033,0.0,0.0,0.0
mix,hg207,207Hg,80,127,207,80207,174.0,12.0,12.0,100.0,0.0,0.0,0.0,0.0,0.0,0.0,0.0,0.0,0.0,0.0,0.0,0.0,0.0,0.0,39.20451,0.0,0.0,0.0
mix,hg208,208Hg,80,128,208,80208,135.0,10.0,10.0,100.0,0.0,0.0,0.0,0.0,0.0,0.0,0.0,0.0,0.0,0.0,0.0,0.0,0.0,0.0,49.4538,0.0,0.0,0.0
mix,hg209,209Hg,80,129,209,80209,6.3,1.1,1.1,100.0,0.0,0.0,0.0,0.0,0.0,0.0,0.0,0.0,0.0,0.0,0.0,0.0,0.0,0.0,30.5724,0.0,0.0,0.0
mix,cm249,249Cm,96,153,249,96249,3849.0000000000005,1.7999999999999998,1.7999999999999998,100.0,0.0,0.0,0.0,0.0,0.0,0.0,0.0,0.0,0.0,0.0,0.0,0.0,0.0,0.0,3040.76465,0.0,0.0,0.0
mix,hg210,210Hg,80,130,210,80210,63.7,11.6,11.6,100.0,0.0,0.0,0.0,0.0,0.0,2.2,2.2,2.2,0.0,0.0,0.0,0.0,0.0,0.0,44.33275,0.0,0.0,0.0
mix,hg211,211Hg,80,131,211,80211,26.4,8.1,8.1,100.0,0.0,0.0,0.0,0.0,0.0,6.3,6.3,6.3,0.0,0.0,0.0,0.0,0.0,0.0,17.79218,0.0,0.0,0.0
mix,cm251,251Cm,96,155,251,96251,1008.0,12.0,12.0,100.0,0.0,0.0,0.0,0.0,0.0,0.0,0.0,0.0,0.0,0.0,0.0,0.0,0.0,0.0,5244.22803,0.0,0.0,0.0
mix,fe60,60Fe,26,34,60,26060,82347135701554.0,1186666645304.0,1186666645304.0,100.0,0.0,0.0,0.0,0.0,0.0,0.0,0.0,0.0,0.0,0.0,0.0,0.0,0.0,0.0,98349808.0,0.0,0.0,0.0
mix,fe59,59Fe,26,33,59,26059,3844368.0,777.5999999999999,777.5999999999999,100.0,0.0,0.0,0.0,0.0,0.0,0.0,0.0,0.0,0.0,0.0,0.0,0.0,0.0,0.0,578.67242,0.0,0.0,0.0
mix,fe62,62Fe,26,36,62,26062,68.0,2.0,2.0,100.0,0.0,0.0,0.0,0.0,0.0,0.0,0.0,0.0,0.0,0.0,0.0,0.0,0.0,0.0,654.62384,0.0,0.0,0.0
mix,fe61,61Fe,26,35,61,26061,361.8,3.0,3.0,100.0,0.0,0.0,0.0,0.0,0.0,0.0,0.0,0.0,0.0,0.0,0.0,0.0,0.0,0.0,17.59353,0.0,0.0,0.0
mix,fe64,64Fe,26,38,64,26064,2.0,0.3,0.3,100.0,0.0,0.0,0.0,0.0,0.0,0.0,0.0,0.0,0.0,0.0,0.0,0.0,0.0,0.0,3.40126,0.0,0.0,0.0
mix,fe63,63Fe,26,37,63,26063,6.1,0.6,0.6,100.0,0.0,0.0,0.0,0.0,0.0,0.0,0.0,0.0,0.0,0.0,0.0,0.0,0.0,0.0,0.69691,0.0,0.0,0.0
mix,fe65,65Fe,26,39,65,26065,0.803,0.018,0.018,100.0,0.0,0.0,0.0,0.0,0.0,0.0,0.0,0.0,0.0,0.0,0.0,0.0,0.0,0.0,0.49513,0.0,0.0,0.0
mix,fe71,71Fe,26,45,71,26071,0.034,0.007,0.007,100.0,0.0,0.0,0.0,0.0,0.0,0.0,0.0,0.0,0.0,0.0,0.0,0.0,0.0,0.0,0.06982,0.16,0.0,0.0
mix,fe70,70Fe,26,44,70,26070,0.0615,0.0009000000000000001,0.0009000000000000001,100.0,0.0,0.0,0.0,0.0,0.0,0.0,0.0,0.0,0.0,0.0,0.0,0.0,0.0,0.0,0.10607,0.09,0.0,0.0
mix,fe73,73Fe,26,47,73,26073,0.0129,0.0016,0.0016,100.0,0.0,0.0,0.0,0.0,0.0,0.0,0.0,0.0,0.0,0.0,0.0,0.0,0.0,0.0,0.04494,0.29,0.01,0.0
mix,fe72,72Fe,26,46,72,26072,0.019,0.004,0.004,100.0,0.0,0.0,0.0,0.0,0.0,0.0,0.0,0.0,0.0,0.0,0.0,0.0,0.0,0.0,0.06634,0.22,0.0,0.0
mix,fe74,74Fe,26,48,74,26074,0.008199999999999999,0.0070999999999999995,0.0026000000000000003,100.0,0.0,0.0,0.0,0.0,0.0,0.0,0.0,0.0,0.0,0.0,0.0,0.0,0.0,0.0,0.03154,0.29,0.0,0.0
mix,fe67,67Fe,26,41,67,26067,0.398,0.009000000000000001,0.009000000000000001,100.0,0.0,0.0,0.0,0.0,0.0,0.0,0.0,0.0,0.0,0.0,0.0,0.0,0.0,0.0,0.82863,0.01,0.0,0.0
mix,fe66,66Fe,26,40,66,26066,0.47200000000000003,0.033,0.033,100.0,0.0,0.0,0.0,0.0,0.0,0.0,0.0,0.0,0.0,0.0,0.0,0.0,0.0,0.0,0.77025,0.0,0.0,0.0
mix,fe69,69Fe,26,43,69,26069,0.162,0.007,0.007,100.0,0.0,0.0,0.0,0.0,0.0,0.0,0.0,0.0,0.0,0.0,0.0,0.0,0.0,0.0,0.25399,0.08,0.0,0.0
mix,fe68,68Fe,26,42,68,26068,0.186,0.004,0.004,100.0,0.0,0.0,0.0,0.0,0.0,0.0,0.0,0.0,0.0,0.0,0.0,0.0,0.0,0.0,0.3015,0.03,0.0,0.0
nubase,b12,12B,5,7,12,5012,0.02022,4e-05,4e-05,100.0,0.0,0.0,0.0,0.0,0.0,0.0,0.0,0.0,0.0,0.0,0.0,0.0,0.0,0.0,-9999.0,-9999.0,-9999.0,-9999.0
nubase,b13,13B,5,8,13,5013,0.01716,0.00017999999999999998,0.00017999999999999998,100.0,0.0,0.0,0.0,0.0,0.0,0.266,0.025,0.025,0.0,0.0,0.0,0.0,0.0,0.0,-9999.0,-9999.0,-9999.0,-9999.0
mix,fr226,226Fr,87,139,226,87226,49.0,1.0,1.0,100.0,0.0,0.0,0.0,0.0,0.0,0.0,0.0,0.0,0.0,0.0,0.0,0.0,0.0,0.0,24.18799,0.0,0.0,0.0
nubase,np222,222Np,93,129,222,93222,3.8e-07,1.1e-07,2.6e-07,0.0,0.0,0.0,100.0,0.0,0.0,0.0,0.0,0.0,0.0,0.0,0.0,0.0,0.0,0.0,-9999.0,-9999.0,-9999.0,-9999.0
nubase,b14,14B,5,9,14,5014,0.01234,0.00027,0.00027,100.0,0.0,0.0,0.0,0.0,0.0,6.04,0.23,0.23,0.0,0.0,0.0,0.0,0.0,0.0,-9999.0,-9999.0,-9999.0,-9999.0
mix,fr225,225Fr,87,138,225,87225,240.0,6.0,6.0,100.0,0.0,0.0,0.0,0.0,0.0,0.0,0.0,0.0,0.0,0.0,0.0,0.0,0.0,0.0,101.54176,0.0,0.0,0.0
mix,fr224,224Fr,87,137,224,87224,199.8,6.0,6.0,100.0,0.0,0.0,0.0,0.0,0.0,0.0,0.0,0.0,0.0,0.0,0.0,0.0,0.0,0.0,252.58119,0.0,0.0,0.0
nubase,np220,220Np,93,127,220,93220,0.025,0.007,0.014,0.0,0.0,0.0,100.0,0.0,0.0,0.0,0.0,0.0,0.0,0.0,0.0,0.0,0.0,0.0,-9999.0,-9999.0,-9999.0,-9999.0
nubase,np219,219Np,93,126,219,93219,0.15,0.07,0.72,0.0,0.0,0.0,100.0,0.0,0.0,0.0,0.0,0.0,0.0,0.0,0.0,0.0,0.0,0.0,-9999.0,-9999.0,-9999.0,-9999.0
mix,si31,31Si,14,17,31,14031,9434.400000000001,9.6,9.6,100.0,0.0,0.0,0.0,0.0,0.0,0.0,0.0,0.0,0.0,0.0,0.0,0.0,0.0,0.0,752.67749,0.0,0.0,0.0
nubase,fr219,219Fr,87,132,219,87219,0.022,0.004,0.004,0.0,0.0,0.0,100.0,0.0,0.0,0.0,0.0,0.0,0.0,0.0,0.0,0.0,0.0,0.0,-9999.0,-9999.0,-9999.0,-9999.0
nubase,fr218,218Fr,87,131,218,87218,0.0011,0.0003,0.0003,0.0,0.0,0.0,100.0,0.0,0.0,0.0,0.0,0.0,0.0,0.0,0.0,0.0,0.0,0.0,-9999.0,-9999.0,-9999.0,-9999.0
nubase,fr217,217Fr,87,130,217,87217,0.022,0.005,0.005,0.0,0.0,0.0,100.0,0.0,0.0,0.0,0.0,0.0,0.0,0.0,0.0,0.0,0.0,0.0,-9999.0,-9999.0,-9999.0,-9999.0
mix,fr223,223Fr,87,136,223,87223,1319.3999999999999,4.2,4.2,99.994,0.0,0.0,0.006,0.0,0.0,0.0,0.0,0.0,0.0,0.0,0.0,0.0,0.0,0.0,429.17871,0.0,0.0,0.0
mix,fr222,222Fr,87,135,222,87222,852.0,18.0,18.0,100.0,0.0,0.0,0.0,0.0,0.0,0.0,0.0,0.0,0.0,0.0,0.0,0.0,0.0,0.0,112.56831,0.0,0.0,0.0
mix,fr221,221Fr,87,134,221,87221,288.06,0.5399999999999999,0.5399999999999999,0.005,0.003,0.003,99.995,0.003,0.003,0.0,0.0,0.0,0.0,0.0,0.0,0.0,0.0,0.0,53557.22656,0.0,0.0,0.0
mix,fr220,220Fr,87,133,220,87220,27.4,0.3,0.3,0.35,0.05,0.05,99.65,0.05,0.05,0.0,0.0,0.0,0.0,0.0,0.0,0.0,0.0,0.0,52362.48438,0.0,0.0,0.0
nubase,np226,226Np,93,133,226,93226,0.037,0.007,0.007,0.0,0.0,0.0,100.0,0.0,0.0,0.0,0.0,0.0,0.0,0.0,0.0,0.0,0.0,0.0,-9999.0,-9999.0,-9999.0,-9999.0
nubase,np225,225Np,93,132,225,93225,0.0037,0.0021000000000000003,0.005200000000000001,0.0,0.0,0.0,100.0,0.0,0.0,0.0,0.0,0.0,0.0,0.0,0.0,0.0,0.0,0.0,-9999.0,-9999.0,-9999.0,-9999.0
mix,si32,32Si,14,18,32,14032,5153246015.8,195652941.20000002,195652941.20000002,100.0,0.0,0.0,0.0,0.0,0.0,0.0,0.0,0.0,0.0,0.0,0.0,0.0,0.0,0.0,34524680.0,0.0,0.0,0.0
nubase,np224,224Np,93,131,224,93224,0.038,0.011,0.026000000000000002,0.0,0.0,0.0,100.0,0.0,0.0,0.0,0.0,0.0,0.0,0.0,0.0,0.0,0.0,0.0,-9999.0,-9999.0,-9999.0,-9999.0
mix,si33,33Si,14,19,33,14033,6.17,0.17,0.17,100.0,0.0,0.0,0.0,0.0,0.0,0.0,0.0,0.0,0.0,0.0,0.0,0.0,0.0,0.0,1.54759,0.0,0.0,0.0
nubase,np223,223Np,93,130,223,93223,0.00215,0.0005,0.001,0.0,0.0,0.0,100.0,0.0,0.0,0.0,0.0,0.0,0.0,0.0,0.0,0.0,0.0,0.0,-9999.0,-9999.0,-9999.0,-9999.0
mix,si37,37Si,14,23,37,14037,0.14100000000000001,0.005,0.005,100.0,0.0,0.0,0.0,0.0,0.0,17.0,13.0,13.0,0.0,0.0,0.0,0.0,0.0,0.0,0.21227,0.1,0.0,0.0
nubase,fr216,216Fr,87,129,216,87216,0.0007,2e-05,2e-05,0.0,0.0,0.0,100.0,0.0,0.0,0.0,0.0,0.0,0.0,0.0,0.0,0.0,0.0,0.0,-9999.0,-9999.0,-9999.0,-9999.0
mix,si38,38Si,14,24,38,14038,0.063,0.008,0.008,100.0,0.0,0.0,0.0,0.0,0.0,25.0,10.0,10.0,0.0,0.0,0.0,0.0,0.0,0.0,0.17788,0.31,0.0,0.0
nubase,fr215,215Fr,87,128,215,87215,8.9e-08,5e-09,5e-09,0.0,0.0,0.0,100.0,0.0,0.0,0.0,0.0,0.0,0.0,0.0,0.0,0.0,0.0,0.0,-9999.0,-9999.0,-9999.0,-9999.0
mix,si35,35Si,14,21,35,14035,0.78,0.12,0.12,100.0,0.0,0.0,0.0,0.0,0.0,0.0,0.0,0.0,0.0,0.0,0.0,0.0,0.0,0.0,1.14617,0.01,0.0,0.0
nubase,fr214,214Fr,87,127,214,87214,0.0055,0.0002,0.0002,0.0,0.0,0.0,100.0,0.0,0.0,0.0,0.0,0.0,0.0,0.0,0.0,0.0,0.0,0.0,-9999.0,-9999.0,-9999.0,-9999.0
mix,si36,36Si,14,22,36,14036,0.503,0.002,0.002,100.0,0.0,0.0,0.0,0.0,0.0,12.4,4.6,4.6,0.0,0.0,0.0,0.0,0.0,0.0,2.43987,0.37,0.0,0.0
nubase,fr213,213Fr,87,126,213,87213,34.17,0.06,0.06,0.0,0.0,0.0,99.45,0.05,0.05,0.0,0.0,0.0,0.0,0.0,0.0,0.0,0.0,0.0,-9999.0,-9999.0,-9999.0,-9999.0
mix,si41,41Si,14,27,41,14041,0.02,0.0025,0.0025,100.0,0.0,0.0,0.0,0.0,0.0,0.0,0.0,0.0,0.0,0.0,0.0,0.0,0.0,0.0,0.00865,0.5,0.05,0.0
mix,si42,42Si,14,28,42,14042,0.015,0.0014,0.0014,100.0,0.0,0.0,0.0,0.0,0.0,0.0,0.0,0.0,0.0,0.0,0.0,0.0,0.0,0.0,0.03199,0.48,0.01,0.0
mix,si39,39Si,14,25,39,14039,0.038700000000000005,0.0012,0.0012,100.0,0.0,0.0,0.0,0.0,0.0,33.0,5.0,5.0,0.0,0.0,0.0,0.0,0.0,0.0,0.07631,0.37,0.01,0.0
mix,si40,40Si,14,26,40,14040,0.0303,0.0027,0.0027,100.0,0.0,0.0,0.0,0.0,0.0,38.0,5.0,5.0,0.0,0.0,0.0,0.0,0.0,0.0,0.05324,0.53,0.0,0.0
nubase,fr208,208Fr,87,121,208,87208,58.6,0.4,0.4,0.0,0.0,0.0,89.0,3.0,3.0,0.0,0.0,0.0,0.0,0.0,0.0,0.0,0.0,0.0,-9999.0,-9999.0,-9999.0,-9999.0
nubase,fr207,207Fr,87,120,207,87207,14.8,0.1,0.1,0.0,0.0,0.0,95.0,2.0,2.0,0.0,0.0,0.0,0.0,0.0,0.0,0.0,0.0,0.0,-9999.0,-9999.0,-9999.0,-9999.0
nubase,fr212,212Fr,87,125,212,87212,1218.0,36.0,36.0,0.0,0.0,0.0,43.0,2.0,2.0,0.0,0.0,0.0,0.0,0.0,0.0,0.0,0.0,0.0,-9999.0,-9999.0,-9999.0,-9999.0
mix,si34,34Si,14,20,34,14034,2.77,0.2,0.2,100.0,0.0,0.0,0.0,0.0,0.0,0.0,0.0,0.0,0.0,0.0,0.0,0.0,0.0,0.0,20.57124,0.0,0.0,0.0
nubase,fr211,211Fr,87,124,211,87211,186.0,1.2,1.2,0.0,0.0,0.0,87.0,3.0,3.0,0.0,0.0,0.0,0.0,0.0,0.0,0.0,0.0,0.0,-9999.0,-9999.0,-9999.0,-9999.0
nubase,fr210,210Fr,87,123,210,87210,190.8,3.5999999999999996,3.5999999999999996,0.0,0.0,0.0,71.0,4.0,4.0,0.0,0.0,0.0,0.0,0.0,0.0,0.0,0.0,0.0,-9999.0,-9999.0,-9999.0,-9999.0
nubase,fr209,209Fr,87,122,209,87209,50.5,0.7,0.7,0.0,0.0,0.0,89.0,3.0,3.0,0.0,0.0,0.0,0.0,0.0,0.0,0.0,0.0,0.0,-9999.0,-9999.0,-9999.0,-9999.0
nubase,si43,43Si,14,29,43,14043,0.013000000000000001,0.005,0.005,100.0,0.0,0.0,0.0,0.0,0.0,0.0,0.0,0.0,0.0,0.0,0.0,0.0,0.0,0.0,-9999.0,-9999.0,-9999.0,-9999.0
mix,np242,242Np,93,149,242,93242,132.0,12.0,12.0,100.0,0.0,0.0,0.0,0.0,0.0,0.0,0.0,0.0,0.0,0.0,0.0,0.0,0.0,0.0,106.23051,0.0,0.0,0.0
mix,np241,241Np,93,148,241,93241,834.0,12.0,12.0,100.0,0.0,0.0,0.0,0.0,0.0,0.0,0.0,0.0,0.0,0.0,0.0,0.0,0.0,0.0,466.28387,0.0,0.0,0.0
mix,np240,240Np,93,147,240,93240,3714.0,12.0,12.0,100.0,0.0,0.0,0.0,0.0,0.0,0.0,0.0,0.0,0.0,0.0,0.0,0.0,0.0,0.0,197.64293,0.0,0.0,0.0
mix,np239,239Np,93,146,239,93239,203541.12,267.84,267.84,100.0,0.0,0.0,0.0,0.0,0.0,0.0,0.0,0.0,0.0,0.0,0.0,0.0,0.0,0.0,7183.04395,0.0,0.0,0.0
mix,np238,238Np,93,145,238,93238,181379.52,103.67999999999999,103.67999999999999,100.0,0.0,0.0,0.0,0.0,0.0,0.0,0.0,0.0,0.0,0.0,0.0,0.0,0.0,0.0,34429.42969,0.0,0.0,0.0
mix,np244,244Np,93,151,244,93244,137.4,9.6,9.6,100.0,0.0,0.0,0.0,0.0,0.0,0.0,0.0,0.0,0.0,0.0,0.0,0.0,0.0,0.0,406.39053,0.0,0.0,0.0
mix,np243,243Np,93,150,243,93243,111.0,9.0,9.0,100.0,0.0,0.0,0.0,0.0,0.0,0.0,0.0,0.0,0.0,0.0,0.0,0.0,0.0,0.0,73.72298,0.0,0.0,0.0
nubase,np231,231Np,93,138,231,93231,2928.0,12.0,12.0,0.0,0.0,0.0,2.0,1.0,1.0,0.0,0.0,0.0,0.0,0.0,0.0,0.0,0.0,0.0,-9999.0,-9999.0,-9999.0,-9999.0
nubase,np230,230Np,93,137,230,93230,277.8,12.6,12.6,0.0,0.0,0.0,3.0,0.0,0.0,0.0,0.0,0.0,0.0,0.0,0.0,0.0,0.0,0.0,-9999.0,-9999.0,-9999.0,-9999.0
nubase,np229,229Np,93,136,229,93229,240.0,12.0,12.0,0.0,0.0,0.0,68.0,11.0,11.0,0.0,0.0,0.0,0.0,0.0,0.0,0.0,0.0,0.0,-9999.0,-9999.0,-9999.0,-9999.0
nubase,np228,228Np,93,135,228,93228,61.4,1.4,1.4,0.0,0.0,0.0,40.0,7.0,7.0,0.0,0.0,0.0,0.0,0.0,0.0,0.0,0.0,0.0,-9999.0,-9999.0,-9999.0,-9999.0
nubase,np227,227Np,93,134,227,93227,0.51,0.06,0.06,0.0,0.0,0.0,100.0,0.0,0.0,0.0,0.0,0.0,0.0,0.0,0.0,0.0,0.0,0.0,-9999.0,-9999.0,-9999.0,-9999.0
mix,fr230,230Fr,87,143,230,87230,19.1,0.5,0.5,100.0,0.0,0.0,0.0,0.0,0.0,0.0,0.0,0.0,0.0,0.0,0.0,0.0,0.0,0.0,42.08091,0.0,0.0,0.0
mix,fr229,229Fr,87,142,229,87229,50.2,0.4,0.4,100.0,0.0,0.0,0.0,0.0,0.0,0.0,0.0,0.0,0.0,0.0,0.0,0.0,0.0,0.0,80.01516,0.0,0.0,0.0
mix,fr228,228Fr,87,141,228,87228,38.0,1.0,1.0,100.0,0.0,0.0,0.0,0.0,0.0,0.0,0.0,0.0,0.0,0.0,0.0,0.0,0.0,0.0,110.15154,0.0,0.0,0.0
mix,sb122,122Sb,51,71,122,51122,232772.832,27.648000000000003,27.648000000000003,97.59,0.12,0.12,0.0,0.0,0.0,0.0,0.0,0.0,0.0,0.0,0.0,0.0,0.0,0.0,5624.61084,0.0,0.0,0.0
mix,fr227,227Fr,87,140,227,87227,148.20000000000002,1.7999999999999998,1.7999999999999998,100.0,0.0,0.0,0.0,0.0,0.0,0.0,0.0,0.0,0.0,0.0,0.0,0.0,0.0,0.0,35.41054,0.0,0.0,0.0
mix,sb125,125Sb,51,74,125,51125,87024534.8302,25245.540800000002,25245.540800000002,100.0,0.0,0.0,0.0,0.0,0.0,0.0,0.0,0.0,0.0,0.0,0.0,0.0,0.0,0.0,133592.25,0.0,0.0,0.0
mix,sb124,124Sb,51,73,124,51124,5202057.600000001,864.0,864.0,100.0,0.0,0.0,0.0,0.0,0.0,0.0,0.0,0.0,0.0,0.0,0.0,0.0,0.0,0.0,990.68665,0.0,0.0,0.0
mix,fr233,233Fr,87,146,233,87233,0.9,0.1,0.1,100.0,0.0,0.0,0.0,0.0,0.0,0.0,0.0,0.0,0.0,0.0,0.0,0.0,0.0,0.0,10.72122,0.0,0.0,0.0
mix,sb127,127Sb,51,76,127,51127,331776.0,2592.0,2592.0,100.0,0.0,0.0,0.0,0.0,0.0,0.0,0.0,0.0,0.0,0.0,0.0,0.0,0.0,0.0,4998.37695,0.0,0.0,0.0
mix,fr232,232Fr,87,145,232,87232,5.5,0.6,0.6,100.0,0.0,0.0,0.0,0.0,0.0,0.0,0.0,0.0,0.0,0.0,0.0,0.0,0.0,0.0,13.19276,0.0,0.0,0.0
mix,sb126,126Sb,51,75,126,51126,1062720.0,8640.0,8640.0,100.0,0.0,0.0,0.0,0.0,0.0,0.0,0.0,0.0,0.0,0.0,0.0,0.0,0.0,0.0,382.9444,0.0,0.0,0.0
mix,fr231,231Fr,87,144,231,87231,17.6,0.5,0.5,100.0,0.0,0.0,0.0,0.0,0.0,0.0,0.0,0.0,0.0,0.0,0.0,0.0,0.0,0.0,26.02726,0.0,0.0,0.0
mix,sb129,129Sb,51,78,129,51129,15840.000000000002,72.0,72.0,100.0,0.0,0.0,0.0,0.0,0.0,0.0,0.0,0.0,0.0,0.0,0.0,0.0,0.0,0.0,814.18011,0.0,0.0,0.0
mix,sb128,128Sb,51,77,128,51128,32580.000000000004,144.0,144.0,100.0,0.0,0.0,0.0,0.0,0.0,0.0,0.0,0.0,0.0,0.0,0.0,0.0,0.0,0.0,181.31049,0.0,0.0,0.0
mix,sb130,130Sb,51,79,130,51130,2430.0,24.0,24.0,100.0,0.0,0.0,0.0,0.0,0.0,0.0,0.0,0.0,0.0,0.0,0.0,0.0,0.0,0.0,92.72045,0.0,0.0,0.0
nubase,np237,237Np,93,144,237,93237,67658049344000.0,220898482000.0,220898482000.0,0.0,0.0,0.0,100.0,0.0,0.0,0.0,0.0,0.0,0.0,0.0,0.0,0.0,0.0,0.0,-9999.0,-9999.0,-9999.0,-9999.0
mix,np236,236Np,93,143,236,93236,4891323530000.0,31556926000.0,31556926000.0,12.0,0.1,0.1,0.16,0.04,0.04,0.0,0.0,0.0,0.0,0.0,0.0,0.0,0.0,0.0,2047214.125,0.0,0.0,0.0
nubase,np235,235Np,93,142,235,93235,34223040.0,103680.0,103680.0,0.0,0.0,0.0,0.0026,0.00013,0.00013,0.0,0.0,0.0,0.0,0.0,0.0,0.0,0.0,0.0,-9999.0,-9999.0,-9999.0,-9999.0
nubase,np233,233Np,93,140,233,93233,2172.0,6.0,6.0,0.0,0.0,0.0,0.0007,0.0,0.0,0.0,0.0,0.0,0.0,0.0,0.0,0.0,0.0,0.0,-9999.0,-9999.0,-9999.0,-9999.0
nubase,nh278,278Nh,113,165,278,113278,1.4,0.5,1.9,0.0,0.0,0.0,100.0,0.0,0.0,0.0,0.0,0.0,0.0,0.0,0.0,0.0,0.0,0.0,-9999.0,-9999.0,-9999.0,-9999.0
nubase,nh282,282Nh,113,169,282,113282,0.073,0.03,0.13,0.0,0.0,0.0,100.0,0.0,0.0,0.0,0.0,0.0,0.0,0.0,0.0,0.0,0.0,0.0,-9999.0,-9999.0,-9999.0,-9999.0
nubase,nh284,284Nh,113,171,284,113284,0.82,0.08,0.08,0.0,0.0,0.0,100.0,0.0,0.0,0.0,0.0,0.0,0.0,0.0,0.0,0.0,0.0,0.0,-9999.0,-9999.0,-9999.0,-9999.0
nubase,nh285,285Nh,113,172,285,113285,2.1,0.3,0.6,0.0,0.0,0.0,100.0,0.0,0.0,0.0,0.0,0.0,0.0,0.0,0.0,0.0,0.0,0.0,-9999.0,-9999.0,-9999.0,-9999.0
nubase,nh283,283Nh,113,170,283,113283,0.07,0.03,0.14,0.0,0.0,0.0,100.0,0.0,0.0,0.0,0.0,0.0,0.0,0.0,0.0,0.0,0.0,0.0,-9999.0,-9999.0,-9999.0,-9999.0
nubase,nh286,286Nh,113,173,286,113286,9.5,2.7,6.3,0.0,0.0,0.0,100.0,0.0,0.0,0.0,0.0,0.0,0.0,0.0,0.0,0.0,0.0,0.0,-9999.0,-9999.0,-9999.0,-9999.0
nubase,nh290,290Nh,113,177,290,113290,2.0,1.0,10.0,0.0,0.0,0.0,100.0,0.0,0.0,0.0,0.0,0.0,0.0,0.0,0.0,0.0,0.0,0.0,-9999.0,-9999.0,-9999.0,-9999.0
nubase,hs267,267Hs,108,159,267,108267,0.053,0.008,0.012,0.0,0.0,0.0,100.0,0.0,0.0,0.0,0.0,0.0,0.0,0.0,0.0,0.0,0.0,0.0,-9999.0,-9999.0,-9999.0,-9999.0
nubase,hs266,266Hs,108,158,266,108266,0.0029700000000000004,0.00051,0.0007800000000000001,0.0,0.0,0.0,76.0,9.0,9.0,0.0,0.0,0.0,0.0,0.0,0.0,0.0,0.0,0.0,-9999.0,-9999.0,-9999.0,-9999.0
nubase,hs265,265Hs,108,157,265,108265,0.0019,0.0001,0.0002,0.0,0.0,0.0,100.0,0.0,0.0,0.0,0.0,0.0,0.0,0.0,0.0,0.0,0.0,0.0,-9999.0,-9999.0,-9999.0,-9999.0
nubase,hs270,270Hs,108,162,270,108270,7.6,2.2,4.9,0.0,0.0,0.0,50.0,0.0,0.0,0.0,0.0,0.0,0.0,0.0,0.0,0.0,0.0,0.0,-9999.0,-9999.0,-9999.0,-9999.0
nubase,hs269,269Hs,108,161,269,108269,13.0,4.0,10.0,0.0,0.0,0.0,100.0,0.0,0.0,0.0,0.0,0.0,0.0,0.0,0.0,0.0,0.0,0.0,-9999.0,-9999.0,-9999.0,-9999.0
nubase,hs268,268Hs,108,160,268,108268,0.4,0.17,1.8,0.0,0.0,0.0,100.0,0.0,0.0,0.0,0.0,0.0,0.0,0.0,0.0,0.0,0.0,0.0,-9999.0,-9999.0,-9999.0,-9999.0
nubase,hs275,275Hs,108,167,275,108275,0.2,0.07,0.19,0.0,0.0,0.0,100.0,0.0,0.0,0.0,0.0,0.0,0.0,0.0,0.0,0.0,0.0,0.0,-9999.0,-9999.0,-9999.0,-9999.0
nubase,hs273,273Hs,108,165,273,108273,0.51,0.13,0.3,0.0,0.0,0.0,100.0,0.0,0.0,0.0,0.0,0.0,0.0,0.0,0.0,0.0,0.0,0.0,-9999.0,-9999.0,-9999.0,-9999.0
nubase,hs264,264Hs,108,156,264,108264,0.00063,0.00016,0.00034,0.0,0.0,0.0,80.0,40.0,20.0,0.0,0.0,0.0,0.0,0.0,0.0,0.0,0.0,0.0,-9999.0,-9999.0,-9999.0,-9999.0
nubase,hs263,263Hs,108,155,263,108263,0.00074,0.00021,0.00048,0.0,0.0,0.0,100.0,0.0,0.0,0.0,0.0,0.0,0.0,0.0,0.0,0.0,0.0,0.0,-9999.0,-9999.0,-9999.0,-9999.0
mix,sr105,105Sr,38,67,105,38105,0.039,0.005,0.005,100.0,0.0,0.0,0.0,0.0,0.0,0.0,0.0,0.0,0.0,0.0,0.0,0.0,0.0,0.0,0.04109,0.19,0.0,0.0
mix,sr106,106Sr,38,68,106,38106,0.02,0.007,0.008,100.0,0.0,0.0,0.0,0.0,0.0,0.0,0.0,0.0,0.0,0.0,0.0,0.0,0.0,0.0,0.03492,0.2,0.0,0.0
mix,sr98,98Sr,38,60,98,38098,0.653,0.002,0.002,100.0,0.0,0.0,0.0,0.0,0.0,0.23,0.03,0.03,0.0,0.0,0.0,0.0,0.0,0.0,0.72543,0.0,0.0,0.0
mix,sr99,99Sr,38,61,99,38099,0.269,0.001,0.001,100.0,0.0,0.0,0.0,0.0,0.0,0.1,0.019,0.019,0.0,0.0,0.0,0.0,0.0,0.0,0.32076,0.0,0.0,0.0
mix,sr100,100Sr,38,62,100,38100,0.201,0.001,0.001,100.0,0.0,0.0,0.0,0.0,0.0,1.09,0.25,0.25,0.0,0.0,0.0,0.0,0.0,0.0,0.38789,0.01,0.0,0.0
mix,sr101,101Sr,38,63,101,38101,0.114,0.002,0.002,100.0,0.0,0.0,0.0,0.0,0.0,2.52,0.24,0.24,0.0,0.0,0.0,0.0,0.0,0.0,0.30096,0.03,0.0,0.0
mix,sr102,102Sr,38,64,102,38102,0.07200000000000001,0.006,0.006,100.0,0.0,0.0,0.0,0.0,0.0,5.5,1.5,1.5,0.0,0.0,0.0,0.0,0.0,0.0,0.119,0.06,0.0,0.0
mix,sr103,103Sr,38,65,103,38103,0.056,0.009000000000000001,0.009000000000000001,100.0,0.0,0.0,0.0,0.0,0.0,0.0,0.0,0.0,0.0,0.0,0.0,0.0,0.0,0.0,0.03181,0.03,0.0,0.0
mix,sr104,104Sr,38,66,104,38104,0.051000000000000004,0.004,0.004,100.0,0.0,0.0,0.0,0.0,0.0,0.0,0.0,0.0,0.0,0.0,0.0,0.0,0.0,0.0,0.0651,0.11,0.0,0.0
nubase,bi196,196Bi,83,113,196,83196,307.8,12.0,12.0,0.0,0.0,0.0,0.00115,0.00034,0.00034,0.0,0.0,0.0,0.0,0.0,0.0,0.0,0.0,0.0,-9999.0,-9999.0,-9999.0,-9999.0
nubase,bi194,194Bi,83,111,194,83194,100.0,3.0,3.0,0.0,0.0,0.0,0.46,0.25,0.25,0.0,0.0,0.0,0.0,0.0,0.0,0.0,0.0,0.0,-9999.0,-9999.0,-9999.0,-9999.0
nubase,bi195,195Bi,83,112,195,83195,183.0,4.0,4.0,0.0,0.0,0.0,0.03,0.02,0.02,0.0,0.0,0.0,0.0,0.0,0.0,0.0,0.0,0.0,-9999.0,-9999.0,-9999.0,-9999.0
mix,sr94,94Sr,38,56,94,38094,75.3,0.2,0.2,100.0,0.0,0.0,0.0,0.0,0.0,0.0,0.0,0.0,0.0,0.0,0.0,0.0,0.0,0.0,7.52232,0.0,0.0,0.0
mix,sr95,95Sr,38,57,95,38095,23.9,0.14,0.14,100.0,0.0,0.0,0.0,0.0,0.0,0.0,0.0,0.0,0.0,0.0,0.0,0.0,0.0,0.0,5.18341,0.0,0.0,0.0
mix,sr96,96Sr,38,58,96,38096,1.065,0.015,0.015,100.0,0.0,0.0,0.0,0.0,0.0,0.0,0.0,0.0,0.0,0.0,0.0,0.0,0.0,0.0,0.9768,0.0,0.0,0.0
nubase,pt178,178Pt,78,100,178,78178,21.0,1.0,1.0,0.0,0.0,0.0,7.7,0.3,0.3,0.0,0.0,0.0,0.0,0.0,0.0,0.0,0.0,0.0,-9999.0,-9999.0,-9999.0,-9999.0
mix,sr97,97Sr,38,59,97,38097,0.431,0.005,0.005,100.0,0.0,0.0,0.0,0.0,0.0,0.03,0.02,0.02,0.0,0.0,0.0,0.0,0.0,0.0,0.92989,0.0,0.0,0.0
nubase,pt179,179Pt,78,101,179,78179,21.2,0.4,0.4,0.0,0.0,0.0,0.24,0.03,0.03,0.0,0.0,0.0,0.0,0.0,0.0,0.0,0.0,0.0,-9999.0,-9999.0,-9999.0,-9999.0
nubase,pt184,184Pt,78,106,184,78184,1038.0,12.0,12.0,0.0,0.0,0.0,0.0017,0.0007,0.0007,0.0,0.0,0.0,0.0,0.0,0.0,0.0,0.0,0.0,-9999.0,-9999.0,-9999.0,-9999.0
nubase,pt185,185Pt,78,107,185,78185,4254.0,144.0,144.0,0.0,0.0,0.0,0.005,0.002,0.002,0.0,0.0,0.0,0.0,0.0,0.0,0.0,0.0,0.0,-9999.0,-9999.0,-9999.0,-9999.0
nubase,pt186,186Pt,78,108,186,78186,7488.0,180.0,180.0,0.0,0.0,0.0,0.00014,0.0,0.0,0.0,0.0,0.0,0.0,0.0,0.0,0.0,0.0,0.0,-9999.0,-9999.0,-9999.0,-9999.0
mix,sr89,89Sr,38,51,89,38089,4368384.0,2592.0,2592.0,100.0,0.0,0.0,0.0,0.0,0.0,0.0,0.0,0.0,0.0,0.0,0.0,0.0,0.0,0.0,34137.64063,0.0,0.0,0.0
mix,sr90,90Sr,38,52,90,38090,912310730.66,631138.52,631138.52,100.0,0.0,0.0,0.0,0.0,0.0,0.0,0.0,0.0,0.0,0.0,0.0,0.0,0.0,0.0,1631475.5,0.0,0.0,0.0
nubase,pt180,180Pt,78,102,180,78180,56.0,3.0,3.0,0.0,0.0,0.0,0.52,0.05,0.05,0.0,0.0,0.0,0.0,0.0,0.0,0.0,0.0,0.0,-9999.0,-9999.0,-9999.0,-9999.0
mix,sr91,91Sr,38,53,91,38091,34848.0,72.0,72.0,100.0,0.0,0.0,0.0,0.0,0.0,0.0,0.0,0.0,0.0,0.0,0.0,0.0,0.0,0.0,1661.922,0.0,0.0,0.0
nubase,pt181,181Pt,78,103,181,78181,52.0,2.2,2.2,0.0,0.0,0.0,0.074,0.01,0.01,0.0,0.0,0.0,0.0,0.0,0.0,0.0,0.0,0.0,-9999.0,-9999.0,-9999.0,-9999.0
nubase,bi193,193Bi,83,110,193,83193,63.0,2.4,2.4,0.0,0.0,0.0,3.5,1.5,1.5,0.0,0.0,0.0,0.0,0.0,0.0,0.0,0.0,0.0,-9999.0,-9999.0,-9999.0,-9999.0
mix,sr92,92Sr,38,54,92,38092,9396.0,72.0,72.0,100.0,0.0,0.0,0.0,0.0,0.0,0.0,0.0,0.0,0.0,0.0,0.0,0.0,0.0,0.0,165.07568,0.0,0.0,0.0
nubase,pt182,182Pt,78,104,182,78182,162.0,6.0,6.0,0.0,0.0,0.0,0.038,0.002,0.002,0.0,0.0,0.0,0.0,0.0,0.0,0.0,0.0,0.0,-9999.0,-9999.0,-9999.0,-9999.0
mix,sr93,93Sr,38,55,93,38093,445.79999999999995,1.7999999999999998,1.7999999999999998,100.0,0.0,0.0,0.0,0.0,0.0,0.0,0.0,0.0,0.0,0.0,0.0,0.0,0.0,0.0,2.85738,0.0,0.0,0.0
nubase,pt183,183Pt,78,105,183,78183,390.0,60.0,60.0,0.0,0.0,0.0,0.0096,0.0005,0.0005,0.0,0.0,0.0,0.0,0.0,0.0,0.0,0.0,0.0,-9999.0,-9999.0,-9999.0,-9999.0
nubase,bi185,185Bi,83,102,185,83185,0.0028,0.001,0.0023,0.0,0.0,0.0,8.0,2.0,2.0,0.0,0.0,0.0,0.0,0.0,0.0,0.0,0.0,0.0,-9999.0,-9999.0,-9999.0,-9999.0
nubase,bi186,186Bi,83,103,186,83186,0.0148,0.0008,0.0008,0.0,0.0,0.0,100.0,0.0,0.0,0.0,0.0,0.0,0.0,0.0,0.0,0.0,0.0,0.0,-9999.0,-9999.0,-9999.0,-9999.0
nubase,bi184,184Bi,83,101,184,83184,0.013000000000000001,0.002,0.002,0.0,0.0,0.0,100.0,0.0,0.0,0.0,0.0,0.0,0.0,0.0,0.0,0.0,0.0,0.0,-9999.0,-9999.0,-9999.0,-9999.0
nubase,bi189,189Bi,83,106,189,83189,0.685,0.007,0.007,0.0,0.0,0.0,100.0,0.0,0.0,0.0,0.0,0.0,0.0,0.0,0.0,0.0,0.0,0.0,-9999.0,-9999.0,-9999.0,-9999.0
nubase,bi190,190Bi,83,107,190,83190,6.3,0.1,0.1,0.0,0.0,0.0,90.0,30.0,10.0,0.0,0.0,0.0,0.0,0.0,0.0,0.0,0.0,0.0,-9999.0,-9999.0,-9999.0,-9999.0
nubase,bi187,187Bi,83,104,187,83187,0.037,0.002,0.002,0.0,0.0,0.0,100.0,0.0,0.0,0.0,0.0,0.0,0.0,0.0,0.0,0.0,0.0,0.0,-9999.0,-9999.0,-9999.0,-9999.0
nubase,bi188,188Bi,83,105,188,83188,0.06,0.003,0.003,0.0,0.0,0.0,100.0,0.0,0.0,0.0,0.0,0.0,0.0,0.0,0.0,0.0,0.0,0.0,-9999.0,-9999.0,-9999.0,-9999.0
nubase,bi191,191Bi,83,108,191,83191,12.4,0.3,0.3,0.0,0.0,0.0,51.0,10.0,10.0,0.0,0.0,0.0,0.0,0.0,0.0,0.0,0.0,0.0,-9999.0,-9999.0,-9999.0,-9999.0
nubase,bi192,192Bi,83,109,192,83192,34.6,0.9,0.9,0.0,0.0,0.0,12.0,5.0,5.0,0.0,0.0,0.0,0.0,0.0,0.0,0.0,0.0,0.0,-9999.0,-9999.0,-9999.0,-9999.0
nubase,pt188,188Pt,78,110,188,78188,881279.9999999999,17280.0,17280.0,0.0,0.0,0.0,2.6e-05,3e-06,3e-06,0.0,0.0,0.0,0.0,0.0,0.0,0.0,0.0,0.0,-9999.0,-9999.0,-9999.0,-9999.0
nubase,pt190,190Pt,78,112,190,78190,1.545245957997474e+19,3.4536834467434266e+17,3.4536834467434266e+17,0.0,0.0,0.0,100.0,0.0,0.0,0.0,0.0,0.0,0.0,0.0,0.0,0.0,0.0,0.0,-9999.0,-9999.0,-9999.0,-9999.0
mix,pt197,197Pt,78,119,197,78197,71609.40000000001,6.84,6.84,100.0,0.0,0.0,0.0,0.0,0.0,0.0,0.0,0.0,0.0,0.0,0.0,0.0,0.0,0.0,116065.25781,0.0,0.0,0.0
mix,pt199,199Pt,78,121,199,78199,1830.6000000000001,1.7999999999999998,1.7999999999999998,100.0,0.0,0.0,0.0,0.0,0.0,0.0,0.0,0.0,0.0,0.0,0.0,0.0,0.0,0.0,2693.79541,0.0,0.0,0.0
mix,pt200,200Pt,78,122,200,78200,45360.0,1080.0,1080.0,100.0,0.0,0.0,0.0,0.0,0.0,0.0,0.0,0.0,0.0,0.0,0.0,0.0,0.0,0.0,66944.99219,0.0,0.0,0.0
mix,pt201,201Pt,78,123,201,78201,150.0,6.0,6.0,100.0,0.0,0.0,0.0,0.0,0.0,0.0,0.0,0.0,0.0,0.0,0.0,0.0,0.0,0.0,595.75549,0.0,0.0,0.0
mix,pt202,202Pt,78,124,202,78202,158400.0,54000.0,54000.0,100.0,0.0,0.0,0.0,0.0,0.0,0.0,0.0,0.0,0.0,0.0,0.0,0.0,0.0,0.0,7752.26367,0.0,0.0,0.0
mix,pt203,203Pt,78,125,203,78203,22.0,4.0,4.0,100.0,0.0,0.0,0.0,0.0,0.0,0.0,0.0,0.0,0.0,0.0,0.0,0.0,0.0,0.0,330.84973,0.0,0.0,0.0
mix,pt204,204Pt,78,126,204,78204,10.7,1.3,1.3,100.0,0.0,0.0,0.0,0.0,0.0,0.0,0.0,0.0,0.0,0.0,0.0,0.0,0.0,0.0,423.90204,0.0,0.0,0.0
mix,w187,187W,74,113,187,74187,85680.0,108.0,108.0,100.0,0.0,0.0,0.0,0.0,0.0,0.0,0.0,0.0,0.0,0.0,0.0,0.0,0.0,0.0,14204.2832,0.0,0.0,0.0
mix,w188,188W,74,114,188,74188,6028128.0,4320.0,4320.0,100.0,0.0,0.0,0.0,0.0,0.0,0.0,0.0,0.0,0.0,0.0,0.0,0.0,0.0,0.0,1232087.25,0.0,0.0,0.0
mix,w189,189W,74,115,189,74189,696.0,12.0,12.0,100.0,0.0,0.0,0.0,0.0,0.0,0.0,0.0,0.0,0.0,0.0,0.0,0.0,0.0,0.0,517.05042,0.0,0.0,0.0
mix,w190,190W,74,116,190,74190,1800.0,90.0,90.0,100.0,0.0,0.0,0.0,0.0,0.0,0.0,0.0,0.0,0.0,0.0,0.0,0.0,0.0,0.0,2558.22632,0.0,0.0,0.0
mix,xe133,133Xe,54,79,133,54133,453375.36,43.2,43.2,100.0,0.0,0.0,0.0,0.0,0.0,0.0,0.0,0.0,0.0,0.0,0.0,0.0,0.0,0.0,1470741.125,0.0,0.0,0.0
mix,w185,185W,74,111,185,74185,6471360.000000001,34560.0,34560.0,100.0,0.0,0.0,0.0,0.0,0.0,0.0,0.0,0.0,0.0,0.0,0.0,0.0,0.0,0.0,1461987.125,0.0,0.0,0.0
mix,xe135,135Xe,54,81,135,54135,33004.799999999996,25.2,25.2,100.0,0.0,0.0,0.0,0.0,0.0,0.0,0.0,0.0,0.0,0.0,0.0,0.0,0.0,0.0,18562.60742,0.0,0.0,0.0
mix,xe140,140Xe,54,86,140,54140,13.6,0.1,0.1,100.0,0.0,0.0,0.0,0.0,0.0,0.0,0.0,0.0,0.0,0.0,0.0,0.0,0.0,0.0,4.32706,0.0,0.0,0.0
mix,xe139,139Xe,54,85,139,54139,39.72,0.13,0.13,100.0,0.0,0.0,0.0,0.0,0.0,0.0,0.0,0.0,0.0,0.0,0.0,0.0,0.0,0.0,5.33348,0.0,0.0,0.0
mix,xe138,138Xe,54,84,138,54138,848.4000000000001,3.0,3.0,100.0,0.0,0.0,0.0,0.0,0.0,0.0,0.0,0.0,0.0,0.0,0.0,0.0,0.0,0.0,205.97765,0.0,0.0,0.0
mix,xe137,137Xe,54,83,137,54137,229.26000000000002,0.6599999999999999,0.6599999999999999,100.0,0.0,0.0,0.0,0.0,0.0,0.0,0.0,0.0,0.0,0.0,0.0,0.0,0.0,0.0,85.98383,0.0,0.0,0.0
mix,xe143,143Xe,54,89,143,54143,0.511,0.006,0.006,100.0,0.0,0.0,0.0,0.0,0.0,1.0,0.15,0.15,0.0,0.0,0.0,0.0,0.0,0.0,0.41254,0.01,0.0,0.0
mix,xe142,142Xe,54,88,142,54142,1.227,0.017,0.017,100.0,0.0,0.0,0.0,0.0,0.0,0.369,0.06,0.06,0.0,0.0,0.0,0.0,0.0,0.0,0.79358,0.0,0.0,0.0
mix,xe141,141Xe,54,87,141,54141,1.72,0.013,0.013,100.0,0.0,0.0,0.0,0.0,0.0,0.044,0.005,0.005,0.0,0.0,0.0,0.0,0.0,0.0,0.75404,0.0,0.0,0.0
mix,mo112,112Mo,42,70,112,42112,0.125,0.005,0.005,100.0,0.0,0.0,0.0,0.0,0.0,0.0,0.0,0.0,0.0,0.0,0.0,0.0,0.0,0.0,0.2962,0.01,0.0,0.0
mix,mo117,117Mo,42,75,117,42117,0.022,0.005,0.005,100.0,0.0,0.0,0.0,0.0,0.0,0.0,0.0,0.0,0.0,0.0,0.0,0.0,0.0,0.0,0.04059,0.2,0.0,0.0
mix,mo118,118Mo,42,76,118,42118,0.019,0.004,0.007,100.0,0.0,0.0,0.0,0.0,0.0,0.0,0.0,0.0,0.0,0.0,0.0,0.0,0.0,0.0,0.03193,0.18,0.0,0.0
mix,mo113,113Mo,42,71,113,42113,0.08,0.002,0.002,100.0,0.0,0.0,0.0,0.0,0.0,0.0,0.0,0.0,0.0,0.0,0.0,0.0,0.0,0.0,0.15101,0.03,0.0,0.0
mix,mo114,114Mo,42,72,114,42114,0.058,0.002,0.002,100.0,0.0,0.0,0.0,0.0,0.0,0.0,0.0,0.0,0.0,0.0,0.0,0.0,0.0,0.0,0.07774,0.05,0.0,0.0
mix,mo115,115Mo,42,73,115,42115,0.0456,0.002,0.002,100.0,0.0,0.0,0.0,0.0,0.0,0.0,0.0,0.0,0.0,0.0,0.0,0.0,0.0,0.0,0.04526,0.08,0.0,0.0
mix,mo116,116Mo,42,74,116,42116,0.032,0.004,0.004,100.0,0.0,0.0,0.0,0.0,0.0,0.0,0.0,0.0,0.0,0.0,0.0,0.0,0.0,0.0,0.04222,0.09,0.0,0.0
mix,mo110,110Mo,42,68,110,42110,0.28700000000000003,0.01,0.01,100.0,0.0,0.0,0.0,0.0,0.0,2.0,0.7,0.7,0.0,0.0,0.0,0.0,0.0,0.0,0.3867,0.0,0.0,0.0
mix,xe147,147Xe,54,93,147,54147,0.088,0.014,0.014,100.0,0.0,0.0,0.0,0.0,0.0,0.0,0.0,0.0,0.0,0.0,0.0,0.0,0.0,0.0,0.07945,0.06,0.0,0.0
mix,mo111,111Mo,42,69,111,42111,0.186,0.009000000000000001,0.009000000000000001,100.0,0.0,0.0,0.0,0.0,0.0,0.0,0.0,0.0,0.0,0.0,0.0,0.0,0.0,0.0,0.42371,0.01,0.0,0.0
mix,xe146,146Xe,54,92,146,54146,0.146,0.005,0.005,100.0,0.0,0.0,0.0,0.0,0.0,6.9,1.5,1.5,0.0,0.0,0.0,0.0,0.0,0.0,0.10922,0.04,0.0,0.0
mix,xe145,145Xe,54,91,145,54145,0.188,0.004,0.004,100.0,0.0,0.0,0.0,0.0,0.0,5.0,0.6,0.6,0.0,0.0,0.0,0.0,0.0,0.0,0.08247,0.02,0.0,0.0
mix,xe144,144Xe,54,90,144,54144,0.388,0.007,0.007,100.0,0.0,0.0,0.0,0.0,0.0,3.0,0.3,0.3,0.0,0.0,0.0,0.0,0.0,0.0,0.22187,0.01,0.0,0.0
mix,xe148,148Xe,54,94,148,54148,0.085,0.015,0.015,100.0,0.0,0.0,0.0,0.0,0.0,0.0,0.0,0.0,0.0,0.0,0.0,0.0,0.0,0.0,0.10522,0.1,0.0,0.0
mix,mo106,106Mo,42,64,106,42106,8.73,0.12,0.12,100.0,0.0,0.0,0.0,0.0,0.0,0.0,0.0,0.0,0.0,0.0,0.0,0.0,0.0,0.0,14.15014,0.0,0.0,0.0
mix,mo107,107Mo,42,65,107,42107,3.5,0.5,0.5,100.0,0.0,0.0,0.0,0.0,0.0,0.0,0.0,0.0,0.0,0.0,0.0,0.0,0.0,0.0,0.31396,0.0,0.0,0.0
mix,mo108,108Mo,42,66,108,42108,1.106,0.01,0.01,100.0,0.0,0.0,0.0,0.0,0.0,0.0,0.0,0.0,0.0,0.0,0.0,0.0,0.0,0.0,1.08866,0.0,0.0,0.0
mix,mo109,109Mo,42,67,109,42109,0.7000000000000001,0.014,0.014,100.0,0.0,0.0,0.0,0.0,0.0,1.3,0.6,0.6,0.0,0.0,0.0,0.0,0.0,0.0,0.38485,0.0,0.0,0.0
mix,mo102,102Mo,42,60,102,42102,678.0,12.0,12.0,100.0,0.0,0.0,0.0,0.0,0.0,0.0,0.0,0.0,0.0,0.0,0.0,0.0,0.0,0.0,33963.42969,0.0,0.0,0.0
mix,mo103,103Mo,42,61,103,42103,67.5,1.5,1.5,100.0,0.0,0.0,0.0,0.0,0.0,0.0,0.0,0.0,0.0,0.0,0.0,0.0,0.0,0.0,141.07227,0.0,0.0,0.0
mix,mo104,104Mo,42,62,104,42104,59.4,1.1,1.1,100.0,0.0,0.0,0.0,0.0,0.0,0.0,0.0,0.0,0.0,0.0,0.0,0.0,0.0,0.0,708.8645,0.0,0.0,0.0
mix,mo105,105Mo,42,63,105,42105,36.3,0.8,0.8,100.0,0.0,0.0,0.0,0.0,0.0,0.0,0.0,0.0,0.0,0.0,0.0,0.0,0.0,0.0,12.68323,0.0,0.0,0.0
mix,mo99,99Mo,42,57,99,42099,237369.60000000003,32.4,32.4,100.0,0.0,0.0,0.0,0.0,0.0,0.0,0.0,0.0,0.0,0.0,0.0,0.0,0.0,0.0,38283.77734,0.0,0.0,0.0
nubase,w180,180W,74,106,180,74180,5.017551234e+25,1.5778463e+24,1.5778463e+24,0.0,0.0,0.0,100.0,0.0,0.0,0.0,0.0,0.0,0.0,0.0,0.0,0.0,0.0,0.0,-9999.0,-9999.0,-9999.0,-9999.0
mix,mo101,101Mo,42,59,101,42101,876.5999999999999,1.7999999999999998,1.7999999999999998,100.0,0.0,0.0,0.0,0.0,0.0,0.0,0.0,0.0,0.0,0.0,0.0,0.0,0.0,0.0,749.50085,0.0,0.0,0.0
nubase,dy152,152Dy,66,86,152,66152,8568.0,72.0,72.0,0.0,0.0,0.0,0.1,0.007,0.007,0.0,0.0,0.0,0.0,0.0,0.0,0.0,0.0,0.0,-9999.0,-9999.0,-9999.0,-9999.0
nubase,dy153,153Dy,66,87,153,66153,23112.0,432.0,432.0,0.0,0.0,0.0,0.0094,0.0014,0.0014,0.0,0.0,0.0,0.0,0.0,0.0,0.0,0.0,0.0,-9999.0,-9999.0,-9999.0,-9999.0
nubase,dy150,150Dy,66,84,150,66150,430.2,3.0,3.0,0.0,0.0,0.0,37.0,4.0,4.0,0.0,0.0,0.0,0.0,0.0,0.0,0.0,0.0,0.0,-9999.0,-9999.0,-9999.0,-9999.0
nubase,dy151,151Dy,66,85,151,66151,1080.0,24.0,24.0,0.0,0.0,0.0,5.6,0.4,0.4,0.0,0.0,0.0,0.0,0.0,0.0,0.0,0.0,0.0,-9999.0,-9999.0,-9999.0,-9999.0
nubase,dy154,154Dy,66,88,154,66154,86781546500000.0,48311476278106.0,48311476278106.0,0.0,0.0,0.0,100.0,0.0,0.0,0.0,0.0,0.0,0.0,0.0,0.0,0.0,0.0,0.0,-9999.0,-9999.0,-9999.0,-9999.0
nubase,pt166,166Pt,78,88,166,78166,0.28,0.06,0.07100000000000001,0.0,0.0,0.0,100.0,0.0,0.0,0.0,0.0,0.0,0.0,0.0,0.0,0.0,0.0,0.0,-9999.0,-9999.0,-9999.0,-9999.0
nubase,pt165,165Pt,78,87,165,78165,0.26,0.09,0.26,0.0,0.0,0.0,100.0,0.0,0.0,0.0,0.0,0.0,0.0,0.0,0.0,0.0,0.0,0.0,-9999.0,-9999.0,-9999.0,-9999.0
nubase,pt167,167Pt,78,89,167,78167,0.0009000000000000001,0.0001,0.0001,0.0,0.0,0.0,100.0,0.0,0.0,0.0,0.0,0.0,0.0,0.0,0.0,0.0,0.0,0.0,-9999.0,-9999.0,-9999.0,-9999.0
nubase,be14,14Be,4,10,14,4014,0.0046500000000000005,0.00012,0.00012,100.0,0.0,0.0,0.0,0.0,0.0,86.0,6.0,6.0,5.0,2.0,2.0,0.0,0.0,0.0,-9999.0,-9999.0,-9999.0,-9999.0
mix,dy165,165Dy,66,99,165,66165,8391.6,14.4,14.4,100.0,0.0,0.0,0.0,0.0,0.0,0.0,0.0,0.0,0.0,0.0,0.0,0.0,0.0,0.0,11254.92285,0.0,0.0,0.0
mix,zn83,83Zn,30,53,83,30083,0.11900000000000001,0.016,0.016,100.0,0.0,0.0,0.0,0.0,0.0,0.0,0.0,0.0,0.0,0.0,0.0,0.0,0.0,0.0,0.07159,0.35,0.04,0.0
mix,zn82,82Zn,30,52,82,30082,0.1777,0.0025,0.0025,100.0,0.0,0.0,0.0,0.0,0.0,69.0,7.0,7.0,0.0,0.0,0.0,0.0,0.0,0.0,0.16668,0.42,0.0,0.0
mix,zn84,84Zn,30,54,84,30084,0.0536,0.0081,0.0081,100.0,0.0,0.0,0.0,0.0,0.0,73.0,26.0,26.0,0.0,0.0,0.0,0.0,0.0,0.0,0.04268,0.5,0.01,0.0
mix,zn81,81Zn,30,51,81,30081,0.2994,0.004200000000000001,0.004200000000000001,100.0,0.0,0.0,0.0,0.0,0.0,22.0,5.0,5.0,0.0,0.0,0.0,0.0,0.0,0.0,0.28238,0.18,0.0,0.0
mix,zn80,80Zn,30,50,80,30080,0.5619,0.0029,0.0029,100.0,0.0,0.0,0.0,0.0,0.0,1.36,0.12,0.12,0.0,0.0,0.0,0.0,0.0,0.0,1.34704,0.11,0.0,0.0
nubase,rf260,260Rf,104,156,260,104260,0.0217,0.0008,0.0008,0.0,0.0,0.0,35.0,0.0,0.0,0.0,0.0,0.0,0.0,0.0,0.0,0.0,0.0,0.0,-9999.0,-9999.0,-9999.0,-9999.0
nubase,rf259,259Rf,104,155,259,104259,2.5,0.2,0.3,0.0,0.0,0.0,85.0,4.0,4.0,0.0,0.0,0.0,0.0,0.0,0.0,0.0,0.0,0.0,-9999.0,-9999.0,-9999.0,-9999.0
nubase,rf258,258Rf,104,154,258,104258,0.009810000000000001,0.00068,0.00068,0.0,0.0,0.0,4.9,1.6,1.6,0.0,0.0,0.0,0.0,0.0,0.0,0.0,0.0,0.0,-9999.0,-9999.0,-9999.0,-9999.0
nubase,rf257,257Rf,104,153,257,104257,4.5,0.2,0.2,0.0,0.0,0.0,89.3,1.4,1.4,0.0,0.0,0.0,0.0,0.0,0.0,0.0,0.0,0.0,-9999.0,-9999.0,-9999.0,-9999.0
nubase,rf261,261Rf,104,157,261,104261,70.0,3.0,3.0,0.0,0.0,0.0,100.0,0.0,0.0,0.0,0.0,0.0,0.0,0.0,0.0,0.0,0.0,0.0,-9999.0,-9999.0,-9999.0,-9999.0
nubase,rf256,256Rf,104,152,256,104256,0.0067599999999999995,6e-05,6e-05,0.0,0.0,0.0,0.31,0.1,0.1,0.0,0.0,0.0,0.0,0.0,0.0,0.0,0.0,0.0,-9999.0,-9999.0,-9999.0,-9999.0
nubase,rf255,255Rf,104,151,255,104255,1.67,0.02,0.02,0.0,0.0,0.0,49.0,1.1,1.1,0.0,0.0,0.0,0.0,0.0,0.0,0.0,0.0,0.0,-9999.0,-9999.0,-9999.0,-9999.0
nubase,rf254,254Rf,104,150,254,104254,0.0228,0.001,0.001,0.0,0.0,0.0,1.5,0.0,0.0,0.0,0.0,0.0,0.0,0.0,0.0,0.0,0.0,0.0,-9999.0,-9999.0,-9999.0,-9999.0
mix,zn72,72Zn,30,42,72,30072,167400.0,360.0,360.0,100.0,0.0,0.0,0.0,0.0,0.0,0.0,0.0,0.0,0.0,0.0,0.0,0.0,0.0,0.0,19716640.0,0.0,0.0,0.0
mix,zn71,71Zn,30,41,71,30071,145.2,4.8,4.8,100.0,0.0,0.0,0.0,0.0,0.0,0.0,0.0,0.0,0.0,0.0,0.0,0.0,0.0,0.0,6587.35498,0.0,0.0,0.0
mix,zn74,74Zn,30,44,74,30074,96.0,1.0,1.0,100.0,0.0,0.0,0.0,0.0,0.0,0.0,0.0,0.0,0.0,0.0,0.0,0.0,0.0,0.0,608.40125,0.0,0.0,0.0
mix,zn73,73Zn,30,43,73,30073,24.5,0.2,0.2,100.0,0.0,0.0,0.0,0.0,0.0,0.0,0.0,0.0,0.0,0.0,0.0,0.0,0.0,0.0,118.7977,0.0,0.0,0.0
mix,cu78,78Cu,29,49,78,29078,0.33130000000000004,0.0019,0.0019,100.0,0.0,0.0,0.0,0.0,0.0,50.6,9.7,9.7,0.0,0.0,0.0,0.0,0.0,0.0,0.2441,0.24,0.0,0.0
mix,zn79,79Zn,30,49,79,30079,0.746,0.042,0.042,100.0,0.0,0.0,0.0,0.0,0.0,1.8,0.5,0.5,0.0,0.0,0.0,0.0,0.0,0.0,1.15846,0.03,0.0,0.0
mix,cu77,77Cu,29,48,77,29077,0.4698,0.0018000000000000002,0.0018000000000000002,100.0,0.0,0.0,0.0,0.0,0.0,30.1,1.5,1.5,0.0,0.0,0.0,0.0,0.0,0.0,0.30691,0.16,0.0,0.0
mix,cu76,76Cu,29,47,76,29076,0.637,0.008,0.008,100.0,0.0,0.0,0.0,0.0,0.0,7.2,0.5,0.5,0.0,0.0,0.0,0.0,0.0,0.0,0.6033,0.04,0.0,0.0
mix,zn76,76Zn,30,46,76,30076,5.3,0.4,0.4,100.0,0.0,0.0,0.0,0.0,0.0,0.0,0.0,0.0,0.0,0.0,0.0,0.0,0.0,0.0,31.87006,0.0,0.0,0.0
nubase,rf253,253Rf,104,149,253,104253,0.0103,0.0011,0.0011,0.0,0.0,0.0,13.0,0.0,0.0,0.0,0.0,0.0,0.0,0.0,0.0,0.0,0.0,0.0,-9999.0,-9999.0,-9999.0,-9999.0
mix,zn75,75Zn,30,45,75,30075,10.2,0.2,0.2,100.0,0.0,0.0,0.0,0.0,0.0,0.0,0.0,0.0,0.0,0.0,0.0,0.0,0.0,0.0,14.37363,0.0,0.0,0.0
mix,zn78,78Zn,30,48,78,30078,1.47,0.15,0.15,100.0,0.0,0.0,0.0,0.0,0.0,0.0,0.0,0.0,0.0,0.0,0.0,0.0,0.0,0.0,3.26675,0.0,0.0,0.0
mix,zn77,77Zn,30,47,77,30077,2.09,0.05,0.05,100.0,0.0,0.0,0.0,0.0,0.0,0.0,0.0,0.0,0.0,0.0,0.0,0.0,0.0,0.0,5.13768,0.0,0.0,0.0
mix,cu71,71Cu,29,42,71,29071,19.4,1.4,1.4,100.0,0.0,0.0,0.0,0.0,0.0,0.0,0.0,0.0,0.0,0.0,0.0,0.0,0.0,0.0,7.18767,0.0,0.0,0.0
mix,cu70,70Cu,29,41,70,29070,44.5,0.3,0.3,100.0,0.0,0.0,0.0,0.0,0.0,0.0,0.0,0.0,0.0,0.0,0.0,0.0,0.0,0.0,14.56347,0.0,0.0,0.0
mix,cu69,69Cu,29,40,69,29069,174.0,6.0,6.0,100.0,0.0,0.0,0.0,0.0,0.0,0.0,0.0,0.0,0.0,0.0,0.0,0.0,0.0,0.0,44.67945,0.0,0.0,0.0
mix,cu75,75Cu,29,46,75,29075,1.224,0.003,0.003,100.0,0.0,0.0,0.0,0.0,0.0,2.7,0.6,0.6,0.0,0.0,0.0,0.0,0.0,0.0,0.94252,0.05,0.0,0.0
mix,cu74,74Cu,29,45,74,29074,1.606,0.012,0.012,100.0,0.0,0.0,0.0,0.0,0.0,0.075,0.016,0.016,0.0,0.0,0.0,0.0,0.0,0.0,1.31041,0.0,0.0,0.0
mix,cu73,73Cu,29,44,73,29073,4.2,0.12,0.12,100.0,0.0,0.0,0.0,0.0,0.0,0.029,0.006,0.006,0.0,0.0,0.0,0.0,0.0,0.0,2.92321,0.0,0.0,0.0
mix,cu72,72Cu,29,43,72,29072,6.63,0.03,0.03,100.0,0.0,0.0,0.0,0.0,0.0,0.0,0.0,0.0,0.0,0.0,0.0,0.0,0.0,0.0,3.19367,0.0,0.0,0.0
nubase,pt169,169Pt,78,91,169,78169,0.0069900000000000006,0.0001,0.0001,0.0,0.0,0.0,100.0,0.0,0.0,0.0,0.0,0.0,0.0,0.0,0.0,0.0,0.0,0.0,-9999.0,-9999.0,-9999.0,-9999.0
nubase,pt168,168Pt,78,90,168,78168,0.00202,0.0001,0.0001,0.0,0.0,0.0,100.0,0.0,0.0,0.0,0.0,0.0,0.0,0.0,0.0,0.0,0.0,0.0,-9999.0,-9999.0,-9999.0,-9999.0
nubase,pt171,171Pt,78,93,171,78171,0.046,0.002,0.002,0.0,0.0,0.0,90.0,7.0,7.0,0.0,0.0,0.0,0.0,0.0,0.0,0.0,0.0,0.0,-9999.0,-9999.0,-9999.0,-9999.0
nubase,pt170,170Pt,78,92,170,78170,0.013900000000000001,0.0002,0.0002,0.0,0.0,0.0,100.0,0.0,0.0,0.0,0.0,0.0,0.0,0.0,0.0,0.0,0.0,0.0,-9999.0,-9999.0,-9999.0,-9999.0
nubase,pt173,173Pt,78,95,173,78173,0.374,0.007,0.007,0.0,0.0,0.0,84.0,6.0,6.0,0.0,0.0,0.0,0.0,0.0,0.0,0.0,0.0,0.0,-9999.0,-9999.0,-9999.0,-9999.0
nubase,pt172,172Pt,78,94,172,78172,0.09740000000000001,0.0012,0.0012,0.0,0.0,0.0,97.0,3.0,3.0,0.0,0.0,0.0,0.0,0.0,0.0,0.0,0.0,0.0,-9999.0,-9999.0,-9999.0,-9999.0
nubase,pt175,175Pt,78,97,175,78175,2.43,0.04,0.04,0.0,0.0,0.0,64.0,5.0,5.0,0.0,0.0,0.0,0.0,0.0,0.0,0.0,0.0,0.0,-9999.0,-9999.0,-9999.0,-9999.0
nubase,pt174,174Pt,78,96,174,78174,0.868,0.01,0.01,0.0,0.0,0.0,75.0,4.0,4.0,0.0,0.0,0.0,0.0,0.0,0.0,0.0,0.0,0.0,-9999.0,-9999.0,-9999.0,-9999.0
nubase,pt177,177Pt,78,99,177,78177,10.0,0.4,0.4,0.0,0.0,0.0,5.7,0.5,0.5,0.0,0.0,0.0,0.0,0.0,0.0,0.0,0.0,0.0,-9999.0,-9999.0,-9999.0,-9999.0
nubase,pt176,176Pt,78,98,176,78176,6.32,0.14,0.14,0.0,0.0,0.0,40.0,2.0,2.0,0.0,0.0,0.0,0.0,0.0,0.0,0.0,0.0,0.0,-9999.0,-9999.0,-9999.0,-9999.0
mix,zn69,69Zn,30,39,69,30069,3384.0,42.0,42.0,100.0,0.0,0.0,0.0,0.0,0.0,0.0,0.0,0.0,0.0,0.0,0.0,0.0,0.0,0.0,1056.73584,0.0,0.0,0.0
mix,cu82,82Cu,29,53,82,29082,0.033,0.006,0.007,100.0,0.0,0.0,0.0,0.0,0.0,0.0,0.0,0.0,0.0,0.0,0.0,0.0,0.0,0.0,0.06508,0.41,0.45,0.0
mix,cu81,81Cu,29,52,81,29081,0.0732,0.0068,0.0068,100.0,0.0,0.0,0.0,0.0,0.0,81.0,20.0,20.0,0.0,0.0,0.0,0.0,0.0,0.0,0.08867,0.8,0.06,0.0
mix,cu80,80Cu,29,51,80,29080,0.1133,0.0064,0.0064,100.0,0.0,0.0,0.0,0.0,0.0,58.0,9.0,9.0,0.0,0.0,0.0,0.0,0.0,0.0,0.08806,0.48,0.03,0.0
mix,cu79,79Cu,29,50,79,29079,0.241,0.0033,0.0033,100.0,0.0,0.0,0.0,0.0,0.0,66.0,10.0,10.0,0.0,0.0,0.0,0.0,0.0,0.0,0.20842,0.3,0.0,0.0
nubase,fr205,205Fr,87,118,205,87205,3.9,0.07,0.07,0.0,0.0,0.0,98.5,0.4,0.4,0.0,0.0,0.0,0.0,0.0,0.0,0.0,0.0,0.0,-9999.0,-9999.0,-9999.0,-9999.0
mix,pr159,159Pr,59,100,159,59159,0.134,0.043000000000000003,0.043000000000000003,100.0,0.0,0.0,0.0,0.0,0.0,0.0,0.0,0.0,0.0,0.0,0.0,0.0,0.0,0.0,0.09487,0.22,0.0,0.0
nubase,fr204,204Fr,87,117,204,87204,1.8,0.3,0.3,0.0,0.0,0.0,92.0,2.0,2.0,0.0,0.0,0.0,0.0,0.0,0.0,0.0,0.0,0.0,-9999.0,-9999.0,-9999.0,-9999.0
nubase,fr203,203Fr,87,116,203,87203,0.55,0.01,0.01,0.0,0.0,0.0,100.0,0.0,0.0,0.0,0.0,0.0,0.0,0.0,0.0,0.0,0.0,0.0,-9999.0,-9999.0,-9999.0,-9999.0
mix,pr160,160Pr,59,101,160,59160,0.17,0.14,0.14,100.0,0.0,0.0,0.0,0.0,0.0,0.0,0.0,0.0,0.0,0.0,0.0,0.0,0.0,0.0,0.08225,0.25,0.0,0.0
nubase,fr202,202Fr,87,115,202,87202,0.364,0.015,0.015,0.0,0.0,0.0,100.0,0.0,0.0,0.0,0.0,0.0,0.0,0.0,0.0,0.0,0.0,0.0,-9999.0,-9999.0,-9999.0,-9999.0
nubase,fr197,197Fr,87,110,197,87197,0.0006,0.0003,0.003,0.0,0.0,0.0,100.0,0.0,0.0,0.0,0.0,0.0,0.0,0.0,0.0,0.0,0.0,0.0,-9999.0,-9999.0,-9999.0,-9999.0
nubase,fr201,201Fr,87,114,201,87201,0.063,0.003,0.003,0.0,0.0,0.0,100.0,0.0,0.0,0.0,0.0,0.0,0.0,0.0,0.0,0.0,0.0,0.0,-9999.0,-9999.0,-9999.0,-9999.0
nubase,fr200,200Fr,87,113,200,87200,0.05,0.002,0.002,0.0,0.0,0.0,100.0,0.0,0.0,0.0,0.0,0.0,0.0,0.0,0.0,0.0,0.0,0.0,-9999.0,-9999.0,-9999.0,-9999.0
nubase,fr199,199Fr,87,112,199,87199,0.0045000000000000005,0.0013000000000000002,0.0031000000000000003,0.0,0.0,0.0,100.0,0.0,0.0,0.0,0.0,0.0,0.0,0.0,0.0,0.0,0.0,0.0,-9999.0,-9999.0,-9999.0,-9999.0
nubase,fr198,198Fr,87,111,198,87198,0.015,0.003,0.003,0.0,0.0,0.0,100.0,0.0,0.0,0.0,0.0,0.0,0.0,0.0,0.0,0.0,0.0,0.0,-9999.0,-9999.0,-9999.0,-9999.0
nubase,ts293,293Ts,117,176,293,117293,0.021,0.004,0.007,0.0,0.0,0.0,100.0,0.0,0.0,0.0,0.0,0.0,0.0,0.0,0.0,0.0,0.0,0.0,-9999.0,-9999.0,-9999.0,-9999.0
nubase,ts294,294Ts,117,177,294,117294,0.051000000000000004,0.016,0.038,0.0,0.0,0.0,100.0,0.0,0.0,0.0,0.0,0.0,0.0,0.0,0.0,0.0,0.0,0.0,-9999.0,-9999.0,-9999.0,-9999.0
nubase,xe111,111Xe,54,57,111,54111,0.74,0.2,0.2,0.0,0.0,0.0,10.4,1.9,1.9,0.0,0.0,0.0,0.0,0.0,0.0,0.0,0.0,0.0,-9999.0,-9999.0,-9999.0,-9999.0
nubase,xe110,110Xe,54,56,110,54110,0.093,0.003,0.003,0.0,0.0,0.0,64.0,35.0,35.0,0.0,0.0,0.0,0.0,0.0,0.0,0.0,0.0,0.0,-9999.0,-9999.0,-9999.0,-9999.0
nubase,xe109,109Xe,54,55,109,54109,0.013000000000000001,0.002,0.002,0.0,0.0,0.0,100.0,0.0,0.0,0.0,0.0,0.0,0.0,0.0,0.0,0.0,0.0,0.0,-9999.0,-9999.0,-9999.0,-9999.0
nubase,xe108,108Xe,54,54,108,54108,0.058,0.023,0.106,0.0,0.0,0.0,100.0,0.0,0.0,0.0,0.0,0.0,0.0,0.0,0.0,0.0,0.0,0.0,-9999.0,-9999.0,-9999.0,-9999.0
nubase,xe112,112Xe,54,58,112,54112,2.7,0.8,0.8,0.0,0.0,0.0,0.8,0.5,1.1,0.0,0.0,0.0,0.0,0.0,0.0,0.0,0.0,0.0,-9999.0,-9999.0,-9999.0,-9999.0
mix,pr144,144Pr,59,85,144,59144,1036.8000000000002,1.7999999999999998,1.7999999999999998,100.0,0.0,0.0,0.0,0.0,0.0,0.0,0.0,0.0,0.0,0.0,0.0,0.0,0.0,0.0,7.551,0.0,0.0,0.0
mix,pr143,143Pr,59,84,143,59143,1172448.0,1728.0,1728.0,100.0,0.0,0.0,0.0,0.0,0.0,0.0,0.0,0.0,0.0,0.0,0.0,0.0,0.0,0.0,47619.76953,0.0,0.0,0.0
mix,pr146,146Pr,59,87,146,59146,1445.4,6.0,6.0,100.0,0.0,0.0,0.0,0.0,0.0,0.0,0.0,0.0,0.0,0.0,0.0,0.0,0.0,0.0,4.06356,0.0,0.0,0.0
mix,pr145,145Pr,59,86,145,59145,21535.2,32.4,32.4,100.0,0.0,0.0,0.0,0.0,0.0,0.0,0.0,0.0,0.0,0.0,0.0,0.0,0.0,0.0,3132.90259,0.0,0.0,0.0
mix,pr142,142Pr,59,83,142,59142,68832.0,144.0,144.0,99.9836,0.0008,0.0008,0.0,0.0,0.0,0.0,0.0,0.0,0.0,0.0,0.0,0.0,0.0,0.0,4178.0293,0.0,0.0,0.0
mix,pr148,148Pr,59,89,148,59148,137.4,1.2,1.2,100.0,0.0,0.0,0.0,0.0,0.0,0.0,0.0,0.0,0.0,0.0,0.0,0.0,0.0,0.0,8.14086,0.0,0.0,0.0
mix,pr147,147Pr,59,88,147,59147,801.0,6.0,6.0,100.0,0.0,0.0,0.0,0.0,0.0,0.0,0.0,0.0,0.0,0.0,0.0,0.0,0.0,0.0,12.12302,0.0,0.0,0.0
mix,pr149,149Pr,59,90,149,59149,135.6,4.2,4.2,100.0,0.0,0.0,0.0,0.0,0.0,0.0,0.0,0.0,0.0,0.0,0.0,0.0,0.0,0.0,5.6136,0.0,0.0,0.0
mix,pr155,155Pr,59,96,155,59155,1.47,0.03,0.03,100.0,0.0,0.0,0.0,0.0,0.0,0.0,0.0,0.0,0.0,0.0,0.0,0.0,0.0,0.0,0.33744,0.01,0.0,0.0
mix,pr154,154Pr,59,95,154,59154,2.3,0.09,0.09,100.0,0.0,0.0,0.0,0.0,0.0,0.0,0.0,0.0,0.0,0.0,0.0,0.0,0.0,0.0,0.7408,0.0,0.0,0.0
nubase,nd144,144Nd,60,84,144,60144,7.2186468225e+22,5.005156281115344e+21,5.005156281115344e+21,0.0,0.0,0.0,100.0,0.0,0.0,0.0,0.0,0.0,0.0,0.0,0.0,0.0,0.0,0.0,-9999.0,-9999.0,-9999.0,-9999.0
mix,pr157,157Pr,59,98,157,59157,0.295,0.011,0.029,100.0,0.0,0.0,0.0,0.0,0.0,0.0,0.0,0.0,0.0,0.0,0.0,0.0,0.0,0.0,0.1596,0.09,0.0,0.0
mix,pr156,156Pr,59,97,156,59156,0.444,0.006,0.006,100.0,0.0,0.0,0.0,0.0,0.0,0.0,0.0,0.0,0.0,0.0,0.0,0.0,0.0,0.0,0.14267,0.02,0.0,0.0
mix,pr151,151Pr,59,92,151,59151,18.9,0.07,0.07,100.0,0.0,0.0,0.0,0.0,0.0,0.0,0.0,0.0,0.0,0.0,0.0,0.0,0.0,0.0,2.43334,0.0,0.0,0.0
mix,pr150,150Pr,59,91,150,59150,6.19,0.16,0.16,100.0,0.0,0.0,0.0,0.0,0.0,0.0,0.0,0.0,0.0,0.0,0.0,0.0,0.0,0.0,4.48239,0.0,0.0,0.0
mix,pr153,153Pr,59,94,153,59153,4.29,0.07,0.07,100.0,0.0,0.0,0.0,0.0,0.0,0.0,0.0,0.0,0.0,0.0,0.0,0.0,0.0,0.0,0.7905,0.0,0.0,0.0
mix,pr152,152Pr,59,93,152,59152,3.57,0.18,0.18,100.0,0.0,0.0,0.0,0.0,0.0,0.0,0.0,0.0,0.0,0.0,0.0,0.0,0.0,0.0,1.29697,0.0,0.0,0.0
mix,pr158,158Pr,59,99,158,59158,0.181,0.014,0.014,100.0,0.0,0.0,0.0,0.0,0.0,0.0,0.0,0.0,0.0,0.0,0.0,0.0,0.0,0.0,0.12635,0.12,0.0,0.0
mix,yb180,180Yb,70,110,180,70180,144.0,30.0,30.0,100.0,0.0,0.0,0.0,0.0,0.0,0.0,0.0,0.0,0.0,0.0,0.0,0.0,0.0,0.0,387.29581,0.0,0.0,0.0
mix,ag132,132Ag,47,85,132,47132,0.028,0.012,0.015,100.0,0.0,0.0,0.0,0.0,0.0,0.0,0.0,0.0,0.0,0.0,0.0,0.0,0.0,0.0,0.02773,0.27,0.68,0.0
mix,yb175,175Yb,70,105,175,70175,359553.60000000003,259.2,259.2,100.0,0.0,0.0,0.0,0.0,0.0,0.0,0.0,0.0,0.0,0.0,0.0,0.0,0.0,0.0,3166.05933,0.0,0.0,0.0
mix,ag130,130Ag,47,83,130,47130,0.041,0.004,0.004,100.0,0.0,0.0,0.0,0.0,0.0,0.0,0.0,0.0,0.0,0.0,0.0,0.0,0.0,0.0,0.02591,0.41,0.01,0.0
mix,ag131,131Ag,47,84,131,47131,0.035,0.008,0.008,100.0,0.0,0.0,0.0,0.0,0.0,0.0,0.0,0.0,0.0,0.0,0.0,0.0,0.0,0.0,0.03265,0.92,0.05,0.0
mix,ag128,128Ag,47,81,128,47128,0.06659999999999999,0.0024,0.0024,100.0,0.0,0.0,0.0,0.0,0.0,9.3,0.5,0.5,0.0,0.0,0.0,0.0,0.0,0.0,0.05497,0.09,0.0,0.0
mix,yb179,179Yb,70,109,179,70179,480.0,24.0,24.0,100.0,0.0,0.0,0.0,0.0,0.0,0.0,0.0,0.0,0.0,0.0,0.0,0.0,0.0,0.0,447.77307,0.0,0.0,0.0
mix,ag129,129Ag,47,82,129,47129,0.052000000000000005,0.002,0.002,100.0,0.0,0.0,0.0,0.0,0.0,17.9,1.4,1.4,0.0,0.0,0.0,0.0,0.0,0.0,0.03389,0.1,0.0,0.0
mix,yb178,178Yb,70,108,178,70178,4440.0,180.0,180.0,100.0,0.0,0.0,0.0,0.0,0.0,0.0,0.0,0.0,0.0,0.0,0.0,0.0,0.0,0.0,26592.71289,0.0,0.0,0.0
mix,yb177,177Yb,70,107,177,70177,6879.6,10.8,10.8,100.0,0.0,0.0,0.0,0.0,0.0,0.0,0.0,0.0,0.0,0.0,0.0,0.0,0.0,0.0,10648.39746,0.0,0.0,0.0
mix,ag127,127Ag,47,80,127,47127,0.0891,0.0009000000000000001,0.0009000000000000001,100.0,0.0,0.0,0.0,0.0,0.0,5.5,0.2,0.2,0.0,0.0,0.0,0.0,0.0,0.0,0.07444,0.07,0.0,0.0
mix,nd149,149Nd,60,89,149,60149,6220.8,7.2,7.2,100.0,0.0,0.0,0.0,0.0,0.0,0.0,0.0,0.0,0.0,0.0,0.0,0.0,0.0,0.0,4447.77295,0.0,0.0,0.0
mix,nd147,147Nd,60,87,147,60147,960767.9999999999,6048.000000000001,6048.000000000001,100.0,0.0,0.0,0.0,0.0,0.0,0.0,0.0,0.0,0.0,0.0,0.0,0.0,0.0,0.0,1157.64978,0.0,0.0,0.0
mix,nd156,156Nd,60,96,156,60156,5.27,0.23,0.23,100.0,0.0,0.0,0.0,0.0,0.0,0.0,0.0,0.0,0.0,0.0,0.0,0.0,0.0,0.0,5.75198,0.0,0.0,0.0
mix,nd155,155Nd,60,95,155,60155,8.9,0.2,0.2,100.0,0.0,0.0,0.0,0.0,0.0,0.0,0.0,0.0,0.0,0.0,0.0,0.0,0.0,0.0,15.25774,0.0,0.0,0.0
nubase,c14,14C,6,8,14,6014,179432681236.0,694252372.0,694252372.0,100.0,0.0,0.0,0.0,0.0,0.0,0.0,0.0,0.0,0.0,0.0,0.0,0.0,0.0,0.0,-9999.0,-9999.0,-9999.0,-9999.0
mix,nd154,154Nd,60,94,154,60154,25.9,0.2,0.2,100.0,0.0,0.0,0.0,0.0,0.0,0.0,0.0,0.0,0.0,0.0,0.0,0.0,0.0,0.0,27.65118,0.0,0.0,0.0
nubase,c15,15C,6,9,15,6015,2.451,0.004,0.004,100.0,0.0,0.0,0.0,0.0,0.0,0.0,0.0,0.0,0.0,0.0,0.0,0.0,0.0,0.0,-9999.0,-9999.0,-9999.0,-9999.0
mix,nd153,153Nd,60,93,153,60153,31.6,1.0,1.0,100.0,0.0,0.0,0.0,0.0,0.0,0.0,0.0,0.0,0.0,0.0,0.0,0.0,0.0,0.0,11.74014,0.0,0.0,0.0
mix,nd152,152Nd,60,92,152,60152,684.0,12.0,12.0,100.0,0.0,0.0,0.0,0.0,0.0,0.0,0.0,0.0,0.0,0.0,0.0,0.0,0.0,0.0,1344.45874,0.0,0.0,0.0
mix,nd151,151Nd,60,91,151,60151,746.4,4.2,4.2,100.0,0.0,0.0,0.0,0.0,0.0,0.0,0.0,0.0,0.0,0.0,0.0,0.0,0.0,0.0,912.60089,0.0,0.0,0.0
mix,ag121,121Ag,47,74,121,47121,0.781,0.015,0.015,100.0,0.0,0.0,0.0,0.0,0.0,0.08,0.013,0.013,0.0,0.0,0.0,0.0,0.0,0.0,0.39393,0.0,0.0,0.0
mix,ag122,122Ag,47,75,122,47122,0.55,0.05,0.05,100.0,0.0,0.0,0.0,0.0,0.0,0.186,0.006,0.006,0.0,0.0,0.0,0.0,0.0,0.0,0.17951,0.0,0.0,0.0
mix,ag119,119Ag,47,72,119,47119,6.0,0.5,0.5,100.0,0.0,0.0,0.0,0.0,0.0,0.0,0.0,0.0,0.0,0.0,0.0,0.0,0.0,0.0,0.92029,0.0,0.0,0.0
mix,ag120,120Ag,47,73,120,47120,1.52,0.07,0.07,100.0,0.0,0.0,0.0,0.0,0.0,0.0,0.0,0.0,0.0,0.0,0.0,0.0,0.0,0.0,0.19797,0.0,0.0,0.0
mix,ag117,117Ag,47,70,117,47117,72.8,0.7,2.0,100.0,0.0,0.0,0.0,0.0,0.0,0.0,0.0,0.0,0.0,0.0,0.0,0.0,0.0,0.0,2.52613,0.0,0.0,0.0
mix,ag118,118Ag,47,71,118,47118,3.87,0.09,0.09,100.0,0.0,0.0,0.0,0.0,0.0,0.0,0.0,0.0,0.0,0.0,0.0,0.0,0.0,0.0,1.05134,0.0,0.0,0.0
mix,ag125,125Ag,47,78,125,47125,0.176,0.003,0.003,100.0,0.0,0.0,0.0,0.0,0.0,1.1,0.2,0.2,0.0,0.0,0.0,0.0,0.0,0.0,0.10737,0.04,0.0,0.0
mix,ag126,126Ag,47,79,126,47126,0.052000000000000005,0.01,0.01,100.0,0.0,0.0,0.0,0.0,0.0,3.8,0.2,0.2,0.0,0.0,0.0,0.0,0.0,0.0,0.09176,0.04,0.0,0.0
mix,nd159,159Nd,60,99,159,60159,0.485,0.02,0.039,100.0,0.0,0.0,0.0,0.0,0.0,0.0,0.0,0.0,0.0,0.0,0.0,0.0,0.0,0.0,0.75845,0.0,0.0,0.0
mix,ag123,123Ag,47,76,123,47123,0.3,0.008,0.008,100.0,0.0,0.0,0.0,0.0,0.0,0.79,0.12,0.12,0.0,0.0,0.0,0.0,0.0,0.0,1.98731,0.07,0.0,0.0
mix,nd158,158Nd,60,98,158,60158,0.8200000000000001,0.036000000000000004,0.015,100.0,0.0,0.0,0.0,0.0,0.0,0.0,0.0,0.0,0.0,0.0,0.0,0.0,0.0,0.0,1.32072,0.0,0.0,0.0
mix,ag124,124Ag,47,77,124,47124,0.182,0.004,0.004,100.0,0.0,0.0,0.0,0.0,0.0,1.7,0.7,0.7,0.0,0.0,0.0,0.0,0.0,0.0,0.97554,0.1,0.0,0.0
mix,nd157,157Nd,60,97,157,60157,1.16,0.02,0.02,100.0,0.0,0.0,0.0,0.0,0.0,0.0,0.0,0.0,0.0,0.0,0.0,0.0,0.0,0.0,0.51859,0.0,0.0,0.0
nubase,hf161,161Hf,72,89,161,72161,18.4,0.4,0.4,0.0,0.0,0.0,0.3,0.05,0.05,0.0,0.0,0.0,0.0,0.0,0.0,0.0,0.0,0.0,-9999.0,-9999.0,-9999.0,-9999.0
nubase,hf159,159Hf,72,87,159,72159,5.2,0.1,0.1,0.0,0.0,0.0,12.0,1.0,1.0,0.0,0.0,0.0,0.0,0.0,0.0,0.0,0.0,0.0,-9999.0,-9999.0,-9999.0,-9999.0
nubase,hf160,160Hf,72,88,160,72160,13.6,0.2,0.2,0.0,0.0,0.0,0.7,0.2,0.2,0.0,0.0,0.0,0.0,0.0,0.0,0.0,0.0,0.0,-9999.0,-9999.0,-9999.0,-9999.0
mix,ag110,110Ag,47,63,110,47110,24.56,0.11,0.11,99.7,0.06,0.06,0.0,0.0,0.0,0.0,0.0,0.0,0.0,0.0,0.0,0.0,0.0,0.0,971.5741,0.0,0.0,0.0
nubase,hf157,157Hf,72,85,157,72157,0.115,0.001,0.001,0.0,0.0,0.0,94.0,4.0,4.0,0.0,0.0,0.0,0.0,0.0,0.0,0.0,0.0,0.0,-9999.0,-9999.0,-9999.0,-9999.0
mix,ag111,111Ag,47,64,111,47111,641174.4,864.0,864.0,100.0,0.0,0.0,0.0,0.0,0.0,0.0,0.0,0.0,0.0,0.0,0.0,0.0,0.0,0.0,475.56299,0.0,0.0,0.0
nubase,hf158,158Hf,72,86,158,72158,2.9,0.2,0.2,0.0,0.0,0.0,44.3,1.9,1.9,0.0,0.0,0.0,0.0,0.0,0.0,0.0,0.0,0.0,-9999.0,-9999.0,-9999.0,-9999.0
mix,ag108,108Ag,47,61,108,47108,143.4,0.6,0.6,97.15,0.2,0.2,0.0,0.0,0.0,0.0,0.0,0.0,0.0,0.0,0.0,0.0,0.0,0.0,24161.46484,0.0,0.0,0.0
nubase,hf156,156Hf,72,84,156,72156,0.023,0.001,0.001,0.0,0.0,0.0,100.0,0.0,0.0,0.0,0.0,0.0,0.0,0.0,0.0,0.0,0.0,0.0,-9999.0,-9999.0,-9999.0,-9999.0
mix,ag116,116Ag,47,69,116,47116,229.8,4.8,4.8,100.0,0.0,0.0,0.0,0.0,0.0,0.0,0.0,0.0,0.0,0.0,0.0,0.0,0.0,0.0,2.36529,0.0,0.0,0.0
mix,ag114,114Ag,47,67,114,47114,4.59,0.1,0.1,100.0,0.0,0.0,0.0,0.0,0.0,0.0,0.0,0.0,0.0,0.0,0.0,0.0,0.0,0.0,9.07987,0.0,0.0,0.0
mix,ag115,115Ag,47,68,115,47115,1200.0,30.0,30.0,100.0,0.0,0.0,0.0,0.0,0.0,0.0,0.0,0.0,0.0,0.0,0.0,0.0,0.0,0.0,6.4861,0.0,0.0,0.0
mix,ag112,112Ag,47,65,112,47112,11340.0,36.0,36.0,100.0,0.0,0.0,0.0,0.0,0.0,0.0,0.0,0.0,0.0,0.0,0.0,0.0,0.0,0.0,7.87128,0.0,0.0,0.0
mix,ag113,113Ag,47,66,113,47113,19332.0,180.0,180.0,100.0,0.0,0.0,0.0,0.0,0.0,0.0,0.0,0.0,0.0,0.0,0.0,0.0,0.0,0.0,45.25544,0.0,0.0,0.0
nubase,hf162,162Hf,72,90,162,72162,38.7,1.1,1.1,0.0,0.0,0.0,0.008,0.001,0.001,0.0,0.0,0.0,0.0,0.0,0.0,0.0,0.0,0.0,-9999.0,-9999.0,-9999.0,-9999.0
nubase,ag106,106Ag,47,59,106,47106,1437.6000000000001,2.4,2.4,1.0,0.0,0.0,0.0,0.0,0.0,0.0,0.0,0.0,0.0,0.0,0.0,0.0,0.0,0.0,-9999.0,-9999.0,-9999.0,-9999.0
mix,br87,87Br,35,52,87,35087,55.68,0.12,0.12,100.0,0.0,0.0,0.0,0.0,0.0,2.6,0.04,0.04,0.0,0.0,0.0,0.0,0.0,0.0,6.54251,0.0,0.0,0.0
mix,br86,86Br,35,51,86,35086,55.1,0.4,0.4,100.0,0.0,0.0,0.0,0.0,0.0,0.0,0.0,0.0,0.0,0.0,0.0,0.0,0.0,0.0,9.69094,0.0,0.0,0.0
mix,br85,85Br,35,50,85,35085,176.4,3.5999999999999996,3.5999999999999996,100.0,0.0,0.0,0.0,0.0,0.0,0.0,0.0,0.0,0.0,0.0,0.0,0.0,0.0,0.0,2318.25806,0.0,0.0,0.0
mix,br94,94Br,35,59,94,35094,0.07,0.02,0.02,100.0,0.0,0.0,0.0,0.0,0.0,30.0,10.0,10.0,0.0,0.0,0.0,0.0,0.0,0.0,0.1084,0.54,0.01,0.0
mix,br93,93Br,35,58,93,35093,0.152,0.008,0.008,100.0,0.0,0.0,0.0,0.0,0.0,64.0,7.0,7.0,0.0,0.0,0.0,0.0,0.0,0.0,0.04028,0.27,0.0,0.0
mix,br92,92Br,35,57,92,35092,0.34400000000000003,0.015,0.015,100.0,0.0,0.0,0.0,0.0,0.0,33.1,2.5,2.5,0.0,0.0,0.0,0.0,0.0,0.0,0.03378,0.11,0.0,0.0
mix,br91,91Br,35,56,91,35091,0.544,0.01,0.01,100.0,0.0,0.0,0.0,0.0,0.0,29.8,0.8,0.8,0.0,0.0,0.0,0.0,0.0,0.0,0.05127,0.09,0.0,0.0
mix,br90,90Br,35,55,90,35090,1.91,0.01,0.01,100.0,0.0,0.0,0.0,0.0,0.0,25.3,0.9,0.9,0.0,0.0,0.0,0.0,0.0,0.0,0.1059,0.03,0.0,0.0
mix,br89,89Br,35,54,89,35089,4.348,0.022,0.022,100.0,0.0,0.0,0.0,0.0,0.0,13.5,0.5,0.5,0.0,0.0,0.0,0.0,0.0,0.0,0.1771,0.01,0.0,0.0
mix,br88,88Br,35,53,88,35088,16.34,0.08,0.08,100.0,0.0,0.0,0.0,0.0,0.0,6.62,0.2,0.2,0.0,0.0,0.0,0.0,0.0,0.0,1.39905,0.01,0.0,0.0
mix,br84,84Br,35,49,84,35084,1905.6000000000001,4.2,4.2,100.0,0.0,0.0,0.0,0.0,0.0,0.0,0.0,0.0,0.0,0.0,0.0,0.0,0.0,0.0,338.10089,0.0,0.0,0.0
mix,br83,83Br,35,48,83,35083,8546.4,14.4,14.4,100.0,0.0,0.0,0.0,0.0,0.0,0.0,0.0,0.0,0.0,0.0,0.0,0.0,0.0,0.0,664109.625,0.0,0.0,0.0
mix,br82,82Br,35,47,82,35082,127022.4,25.2,25.2,100.0,0.0,0.0,0.0,0.0,0.0,0.0,0.0,0.0,0.0,0.0,0.0,0.0,0.0,0.0,4709.22217,0.0,0.0,0.0
mix,br80,80Br,35,45,80,35080,1060.8,1.2,1.2,91.7,0.2,0.2,0.0,0.0,0.0,0.0,0.0,0.0,0.0,0.0,0.0,0.0,0.0,0.0,69046.72656,0.0,0.0,0.0
nubase,br78,78Br,35,43,78,35078,387.0,1.7999999999999998,1.7999999999999998,0.01,0.0,0.0,0.0,0.0,0.0,0.0,0.0,0.0,0.0,0.0,0.0,0.0,0.0,0.0,-9999.0,-9999.0,-9999.0,-9999.0
mix,pm165,165Pm,61,104,165,61165,0.297,0.101,0.111,100.0,0.0,0.0,0.0,0.0,0.0,13.3,6.2,6.2,0.0,0.0,0.0,0.0,0.0,0.0,0.10645,0.27,0.0,0.0
mix,pm161,161Pm,61,100,161,61161,0.73,0.033,0.043000000000000003,100.0,0.0,0.0,0.0,0.0,0.0,1.09,0.11,0.11,0.0,0.0,0.0,0.0,0.0,0.0,0.30143,0.01,0.0,0.0
mix,pm162,162Pm,61,101,162,61162,0.47400000000000003,0.023,0.037,100.0,0.0,0.0,0.0,0.0,0.0,1.79,0.19,0.19,0.0,0.0,0.0,0.0,0.0,0.0,0.24244,0.01,0.0,0.0
mix,pm163,163Pm,61,102,163,61163,0.363,0.03,0.042,100.0,0.0,0.0,0.0,0.0,0.0,5.0,0.74,0.74,0.0,0.0,0.0,0.0,0.0,0.0,0.1766,0.06,0.0,0.0
mix,pm164,164Pm,61,103,164,61164,0.28,0.033,0.038,100.0,0.0,0.0,0.0,0.0,0.0,6.2,1.8,1.8,0.0,0.0,0.0,0.0,0.0,0.0,0.11625,0.09,0.0,0.0
nubase,es246,246Es,99,147,246,99246,450.0,30.0,30.0,0.0,0.0,0.0,9.9,1.8,1.8,0.0,0.0,0.0,0.0,0.0,0.0,0.0,0.0,0.0,-9999.0,-9999.0,-9999.0,-9999.0
nubase,es247,247Es,99,148,247,99247,273.0,15.600000000000001,15.600000000000001,0.0,0.0,0.0,7.0,0.0,0.0,0.0,0.0,0.0,0.0,0.0,0.0,0.0,0.0,0.0,-9999.0,-9999.0,-9999.0,-9999.0
nubase,es248,248Es,99,149,248,99248,1440.0,120.0,120.0,0.0,0.0,0.0,0.3,0.0,0.0,0.0,0.0,0.0,0.0,0.0,0.0,0.0,0.0,0.0,-9999.0,-9999.0,-9999.0,-9999.0
nubase,es242,242Es,99,143,242,99242,17.8,1.6,1.6,0.0,0.0,0.0,57.0,3.0,3.0,0.0,0.0,0.0,0.0,0.0,0.0,0.0,0.0,0.0,-9999.0,-9999.0,-9999.0,-9999.0
nubase,es243,243Es,99,144,243,99243,22.0,1.0,1.0,0.0,0.0,0.0,61.0,6.0,6.0,0.0,0.0,0.0,0.0,0.0,0.0,0.0,0.0,0.0,-9999.0,-9999.0,-9999.0,-9999.0
nubase,es244,244Es,99,145,244,99244,37.0,4.0,4.0,0.0,0.0,0.0,4.0,2.0,3.0,0.0,0.0,0.0,0.0,0.0,0.0,0.0,0.0,0.0,-9999.0,-9999.0,-9999.0,-9999.0
nubase,es245,245Es,99,146,245,99245,67.2,3.5999999999999996,3.5999999999999996,0.0,0.0,0.0,54.0,7.0,7.0,0.0,0.0,0.0,0.0,0.0,0.0,0.0,0.0,0.0,-9999.0,-9999.0,-9999.0,-9999.0
nubase,es240,240Es,99,141,240,99240,6.7,1.3,1.3,0.0,0.0,0.0,70.0,10.0,10.0,0.0,0.0,0.0,0.0,0.0,0.0,0.0,0.0,0.0,-9999.0,-9999.0,-9999.0,-9999.0
mix,bi218,218Bi,83,135,218,83218,33.0,1.0,1.0,100.0,0.0,0.0,0.0,0.0,0.0,0.0,0.0,0.0,0.0,0.0,0.0,0.0,0.0,0.0,3.79184,0.0,0.0,0.0
mix,bi219,219Bi,83,136,219,83219,8.7,2.9,2.9,100.0,0.0,0.0,0.0,0.0,0.0,0.0,0.0,0.0,0.0,0.0,0.0,0.0,0.0,0.0,27.14983,0.0,0.0,0.0
mix,bi216,216Bi,83,133,216,83216,135.0,3.0,3.0,100.0,0.0,0.0,0.0,0.0,0.0,0.0,0.0,0.0,0.0,0.0,0.0,0.0,0.0,0.0,139.53589,0.0,0.0,0.0
mix,bi217,217Bi,83,134,217,83217,98.5,1.3,1.3,100.0,0.0,0.0,0.0,0.0,0.0,0.0,0.0,0.0,0.0,0.0,0.0,0.0,0.0,0.0,276.11768,0.0,0.0,0.0
mix,bi220,220Bi,83,137,220,83220,9.5,5.7,5.7,100.0,0.0,0.0,0.0,0.0,0.0,0.0,0.0,0.0,0.0,0.0,0.0,0.0,0.0,0.0,15.2532,0.0,0.0,0.0
mix,bi214,214Bi,83,131,214,83214,1182.6000000000001,1.2,1.2,99.979,0.0013,0.0013,0.021,0.0013,0.0013,0.0,0.0,0.0,0.0,0.0,0.0,0.0,0.0,0.0,888.12909,0.0,0.0,0.0
mix,bi215,215Bi,83,132,215,83215,456.0,12.0,12.0,100.0,0.0,0.0,0.0,0.0,0.0,0.0,0.0,0.0,0.0,0.0,0.0,0.0,0.0,0.0,1243.33411,0.0,0.0,0.0
mix,bi213,213Bi,83,130,213,83213,2736.42,2.28,2.28,97.872,0.022,0.022,2.128,0.022,0.022,0.0,0.0,0.0,0.0,0.0,0.0,0.0,0.0,0.0,7480.06494,0.0,0.0,0.0
mix,bi211,211Bi,83,128,211,83211,128.4,1.7999999999999998,1.7999999999999998,0.276,0.004,0.004,99.724,0.004,0.004,0.0,0.0,0.0,0.0,0.0,0.0,0.0,0.0,0.0,327006.375,0.0,0.0,0.0
mix,es257,257Es,99,158,257,99257,665280.0,17280.0,17280.0,100.0,0.0,0.0,0.0,0.0,0.0,0.0,0.0,0.0,0.0,0.0,0.0,0.0,0.0,0.0,2770.51904,0.0,0.0,0.0
mix,bi212,212Bi,83,129,212,83212,3633.06,3.54,3.54,64.06,0.06,0.06,35.94,0.06,0.06,0.0,0.0,0.0,0.0,0.0,0.0,0.0,0.0,0.0,4838.93359,0.0,0.0,0.0
nubase,bi209,209Bi,83,126,209,83209,6.342942126e+26,2.52455408e+25,2.52455408e+25,0.0,0.0,0.0,100.0,0.0,0.0,0.0,0.0,0.0,0.0,0.0,0.0,0.0,0.0,0.0,-9999.0,-9999.0,-9999.0,-9999.0
mix,bi210,210Bi,83,127,210,83210,433036.8,432.0,432.0,99.999868,1e-05,1e-05,0.000132,1e-05,1e-05,0.0,0.0,0.0,0.0,0.0,0.0,0.0,0.0,0.0,66162.24219,0.0,0.0,0.0
nubase,es253,253Es,99,154,253,99253,1768262.4000000001,1987.2,1987.2,0.0,0.0,0.0,100.0,0.0,0.0,0.0,0.0,0.0,0.0,0.0,0.0,0.0,0.0,0.0,-9999.0,-9999.0,-9999.0,-9999.0
mix,es254,254Es,99,155,254,99254,23820480.0,43200.0,43200.0,0.000174,8e-06,8e-06,100.0,0.0,0.0,0.0,0.0,0.0,0.0,0.0,0.0,0.0,0.0,0.0,54333.28516,0.0,0.0,0.0
mix,es255,255Es,99,156,255,99255,3438719.9999999995,103680.0,103680.0,92.0,0.4,0.4,8.0,0.4,0.4,0.0,0.0,0.0,0.0,0.0,0.0,0.0,0.0,0.0,2969780.0,0.0,0.0,0.0
mix,es256,256Es,99,157,256,99256,1524.0,72.0,72.0,100.0,0.0,0.0,0.0,0.0,0.0,0.0,0.0,0.0,0.0,0.0,0.0,0.0,0.0,0.0,5552.61426,0.0,0.0,0.0
nubase,es249,249Es,99,150,249,99249,6132.0,36.0,36.0,0.0,0.0,0.0,0.57,0.08,0.08,0.0,0.0,0.0,0.0,0.0,0.0,0.0,0.0,0.0,-9999.0,-9999.0,-9999.0,-9999.0
nubase,es250,250Es,99,151,250,99250,30600.0,360.0,360.0,0.0,0.0,0.0,3.0,0.0,0.0,0.0,0.0,0.0,0.0,0.0,0.0,0.0,0.0,0.0,-9999.0,-9999.0,-9999.0,-9999.0
nubase,es251,251Es,99,152,251,99251,118800.0,3600.0,3600.0,0.0,0.0,0.0,0.5,0.2,0.2,0.0,0.0,0.0,0.0,0.0,0.0,0.0,0.0,0.0,-9999.0,-9999.0,-9999.0,-9999.0
mix,es252,252Es,99,153,252,99252,40754880.0,164160.0,164160.0,0.0,0.0,0.0,78.0,2.0,2.0,0.0,0.0,0.0,0.0,0.0,0.0,0.0,0.0,0.0,1612271.5,0.0,0.0,0.0
nubase,cn277,277Cn,112,165,277,112277,0.00061,0.00017999999999999998,0.00046,0.0,0.0,0.0,100.0,0.0,0.0,0.0,0.0,0.0,0.0,0.0,0.0,0.0,0.0,0.0,-9999.0,-9999.0,-9999.0,-9999.0
nubase,cn281,281Cn,112,169,281,112281,0.18,0.05,0.1,0.0,0.0,0.0,100.0,0.0,0.0,0.0,0.0,0.0,0.0,0.0,0.0,0.0,0.0,0.0,-9999.0,-9999.0,-9999.0,-9999.0
mix,tb166,166Tb,65,101,166,65166,27.1,1.5,1.5,100.0,0.0,0.0,0.0,0.0,0.0,0.0,0.0,0.0,0.0,0.0,0.0,0.0,0.0,0.0,117.36355,0.0,0.0,0.0
mix,tb165,165Tb,65,100,165,65165,126.6,6.0,6.0,100.0,0.0,0.0,0.0,0.0,0.0,0.0,0.0,0.0,0.0,0.0,0.0,0.0,0.0,0.0,343.97903,0.0,0.0,0.0
mix,tb168,168Tb,65,103,168,65168,9.4,0.4,0.4,100.0,0.0,0.0,0.0,0.0,0.0,0.0,0.0,0.0,0.0,0.0,0.0,0.0,0.0,0.0,9.47233,0.0,0.0,0.0
mix,tb167,167Tb,65,102,167,65167,18.9,1.6,1.6,100.0,0.0,0.0,0.0,0.0,0.0,0.0,0.0,0.0,0.0,0.0,0.0,0.0,0.0,0.0,60.85462,0.0,0.0,0.0
mix,tb170,170Tb,65,105,170,65170,0.96,0.08,0.08,100.0,0.0,0.0,0.0,0.0,0.0,0.0,0.0,0.0,0.0,0.0,0.0,0.0,0.0,0.0,0.6753,0.0,0.0,0.0
mix,tb169,169Tb,65,104,169,65169,5.13,0.32,0.32,100.0,0.0,0.0,0.0,0.0,0.0,0.0,0.0,0.0,0.0,0.0,0.0,0.0,0.0,0.0,12.13007,0.0,0.0,0.0
mix,tb172,172Tb,65,107,172,65172,0.76,0.19,0.19,100.0,0.0,0.0,0.0,0.0,0.0,0.0,0.0,0.0,0.0,0.0,0.0,0.0,0.0,0.0,1.46036,0.04,0.0,0.0
mix,tb171,171Tb,65,106,171,65171,1.24,0.1,0.09,100.0,0.0,0.0,0.0,0.0,0.0,0.0,0.0,0.0,0.0,0.0,0.0,0.0,0.0,0.0,2.149,0.03,0.0,0.0
nubase,cn286,286Cn,112,174,286,112286,660.0,300.0,3060.0,0.0,0.0,0.0,100.0,0.0,0.0,0.0,0.0,0.0,0.0,0.0,0.0,0.0,0.0,0.0,-9999.0,-9999.0,-9999.0,-9999.0
nubase,cn282,282Cn,112,170,282,112282,0.00098,0.0002,0.00033,0.0,0.0,0.0,7.0,0.0,0.0,0.0,0.0,0.0,0.0,0.0,0.0,0.0,0.0,0.0,-9999.0,-9999.0,-9999.0,-9999.0
nubase,cn283,283Cn,112,171,283,112283,4.6,0.7,1.0,0.0,0.0,0.0,85.0,0.0,0.0,0.0,0.0,0.0,0.0,0.0,0.0,0.0,0.0,0.0,-9999.0,-9999.0,-9999.0,-9999.0
nubase,cn284,284Cn,112,172,284,112284,0.121,0.015,0.02,0.0,0.0,0.0,2.0,0.0,0.0,0.0,0.0,0.0,0.0,0.0,0.0,0.0,0.0,0.0,-9999.0,-9999.0,-9999.0,-9999.0
nubase,cn285,285Cn,112,173,285,112285,33.0,6.0,10.0,0.0,0.0,0.0,100.0,0.0,0.0,0.0,0.0,0.0,0.0,0.0,0.0,0.0,0.0,0.0,-9999.0,-9999.0,-9999.0,-9999.0
mix,sb132,132Sb,51,81,132,51132,167.4,3.0,3.0,100.0,0.0,0.0,0.0,0.0,0.0,0.0,0.0,0.0,0.0,0.0,0.0,0.0,0.0,0.0,57.63577,0.0,0.0,0.0
mix,sb131,131Sb,51,80,131,51131,1381.8000000000002,2.4,2.4,100.0,0.0,0.0,0.0,0.0,0.0,0.0,0.0,0.0,0.0,0.0,0.0,0.0,0.0,0.0,217.56686,0.0,0.0,0.0
mix,sb134,134Sb,51,83,134,51134,0.675,0.005,0.005,100.0,0.0,0.0,0.0,0.0,0.0,0.0,0.0,0.0,0.0,0.0,0.0,0.0,0.0,0.0,7.13474,0.0,0.0,0.0
mix,sb133,133Sb,51,82,133,51133,144.60000000000002,4.8,4.8,100.0,0.0,0.0,0.0,0.0,0.0,0.0,0.0,0.0,0.0,0.0,0.0,0.0,0.0,0.0,84.54781,0.0,0.0,0.0
mix,sb136,136Sb,51,85,136,51136,0.924,0.014,0.014,100.0,0.0,0.0,0.0,0.0,0.0,27.2,5.0,5.0,0.14,0.03,0.03,0.0,0.0,0.0,1.51912,0.3,0.0,0.0
mix,sb135,135Sb,51,84,135,51135,1.668,0.009,0.009,100.0,0.0,0.0,0.0,0.0,0.0,16.6,1.8,1.8,0.0,0.0,0.0,0.0,0.0,0.0,3.28415,0.34,0.0,0.0
mix,sb138,138Sb,51,87,138,51138,0.314,0.005,0.005,100.0,0.0,0.0,0.0,0.0,0.0,72.0,8.0,8.0,0.0,0.0,0.0,0.0,0.0,0.0,0.71333,0.56,0.13,0.0
mix,sb137,137Sb,51,86,137,51137,0.506,0.017,0.017,100.0,0.0,0.0,0.0,0.0,0.0,49.0,8.0,8.0,0.0,0.0,0.0,0.0,0.0,0.0,1.13961,0.64,0.0,0.0
mix,v64,64V,23,41,64,23064,0.015,0.002,0.002,100.0,0.0,0.0,0.0,0.0,0.0,0.0,0.0,0.0,0.0,0.0,0.0,0.0,0.0,0.0,0.00901,0.29,0.02,0.0
mix,sb140,140Sb,51,89,140,51140,0.171,0.006,0.006,100.0,0.0,0.0,0.0,0.0,0.0,23.0,4.0,4.0,7.6,2.5,2.5,0.0,0.0,0.0,0.15625,0.79,0.11,0.0
mix,sb139,139Sb,51,88,139,51139,0.182,0.009000000000000001,0.009000000000000001,100.0,0.0,0.0,0.0,0.0,0.0,90.0,10.0,10.0,0.0,0.0,0.0,0.0,0.0,0.0,0.24124,0.93,0.01,0.0
mix,v63,63V,23,40,63,23063,0.019600000000000003,0.0009000000000000001,0.0009000000000000001,100.0,0.0,0.0,0.0,0.0,0.0,0.0,0.0,0.0,0.0,0.0,0.0,0.0,0.0,0.0,0.01101,0.34,0.0,0.0
mix,sb141,141Sb,51,90,141,51141,0.10300000000000001,0.029,0.029,100.0,0.0,0.0,0.0,0.0,0.0,0.0,0.0,0.0,0.0,0.0,0.0,0.0,0.0,0.0,0.06297,0.95,0.02,0.0
mix,sb142,142Sb,51,91,142,51142,0.053,0.031,0.069,100.0,0.0,0.0,0.0,0.0,0.0,0.0,0.0,0.0,0.0,0.0,0.0,0.0,0.0,0.0,0.04278,0.8,0.14,0.0
mix,eu152,152Eu,63,89,152,63152,426554968.742,284012.334,284012.334,27.92,0.13,0.13,0.0,0.0,0.0,0.0,0.0,0.0,0.0,0.0,0.0,0.0,0.0,0.0,9568.29688,0.0,0.0,0.0
nubase,v50,50V,23,27,50,23050,8.465430754241185e+24,3.440376253934463e+23,3.400526419927193e+23,1.4,0.0,0.0,0.0,0.0,0.0,0.0,0.0,0.0,0.0,0.0,0.0,0.0,0.0,0.0,-9999.0,-9999.0,-9999.0,-9999.0
mix,v52,52V,23,29,52,23052,224.57999999999998,0.3,0.3,100.0,0.0,0.0,0.0,0.0,0.0,0.0,0.0,0.0,0.0,0.0,0.0,0.0,0.0,0.0,440.88312,0.0,0.0,0.0
nubase,eu147,147Eu,63,84,147,63147,2082240.0000000002,51840.0,51840.0,0.0,0.0,0.0,0.0022,0.0006,0.0006,0.0,0.0,0.0,0.0,0.0,0.0,0.0,0.0,0.0,-9999.0,-9999.0,-9999.0,-9999.0
nubase,eu148,148Eu,63,85,148,63148,4700160.0,34560.0,34560.0,0.0,0.0,0.0,9.4e-07,2.8e-07,2.8e-07,0.0,0.0,0.0,0.0,0.0,0.0,0.0,0.0,0.0,-9999.0,-9999.0,-9999.0,-9999.0
nubase,eu151,151Eu,63,88,151,63151,1.451618596e+26,3.78683112e+25,3.78683112e+25,0.0,0.0,0.0,100.0,0.0,0.0,0.0,0.0,0.0,0.0,0.0,0.0,0.0,0.0,0.0,-9999.0,-9999.0,-9999.0,-9999.0
mix,v61,61V,23,38,61,23061,0.04820000000000001,0.0006,0.0006,100.0,0.0,0.0,0.0,0.0,0.0,14.5,2.0,2.0,0.0,0.0,0.0,0.0,0.0,0.0,0.02192,0.2,0.0,0.0
mix,v62,62V,23,39,62,23062,0.033600000000000005,0.0023,0.0023,100.0,0.0,0.0,0.0,0.0,0.0,0.0,0.0,0.0,0.0,0.0,0.0,0.0,0.0,0.0,0.01668,0.19,0.0,0.0
mix,v53,53V,23,30,53,23053,92.22,0.84,0.84,100.0,0.0,0.0,0.0,0.0,0.0,0.0,0.0,0.0,0.0,0.0,0.0,0.0,0.0,0.0,29.81662,0.0,0.0,0.0
mix,v54,54V,23,31,54,23054,49.8,0.5,0.5,100.0,0.0,0.0,0.0,0.0,0.0,0.0,0.0,0.0,0.0,0.0,0.0,0.0,0.0,0.0,4.51932,0.0,0.0,0.0
mix,v55,55V,23,32,55,23055,6.54,0.15,0.15,100.0,0.0,0.0,0.0,0.0,0.0,0.0,0.0,0.0,0.0,0.0,0.0,0.0,0.0,0.0,0.8265,0.0,0.0,0.0
mix,v56,56V,23,33,56,23056,0.218,0.006,0.006,100.0,0.0,0.0,0.0,0.0,0.0,0.0,0.0,0.0,0.0,0.0,0.0,0.0,0.0,0.0,0.29652,0.0,0.0,0.0
mix,v57,57V,23,34,57,23057,0.34700000000000003,0.009000000000000001,0.009000000000000001,100.0,0.0,0.0,0.0,0.0,0.0,0.0,0.0,0.0,0.0,0.0,0.0,0.0,0.0,0.0,0.12319,0.0,0.0,0.0
mix,v58,58V,23,35,58,23058,0.192,0.007,0.007,100.0,0.0,0.0,0.0,0.0,0.0,0.0,0.0,0.0,0.0,0.0,0.0,0.0,0.0,0.0,0.05562,0.01,0.0,0.0
mix,v59,59V,23,36,59,23059,0.096,0.004,0.004,100.0,0.0,0.0,0.0,0.0,0.0,0.0,0.0,0.0,0.0,0.0,0.0,0.0,0.0,0.0,0.03666,0.06,0.0,0.0
mix,v60,60V,23,37,60,23060,0.122,0.018000000000000002,0.018000000000000002,100.0,0.0,0.0,0.0,0.0,0.0,0.0,0.0,0.0,0.0,0.0,0.0,0.0,0.0,0.0,0.01478,0.05,0.0,0.0
mix,eu154,154Eu,63,91,154,63154,271105551.266,126227.704,126227.704,99.982,0.012,0.012,0.0,0.0,0.0,0.0,0.0,0.0,0.0,0.0,0.0,0.0,0.0,0.0,6943.63037,0.0,0.0,0.0
mix,eu155,155Eu,63,92,155,63155,149642943.092,252455.408,252455.408,100.0,0.0,0.0,0.0,0.0,0.0,0.0,0.0,0.0,0.0,0.0,0.0,0.0,0.0,0.0,11359493.0,0.0,0.0,0.0
mix,eu156,156Eu,63,93,156,63156,1309824.0,1728.0,1728.0,100.0,0.0,0.0,0.0,0.0,0.0,0.0,0.0,0.0,0.0,0.0,0.0,0.0,0.0,0.0,3053.97925,0.0,0.0,0.0
mix,eu157,157Eu,63,94,157,63157,54648.0,108.0,108.0,100.0,0.0,0.0,0.0,0.0,0.0,0.0,0.0,0.0,0.0,0.0,0.0,0.0,0.0,0.0,10194.41016,0.0,0.0,0.0
mix,eu158,158Eu,63,95,158,63158,2754.0,12.0,12.0,100.0,0.0,0.0,0.0,0.0,0.0,0.0,0.0,0.0,0.0,0.0,0.0,0.0,0.0,0.0,710.85657,0.0,0.0,0.0
mix,eu159,159Eu,63,96,159,63159,1086.0,6.0,6.0,100.0,0.0,0.0,0.0,0.0,0.0,0.0,0.0,0.0,0.0,0.0,0.0,0.0,0.0,0.0,785.62787,0.0,0.0,0.0
mix,eu160,160Eu,63,97,160,63160,42.6,0.5,0.5,100.0,0.0,0.0,0.0,0.0,0.0,0.0,0.0,0.0,0.0,0.0,0.0,0.0,0.0,0.0,10.45447,0.0,0.0,0.0
mix,eu161,161Eu,63,98,161,63161,26.0,2.0,2.0,100.0,0.0,0.0,0.0,0.0,0.0,0.0,0.0,0.0,0.0,0.0,0.0,0.0,0.0,0.0,64.47681,0.0,0.0,0.0
mix,eu162,162Eu,63,99,162,63162,11.7,1.2,1.2,100.0,0.0,0.0,0.0,0.0,0.0,0.0,0.0,0.0,0.0,0.0,0.0,0.0,0.0,0.0,29.29658,0.0,0.0,0.0
nubase,am229,229Am,95,134,229,95229,0.9,0.7,2.1,0.0,0.0,0.0,100.0,0.0,0.0,0.0,0.0,0.0,0.0,0.0,0.0,0.0,0.0,0.0,-9999.0,-9999.0,-9999.0,-9999.0
mix,na32,32Na,11,21,32,11032,0.0132,0.0003,0.0003,100.0,0.0,0.0,0.0,0.0,0.0,24.0,7.0,7.0,8.3,2.1,2.1,0.0,0.0,0.0,0.00688,0.25,0.05,0.0
mix,na31,31Na,11,20,31,11031,0.017,0.0002,0.0002,100.0,0.0,0.0,0.0,0.0,0.0,38.8,3.8,3.8,0.87,0.24,0.24,0.0,0.0,0.0,0.00648,0.24,0.0,0.0
mix,na34,34Na,11,23,34,11034,0.0055,0.001,0.001,100.0,0.0,0.0,0.0,0.0,0.0,0.0,0.0,0.0,0.0,0.0,0.0,0.0,0.0,0.0,0.00329,0.43,0.19,0.01
nubase,am234,234Am,95,139,234,95234,139.2,4.8,4.8,0.0,0.0,0.0,0.04,0.0,0.0,0.0,0.0,0.0,0.0,0.0,0.0,0.0,0.0,0.0,-9999.0,-9999.0,-9999.0,-9999.0
mix,na33,33Na,11,22,33,11033,0.008199999999999999,0.0002,0.0002,100.0,0.0,0.0,0.0,0.0,0.0,47.0,6.0,6.0,13.0,3.0,3.0,0.0,0.0,0.0,0.00275,0.63,0.03,0.0
nubase,am233,233Am,95,138,233,95233,192.0,48.0,48.0,0.0,0.0,0.0,4.5,1.5,1.5,0.0,0.0,0.0,0.0,0.0,0.0,0.0,0.0,0.0,-9999.0,-9999.0,-9999.0,-9999.0
mix,na35,35Na,11,24,35,11035,0.0024,0.0004,0.0004,100.0,0.0,0.0,0.0,0.0,0.0,0.0,0.0,0.0,0.0,0.0,0.0,0.0,0.0,0.0,0.00246,0.73,0.1,0.03
nubase,re163,163Re,75,88,163,75163,0.39,0.07200000000000001,0.07200000000000001,0.0,0.0,0.0,32.0,3.0,3.0,0.0,0.0,0.0,0.0,0.0,0.0,0.0,0.0,0.0,-9999.0,-9999.0,-9999.0,-9999.0
nubase,re162,162Re,75,87,162,75162,0.107,0.013000000000000001,0.013000000000000001,0.0,0.0,0.0,94.0,6.0,6.0,0.0,0.0,0.0,0.0,0.0,0.0,0.0,0.0,0.0,-9999.0,-9999.0,-9999.0,-9999.0
nubase,re161,161Re,75,86,161,75161,0.00044,1e-05,1e-05,0.0,0.0,0.0,0.7,0.7,0.7,0.0,0.0,0.0,0.0,0.0,0.0,0.0,0.0,0.0,-9999.0,-9999.0,-9999.0,-9999.0
nubase,re160,160Re,75,85,160,75160,0.000612,7e-06,7e-06,0.0,0.0,0.0,11.0,1.0,1.0,0.0,0.0,0.0,0.0,0.0,0.0,0.0,0.0,0.0,-9999.0,-9999.0,-9999.0,-9999.0
nubase,am237,237Am,95,142,237,95237,4380.0,60.0,60.0,0.0,0.0,0.0,0.025,0.003,0.003,0.0,0.0,0.0,0.0,0.0,0.0,0.0,0.0,0.0,-9999.0,-9999.0,-9999.0,-9999.0
nubase,am236,236Am,95,141,236,95236,216.0,12.0,12.0,0.0,0.0,0.0,0.004,0.0,0.0,0.0,0.0,0.0,0.0,0.0,0.0,0.0,0.0,0.0,-9999.0,-9999.0,-9999.0,-9999.0
nubase,am235,235Am,95,140,235,95235,618.0,36.0,36.0,0.0,0.0,0.0,0.4,0.05,0.05,0.0,0.0,0.0,0.0,0.0,0.0,0.0,0.0,0.0,-9999.0,-9999.0,-9999.0,-9999.0
nubase,am241,241Am,95,146,241,95241,13651526187.6,18934155.599999998,18934155.599999998,0.0,0.0,0.0,100.0,0.0,0.0,0.0,0.0,0.0,0.0,0.0,0.0,0.0,0.0,0.0,-9999.0,-9999.0,-9999.0,-9999.0
nubase,am240,240Am,95,145,240,95240,183240.0,720.0,720.0,0.0,0.0,0.0,0.00019,0.0,0.0,0.0,0.0,0.0,0.0,0.0,0.0,0.0,0.0,0.0,-9999.0,-9999.0,-9999.0,-9999.0
nubase,am239,239Am,95,144,239,95239,42840.0,360.0,360.0,0.0,0.0,0.0,0.01,0.001,0.001,0.0,0.0,0.0,0.0,0.0,0.0,0.0,0.0,0.0,-9999.0,-9999.0,-9999.0,-9999.0
nubase,am238,238Am,95,143,238,95238,5844.0,90.0,90.0,0.0,0.0,0.0,0.0001,4e-05,4e-05,0.0,0.0,0.0,0.0,0.0,0.0,0.0,0.0,0.0,-9999.0,-9999.0,-9999.0,-9999.0
mix,am244,244Am,95,149,244,95244,36072.0,108.0,108.0,100.0,0.0,0.0,0.0,0.0,0.0,0.0,0.0,0.0,0.0,0.0,0.0,0.0,0.0,0.0,21766.35352,0.0,0.0,0.0
nubase,am243,243Am,95,148,243,95243,231785621470.0,441796964.0,441796964.0,0.0,0.0,0.0,100.0,0.0,0.0,0.0,0.0,0.0,0.0,0.0,0.0,0.0,0.0,0.0,-9999.0,-9999.0,-9999.0,-9999.0
mix,am242,242Am,95,147,242,95242,57672.0,72.0,72.0,83.0,0.3,0.3,0.0,0.0,0.0,0.0,0.0,0.0,0.0,0.0,0.0,0.0,0.0,0.0,472268.375,0.0,0.0,0.0
nubase,re169,169Re,75,94,169,75169,8.1,0.5,0.5,0.0,0.0,0.0,0.005,0.004,0.004,0.0,0.0,0.0,0.0,0.0,0.0,0.0,0.0,0.0,-9999.0,-9999.0,-9999.0,-9999.0
nubase,re168,168Re,75,93,168,75168,4.4,0.1,0.1,0.0,0.0,0.0,0.005,0.0,0.0,0.0,0.0,0.0,0.0,0.0,0.0,0.0,0.0,0.0,-9999.0,-9999.0,-9999.0,-9999.0
nubase,re167,167Re,75,92,167,75167,5.9,0.4,0.4,0.0,0.0,0.0,1.0,0.0,0.0,0.0,0.0,0.0,0.0,0.0,0.0,0.0,0.0,0.0,-9999.0,-9999.0,-9999.0,-9999.0
nubase,re166,166Re,75,91,166,75166,2.25,0.21,0.21,0.0,0.0,0.0,24.0,0.0,0.0,0.0,0.0,0.0,0.0,0.0,0.0,0.0,0.0,0.0,-9999.0,-9999.0,-9999.0,-9999.0
nubase,re165,165Re,75,90,165,75165,1.6,0.6,0.6,0.0,0.0,0.0,14.0,8.0,8.0,0.0,0.0,0.0,0.0,0.0,0.0,0.0,0.0,0.0,-9999.0,-9999.0,-9999.0,-9999.0
mix,am247,247Am,95,152,247,95247,1380.0,78.0,78.0,100.0,0.0,0.0,0.0,0.0,0.0,0.0,0.0,0.0,0.0,0.0,0.0,0.0,0.0,0.0,4317.37012,0.0,0.0,0.0
mix,am246,246Am,95,151,246,95246,2340.0,180.0,180.0,100.0,0.0,0.0,0.0,0.0,0.0,0.0,0.0,0.0,0.0,0.0,0.0,0.0,0.0,0.0,2717.35107,0.0,0.0,0.0
mix,am245,245Am,95,150,245,95245,7369.200000000001,28.800000000001624,28.799999999998427,100.0,0.0,0.0,0.0,0.0,0.0,0.0,0.0,0.0,0.0,0.0,0.0,0.0,0.0,0.0,31688.37305,0.0,0.0,0.0
nubase,am223,223Am,95,128,223,95223,0.005200000000000001,0.0044,0.012,0.0,0.0,0.0,100.0,0.0,0.0,0.0,0.0,0.0,0.0,0.0,0.0,0.0,0.0,0.0,-9999.0,-9999.0,-9999.0,-9999.0
mix,na25,25Na,11,14,25,11025,58.9,0.6,0.6,100.0,0.0,0.0,0.0,0.0,0.0,0.0,0.0,0.0,0.0,0.0,0.0,0.0,0.0,0.0,10.075,0.0,0.0,0.0
mix,na24,24Na,11,13,24,11024,53848.08,3.9600000000000004,3.9600000000000004,100.0,0.0,0.0,0.0,0.0,0.0,0.0,0.0,0.0,0.0,0.0,0.0,0.0,0.0,0.0,21.21181,0.0,0.0,0.0
mix,na27,27Na,11,16,27,11027,0.301,0.005,0.005,100.0,0.0,0.0,0.0,0.0,0.0,0.13,0.03,0.03,0.0,0.0,0.0,0.0,0.0,0.0,0.09932,0.0,0.0,0.0
mix,na26,26Na,11,15,26,11026,1.07128,0.00025,0.00025,100.0,0.0,0.0,0.0,0.0,0.0,0.0,0.0,0.0,0.0,0.0,0.0,0.0,0.0,0.0,0.23876,0.0,0.0,0.0
mix,na29,29Na,11,18,29,11029,0.0432,0.0004,0.0004,100.0,0.0,0.0,0.0,0.0,0.0,24.7,2.5,2.5,0.0,0.0,0.0,0.0,0.0,0.0,0.0205,0.14,0.0,0.0
mix,na28,28Na,11,17,28,11028,0.0346,0.001,0.001,100.0,0.0,0.0,0.0,0.0,0.0,0.58,0.12,0.12,0.0,0.0,0.0,0.0,0.0,0.0,0.03518,0.02,0.0,0.0
mix,na30,30Na,11,19,30,11030,0.0448,0.0012,0.0012,100.0,0.0,0.0,0.0,0.0,0.0,30.0,4.0,4.0,1.15,0.25,0.25,0.0,0.0,0.0,0.00751,0.1,0.0,0.0
mix,bh278,278Bh,107,171,278,107278,1140.0,300.0,3300.0,0.0,0.0,0.0,50.0,0.0,0.0,0.0,0.0,0.0,0.0,0.0,0.0,0.0,0.0,0.0,152342.78125,0.0,0.0,0.0
nubase,n16,16N,7,9,16,7016,7.13,0.01,0.01,100.0,0.0,0.0,0.0,0.0,0.0,0.0,0.0,0.0,0.0,0.0,0.0,0.0,0.0,0.0,-9999.0,-9999.0,-9999.0,-9999.0
nubase,rn214,214Rn,86,128,214,86214,2.5900000000000003e-07,3.0000000000000004e-09,3.0000000000000004e-09,0.0,0.0,0.0,100.0,0.0,0.0,0.0,0.0,0.0,0.0,0.0,0.0,0.0,0.0,0.0,-9999.0,-9999.0,-9999.0,-9999.0
nubase,rn213,213Rn,86,127,213,86213,0.019379999999999998,0.00019,0.00019,0.0,0.0,0.0,100.0,0.0,0.0,0.0,0.0,0.0,0.0,0.0,0.0,0.0,0.0,0.0,-9999.0,-9999.0,-9999.0,-9999.0
nubase,rn215,215Rn,86,129,215,86215,0.0023,0.0001,0.0001,0.0,0.0,0.0,100.0,0.0,0.0,0.0,0.0,0.0,0.0,0.0,0.0,0.0,0.0,0.0,-9999.0,-9999.0,-9999.0,-9999.0
nubase,rn210,210Rn,86,124,210,86210,8712.0,144.0,144.0,0.0,0.0,0.0,96.0,1.0,1.0,0.0,0.0,0.0,0.0,0.0,0.0,0.0,0.0,0.0,-9999.0,-9999.0,-9999.0,-9999.0
nubase,rn209,209Rn,86,123,209,86209,1722.0,54.0,54.0,0.0,0.0,0.0,17.0,2.0,2.0,0.0,0.0,0.0,0.0,0.0,0.0,0.0,0.0,0.0,-9999.0,-9999.0,-9999.0,-9999.0
nubase,rn212,212Rn,86,126,212,86212,1434.0,72.0,72.0,0.0,0.0,0.0,100.0,0.0,0.0,0.0,0.0,0.0,0.0,0.0,0.0,0.0,0.0,0.0,-9999.0,-9999.0,-9999.0,-9999.0
nubase,rn211,211Rn,86,125,211,86211,52920.0,720.0,720.0,0.0,0.0,0.0,27.4,1.7,1.7,0.0,0.0,0.0,0.0,0.0,0.0,0.0,0.0,0.0,-9999.0,-9999.0,-9999.0,-9999.0
nubase,rn206,206Rn,86,120,206,86206,377.4,12.0,12.0,0.0,0.0,0.0,62.0,3.0,3.0,0.0,0.0,0.0,0.0,0.0,0.0,0.0,0.0,0.0,-9999.0,-9999.0,-9999.0,-9999.0
nubase,rn208,208Rn,86,122,208,86208,1456.8000000000002,9.6,9.6,0.0,0.0,0.0,62.0,7.0,7.0,0.0,0.0,0.0,0.0,0.0,0.0,0.0,0.0,0.0,-9999.0,-9999.0,-9999.0,-9999.0
nubase,rn207,207Rn,86,121,207,86207,555.0,10.200000000000001,10.200000000000001,0.0,0.0,0.0,21.0,3.0,3.0,0.0,0.0,0.0,0.0,0.0,0.0,0.0,0.0,0.0,-9999.0,-9999.0,-9999.0,-9999.0
mix,rn226,226Rn,86,140,226,86226,444.0,6.0,6.0,100.0,0.0,0.0,0.0,0.0,0.0,0.0,0.0,0.0,0.0,0.0,0.0,0.0,0.0,0.0,357.55057,0.0,0.0,0.0
mix,rn225,225Rn,86,139,225,86225,279.6,2.4,2.4,100.0,0.0,0.0,0.0,0.0,0.0,0.0,0.0,0.0,0.0,0.0,0.0,0.0,0.0,0.0,16.15526,0.0,0.0,0.0
mix,rn224,224Rn,86,138,224,86224,6840.0,360.0,360.0,100.0,0.0,0.0,0.0,0.0,0.0,0.0,0.0,0.0,0.0,0.0,0.0,0.0,0.0,0.0,4132.12793,0.0,0.0,0.0
mix,rn221,221Rn,86,135,221,86221,1542.0,30.0,30.0,80.0,2.0,2.0,20.0,2.0,2.0,0.0,0.0,0.0,0.0,0.0,0.0,0.0,0.0,0.0,12314.64844,0.0,0.0,0.0
nubase,rn220,220Rn,86,134,220,86220,55.6,0.1,0.1,0.0,0.0,0.0,100.0,0.0,0.0,0.0,0.0,0.0,0.0,0.0,0.0,0.0,0.0,0.0,-9999.0,-9999.0,-9999.0,-9999.0
mix,rn223,223Rn,86,137,223,86223,1458.0,60.0,60.0,100.0,0.0,0.0,0.0,0.0,0.0,0.0,0.0,0.0,0.0,0.0,0.0,0.0,0.0,0.0,38.9048,0.0,0.0,0.0
mix,rn222,222Rn,86,136,222,86222,330174.14400000003,13.824000000000002,13.824000000000002,0.0,0.0,0.0,100.0,0.0,0.0,0.0,0.0,0.0,0.0,0.0,0.0,0.0,0.0,0.0,999999995904.0,0.0,0.0,0.0
nubase,rn217,217Rn,86,131,217,86217,0.00059,6e-05,6e-05,0.0,0.0,0.0,100.0,0.0,0.0,0.0,0.0,0.0,0.0,0.0,0.0,0.0,0.0,0.0,-9999.0,-9999.0,-9999.0,-9999.0
nubase,rn216,216Rn,86,130,216,86216,0.029,0.004,0.004,0.0,0.0,0.0,100.0,0.0,0.0,0.0,0.0,0.0,0.0,0.0,0.0,0.0,0.0,0.0,-9999.0,-9999.0,-9999.0,-9999.0
mix,rn219,219Rn,86,133,219,86219,3.96,0.01,0.01,0.0,0.0,0.0,100.0,0.0,0.0,0.0,0.0,0.0,0.0,0.0,0.0,0.0,0.0,0.0,20920604.0,0.0,0.0,0.0
nubase,rn218,218Rn,86,132,218,86218,0.03375,0.00015,0.00015,0.0,0.0,0.0,100.0,0.0,0.0,0.0,0.0,0.0,0.0,0.0,0.0,0.0,0.0,0.0,-9999.0,-9999.0,-9999.0,-9999.0
mix,rn228,228Rn,86,142,228,86228,65.0,2.0,2.0,100.0,0.0,0.0,0.0,0.0,0.0,0.0,0.0,0.0,0.0,0.0,0.0,0.0,0.0,0.0,36.68532,0.0,0.0,0.0
mix,rn227,227Rn,86,141,227,86227,20.8,0.7,0.7,100.0,0.0,0.0,0.0,0.0,0.0,0.0,0.0,0.0,0.0,0.0,0.0,0.0,0.0,0.0,58.85291,0.0,0.0,0.0
mix,rn229,229Rn,86,143,229,86229,12.0,1.3,1.2,100.0,0.0,0.0,0.0,0.0,0.0,0.0,0.0,0.0,0.0,0.0,0.0,0.0,0.0,0.0,36.09781,0.0,0.0,0.0
nubase,f27,27F,9,18,27,9027,0.0053,0.0003,0.0003,100.0,0.0,0.0,0.0,0.0,0.0,90.0,30.0,10.0,0.0,0.0,0.0,0.0,0.0,0.0,-9999.0,-9999.0,-9999.0,-9999.0
nubase,f25,25F,9,16,25,9025,0.081,0.01,0.01,100.0,0.0,0.0,0.0,0.0,0.0,23.6,3.2,3.2,0.0,0.0,0.0,0.0,0.0,0.0,-9999.0,-9999.0,-9999.0,-9999.0
nubase,f26,26F,9,17,26,9026,0.0086,0.0007,0.0007,100.0,0.0,0.0,0.0,0.0,0.0,14.0,3.0,3.0,0.0,0.0,0.0,0.0,0.0,0.0,-9999.0,-9999.0,-9999.0,-9999.0
nubase,f20,20F,9,11,20,9020,11.0064,0.0081,0.0081,100.0,0.0,0.0,0.0,0.0,0.0,0.0,0.0,0.0,0.0,0.0,0.0,0.0,0.0,0.0,-9999.0,-9999.0,-9999.0,-9999.0
nubase,f23,23F,9,14,23,9023,2.23,0.14,0.14,100.0,0.0,0.0,0.0,0.0,0.0,0.0,0.0,0.0,0.0,0.0,0.0,0.0,0.0,0.0,-9999.0,-9999.0,-9999.0,-9999.0
nubase,f24,24F,9,15,24,9024,0.384,0.015,0.015,100.0,0.0,0.0,0.0,0.0,0.0,0.0,0.0,0.0,0.0,0.0,0.0,0.0,0.0,0.0,-9999.0,-9999.0,-9999.0,-9999.0
nubase,f21,21F,9,12,21,9021,4.158,0.02,0.02,100.0,0.0,0.0,0.0,0.0,0.0,0.0,0.0,0.0,0.0,0.0,0.0,0.0,0.0,0.0,-9999.0,-9999.0,-9999.0,-9999.0
nubase,f22,22F,9,13,22,9022,4.23,0.04,0.04,100.0,0.0,0.0,0.0,0.0,0.0,0.0,0.0,0.0,0.0,0.0,0.0,0.0,0.0,0.0,-9999.0,-9999.0,-9999.0,-9999.0
nubase,lv290,290Lv,116,174,290,116290,0.0083,0.0019,0.0035,0.0,0.0,0.0,100.0,0.0,0.0,0.0,0.0,0.0,0.0,0.0,0.0,0.0,0.0,0.0,-9999.0,-9999.0,-9999.0,-9999.0
nubase,lv291,291Lv,116,175,291,116291,0.019,0.006,0.017,0.0,0.0,0.0,100.0,0.0,0.0,0.0,0.0,0.0,0.0,0.0,0.0,0.0,0.0,0.0,-9999.0,-9999.0,-9999.0,-9999.0
nubase,lv292,292Lv,116,176,292,116292,0.0128,0.0033,0.007,0.0,0.0,0.0,100.0,0.0,0.0,0.0,0.0,0.0,0.0,0.0,0.0,0.0,0.0,0.0,-9999.0,-9999.0,-9999.0,-9999.0
nubase,lv293,293Lv,116,177,293,116293,0.095,0.027,0.063,0.0,0.0,0.0,100.0,0.0,0.0,0.0,0.0,0.0,0.0,0.0,0.0,0.0,0.0,0.0,-9999.0,-9999.0,-9999.0,-9999.0
nubase,f29,29F,9,20,29,9029,0.0033,0.0004,0.0004,100.0,0.0,0.0,0.0,0.0,0.0,60.0,40.0,40.0,0.0,0.0,0.0,0.0,0.0,0.0,-9999.0,-9999.0,-9999.0,-9999.0
mix,tm177,177Tm,69,108,177,69177,95.0,7.0,7.0,100.0,0.0,0.0,0.0,0.0,0.0,0.0,0.0,0.0,0.0,0.0,0.0,0.0,0.0,0.0,118.58356,0.0,0.0,0.0
mix,tm174,174Tm,69,105,174,69174,324.0,6.0,6.0,100.0,0.0,0.0,0.0,0.0,0.0,0.0,0.0,0.0,0.0,0.0,0.0,0.0,0.0,0.0,223.65894,0.0,0.0,0.0
mix,tm173,173Tm,69,104,173,69173,29664.0,288.0,288.0,100.0,0.0,0.0,0.0,0.0,0.0,0.0,0.0,0.0,0.0,0.0,0.0,0.0,0.0,0.0,13565.76855,0.0,0.0,0.0
nubase,rn195,195Rn,86,109,195,86195,0.006,0.002,0.003,0.0,0.0,0.0,100.0,0.0,0.0,0.0,0.0,0.0,0.0,0.0,0.0,0.0,0.0,0.0,-9999.0,-9999.0,-9999.0,-9999.0
mix,tm176,176Tm,69,107,176,69176,111.17999999999999,1.6199999999999999,1.6199999999999999,100.0,0.0,0.0,0.0,0.0,0.0,0.0,0.0,0.0,0.0,0.0,0.0,0.0,0.0,0.0,317.85071,0.0,0.0,0.0
mix,tm175,175Tm,69,106,175,69175,912.0,30.0,30.0,100.0,0.0,0.0,0.0,0.0,0.0,0.0,0.0,0.0,0.0,0.0,0.0,0.0,0.0,0.0,1085.06226,0.0,0.0,0.0
mix,tm170,170Tm,69,101,170,69170,11093760.0,25920.0,25920.0,99.869,0.01,0.01,0.0,0.0,0.0,0.0,0.0,0.0,0.0,0.0,0.0,0.0,0.0,0.0,131096.53125,0.0,0.0,0.0
mix,tm172,172Tm,69,103,172,69172,228960.0,720.0,720.0,100.0,0.0,0.0,0.0,0.0,0.0,0.0,0.0,0.0,0.0,0.0,0.0,0.0,0.0,0.0,9871.05176,0.0,0.0,0.0
nubase,rn194,194Rn,86,108,194,86194,0.0007800000000000001,0.00016,0.00016,0.0,0.0,0.0,100.0,0.0,0.0,0.0,0.0,0.0,0.0,0.0,0.0,0.0,0.0,0.0,-9999.0,-9999.0,-9999.0,-9999.0
mix,tm171,171Tm,69,102,171,69171,60609600.0,285120.0,285120.0,100.0,0.0,0.0,0.0,0.0,0.0,0.0,0.0,0.0,0.0,0.0,0.0,0.0,0.0,0.0,1444747264.0,0.0,0.0,0.0
nubase,rn193,193Rn,86,107,193,86193,0.00115,0.00027,0.00027,0.0,0.0,0.0,100.0,0.0,0.0,0.0,0.0,0.0,0.0,0.0,0.0,0.0,0.0,0.0,-9999.0,-9999.0,-9999.0,-9999.0
nubase,rn203,203Rn,86,117,203,86203,44.0,2.0,2.0,0.0,0.0,0.0,66.0,9.0,9.0,0.0,0.0,0.0,0.0,0.0,0.0,0.0,0.0,0.0,-9999.0,-9999.0,-9999.0,-9999.0
nubase,rn202,202Rn,86,116,202,86202,9.75,0.13,0.13,0.0,0.0,0.0,78.0,8.0,8.0,0.0,0.0,0.0,0.0,0.0,0.0,0.0,0.0,0.0,-9999.0,-9999.0,-9999.0,-9999.0
nubase,rn205,205Rn,86,119,205,86205,170.0,3.0,3.0,0.0,0.0,0.0,25.0,1.0,1.0,0.0,0.0,0.0,0.0,0.0,0.0,0.0,0.0,0.0,-9999.0,-9999.0,-9999.0,-9999.0
nubase,rn204,204Rn,86,118,204,86204,74.0,1.0,1.0,0.0,0.0,0.0,72.0,1.0,1.0,0.0,0.0,0.0,0.0,0.0,0.0,0.0,0.0,0.0,-9999.0,-9999.0,-9999.0,-9999.0
nubase,rn199,199Rn,86,113,199,86199,0.6,0.02,0.02,0.0,0.0,0.0,100.0,0.0,0.0,0.0,0.0,0.0,0.0,0.0,0.0,0.0,0.0,0.0,-9999.0,-9999.0,-9999.0,-9999.0
nubase,rn198,198Rn,86,112,198,86198,0.065,0.002,0.002,0.0,0.0,0.0,90.0,10.0,10.0,0.0,0.0,0.0,0.0,0.0,0.0,0.0,0.0,0.0,-9999.0,-9999.0,-9999.0,-9999.0
nubase,rn200,200Rn,86,114,200,86200,1.03,0.02,0.02,0.0,0.0,0.0,86.0,-4.0,14.0,0.0,0.0,0.0,0.0,0.0,0.0,0.0,0.0,0.0,-9999.0,-9999.0,-9999.0,-9999.0
nubase,rn197,197Rn,86,111,197,86197,0.055,0.005,0.006,0.0,0.0,0.0,100.0,0.0,0.0,0.0,0.0,0.0,0.0,0.0,0.0,0.0,0.0,0.0,-9999.0,-9999.0,-9999.0,-9999.0
nubase,rn196,196Rn,86,110,196,86196,0.0044,0.0009000000000000001,0.0013000000000000002,0.0,0.0,0.0,100.0,0.0,0.0,0.0,0.0,0.0,0.0,0.0,0.0,0.0,0.0,0.0,-9999.0,-9999.0,-9999.0,-9999.0
mix,ba148,148Ba,56,92,148,56148,0.619,0.004,0.004,100.0,0.0,0.0,0.0,0.0,0.0,0.389,0.332,0.332,0.0,0.0,0.0,0.0,0.0,0.0,1.05961,0.0,0.0,0.0
mix,ba149,149Ba,56,93,149,56149,0.352,0.005,0.005,100.0,0.0,0.0,0.0,0.0,0.0,3.9,1.2,1.2,0.0,0.0,0.0,0.0,0.0,0.0,0.27231,0.0,0.0,0.0
mix,ba150,150Ba,56,94,150,56150,0.258,0.005,0.005,100.0,0.0,0.0,0.0,0.0,0.0,1.0,0.5,0.5,0.0,0.0,0.0,0.0,0.0,0.0,0.37408,0.01,0.0,0.0
mix,ba151,151Ba,56,95,151,56151,0.167,0.005,0.005,100.0,0.0,0.0,0.0,0.0,0.0,0.0,0.0,0.0,0.0,0.0,0.0,0.0,0.0,0.0,0.26871,0.04,0.0,0.0
mix,ba146,146Ba,56,90,146,56146,2.16,0.04,0.04,100.0,0.0,0.0,0.0,0.0,0.0,0.0,0.0,0.0,0.0,0.0,0.0,0.0,0.0,0.0,1.83341,0.0,0.0,0.0
nubase,u215,215U,92,123,215,92215,0.0007,0.0003,0.0013000000000000002,0.0,0.0,0.0,100.0,0.0,0.0,0.0,0.0,0.0,0.0,0.0,0.0,0.0,0.0,0.0,-9999.0,-9999.0,-9999.0,-9999.0
mix,ba147,147Ba,56,91,147,56147,0.894,0.007,0.007,100.0,0.0,0.0,0.0,0.0,0.0,0.071,0.044,0.044,0.0,0.0,0.0,0.0,0.0,0.0,0.293,0.0,0.0,0.0
mix,ba152,152Ba,56,96,152,56152,0.14,0.007,0.007,100.0,0.0,0.0,0.0,0.0,0.0,0.0,0.0,0.0,0.0,0.0,0.0,0.0,0.0,0.0,0.16917,0.05,0.0,0.0
mix,ba153,153Ba,56,97,153,56153,0.113,0.039,0.039,100.0,0.0,0.0,0.0,0.0,0.0,0.0,0.0,0.0,0.0,0.0,0.0,0.0,0.0,0.0,0.0669,0.06,0.0,0.0
mix,ba154,154Ba,56,98,154,56154,0.053,0.048,0.048,100.0,0.0,0.0,0.0,0.0,0.0,0.0,0.0,0.0,0.0,0.0,0.0,0.0,0.0,0.0,0.08495,0.11,0.0,0.0
mix,ni79,79Ni,28,51,79,28079,0.043000000000000003,0.0075,0.0086,100.0,0.0,0.0,0.0,0.0,0.0,0.0,0.0,0.0,0.0,0.0,0.0,0.0,0.0,0.0,0.05853,0.63,0.01,0.0
mix,ni80,80Ni,28,52,80,28080,0.024,0.017,0.026000000000000002,100.0,0.0,0.0,0.0,0.0,0.0,0.0,0.0,0.0,0.0,0.0,0.0,0.0,0.0,0.0,0.05621,0.79,0.03,0.0
mix,ni78,78Ni,28,50,78,28078,0.1222,0.0050999999999999995,0.0050999999999999995,100.0,0.0,0.0,0.0,0.0,0.0,0.0,0.0,0.0,0.0,0.0,0.0,0.0,0.0,0.0,0.14044,0.42,0.0,0.0
nubase,u222,222U,92,130,222,92222,0.0047,0.0007,0.0007,0.0,0.0,0.0,100.0,0.0,0.0,0.0,0.0,0.0,0.0,0.0,0.0,0.0,0.0,0.0,-9999.0,-9999.0,-9999.0,-9999.0
nubase,u224,224U,92,132,224,92224,0.396,0.017,0.017,0.0,0.0,0.0,100.0,0.0,0.0,0.0,0.0,0.0,0.0,0.0,0.0,0.0,0.0,0.0,-9999.0,-9999.0,-9999.0,-9999.0
nubase,u223,223U,92,131,223,92223,0.062,0.01,0.014,0.0,0.0,0.0,100.0,0.0,0.0,0.0,0.0,0.0,0.0,0.0,0.0,0.0,0.0,0.0,-9999.0,-9999.0,-9999.0,-9999.0
nubase,u226,226U,92,134,226,92226,0.267,0.006,0.006,0.0,0.0,0.0,100.0,0.0,0.0,0.0,0.0,0.0,0.0,0.0,0.0,0.0,0.0,0.0,-9999.0,-9999.0,-9999.0,-9999.0
nubase,u225,225U,92,133,225,92225,0.061,0.003,0.003,0.0,0.0,0.0,100.0,0.0,0.0,0.0,0.0,0.0,0.0,0.0,0.0,0.0,0.0,0.0,-9999.0,-9999.0,-9999.0,-9999.0
nubase,er153,153Er,68,85,153,68153,37.1,0.2,0.2,0.0,0.0,0.0,53.0,3.0,3.0,0.0,0.0,0.0,0.0,0.0,0.0,0.0,0.0,0.0,-9999.0,-9999.0,-9999.0,-9999.0
nubase,er152,152Er,68,84,152,68152,10.2,0.1,0.1,0.0,0.0,0.0,90.0,4.0,4.0,0.0,0.0,0.0,0.0,0.0,0.0,0.0,0.0,0.0,-9999.0,-9999.0,-9999.0,-9999.0
nubase,u217,217U,92,125,217,92217,0.016,0.006,0.021,0.0,0.0,0.0,100.0,0.0,0.0,0.0,0.0,0.0,0.0,0.0,0.0,0.0,0.0,0.0,-9999.0,-9999.0,-9999.0,-9999.0
nubase,er156,156Er,68,88,156,68156,1170.0,60.0,60.0,0.0,0.0,0.0,1.2e-05,3e-06,3e-06,0.0,0.0,0.0,0.0,0.0,0.0,0.0,0.0,0.0,-9999.0,-9999.0,-9999.0,-9999.0
nubase,u216,216U,92,124,216,92216,0.0045000000000000005,0.0016,0.0047,0.0,0.0,0.0,100.0,0.0,0.0,0.0,0.0,0.0,0.0,0.0,0.0,0.0,0.0,0.0,-9999.0,-9999.0,-9999.0,-9999.0
nubase,er155,155Er,68,87,155,68155,318.0,18.0,18.0,0.0,0.0,0.0,0.022,0.007,0.007,0.0,0.0,0.0,0.0,0.0,0.0,0.0,0.0,0.0,-9999.0,-9999.0,-9999.0,-9999.0
nubase,u219,219U,92,127,219,92219,0.06,0.007,0.007,0.0,0.0,0.0,100.0,0.0,0.0,0.0,0.0,0.0,0.0,0.0,0.0,0.0,0.0,0.0,-9999.0,-9999.0,-9999.0,-9999.0
nubase,er154,154Er,68,86,154,68154,223.8,5.3999999999999995,5.3999999999999995,0.0,0.0,0.0,0.47,0.13,0.13,0.0,0.0,0.0,0.0,0.0,0.0,0.0,0.0,0.0,-9999.0,-9999.0,-9999.0,-9999.0
nubase,u218,218U,92,126,218,92218,0.00063,6e-05,7.000000000000001e-05,0.0,0.0,0.0,100.0,0.0,0.0,0.0,0.0,0.0,0.0,0.0,0.0,0.0,0.0,0.0,-9999.0,-9999.0,-9999.0,-9999.0
nubase,u221,221U,92,129,221,92221,0.00066,0.00014000000000000001,0.00014000000000000001,0.0,0.0,0.0,100.0,0.0,0.0,0.0,0.0,0.0,0.0,0.0,0.0,0.0,0.0,0.0,-9999.0,-9999.0,-9999.0,-9999.0
nubase,u233,233U,92,141,233,92233,5023515493014.0,3692160342.0,3692160342.0,0.0,0.0,0.0,100.0,0.0,0.0,0.0,0.0,0.0,0.0,0.0,0.0,0.0,0.0,0.0,-9999.0,-9999.0,-9999.0,-9999.0
nubase,u232,232U,92,140,232,92232,2174272201.4,8835939.280000001,8835939.280000001,0.0,0.0,0.0,100.0,0.0,0.0,0.0,0.0,0.0,0.0,0.0,0.0,0.0,0.0,0.0,-9999.0,-9999.0,-9999.0,-9999.0
nubase,u235,235U,92,143,235,92235,2.221526448076176e+16,30864914169746.0,30864914169746.0,0.0,0.0,0.0,100.0,0.0,0.0,0.0,0.0,0.0,0.0,0.0,0.0,0.0,0.0,0.0,-9999.0,-9999.0,-9999.0,-9999.0
nubase,u234,234U,92,142,234,92234,7747225333000.0,18934155600.0,18934155600.0,0.0,0.0,0.0,100.0,0.0,0.0,0.0,0.0,0.0,0.0,0.0,0.0,0.0,0.0,0.0,-9999.0,-9999.0,-9999.0,-9999.0
mix,u237,237U,92,145,237,92237,583372.7999999999,432.0,432.0,100.0,0.0,0.0,0.0,0.0,0.0,0.0,0.0,0.0,0.0,0.0,0.0,0.0,0.0,0.0,324806.1875,0.0,0.0,0.0
nubase,u236,236U,92,144,236,92236,739378776180000.0,946707780000.0,946707780000.0,0.0,0.0,0.0,100.0,0.0,0.0,0.0,0.0,0.0,0.0,0.0,0.0,0.0,0.0,0.0,-9999.0,-9999.0,-9999.0,-9999.0
mix,ni65,65Ni,28,37,65,28065,9063.0,1.8,1.8,100.0,0.0,0.0,0.0,0.0,0.0,0.0,0.0,0.0,0.0,0.0,0.0,0.0,0.0,0.0,175.17624,0.0,0.0,0.0
mix,ni66,66Ni,28,38,66,28066,196560.0,1080.0,1080.0,100.0,0.0,0.0,0.0,0.0,0.0,0.0,0.0,0.0,0.0,0.0,0.0,0.0,0.0,0.0,9793370.0,0.0,0.0,0.0
mix,ni63,63Ni,28,35,63,28063,3180938140.7999997,37868311.199999996,37868311.199999996,100.0,0.0,0.0,0.0,0.0,0.0,0.0,0.0,0.0,0.0,0.0,0.0,0.0,0.0,0.0,3283991658496.0,0.0,0.0,0.0
mix,ni67,67Ni,28,39,67,28067,21.0,1.0,1.0,100.0,0.0,0.0,0.0,0.0,0.0,0.0,0.0,0.0,0.0,0.0,0.0,0.0,0.0,0.0,4.07371,0.0,0.0,0.0
nubase,u228,228U,92,136,228,92228,546.0,12.0,12.0,0.0,0.0,0.0,95.0,0.0,0.0,0.0,0.0,0.0,0.0,0.0,0.0,0.0,0.0,0.0,-9999.0,-9999.0,-9999.0,-9999.0
nubase,u227,227U,92,135,227,92227,66.0,6.0,6.0,0.0,0.0,0.0,100.0,0.0,0.0,0.0,0.0,0.0,0.0,0.0,0.0,0.0,0.0,0.0,-9999.0,-9999.0,-9999.0,-9999.0
nubase,u230,230U,92,138,230,92230,1747872.0,1728.0,1728.0,0.0,0.0,0.0,100.0,0.0,0.0,0.0,0.0,0.0,0.0,0.0,0.0,0.0,0.0,0.0,-9999.0,-9999.0,-9999.0,-9999.0
nubase,u229,229U,92,137,229,92229,3468.0,30.0,30.0,0.0,0.0,0.0,20.0,0.0,0.0,0.0,0.0,0.0,0.0,0.0,0.0,0.0,0.0,0.0,-9999.0,-9999.0,-9999.0,-9999.0
nubase,u231,231U,92,139,231,92231,362880.0,8640.0,8640.0,0.0,0.0,0.0,0.004,0.001,0.001,0.0,0.0,0.0,0.0,0.0,0.0,0.0,0.0,0.0,-9999.0,-9999.0,-9999.0,-9999.0
mix,u242,242U,92,150,242,92242,1008.0,30.0,30.0,100.0,0.0,0.0,0.0,0.0,0.0,0.0,0.0,0.0,0.0,0.0,0.0,0.0,0.0,0.0,1667.17542,0.0,0.0,0.0
mix,ni76,76Ni,28,48,76,28076,0.2347,0.0027,0.0027,100.0,0.0,0.0,0.0,0.0,0.0,14.0,3.6,3.6,0.0,0.0,0.0,0.0,0.0,0.0,0.49857,0.17,0.0,0.0
mix,ni77,77Ni,28,49,77,28077,0.1585,0.004200000000000001,0.004200000000000001,100.0,0.0,0.0,0.0,0.0,0.0,26.0,13.0,13.0,0.0,0.0,0.0,0.0,0.0,0.0,0.25769,0.23,0.0,0.0
mix,ni74,74Ni,28,46,74,28074,0.5077,0.0046,0.0046,100.0,0.0,0.0,0.0,0.0,0.0,0.0,0.0,0.0,0.0,0.0,0.0,0.0,0.0,0.0,1.63266,0.04,0.0,0.0
mix,ni75,75Ni,28,47,75,28075,0.3322,0.0031000000000000003,0.0031000000000000003,100.0,0.0,0.0,0.0,0.0,0.0,10.0,2.8,2.8,0.0,0.0,0.0,0.0,0.0,0.0,0.67865,0.06,0.0,0.0
mix,ni68,68Ni,28,40,68,28068,29.0,2.0,2.0,100.0,0.0,0.0,0.0,0.0,0.0,0.0,0.0,0.0,0.0,0.0,0.0,0.0,0.0,0.0,180.57413,0.0,0.0,0.0
mix,u239,239U,92,147,239,92239,1407.0,1.2,1.2,100.0,0.0,0.0,0.0,0.0,0.0,0.0,0.0,0.0,0.0,0.0,0.0,0.0,0.0,0.0,622.25726,0.0,0.0,0.0
mix,ni69,69Ni,28,41,69,28069,11.4,0.3,0.3,100.0,0.0,0.0,0.0,0.0,0.0,0.0,0.0,0.0,0.0,0.0,0.0,0.0,0.0,0.0,27.1789,0.0,0.0,0.0
nubase,u238,238U,92,146,238,92238,1.408458219866726e+17,164798251474278.0,164798251474278.0,0.0,0.0,0.0,100.0,0.0,0.0,0.0,0.0,0.0,0.0,0.0,0.0,0.0,0.0,0.0,-9999.0,-9999.0,-9999.0,-9999.0
mix,u240,240U,92,148,240,92240,50760.0,360.0,360.0,100.0,0.0,0.0,0.0,0.0,0.0,0.0,0.0,0.0,0.0,0.0,0.0,0.0,0.0,0.0,64709.71484,0.0,0.0,0.0
mix,ni72,72Ni,28,44,72,28072,1.57,0.05,0.05,100.0,0.0,0.0,0.0,0.0,0.0,0.0,0.0,0.0,0.0,0.0,0.0,0.0,0.0,0.0,2.47778,0.0,0.0,0.0
mix,ni73,73Ni,28,45,73,28073,0.838,0.028,0.028,100.0,0.0,0.0,0.0,0.0,0.0,0.0,0.0,0.0,0.0,0.0,0.0,0.0,0.0,0.0,1.09944,0.01,0.0,0.0
mix,ni70,70Ni,28,42,70,28070,6.0,0.3,0.3,100.0,0.0,0.0,0.0,0.0,0.0,0.0,0.0,0.0,0.0,0.0,0.0,0.0,0.0,0.0,14.12084,0.0,0.0,0.0
mix,ni71,71Ni,28,43,71,28071,2.55,0.04,0.04,100.0,0.0,0.0,0.0,0.0,0.0,0.0,0.0,0.0,0.0,0.0,0.0,0.0,0.0,0.0,3.62104,0.0,0.0,0.0
mix,s46,46S,16,30,46,16046,0.05,0.008,0.008,100.0,0.0,0.0,0.0,0.0,0.0,0.0,0.0,0.0,0.0,0.0,0.0,0.0,0.0,0.0,0.06792,0.63,0.0,0.0
mix,ir200,200Ir,77,123,200,77200,43.0,6.0,6.0,100.0,0.0,0.0,0.0,0.0,0.0,0.0,0.0,0.0,0.0,0.0,0.0,0.0,0.0,0.0,134.18535,0.0,0.0,0.0
mix,ir201,201Ir,77,124,201,77201,21.0,5.0,5.0,100.0,0.0,0.0,0.0,0.0,0.0,0.0,0.0,0.0,0.0,0.0,0.0,0.0,0.0,0.0,129.19933,0.0,0.0,0.0
mix,ir198,198Ir,77,121,198,77198,9.1,0.3,0.3,100.0,0.0,0.0,0.0,0.0,0.0,0.0,0.0,0.0,0.0,0.0,0.0,0.0,0.0,0.0,324.61758,0.0,0.0,0.0
mix,ir199,199Ir,77,122,199,77199,6.0,4.0,4.0,100.0,0.0,0.0,0.0,0.0,0.0,0.0,0.0,0.0,0.0,0.0,0.0,0.0,0.0,0.0,376.85492,0.0,0.0,0.0
mix,ir197,197Ir,77,120,197,77197,348.0,30.0,30.0,100.0,0.0,0.0,0.0,0.0,0.0,0.0,0.0,0.0,0.0,0.0,0.0,0.0,0.0,0.0,1494.60986,0.0,0.0,0.0
nubase,tl177,177Tl,81,96,177,81177,0.018000000000000002,0.005,0.005,0.0,0.0,0.0,73.0,13.0,13.0,0.0,0.0,0.0,0.0,0.0,0.0,0.0,0.0,0.0,-9999.0,-9999.0,-9999.0,-9999.0
nubase,tl178,178Tl,81,97,178,81178,0.254,0.008,0.01,0.0,0.0,0.0,62.0,2.0,2.0,0.0,0.0,0.0,0.0,0.0,0.0,0.0,0.0,0.0,-9999.0,-9999.0,-9999.0,-9999.0
mix,ir202,202Ir,77,125,202,77202,11.0,3.0,3.0,100.0,0.0,0.0,0.0,0.0,0.0,0.0,0.0,0.0,0.0,0.0,0.0,0.0,0.0,0.0,49.7148,0.0,0.0,0.0
nubase,tl179,179Tl,81,98,179,81179,0.426,0.009000000000000001,0.009000000000000001,0.0,0.0,0.0,60.0,2.0,2.0,0.0,0.0,0.0,0.0,0.0,0.0,0.0,0.0,0.0,-9999.0,-9999.0,-9999.0,-9999.0
nubase,tl180,180Tl,81,99,180,81180,1.09,0.01,0.01,0.0,0.0,0.0,6.0,4.0,4.0,0.0,0.0,0.0,0.0,0.0,0.0,0.0,0.0,0.0,-9999.0,-9999.0,-9999.0,-9999.0
mix,ir195,195Ir,77,118,195,77195,8244.0,468.0,468.0,100.0,0.0,0.0,0.0,0.0,0.0,0.0,0.0,0.0,0.0,0.0,0.0,0.0,0.0,0.0,162.004,0.0,0.0,0.0
mix,ir196,196Ir,77,119,196,77196,51.9,1.1,1.1,100.0,0.0,0.0,0.0,0.0,0.0,0.0,0.0,0.0,0.0,0.0,0.0,0.0,0.0,0.0,95.93836,0.0,0.0,0.0
mix,ir194,194Ir,77,117,194,77194,69120.0,72.0,72.0,100.0,0.0,0.0,0.0,0.0,0.0,0.0,0.0,0.0,0.0,0.0,0.0,0.0,0.0,0.0,16.05103,0.0,0.0,0.0
mix,ir192,192Ir,77,115,192,77192,6378566.399999999,950.4,950.4,95.24,0.04,0.04,0.0,0.0,0.0,0.0,0.0,0.0,0.0,0.0,0.0,0.0,0.0,0.0,28231.50977,0.0,0.0,0.0
mix,s35,35S,16,19,35,16035,7547039.999999999,6048.000000000001,6048.000000000001,100.0,0.0,0.0,0.0,0.0,0.0,0.0,0.0,0.0,0.0,0.0,0.0,0.0,0.0,0.0,7257660.5,0.0,0.0,0.0
nubase,bh262,262Bh,107,155,262,107262,0.088,0.01,0.011,0.0,0.0,0.0,100.0,0.0,0.0,0.0,0.0,0.0,0.0,0.0,0.0,0.0,0.0,0.0,-9999.0,-9999.0,-9999.0,-9999.0
nubase,bh261,261Bh,107,154,261,107261,0.0117,0.0024,0.0037,0.0,0.0,0.0,100.0,0.0,0.0,0.0,0.0,0.0,0.0,0.0,0.0,0.0,0.0,0.0,-9999.0,-9999.0,-9999.0,-9999.0
nubase,bh264,264Bh,107,157,264,107264,0.99,0.18,0.23,0.0,0.0,0.0,85.0,0.0,0.0,0.0,0.0,0.0,0.0,0.0,0.0,0.0,0.0,0.0,-9999.0,-9999.0,-9999.0,-9999.0
nubase,bh260,260Bh,107,153,260,107260,0.035,0.009000000000000001,0.019,0.0,0.0,0.0,100.0,0.0,0.0,0.0,0.0,0.0,0.0,0.0,0.0,0.0,0.0,0.0,-9999.0,-9999.0,-9999.0,-9999.0
nubase,ir177,177Ir,77,100,177,77177,30.0,2.0,2.0,0.0,0.0,0.0,0.06,0.01,0.01,0.0,0.0,0.0,0.0,0.0,0.0,0.0,0.0,0.0,-9999.0,-9999.0,-9999.0,-9999.0
mix,s42,42S,16,26,42,16042,1.016,0.013,0.013,100.0,0.0,0.0,0.0,0.0,0.0,0.0,0.0,0.0,0.0,0.0,0.0,0.0,0.0,0.0,3.90178,0.02,0.0,0.0
mix,s41,41S,16,25,41,16041,2.6,1.4,1.4,100.0,0.0,0.0,0.0,0.0,0.0,0.0,0.0,0.0,0.0,0.0,0.0,0.0,0.0,0.0,2.47344,0.0,0.0,0.0
mix,s40,40S,16,24,40,16040,8.8,2.2,2.2,100.0,0.0,0.0,0.0,0.0,0.0,0.0,0.0,0.0,0.0,0.0,0.0,0.0,0.0,0.0,83.58868,0.0,0.0,0.0
nubase,bh267,267Bh,107,160,267,107267,16.0,4.0,7.0,0.0,0.0,0.0,100.0,0.0,0.0,0.0,0.0,0.0,0.0,0.0,0.0,0.0,0.0,0.0,-9999.0,-9999.0,-9999.0,-9999.0
mix,s39,39S,16,23,39,16039,11.5,0.5,0.5,100.0,0.0,0.0,0.0,0.0,0.0,0.0,0.0,0.0,0.0,0.0,0.0,0.0,0.0,0.0,5.10707,0.0,0.0,0.0
mix,s45,45S,16,29,45,16045,0.068,0.002,0.002,100.0,0.0,0.0,0.0,0.0,0.0,0.0,0.0,0.0,0.0,0.0,0.0,0.0,0.0,0.0,0.06607,0.28,0.0,0.0
mix,s44,44S,16,28,44,16044,0.1245,0.0023,0.0023,100.0,0.0,0.0,0.0,0.0,0.0,29.0,6.0,6.0,0.0,0.0,0.0,0.0,0.0,0.0,0.13693,0.32,0.0,0.0
mix,s43,43S,16,27,43,16043,0.265,0.013000000000000001,0.013000000000000001,100.0,0.0,0.0,0.0,0.0,0.0,40.0,10.0,10.0,0.0,0.0,0.0,0.0,0.0,0.0,0.42423,0.18,0.0,0.0
nubase,bh272,272Bh,107,165,272,107272,9.4,1.2,1.2,0.0,0.0,0.0,100.0,0.0,0.0,0.0,0.0,0.0,0.0,0.0,0.0,0.0,0.0,0.0,-9999.0,-9999.0,-9999.0,-9999.0
nubase,bh274,274Bh,107,167,274,107274,44.0,13.0,34.0,0.0,0.0,0.0,100.0,0.0,0.0,0.0,0.0,0.0,0.0,0.0,0.0,0.0,0.0,0.0,-9999.0,-9999.0,-9999.0,-9999.0
mix,s38,38S,16,22,38,16038,10218.0,42.0,42.0,100.0,0.0,0.0,0.0,0.0,0.0,0.0,0.0,0.0,0.0,0.0,0.0,0.0,0.0,0.0,5974.29053,0.0,0.0,0.0
mix,s37,37S,16,21,37,16037,303.0,1.2,1.2,100.0,0.0,0.0,0.0,0.0,0.0,0.0,0.0,0.0,0.0,0.0,0.0,0.0,0.0,0.0,172.00916,0.0,0.0,0.0
nubase,bh271,271Bh,107,164,271,107271,1.5,0.6,2.8,0.0,0.0,0.0,100.0,0.0,0.0,0.0,0.0,0.0,0.0,0.0,0.0,0.0,0.0,0.0,-9999.0,-9999.0,-9999.0,-9999.0
nubase,bh270,270Bh,107,163,270,107270,60.0,30.0,294.0,0.0,0.0,0.0,100.0,0.0,0.0,0.0,0.0,0.0,0.0,0.0,0.0,0.0,0.0,0.0,-9999.0,-9999.0,-9999.0,-9999.0
nubase,bh266,266Bh,107,159,266,107266,10.0,1.7,2.6,0.0,0.0,0.0,100.0,0.0,0.0,0.0,0.0,0.0,0.0,0.0,0.0,0.0,0.0,0.0,-9999.0,-9999.0,-9999.0,-9999.0
nubase,bh265,265Bh,107,158,265,107265,0.94,0.31,0.7,0.0,0.0,0.0,100.0,0.0,0.0,0.0,0.0,0.0,0.0,0.0,0.0,0.0,0.0,0.0,-9999.0,-9999.0,-9999.0,-9999.0
nubase,lr258,258Lr,103,155,258,103258,3.86,0.23,0.24,0.0,0.0,0.0,97.4,1.8,1.8,0.0,0.0,0.0,0.0,0.0,0.0,0.0,0.0,0.0,-9999.0,-9999.0,-9999.0,-9999.0
nubase,lr257,257Lr,103,154,257,103257,5.9,0.4,0.4,0.0,0.0,0.0,100.0,0.0,0.0,0.0,0.0,0.0,0.0,0.0,0.0,0.0,0.0,0.0,-9999.0,-9999.0,-9999.0,-9999.0
nubase,lr260,260Lr,103,157,260,103260,180.0,30.0,30.0,0.0,0.0,0.0,60.0,0.0,0.0,0.0,0.0,0.0,0.0,0.0,0.0,0.0,0.0,0.0,-9999.0,-9999.0,-9999.0,-9999.0
nubase,lr259,259Lr,103,156,259,103259,6.22,0.27,0.28,0.0,0.0,0.0,78.0,2.0,2.0,0.0,0.0,0.0,0.0,0.0,0.0,0.0,0.0,0.0,-9999.0,-9999.0,-9999.0,-9999.0
mix,ge77,77Ge,32,45,77,32077,40359.6,10.8,10.8,100.0,0.0,0.0,0.0,0.0,0.0,0.0,0.0,0.0,0.0,0.0,0.0,0.0,0.0,0.0,1872.31445,0.0,0.0,0.0
nubase,lr254,254Lr,103,151,254,103254,11.9,0.9,0.9,0.0,0.0,0.0,71.7,1.9,1.9,0.0,0.0,0.0,0.0,0.0,0.0,0.0,0.0,0.0,-9999.0,-9999.0,-9999.0,-9999.0
mix,ge78,78Ge,32,46,78,32078,5220.0,60.0,60.0,100.0,0.0,0.0,0.0,0.0,0.0,0.0,0.0,0.0,0.0,0.0,0.0,0.0,0.0,0.0,148482.5,0.0,0.0,0.0
nubase,lr253,253Lr,103,150,253,103253,0.65,0.04,0.04,0.0,0.0,0.0,99.0,0.0,0.0,0.0,0.0,0.0,0.0,0.0,0.0,0.0,0.0,0.0,-9999.0,-9999.0,-9999.0,-9999.0
mix,ge75,75Ge,32,43,75,32075,4966.8,3.5999999999999996,3.5999999999999996,100.0,0.0,0.0,0.0,0.0,0.0,0.0,0.0,0.0,0.0,0.0,0.0,0.0,0.0,0.0,2071.96582,0.0,0.0,0.0
nubase,lr256,256Lr,103,153,256,103256,27.9,1.0,1.0,0.0,0.0,0.0,85.0,0.0,0.0,0.0,0.0,0.0,0.0,0.0,0.0,0.0,0.0,0.0,-9999.0,-9999.0,-9999.0,-9999.0
nubase,lr255,255Lr,103,152,255,103255,31.1,1.1,1.1,0.0,0.0,0.0,99.7,0.1,0.1,0.0,0.0,0.0,0.0,0.0,0.0,0.0,0.0,0.0,-9999.0,-9999.0,-9999.0,-9999.0
mix,ge81,81Ge,32,49,81,32081,6.4,0.2,0.2,100.0,0.0,0.0,0.0,0.0,0.0,0.0,0.0,0.0,0.0,0.0,0.0,0.0,0.0,0.0,18.39966,0.0,0.0,0.0
mix,ge79,79Ge,32,47,79,32079,18.97,0.04,0.04,100.0,0.0,0.0,0.0,0.0,0.0,0.0,0.0,0.0,0.0,0.0,0.0,0.0,0.0,0.0,237.5531,0.0,0.0,0.0
mix,ge80,80Ge,32,48,80,32080,29.5,0.4,0.4,100.0,0.0,0.0,0.0,0.0,0.0,0.0,0.0,0.0,0.0,0.0,0.0,0.0,0.0,0.0,1247.72021,0.0,0.0,0.0
mix,ca56,56Ca,20,36,56,20056,0.011,0.002,0.002,100.0,0.0,0.0,0.0,0.0,0.0,0.0,0.0,0.0,0.0,0.0,0.0,0.0,0.0,0.0,0.02416,0.08,0.0,0.0
mix,ca55,55Ca,20,35,55,20055,0.022,0.002,0.002,100.0,0.0,0.0,0.0,0.0,0.0,0.0,0.0,0.0,0.0,0.0,0.0,0.0,0.0,0.0,0.01906,0.0,0.0,0.0
mix,ca54,54Ca,20,34,54,20054,0.09,0.008,0.008,100.0,0.0,0.0,0.0,0.0,0.0,0.0,0.0,0.0,0.0,0.0,0.0,0.0,0.0,0.0,0.09811,0.0,0.0,0.0
mix,ca53,53Ca,20,33,53,20053,0.461,0.09,0.09,100.0,0.0,0.0,0.0,0.0,0.0,40.0,10.0,10.0,0.0,0.0,0.0,0.0,0.0,0.0,0.01855,0.0,0.0,0.0
mix,ca52,52Ca,20,32,52,20052,4.6,0.3,0.3,100.0,0.0,0.0,0.0,0.0,0.0,0.0,0.0,0.0,0.0,0.0,0.0,0.0,0.0,0.0,0.61215,0.0,0.0,0.0
mix,ca51,51Ca,20,31,51,20051,10.0,0.8,0.8,100.0,0.0,0.0,0.0,0.0,0.0,0.0,0.0,0.0,0.0,0.0,0.0,0.0,0.0,0.0,34.68164,0.0,0.0,0.0
mix,ca50,50Ca,20,30,50,20050,13.45,0.07,0.07,100.0,0.0,0.0,0.0,0.0,0.0,0.0,0.0,0.0,0.0,0.0,0.0,0.0,0.0,0.0,40.87446,0.0,0.0,0.0
nubase,lr251,251Lr,103,148,251,103251,0.024399999999999998,0.0045000000000000005,0.007,0.0,0.0,0.0,100.0,0.0,0.0,0.0,0.0,0.0,0.0,0.0,0.0,0.0,0.0,0.0,-9999.0,-9999.0,-9999.0,-9999.0
mix,k46,46K,19,27,46,19046,96.31,0.078,0.078,100.0,0.0,0.0,0.0,0.0,0.0,0.0,0.0,0.0,0.0,0.0,0.0,0.0,0.0,0.0,68.29019,0.0,0.0,0.0
mix,k45,45K,19,26,45,19045,1067.3999999999999,25.8,25.8,100.0,0.0,0.0,0.0,0.0,0.0,0.0,0.0,0.0,0.0,0.0,0.0,0.0,0.0,0.0,1365.58643,0.0,0.0,0.0
mix,k48,48K,19,29,48,19048,6.8,0.2,0.2,100.0,0.0,0.0,0.0,0.0,0.0,1.14,0.15,0.15,0.0,0.0,0.0,0.0,0.0,0.0,1.73266,0.01,0.0,0.0
mix,k47,47K,19,28,47,19047,17.38,0.03,0.03,100.0,0.0,0.0,0.0,0.0,0.0,0.0,0.0,0.0,0.0,0.0,0.0,0.0,0.0,0.0,73.1582,0.0,0.0,0.0
mix,k42,42K,19,23,42,19042,44492.4,14.4,14.4,100.0,0.0,0.0,0.0,0.0,0.0,0.0,0.0,0.0,0.0,0.0,0.0,0.0,0.0,0.0,28584.98242,0.0,0.0,0.0
mix,k44,44K,19,25,44,19044,1327.8,11.4,11.4,100.0,0.0,0.0,0.0,0.0,0.0,0.0,0.0,0.0,0.0,0.0,0.0,0.0,0.0,0.0,883.70355,0.0,0.0,0.0
nubase,ba114,114Ba,56,58,114,56114,0.41,0.1,0.15,0.0,0.0,0.0,0.9,0.3,0.3,0.0,0.0,0.0,0.0,0.0,0.0,0.0,0.0,0.0,-9999.0,-9999.0,-9999.0,-9999.0
mix,k43,43K,19,24,43,19043,80208.0,396.0,396.0,100.0,0.0,0.0,0.0,0.0,0.0,0.0,0.0,0.0,0.0,0.0,0.0,0.0,0.0,0.0,352855.3125,0.0,0.0,0.0
nubase,k40,40K,19,21,40,19040,3.9383043648e+16,94670778000000.0,94670778000000.0,89.28,0.11,0.11,0.0,0.0,0.0,0.0,0.0,0.0,0.0,0.0,0.0,0.0,0.0,0.0,-9999.0,-9999.0,-9999.0,-9999.0
mix,ca49,49Ca,20,29,49,20049,523.08,0.36,0.36,100.0,0.0,0.0,0.0,0.0,0.0,0.0,0.0,0.0,0.0,0.0,0.0,0.0,0.0,0.0,583.85901,0.0,0.0,0.0
mix,ca47,47Ca,20,27,47,20047,391910.39999999997,172.8,172.8,100.0,0.0,0.0,0.0,0.0,0.0,0.0,0.0,0.0,0.0,0.0,0.0,0.0,0.0,0.0,744.44348,0.0,0.0,0.0
mix,ca45,45Ca,20,25,45,20045,14049504.000000002,7776.0,7776.0,100.0,0.0,0.0,0.0,0.0,0.0,0.0,0.0,0.0,0.0,0.0,0.0,0.0,0.0,0.0,3452897024.0,0.0,0.0,0.0
mix,k53,53K,19,34,53,19053,0.03,0.005,0.005,100.0,0.0,0.0,0.0,0.0,0.0,75.0,10.0,10.0,0.0,0.0,0.0,0.0,0.0,0.0,0.00878,0.43,0.01,0.0
mix,k52,52K,19,33,52,19052,0.11,0.004,0.004,100.0,0.0,0.0,0.0,0.0,0.0,74.0,9.0,9.0,2.3,0.3,0.3,0.0,0.0,0.0,0.01038,0.24,0.02,0.0
mix,k54,54K,19,35,54,19054,0.01,0.005,0.005,100.0,0.0,0.0,0.0,0.0,0.0,0.0,0.0,0.0,0.0,0.0,0.0,0.0,0.0,0.0,0.00847,0.5,0.19,0.0
mix,k49,49K,19,30,49,19049,1.26,0.05,0.05,100.0,0.0,0.0,0.0,0.0,0.0,86.0,9.0,9.0,0.0,0.0,0.0,0.0,0.0,0.0,1.19295,0.29,0.0,0.0
mix,k51,51K,19,32,51,19051,0.365,0.005,0.005,100.0,0.0,0.0,0.0,0.0,0.0,65.0,6.0,6.0,0.0,0.0,0.0,0.0,0.0,0.0,0.13945,0.59,0.0,0.0
mix,k50,50K,19,31,50,19050,0.47200000000000003,0.004,0.004,100.0,0.0,0.0,0.0,0.0,0.0,29.0,3.0,3.0,0.0,0.0,0.0,0.0,0.0,0.0,0.68459,0.19,0.0,0.0
mix,ba139,139Ba,56,83,139,56139,4973.4,8.4,8.4,100.0,0.0,0.0,0.0,0.0,0.0,0.0,0.0,0.0,0.0,0.0,0.0,0.0,0.0,0.0,1065.1582,0.0,0.0,0.0
mix,ba140,140Ba,56,84,140,56140,1101824.64,120.96,120.96,100.0,0.0,0.0,0.0,0.0,0.0,0.0,0.0,0.0,0.0,0.0,0.0,0.0,0.0,0.0,13282.22656,0.0,0.0,0.0
mix,ba145,145Ba,56,89,145,56145,3.99,0.19,0.19,100.0,0.0,0.0,0.0,0.0,0.0,0.0,0.0,0.0,0.0,0.0,0.0,0.0,0.0,0.0,2.55503,0.0,0.0,0.0
mix,ba141,141Ba,56,85,141,56141,1094.3999999999999,4.8,4.8,100.0,0.0,0.0,0.0,0.0,0.0,0.0,0.0,0.0,0.0,0.0,0.0,0.0,0.0,0.0,25.71817,0.0,0.0,0.0
mix,ba142,142Ba,56,86,142,56142,630.6,9.0,9.0,100.0,0.0,0.0,0.0,0.0,0.0,0.0,0.0,0.0,0.0,0.0,0.0,0.0,0.0,0.0,45.89423,0.0,0.0,0.0
mix,ba143,143Ba,56,87,143,56143,14.38,0.21,0.21,100.0,0.0,0.0,0.0,0.0,0.0,0.0,0.0,0.0,0.0,0.0,0.0,0.0,0.0,0.0,2.75622,0.0,0.0,0.0
mix,ba144,144Ba,56,88,144,56144,11.7,0.1,0.1,100.0,0.0,0.0,0.0,0.0,0.0,0.0,0.0,0.0,0.0,0.0,0.0,0.0,0.0,0.0,6.25262,0.0,0.0,0.0
nubase,c20,20C,6,14,20,6020,0.016,0.003,0.003,100.0,0.0,0.0,0.0,0.0,0.0,66.0,10.0,10.0,0.0,0.0,0.0,0.0,0.0,0.0,-9999.0,-9999.0,-9999.0,-9999.0
nubase,c19,19C,6,13,19,6019,0.0463,0.0023,0.0023,100.0,0.0,0.0,0.0,0.0,0.0,47.0,3.0,3.0,7.0,3.0,3.0,0.0,0.0,0.0,-9999.0,-9999.0,-9999.0,-9999.0
nubase,c22,22C,6,16,22,6022,0.0060999999999999995,0.0012,0.0014,100.0,0.0,0.0,0.0,0.0,0.0,61.0,13.0,14.0,0.0,0.0,0.0,0.0,0.0,0.0,-9999.0,-9999.0,-9999.0,-9999.0
nubase,c16,16C,6,10,16,6016,0.75,0.005,0.005,100.0,0.0,0.0,0.0,0.0,0.0,99.28,0.12,0.12,0.0,0.0,0.0,0.0,0.0,0.0,-9999.0,-9999.0,-9999.0,-9999.0
nubase,c18,18C,6,12,18,6018,0.092,0.002,0.002,100.0,0.0,0.0,0.0,0.0,0.0,31.5,1.5,1.5,0.0,0.0,0.0,0.0,0.0,0.0,-9999.0,-9999.0,-9999.0,-9999.0
nubase,c17,17C,6,11,17,6017,0.193,0.005,0.005,100.0,0.0,0.0,0.0,0.0,0.0,28.4,1.3,1.3,0.0,0.0,0.0,0.0,0.0,0.0,-9999.0,-9999.0,-9999.0,-9999.0
mix,ru124,124Ru,44,80,124,44124,0.015,0.003,0.003,100.0,0.0,0.0,0.0,0.0,0.0,0.0,0.0,0.0,0.0,0.0,0.0,0.0,0.0,0.0,0.03808,0.16,0.0,0.0
mix,ru114,114Ru,44,70,114,44114,0.543,0.034,0.034,100.0,0.0,0.0,0.0,0.0,0.0,0.0,0.0,0.0,0.0,0.0,0.0,0.0,0.0,0.0,0.88066,0.0,0.0,0.0
mix,ru116,116Ru,44,72,116,44116,0.203,0.005,0.005,100.0,0.0,0.0,0.0,0.0,0.0,0.0,0.0,0.0,0.0,0.0,0.0,0.0,0.0,0.0,0.41742,0.0,0.0,0.0
mix,ru115,115Ru,44,71,115,44115,0.318,0.019,0.019,100.0,0.0,0.0,0.0,0.0,0.0,0.0,0.0,0.0,0.0,0.0,0.0,0.0,0.0,0.0,0.64694,0.0,0.0,0.0
mix,ru122,122Ru,44,78,122,44122,0.025,0.001,0.001,100.0,0.0,0.0,0.0,0.0,0.0,0.0,0.0,0.0,0.0,0.0,0.0,0.0,0.0,0.0,0.06488,0.1,0.0,0.0
mix,ru121,121Ru,44,77,121,44121,0.03,0.003,0.003,100.0,0.0,0.0,0.0,0.0,0.0,13.0,4.0,4.0,0.0,0.0,0.0,0.0,0.0,0.0,0.07683,0.09,0.0,0.0
mix,ru123,123Ru,44,79,123,44123,0.019,0.002,0.002,100.0,0.0,0.0,0.0,0.0,0.0,0.0,0.0,0.0,0.0,0.0,0.0,0.0,0.0,0.0,0.05208,0.15,0.0,0.0
mix,ru118,118Ru,44,74,118,44118,0.099,0.003,0.003,100.0,0.0,0.0,0.0,0.0,0.0,0.0,0.0,0.0,0.0,0.0,0.0,0.0,0.0,0.0,0.17387,0.02,0.0,0.0
mix,ru117,117Ru,44,73,117,44117,0.152,0.003,0.003,100.0,0.0,0.0,0.0,0.0,0.0,2.4,1.0,1.0,0.0,0.0,0.0,0.0,0.0,0.0,0.15101,0.01,0.0,0.0
mix,ru120,120Ru,44,76,120,44120,0.045,0.002,0.002,100.0,0.0,0.0,0.0,0.0,0.0,6.0,3.0,3.0,0.0,0.0,0.0,0.0,0.0,0.0,0.10539,0.04,0.0,0.0
mix,ru119,119Ru,44,75,119,44119,0.0692,0.002,0.002,100.0,0.0,0.0,0.0,0.0,0.0,6.0,5.0,5.0,0.0,0.0,0.0,0.0,0.0,0.0,0.14358,0.04,0.0,0.0
mix,ru105,105Ru,44,61,105,44105,15984.000000000002,36.0,36.0,100.0,0.0,0.0,0.0,0.0,0.0,0.0,0.0,0.0,0.0,0.0,0.0,0.0,0.0,0.0,504.32767,0.0,0.0,0.0
nubase,ta180,180Ta,73,107,180,73180,29354.4,21.6,21.6,15.0,4.0,4.0,0.0,0.0,0.0,0.0,0.0,0.0,0.0,0.0,0.0,0.0,0.0,0.0,-9999.0,-9999.0,-9999.0,-9999.0
mix,ta182,182Ta,73,109,182,73182,9919065.6,9504.0,9504.0,100.0,0.0,0.0,0.0,0.0,0.0,0.0,0.0,0.0,0.0,0.0,0.0,0.0,0.0,0.0,11987.52832,0.0,0.0,0.0
mix,ru111,111Ru,44,67,111,44111,2.12,0.07,0.07,100.0,0.0,0.0,0.0,0.0,0.0,0.0,0.0,0.0,0.0,0.0,0.0,0.0,0.0,0.0,4.28961,0.0,0.0,0.0
mix,ru110,110Ru,44,66,110,44110,12.04,0.17,0.17,100.0,0.0,0.0,0.0,0.0,0.0,0.0,0.0,0.0,0.0,0.0,0.0,0.0,0.0,0.0,16.01551,0.0,0.0,0.0
mix,ru113,113Ru,44,69,113,44113,0.8,0.05,0.05,100.0,0.0,0.0,0.0,0.0,0.0,0.0,0.0,0.0,0.0,0.0,0.0,0.0,0.0,0.0,1.84231,0.0,0.0,0.0
mix,ru112,112Ru,44,68,112,44112,1.75,0.07,0.07,100.0,0.0,0.0,0.0,0.0,0.0,0.0,0.0,0.0,0.0,0.0,0.0,0.0,0.0,0.0,2.17834,0.0,0.0,0.0
mix,ru107,107Ru,44,63,107,44107,223.8,3.5999999999999996,3.5999999999999996,100.0,0.0,0.0,0.0,0.0,0.0,0.0,0.0,0.0,0.0,0.0,0.0,0.0,0.0,0.0,464.85791,0.0,0.0,0.0
mix,ru106,106Ru,44,62,106,44106,32123520.0,155520.0,155520.0,100.0,0.0,0.0,0.0,0.0,0.0,0.0,0.0,0.0,0.0,0.0,0.0,0.0,0.0,0.0,999999995904.0,0.0,0.0,0.0
mix,ru109,109Ru,44,65,109,44109,34.4,0.2,0.2,100.0,0.0,0.0,0.0,0.0,0.0,0.0,0.0,0.0,0.0,0.0,0.0,0.0,0.0,0.0,47.34265,0.0,0.0,0.0
mix,ru108,108Ru,44,64,108,44108,273.0,2.4,2.4,100.0,0.0,0.0,0.0,0.0,0.0,0.0,0.0,0.0,0.0,0.0,0.0,0.0,0.0,0.0,518.1225,0.0,0.0,0.0
mix,ru103,103Ru,44,59,103,44103,3390940.8,950.4,950.4,100.0,0.0,0.0,0.0,0.0,0.0,0.0,0.0,0.0,0.0,0.0,0.0,0.0,0.0,0.0,431668.34375,0.0,0.0,0.0
mix,ge88,88Ge,32,56,88,32088,0.061,0.006,0.006,100.0,0.0,0.0,0.0,0.0,0.0,0.0,0.0,0.0,0.0,0.0,0.0,0.0,0.0,0.0,0.0403,0.08,0.0,0.0
mix,ge86,86Ge,32,54,86,32086,0.226,0.021,0.021,100.0,0.0,0.0,0.0,0.0,0.0,45.0,15.0,15.0,0.0,0.0,0.0,0.0,0.0,0.0,0.16152,0.07,0.0,0.0
mix,ge87,87Ge,32,55,87,32087,0.10300000000000001,0.004,0.004,100.0,0.0,0.0,0.0,0.0,0.0,0.0,0.0,0.0,0.0,0.0,0.0,0.0,0.0,0.0,0.0572,0.07,0.0,0.0
mix,ge84,84Ge,32,52,84,32084,0.9520000000000001,0.008,0.008,100.0,0.0,0.0,0.0,0.0,0.0,10.6,0.6,0.6,0.0,0.0,0.0,0.0,0.0,0.0,0.93454,0.08,0.0,0.0
mix,ge85,85Ge,32,53,85,32085,0.514,0.017,0.017,100.0,0.0,0.0,0.0,0.0,0.0,16.2,1.5,1.5,0.0,0.0,0.0,0.0,0.0,0.0,0.05115,0.01,0.0,0.0
mix,ge82,82Ge,32,50,82,32082,4.48,0.31,0.31,100.0,0.0,0.0,0.0,0.0,0.0,0.0,0.0,0.0,0.0,0.0,0.0,0.0,0.0,0.0,30.05527,0.0,0.0,0.0
mix,ge83,83Ge,32,51,83,32083,1.85,0.06,0.06,100.0,0.0,0.0,0.0,0.0,0.0,0.0,0.0,0.0,0.0,0.0,0.0,0.0,0.0,0.0,0.79114,0.0,0.0,0.0
mix,ta192,192Ta,73,119,192,73192,2.2,0.7,0.7,100.0,0.0,0.0,0.0,0.0,0.0,0.0,0.0,0.0,0.0,0.0,0.0,0.0,0.0,0.0,1.0912,0.0,0.0,0.0
mix,ta188,188Ta,73,115,188,73188,19.6,2.0,2.0,100.0,0.0,0.0,0.0,0.0,0.0,0.0,0.0,0.0,0.0,0.0,0.0,0.0,0.0,0.0,166.91109,0.0,0.0,0.0
mix,ta187,187Ta,73,114,187,73187,283.0,10.0,10.0,100.0,0.0,0.0,0.0,0.0,0.0,0.0,0.0,0.0,0.0,0.0,0.0,0.0,0.0,0.0,529.63,0.0,0.0,0.0
mix,ta190,190Ta,73,117,190,73190,5.3,0.7,0.7,100.0,0.0,0.0,0.0,0.0,0.0,0.0,0.0,0.0,0.0,0.0,0.0,0.0,0.0,0.0,1.4317,0.0,0.0,0.0
mix,ta184,184Ta,73,111,184,73184,31319.999999999996,360.0,360.0,100.0,0.0,0.0,0.0,0.0,0.0,0.0,0.0,0.0,0.0,0.0,0.0,0.0,0.0,0.0,1883.43237,0.0,0.0,0.0
mix,ta183,183Ta,73,110,183,73183,440639.99999999994,8640.0,8640.0,100.0,0.0,0.0,0.0,0.0,0.0,0.0,0.0,0.0,0.0,0.0,0.0,0.0,0.0,0.0,27227.0625,0.0,0.0,0.0
mix,ta186,186Ta,73,113,186,73186,630.0,12.0,12.0,100.0,0.0,0.0,0.0,0.0,0.0,0.0,0.0,0.0,0.0,0.0,0.0,0.0,0.0,0.0,417.4649,0.0,0.0,0.0
mix,ta185,185Ta,73,112,185,73185,2970.0,90.0,90.0,100.0,0.0,0.0,0.0,0.0,0.0,0.0,0.0,0.0,0.0,0.0,0.0,0.0,0.0,0.0,2036.89722,0.0,0.0,0.0
mix,rb92,92Rb,37,55,92,37092,4.48,0.03,0.03,100.0,0.0,0.0,0.0,0.0,0.0,0.0109,0.0006,0.0006,0.0,0.0,0.0,0.0,0.0,0.0,0.27064,0.0,0.0,0.0
mix,rb93,93Rb,37,56,93,37093,5.85,0.02,0.02,100.0,0.0,0.0,0.0,0.0,0.0,1.46,0.09,0.09,0.0,0.0,0.0,0.0,0.0,0.0,0.17518,0.0,0.0,0.0
mix,rb94,94Rb,37,57,94,37094,2.704,0.005,0.005,100.0,0.0,0.0,0.0,0.0,0.0,10.29,0.22,0.22,0.0,0.0,0.0,0.0,0.0,0.0,0.15022,0.01,0.0,0.0
mix,rb95,95Rb,37,58,95,37095,0.37989999999999996,0.0016,0.0016,100.0,0.0,0.0,0.0,0.0,0.0,8.75,0.29,0.29,0.0,0.0,0.0,0.0,0.0,0.0,0.07364,0.04,0.0,0.0
mix,rb96,96Rb,37,59,96,37096,0.2016,0.001,0.001,100.0,0.0,0.0,0.0,0.0,0.0,13.8,0.5,0.5,0.0,0.0,0.0,0.0,0.0,0.0,0.06758,0.11,0.0,0.0
mix,rb87,87Rb,37,50,87,37087,1.56743251442e+18,1.009821632e+16,1.009821632e+16,100.0,0.0,0.0,0.0,0.0,0.0,0.0,0.0,0.0,0.0,0.0,0.0,0.0,0.0,0.0,138112608.0,0.0,0.0,0.0
mix,rb88,88Rb,37,51,88,37088,1066.5,1.02,1.02,100.0,0.0,0.0,0.0,0.0,0.0,0.0,0.0,0.0,0.0,0.0,0.0,0.0,0.0,0.0,127.2712,0.0,0.0,0.0
mix,rb89,89Rb,37,52,89,37089,923.4000000000001,6.0,6.0,100.0,0.0,0.0,0.0,0.0,0.0,0.0,0.0,0.0,0.0,0.0,0.0,0.0,0.0,0.0,89.18463,0.0,0.0,0.0
mix,rb90,90Rb,37,53,90,37090,158.0,4.0,4.0,100.0,0.0,0.0,0.0,0.0,0.0,0.0,0.0,0.0,0.0,0.0,0.0,0.0,0.0,0.0,28.9973,0.0,0.0,0.0
mix,rb91,91Rb,37,54,91,37091,58.0,0.2,0.2,100.0,0.0,0.0,0.0,0.0,0.0,0.0,0.0,0.0,0.0,0.0,0.0,0.0,0.0,0.0,8.92,0.0,0.0,0.0
nubase,rb84,84Rb,37,47,84,37084,2835648.0,6048.000000000001,6048.000000000001,3.9,2.0,2.0,0.0,0.0,0.0,0.0,0.0,0.0,0.0,0.0,0.0,0.0,0.0,0.0,-9999.0,-9999.0,-9999.0,-9999.0
mix,rb86,86Rb,37,49,86,37086,1613174.4,864.0,864.0,99.9948,0.0005,0.0005,0.0,0.0,0.0,0.0,0.0,0.0,0.0,0.0,0.0,0.0,0.0,0.0,95687.82031,0.0,0.0,0.0
mix,mn69,69Mn,25,44,69,25069,0.0221,0.0025,0.0025,100.0,0.0,0.0,0.0,0.0,0.0,40.0,20.0,20.0,0.0,0.0,0.0,0.0,0.0,0.0,0.01052,0.25,0.0,0.0
mix,mn68,68Mn,25,43,68,25068,0.0339,0.0017,0.0017,100.0,0.0,0.0,0.0,0.0,0.0,18.0,10.0,10.0,0.0,0.0,0.0,0.0,0.0,0.0,0.01405,0.16,0.01,0.0
mix,mn70,70Mn,25,45,70,25070,0.019899999999999998,0.0017,0.0017,100.0,0.0,0.0,0.0,0.0,0.0,0.0,0.0,0.0,0.0,0.0,0.0,0.0,0.0,0.0,0.01008,0.27,0.03,0.0
mix,mn65,65Mn,25,40,65,25065,0.0917,0.001,0.001,100.0,0.0,0.0,0.0,0.0,0.0,7.9,1.2,1.2,0.0,0.0,0.0,0.0,0.0,0.0,0.04132,0.05,0.0,0.0
mix,mn67,67Mn,25,42,67,25067,0.047,0.003,0.003,100.0,0.0,0.0,0.0,0.0,0.0,0.0,0.0,0.0,0.0,0.0,0.0,0.0,0.0,0.0,0.02095,0.12,0.0,0.0
mix,mn66,66Mn,25,41,66,25066,0.0639,0.0009000000000000001,0.0009000000000000001,100.0,0.0,0.0,0.0,0.0,0.0,7.3,1.1,1.4,0.0,0.0,0.0,0.0,0.0,0.0,0.05565,0.05,0.0,0.0
nubase,mn54,54Mn,25,29,54,25054,26965440.000000004,3456.0,3456.0,9.3e-05,0.0,0.0,0.0,0.0,0.0,0.0,0.0,0.0,0.0,0.0,0.0,0.0,0.0,0.0,-9999.0,-9999.0,-9999.0,-9999.0
mix,sn121,121Sn,50,71,121,50121,97380.0,144.0,144.0,100.0,0.0,0.0,0.0,0.0,0.0,0.0,0.0,0.0,0.0,0.0,0.0,0.0,0.0,0.0,543681.375,0.0,0.0,0.0
mix,sn123,123Sn,50,73,123,50123,11162879.999999998,34560.0,34560.0,100.0,0.0,0.0,0.0,0.0,0.0,0.0,0.0,0.0,0.0,0.0,0.0,0.0,0.0,0.0,1454.50476,0.0,0.0,0.0
mix,sn125,125Sn,50,75,125,50125,832377.6,1296.0,1296.0,100.0,0.0,0.0,0.0,0.0,0.0,0.0,0.0,0.0,0.0,0.0,0.0,0.0,0.0,0.0,936.42206,0.0,0.0,0.0
mix,sn127,127Sn,50,77,127,50127,7560.0,108.0,108.0,100.0,0.0,0.0,0.0,0.0,0.0,0.0,0.0,0.0,0.0,0.0,0.0,0.0,0.0,0.0,231.7877,0.0,0.0,0.0
mix,sn126,126Sn,50,76,126,50126,6248271348000.0,189341556000.0,189341556000.0,100.0,0.0,0.0,0.0,0.0,0.0,0.0,0.0,0.0,0.0,0.0,0.0,0.0,0.0,0.0,1186266.375,0.0,0.0,0.0
mix,sn129,129Sn,50,79,129,50129,133.8,2.4,2.4,100.0,0.0,0.0,0.0,0.0,0.0,0.0,0.0,0.0,0.0,0.0,0.0,0.0,0.0,0.0,71.29072,0.0,0.0,0.0
mix,sn128,128Sn,50,78,128,50128,3576.0,18.0,18.0,100.0,0.0,0.0,0.0,0.0,0.0,0.0,0.0,0.0,0.0,0.0,0.0,0.0,0.0,0.0,3097.06885,0.0,0.0,0.0
mix,sn130,130Sn,50,80,130,50130,223.8,3.5999999999999996,3.5999999999999996,100.0,0.0,0.0,0.0,0.0,0.0,0.0,0.0,0.0,0.0,0.0,0.0,0.0,0.0,0.0,213.75079,0.0,0.0,0.0
mix,sn132,132Sn,50,82,132,50132,39.7,0.5,0.5,100.0,0.0,0.0,0.0,0.0,0.0,0.0,0.0,0.0,0.0,0.0,0.0,0.0,0.0,0.0,27.97016,0.0,0.0,0.0
mix,sn131,131Sn,50,81,131,50131,56.0,0.5,0.5,100.0,0.0,0.0,0.0,0.0,0.0,0.0,0.0,0.0,0.0,0.0,0.0,0.0,0.0,0.0,35.62517,0.0,0.0,0.0
mix,sn134,134Sn,50,84,134,50134,1.024,0.058,0.058,100.0,0.0,0.0,0.0,0.0,0.0,17.0,13.0,13.0,0.0,0.0,0.0,0.0,0.0,0.0,1.15838,0.54,0.0,0.0
mix,sn133,133Sn,50,83,133,50133,1.38,0.07,0.07,100.0,0.0,0.0,0.0,0.0,0.0,0.0294,0.0024,0.0024,0.0,0.0,0.0,0.0,0.0,0.0,2.65343,0.0,0.0,0.0
mix,sn136,136Sn,50,86,136,50136,0.355,0.013000000000000001,0.013000000000000001,100.0,0.0,0.0,0.0,0.0,0.0,27.0,4.0,4.0,0.0,0.0,0.0,0.0,0.0,0.0,0.68544,0.67,0.0,0.0
mix,sn135,135Sn,50,85,135,50135,0.515,0.005,0.005,100.0,0.0,0.0,0.0,0.0,0.0,21.0,3.0,3.0,0.0,0.0,0.0,0.0,0.0,0.0,1.123,0.51,0.0,0.0
mix,mn58,58Mn,25,33,58,25058,3.0,0.1,0.1,100.0,0.0,0.0,0.0,0.0,0.0,0.0,0.0,0.0,0.0,0.0,0.0,0.0,0.0,0.0,1.24393,0.0,0.0,0.0
mix,sn138,138Sn,50,88,138,50138,0.148,0.009000000000000001,0.009000000000000001,100.0,0.0,0.0,0.0,0.0,0.0,36.0,12.0,12.0,0.0,0.0,0.0,0.0,0.0,0.0,0.22632,0.78,0.01,0.0
mix,mn57,57Mn,25,32,57,25057,85.4,1.8,1.8,100.0,0.0,0.0,0.0,0.0,0.0,0.0,0.0,0.0,0.0,0.0,0.0,0.0,0.0,0.0,46.35484,0.0,0.0,0.0
mix,sn137,137Sn,50,87,137,50137,0.228,0.016,0.016,100.0,0.0,0.0,0.0,0.0,0.0,44.0,8.0,8.0,0.0,0.0,0.0,0.0,0.0,0.0,0.48815,0.65,0.06,0.0
mix,mn60,60Mn,25,35,60,25060,0.28,0.02,0.02,100.0,0.0,0.0,0.0,0.0,0.0,0.0,0.0,0.0,0.0,0.0,0.0,0.0,0.0,0.0,0.43768,0.0,0.0,0.0
mix,mn59,59Mn,25,34,59,25059,4.59,0.04,0.04,100.0,0.0,0.0,0.0,0.0,0.0,0.0,0.0,0.0,0.0,0.0,0.0,0.0,0.0,0.0,1.05738,0.0,0.0,0.0
mix,sn139,139Sn,50,89,139,50139,0.12,0.038,0.038,100.0,0.0,0.0,0.0,0.0,0.0,0.0,0.0,0.0,0.0,0.0,0.0,0.0,0.0,0.0,0.16212,0.74,0.12,0.0
mix,mn62,62Mn,25,37,62,25062,0.092,0.013000000000000001,0.013000000000000001,100.0,0.0,0.0,0.0,0.0,0.0,0.0,0.0,0.0,0.0,0.0,0.0,0.0,0.0,0.0,0.06177,0.0,0.0,0.0
mix,mn61,61Mn,25,36,61,25061,0.709,0.006,0.006,100.0,0.0,0.0,0.0,0.0,0.0,0.0,0.0,0.0,0.0,0.0,0.0,0.0,0.0,0.0,0.20627,0.0,0.0,0.0
mix,mn64,64Mn,25,39,64,25064,0.09,0.003,0.003,100.0,0.0,0.0,0.0,0.0,0.0,2.7,0.6,0.6,0.0,0.0,0.0,0.0,0.0,0.0,0.0531,0.02,0.0,0.0
mix,mn63,63Mn,25,38,63,25063,0.277,0.005,0.005,100.0,0.0,0.0,0.0,0.0,0.0,0.0,0.0,0.0,0.0,0.0,0.0,0.0,0.0,0.0,0.06367,0.02,0.0,0.0
mix,mn56,56Mn,25,31,56,25056,9283.68,0.7200000000000001,0.7200000000000001,100.0,0.0,0.0,0.0,0.0,0.0,0.0,0.0,0.0,0.0,0.0,0.0,0.0,0.0,0.0,5812.85986,0.0,0.0,0.0
mix,al35,35Al,13,22,35,13035,0.0384,0.0003,0.0003,100.0,0.0,0.0,0.0,0.0,0.0,38.0,2.0,2.0,0.0,0.0,0.0,0.0,0.0,0.0,0.01213,0.16,0.0,0.0
mix,al36,36Al,13,23,36,13036,0.09,0.04,0.04,100.0,0.0,0.0,0.0,0.0,0.0,0.0,0.0,0.0,0.0,0.0,0.0,0.0,0.0,0.0,0.00813,0.14,0.02,0.0
mix,al33,33Al,13,20,33,13033,0.0415,0.0001,0.0001,100.0,0.0,0.0,0.0,0.0,0.0,8.5,0.7,0.7,0.0,0.0,0.0,0.0,0.0,0.0,0.0157,0.05,0.0,0.0
mix,al34,34Al,13,21,34,13034,0.05373,0.00013000000000000002,0.00013000000000000002,100.0,0.0,0.0,0.0,0.0,0.0,25.0,3.0,3.0,0.0,0.0,0.0,0.0,0.0,0.0,0.0125,0.06,0.0,0.0
mix,al39,39Al,13,26,39,13039,0.00723,0.0003,0.0003,100.0,0.0,0.0,0.0,0.0,0.0,97.0,22.0,3.0,0.0,0.0,0.0,0.0,0.0,0.0,0.00408,0.82,0.03,0.01
mix,al40,40Al,13,27,40,13040,0.0057,0.0004,0.0004,100.0,0.0,0.0,0.0,0.0,0.0,0.0,0.0,0.0,0.0,0.0,0.0,0.0,0.0,0.0,0.00613,0.59,0.2,0.0
mix,al37,37Al,13,24,37,13037,0.0114,0.0003,0.0003,100.0,0.0,0.0,0.0,0.0,0.0,52.0,5.0,5.0,0.0,0.0,0.0,0.0,0.0,0.0,0.00635,0.21,0.01,0.0
mix,al38,38Al,13,25,38,13038,0.009000000000000001,0.0007,0.0007,100.0,0.0,0.0,0.0,0.0,0.0,84.0,19.0,19.0,0.0,0.0,0.0,0.0,0.0,0.0,0.00601,0.24,0.06,0.0
mix,al41,41Al,13,28,41,13041,0.0035,0.0009000000000000001,0.0009000000000000001,100.0,0.0,0.0,0.0,0.0,0.0,0.0,0.0,0.0,0.0,0.0,0.0,0.0,0.0,0.0,0.00342,0.63,0.08,0.02
mix,sm151,151Sm,62,89,151,62151,2985285199.6,18934155.599999998,18934155.599999998,100.0,0.0,0.0,0.0,0.0,0.0,0.0,0.0,0.0,0.0,0.0,0.0,0.0,0.0,0.0,7628808704.0,0.0,0.0,0.0
nubase,sm146,146Sm,62,84,146,62146,2145870968000000.0,220898482000000.0,220898482000000.0,0.0,0.0,0.0,100.0,0.0,0.0,0.0,0.0,0.0,0.0,0.0,0.0,0.0,0.0,0.0,-9999.0,-9999.0,-9999.0,-9999.0
nubase,sm147,147Sm,62,85,147,62147,3.3702689015858555e+18,2.0656158261266864e+16,2.0656158261266864e+16,0.0,0.0,0.0,100.0,0.0,0.0,0.0,0.0,0.0,0.0,0.0,0.0,0.0,0.0,0.0,-9999.0,-9999.0,-9999.0,-9999.0
nubase,sm148,148Sm,62,86,148,62148,2.159158094736842e+23,3.118206365160538e+22,3.0715256293429883e+22,0.0,0.0,0.0,100.0,0.0,0.0,0.0,0.0,0.0,0.0,0.0,0.0,0.0,0.0,0.0,-9999.0,-9999.0,-9999.0,-9999.0
mix,in137,137In,49,88,137,49137,0.065,0.03,0.04,100.0,0.0,0.0,0.0,0.0,0.0,0.0,0.0,0.0,0.0,0.0,0.0,0.0,0.0,0.0,0.04014,0.63,0.31,0.03
mix,in136,136In,49,87,136,49136,0.085,0.008,0.01,100.0,0.0,0.0,0.0,0.0,0.0,0.0,0.0,0.0,0.0,0.0,0.0,0.0,0.0,0.0,0.05637,0.25,0.67,0.01
mix,in135,135In,49,86,135,49135,0.097,0.005,0.005,100.0,0.0,0.0,0.0,0.0,0.0,0.0,0.0,0.0,0.0,0.0,0.0,0.0,0.0,0.0,0.06361,0.86,0.1,0.0
mix,in134,134In,49,85,134,49134,0.121,0.005,0.005,100.0,0.0,0.0,0.0,0.0,0.0,89.0,3.0,3.0,9.0,2.0,2.0,0.0,0.0,0.0,0.06234,0.78,0.15,0.0
mix,in133,133In,49,84,133,49133,0.162,0.002,0.002,100.0,0.0,0.0,0.0,0.0,0.0,90.0,3.0,3.0,0.0,0.0,0.0,0.0,0.0,0.0,0.09809,0.93,0.0,0.0
mix,in132,132In,49,83,132,49132,0.2,0.002,0.002,100.0,0.0,0.0,0.0,0.0,0.0,12.3,0.4,0.4,0.0,0.0,0.0,0.0,0.0,0.0,0.05568,0.14,0.0,0.0
mix,in131,131In,49,82,131,49131,0.261,0.003,0.003,100.0,0.0,0.0,0.0,0.0,0.0,2.3,0.3,0.3,0.0,0.0,0.0,0.0,0.0,0.0,0.13137,0.02,0.0,0.0
mix,in130,130In,49,81,130,49130,0.277,0.012,0.012,100.0,0.0,0.0,0.0,0.0,0.0,0.93,0.13,0.13,0.0,0.0,0.0,0.0,0.0,0.0,0.21564,0.01,0.0,0.0
mix,in129,129In,49,80,129,49129,0.629,0.024,0.024,100.0,0.0,0.0,0.0,0.0,0.0,0.228,0.051,0.051,0.0,0.0,0.0,0.0,0.0,0.0,0.28649,0.0,0.0,0.0
mix,in126,126In,49,77,126,49126,1.53,0.01,0.01,100.0,0.0,0.0,0.0,0.0,0.0,0.0,0.0,0.0,0.0,0.0,0.0,0.0,0.0,0.0,0.58121,0.0,0.0,0.0
mix,in125,125In,49,76,125,49125,2.36,0.04,0.04,100.0,0.0,0.0,0.0,0.0,0.0,0.0,0.0,0.0,0.0,0.0,0.0,0.0,0.0,0.0,0.93135,0.0,0.0,0.0
mix,in124,124In,49,75,124,49124,3.12,0.09,0.09,100.0,0.0,0.0,0.0,0.0,0.0,0.0,0.0,0.0,0.0,0.0,0.0,0.0,0.0,0.0,1.02964,0.0,0.0,0.0
mix,in123,123In,49,74,123,49123,6.17,0.05,0.05,100.0,0.0,0.0,0.0,0.0,0.0,0.0,0.0,0.0,0.0,0.0,0.0,0.0,0.0,0.0,2.27065,0.0,0.0,0.0
mix,in122,122In,49,73,122,49122,1.5,0.3,0.3,100.0,0.0,0.0,0.0,0.0,0.0,0.0,0.0,0.0,0.0,0.0,0.0,0.0,0.0,0.0,2.59328,0.0,0.0,0.0
mix,in121,121In,49,72,121,49121,23.1,0.6,0.6,100.0,0.0,0.0,0.0,0.0,0.0,0.0,0.0,0.0,0.0,0.0,0.0,0.0,0.0,0.0,5.78598,0.0,0.0,0.0
mix,in120,120In,49,71,120,49120,3.08,0.08,0.08,100.0,0.0,0.0,0.0,0.0,0.0,0.0,0.0,0.0,0.0,0.0,0.0,0.0,0.0,0.0,7.0705,0.0,0.0,0.0
mix,in119,119In,49,70,119,49119,144.0,6.0,6.0,100.0,0.0,0.0,0.0,0.0,0.0,0.0,0.0,0.0,0.0,0.0,0.0,0.0,0.0,0.0,27.54465,0.0,0.0,0.0
mix,in128,128In,49,79,128,49128,0.84,0.06,0.06,100.0,0.0,0.0,0.0,0.0,0.0,0.038,0.004,0.004,0.0,0.0,0.0,0.0,0.0,0.0,0.4309,0.0,0.0,0.0
mix,in127,127In,49,78,127,49127,1.087,0.011,0.011,100.0,0.0,0.0,0.0,0.0,0.0,0.0,0.0,0.0,0.0,0.0,0.0,0.0,0.0,0.0,0.59017,0.0,0.0,0.0
mix,in115,115In,49,66,115,49115,1.3916604366e+22,7.8892315e+20,7.8892315e+20,100.0,0.0,0.0,0.0,0.0,0.0,0.0,0.0,0.0,0.0,0.0,0.0,0.0,0.0,0.0,11588.40918,0.0,0.0,0.0
mix,in114,114In,49,65,114,49114,71.9,0.1,0.1,99.5,0.15,0.15,0.0,0.0,0.0,0.0,0.0,0.0,0.0,0.0,0.0,0.0,0.0,0.0,6832.2251,0.0,0.0,0.0
nubase,in112,112In,49,63,112,49112,892.8000000000001,9.0,9.0,38.0,4.0,4.0,0.0,0.0,0.0,0.0,0.0,0.0,0.0,0.0,0.0,0.0,0.0,0.0,-9999.0,-9999.0,-9999.0,-9999.0
nubase,n1,1N,0,1,1,1,608.9,0.3,0.3,100.0,0.0,0.0,0.0,0.0,0.0,0.0,0.0,0.0,0.0,0.0,0.0,0.0,0.0,0.0,-9999.0,-9999.0,-9999.0,-9999.0
mix,in118,118In,49,69,118,49118,5.4,0.3,0.3,100.0,0.0,0.0,0.0,0.0,0.0,0.0,0.0,0.0,0.0,0.0,0.0,0.0,0.0,0.0,20.26759,0.0,0.0,0.0
mix,in117,117In,49,68,117,49117,2592.0,18.0,18.0,100.0,0.0,0.0,0.0,0.0,0.0,0.0,0.0,0.0,0.0,0.0,0.0,0.0,0.0,0.0,224.1877,0.0,0.0,0.0
mix,in116,116In,49,67,116,49116,14.1,0.05,0.05,99.9762,0.0042,0.0042,0.0,0.0,0.0,0.0,0.0,0.0,0.0,0.0,0.0,0.0,0.0,0.0,336.66348,0.0,0.0,0.0
mix,rb103,103Rb,37,66,103,37103,0.023,0.009000000000000001,0.013000000000000001,100.0,0.0,0.0,0.0,0.0,0.0,0.0,0.0,0.0,0.0,0.0,0.0,0.0,0.0,0.0,0.0159,0.59,0.01,0.0
mix,rb97,97Rb,37,60,97,37097,0.1691,0.0006,0.0006,100.0,0.0,0.0,0.0,0.0,0.0,25.5,0.9,0.9,0.0,0.0,0.0,0.0,0.0,0.0,0.04513,0.16,0.0,0.0
mix,rb98,98Rb,37,61,98,37098,0.115,0.006,0.006,100.0,0.0,0.0,0.0,0.0,0.0,14.3,0.8,0.8,0.054,0.008,0.008,0.0,0.0,0.0,0.04424,0.13,0.0,0.0
mix,rb99,99Rb,37,62,99,37099,0.0538,0.0027,0.0027,100.0,0.0,0.0,0.0,0.0,0.0,19.8,2.0,2.0,0.0,0.0,0.0,0.0,0.0,0.0,0.03973,0.22,0.0,0.0
mix,rb100,100Rb,37,63,100,37100,0.052000000000000005,0.002,0.002,100.0,0.0,0.0,0.0,0.0,0.0,6.0,1.0,1.0,0.15,0.05,0.05,0.0,0.0,0.0,0.03529,0.29,0.0,0.0
mix,rb101,101Rb,37,64,101,37101,0.032,0.003,0.004,100.0,0.0,0.0,0.0,0.0,0.0,27.0,4.0,4.0,0.0,0.0,0.0,0.0,0.0,0.0,0.03649,0.4,0.0,0.0
mix,rb102,102Rb,37,65,102,37102,0.037,0.004,0.004,100.0,0.0,0.0,0.0,0.0,0.0,65.0,22.0,22.0,0.0,0.0,0.0,0.0,0.0,0.0,0.01298,0.28,0.01,0.0
mix,sm164,164Sm,62,102,164,62164,1.42,0.06,0.06,100.0,0.0,0.0,0.0,0.0,0.0,0.0,0.0,0.0,0.0,0.0,0.0,0.0,0.0,0.0,1.84293,0.0,0.0,0.0
mix,sm163,163Sm,62,101,163,62163,1.67,0.19,0.18,100.0,0.0,0.0,0.0,0.0,0.0,0.0,0.0,0.0,0.0,0.0,0.0,0.0,0.0,0.0,2.59881,0.0,0.0,0.0
mix,sm162,162Sm,62,100,162,62162,3.09,0.27,0.27,100.0,0.0,0.0,0.0,0.0,0.0,0.0,0.0,0.0,0.0,0.0,0.0,0.0,0.0,0.0,4.63876,0.0,0.0,0.0
mix,sm168,168Sm,62,106,168,62168,0.353,0.164,0.21,100.0,0.0,0.0,0.0,0.0,0.0,0.0,0.0,0.0,0.0,0.0,0.0,0.0,0.0,0.0,0.25673,0.03,0.0,0.0
mix,sm167,167Sm,62,105,167,62167,0.334,0.078,0.083,100.0,0.0,0.0,0.0,0.0,0.0,0.0,0.0,0.0,0.0,0.0,0.0,0.0,0.0,0.0,0.11874,0.01,0.0,0.0
mix,sm166,166Sm,62,104,166,62166,0.399,0.062,0.056,100.0,0.0,0.0,0.0,0.0,0.0,4.4,1.4,1.4,0.0,0.0,0.0,0.0,0.0,0.0,0.60528,0.01,0.0,0.0
mix,sm165,165Sm,62,103,165,62165,0.614,0.091,0.089,100.0,0.0,0.0,0.0,0.0,0.0,1.36,0.4,0.4,0.0,0.0,0.0,0.0,0.0,0.0,0.62612,0.0,0.0,0.0
nubase,pb194,194Pb,82,112,194,82194,642.0,42.0,42.0,0.0,0.0,0.0,7.3e-06,2.9e-06,2.9e-06,0.0,0.0,0.0,0.0,0.0,0.0,0.0,0.0,0.0,-9999.0,-9999.0,-9999.0,-9999.0
nubase,pb196,196Pb,82,114,196,82196,2220.0,180.0,180.0,0.0,0.0,0.0,3e-05,0.0,0.0,0.0,0.0,0.0,0.0,0.0,0.0,0.0,0.0,0.0,-9999.0,-9999.0,-9999.0,-9999.0
nubase,cf246,246Cf,98,148,246,98246,128520.00000000001,1800.0,1800.0,0.0,0.0,0.0,99.9946,0.0007,0.0007,0.0,0.0,0.0,0.0,0.0,0.0,0.0,0.0,0.0,-9999.0,-9999.0,-9999.0,-9999.0
nubase,cf247,247Cf,98,149,247,98247,11196.0,108.0,108.0,0.0,0.0,0.0,0.035,0.005,0.005,0.0,0.0,0.0,0.0,0.0,0.0,0.0,0.0,0.0,-9999.0,-9999.0,-9999.0,-9999.0
nubase,cf244,244Cf,98,146,244,98244,1164.0,30.0,30.0,0.0,0.0,0.0,75.0,6.0,6.0,0.0,0.0,0.0,0.0,0.0,0.0,0.0,0.0,0.0,-9999.0,-9999.0,-9999.0,-9999.0
nubase,cf245,245Cf,98,147,245,98245,2700.0,84.0,84.0,0.0,0.0,0.0,35.3,2.5,2.5,0.0,0.0,0.0,0.0,0.0,0.0,0.0,0.0,0.0,-9999.0,-9999.0,-9999.0,-9999.0
nubase,cf242,242Cf,98,144,242,98242,209.4,9.0,9.0,0.0,0.0,0.0,61.0,3.0,3.0,0.0,0.0,0.0,0.0,0.0,0.0,0.0,0.0,0.0,-9999.0,-9999.0,-9999.0,-9999.0
nubase,cf243,243Cf,98,145,243,98243,636.0,24.0,24.0,0.0,0.0,0.0,14.0,0.0,0.0,0.0,0.0,0.0,0.0,0.0,0.0,0.0,0.0,0.0,-9999.0,-9999.0,-9999.0,-9999.0
nubase,cf240,240Cf,98,142,240,98240,41.2,2.4,2.4,0.0,0.0,0.0,98.5,0.2,0.2,0.0,0.0,0.0,0.0,0.0,0.0,0.0,0.0,0.0,-9999.0,-9999.0,-9999.0,-9999.0
nubase,cf241,241Cf,98,143,241,98241,226.79999999999998,42.0,42.0,0.0,0.0,0.0,15.0,1.0,1.0,0.0,0.0,0.0,0.0,0.0,0.0,0.0,0.0,0.0,-9999.0,-9999.0,-9999.0,-9999.0
nubase,cf238,238Cf,98,140,238,98238,0.0211,0.0013000000000000002,0.0013000000000000002,0.0,0.0,0.0,5.0,0.0,0.0,0.0,0.0,0.0,0.0,0.0,0.0,0.0,0.0,0.0,-9999.0,-9999.0,-9999.0,-9999.0
nubase,cf239,239Cf,98,141,239,98239,28.0,2.0,2.0,0.0,0.0,0.0,65.0,3.0,3.0,0.0,0.0,0.0,0.0,0.0,0.0,0.0,0.0,0.0,-9999.0,-9999.0,-9999.0,-9999.0
nubase,cf248,248Cf,98,150,248,98248,28814400.0,241919.99999999997,241919.99999999997,0.0,0.0,0.0,99.9971,0.0003,0.0003,0.0,0.0,0.0,0.0,0.0,0.0,0.0,0.0,0.0,-9999.0,-9999.0,-9999.0,-9999.0
nubase,tb149,149Tb,65,84,149,65149,14832.0,72.0,72.0,0.0,0.0,0.0,16.7,1.7,1.7,0.0,0.0,0.0,0.0,0.0,0.0,0.0,0.0,0.0,-9999.0,-9999.0,-9999.0,-9999.0
nubase,tb151,151Tb,65,86,151,65151,63392.40000000001,50.4,50.4,0.0,0.0,0.0,0.0095,0.0015,0.0015,0.0,0.0,0.0,0.0,0.0,0.0,0.0,0.0,0.0,-9999.0,-9999.0,-9999.0,-9999.0
nubase,pb187,187Pb,82,105,187,82187,15.2,0.3,0.3,0.0,0.0,0.0,9.5,2.0,2.0,0.0,0.0,0.0,0.0,0.0,0.0,0.0,0.0,0.0,-9999.0,-9999.0,-9999.0,-9999.0
nubase,pb188,188Pb,82,106,188,82188,25.5,0.1,0.1,0.0,0.0,0.0,8.5,0.5,0.5,0.0,0.0,0.0,0.0,0.0,0.0,0.0,0.0,0.0,-9999.0,-9999.0,-9999.0,-9999.0
nubase,pb189,189Pb,82,107,189,82189,39.0,8.0,8.0,0.0,0.0,0.0,0.4,0.0,0.0,0.0,0.0,0.0,0.0,0.0,0.0,0.0,0.0,0.0,-9999.0,-9999.0,-9999.0,-9999.0
nubase,pb190,190Pb,82,108,190,82190,71.0,1.0,1.0,0.0,0.0,0.0,0.4,0.04,0.04,0.0,0.0,0.0,0.0,0.0,0.0,0.0,0.0,0.0,-9999.0,-9999.0,-9999.0,-9999.0
nubase,pb183,183Pb,82,101,183,82183,0.535,0.03,0.03,0.0,0.0,0.0,100.0,0.0,0.0,0.0,0.0,0.0,0.0,0.0,0.0,0.0,0.0,0.0,-9999.0,-9999.0,-9999.0,-9999.0
nubase,cf237,237Cf,98,139,237,98237,0.8,0.2,0.2,0.0,0.0,0.0,70.0,10.0,10.0,0.0,0.0,0.0,0.0,0.0,0.0,0.0,0.0,0.0,-9999.0,-9999.0,-9999.0,-9999.0
nubase,pb184,184Pb,82,102,184,82184,0.49,0.025,0.025,0.0,0.0,0.0,80.0,15.0,15.0,0.0,0.0,0.0,0.0,0.0,0.0,0.0,0.0,0.0,-9999.0,-9999.0,-9999.0,-9999.0
nubase,pb185,185Pb,82,103,185,82185,6.3,0.4,0.4,0.0,0.0,0.0,34.0,25.0,25.0,0.0,0.0,0.0,0.0,0.0,0.0,0.0,0.0,0.0,-9999.0,-9999.0,-9999.0,-9999.0
nubase,pb186,186Pb,82,104,186,82186,4.82,0.03,0.03,0.0,0.0,0.0,40.0,8.0,8.0,0.0,0.0,0.0,0.0,0.0,0.0,0.0,0.0,0.0,-9999.0,-9999.0,-9999.0,-9999.0
nubase,pb191,191Pb,82,109,191,82191,79.80000000000001,4.8,4.8,0.0,0.0,0.0,0.051,0.005,0.005,0.0,0.0,0.0,0.0,0.0,0.0,0.0,0.0,0.0,-9999.0,-9999.0,-9999.0,-9999.0
mix,dy168,168Dy,66,102,168,66168,522.0,18.0,18.0,100.0,0.0,0.0,0.0,0.0,0.0,0.0,0.0,0.0,0.0,0.0,0.0,0.0,0.0,0.0,1109.72424,0.0,0.0,0.0
mix,dy167,167Dy,66,101,167,66167,372.0,4.8,4.8,100.0,0.0,0.0,0.0,0.0,0.0,0.0,0.0,0.0,0.0,0.0,0.0,0.0,0.0,0.0,1289.18872,0.0,0.0,0.0
nubase,tb158,158Tb,65,93,158,65158,5680246680.0,347126186.0,347126186.0,16.6,0.7,0.7,0.0,0.0,0.0,0.0,0.0,0.0,0.0,0.0,0.0,0.0,0.0,0.0,-9999.0,-9999.0,-9999.0,-9999.0
mix,dy166,166Dy,66,100,166,66166,293868.0,612.0,612.0,100.0,0.0,0.0,0.0,0.0,0.0,0.0,0.0,0.0,0.0,0.0,0.0,0.0,0.0,0.0,333424.125,0.0,0.0,0.0
mix,tb160,160Tb,65,95,160,65160,6246720.0,17280.0,17280.0,100.0,0.0,0.0,0.0,0.0,0.0,0.0,0.0,0.0,0.0,0.0,0.0,0.0,0.0,0.0,9756.17871,0.0,0.0,0.0
mix,dy172,172Dy,66,106,172,66172,3.52,0.23,0.23,100.0,0.0,0.0,0.0,0.0,0.0,0.0,0.0,0.0,0.0,0.0,0.0,0.0,0.0,0.0,6.76639,0.0,0.0,0.0
mix,dy171,171Dy,66,105,171,66171,4.1,0.4,0.4,100.0,0.0,0.0,0.0,0.0,0.0,0.0,0.0,0.0,0.0,0.0,0.0,0.0,0.0,0.0,1.38408,0.0,0.0,0.0
mix,tb162,162Tb,65,97,162,65162,456.0,10.200000000000001,10.200000000000001,100.0,0.0,0.0,0.0,0.0,0.0,0.0,0.0,0.0,0.0,0.0,0.0,0.0,0.0,0.0,2351.66016,0.0,0.0,0.0
mix,dy170,170Dy,66,104,170,66170,55.0,8.0,8.0,100.0,0.0,0.0,0.0,0.0,0.0,0.0,0.0,0.0,0.0,0.0,0.0,0.0,0.0,0.0,84.12848,0.0,0.0,0.0
nubase,pb192,192Pb,82,110,192,82192,210.0,6.0,6.0,0.0,0.0,0.0,0.0059,0.0007,0.0007,0.0,0.0,0.0,0.0,0.0,0.0,0.0,0.0,0.0,-9999.0,-9999.0,-9999.0,-9999.0
mix,tb161,161Tb,65,96,161,65161,601205.76,457.92,457.92,100.0,0.0,0.0,0.0,0.0,0.0,0.0,0.0,0.0,0.0,0.0,0.0,0.0,0.0,0.0,339554.65625,0.0,0.0,0.0
mix,dy169,169Dy,66,103,169,66169,39.0,8.0,8.0,100.0,0.0,0.0,0.0,0.0,0.0,0.0,0.0,0.0,0.0,0.0,0.0,0.0,0.0,0.0,32.05531,0.0,0.0,0.0
mix,tb164,164Tb,65,99,164,65164,180.0,6.0,6.0,100.0,0.0,0.0,0.0,0.0,0.0,0.0,0.0,0.0,0.0,0.0,0.0,0.0,0.0,0.0,359.9762,0.0,0.0,0.0
mix,tb163,163Tb,65,98,163,65163,1170.0,18.0,18.0,100.0,0.0,0.0,0.0,0.0,0.0,0.0,0.0,0.0,0.0,0.0,0.0,0.0,0.0,0.0,3380.96484,0.0,0.0,0.0
mix,dy173,173Dy,66,107,173,66173,1.43,0.2,0.2,100.0,0.0,0.0,0.0,0.0,0.0,0.0,0.0,0.0,0.0,0.0,0.0,0.0,0.0,0.0,3.80118,0.0,0.0,0.0
nubase,ir167,167Ir,77,90,167,77167,0.03,0.0009000000000000001,0.0009000000000000001,0.0,0.0,0.0,44.0,2.0,2.0,0.0,0.0,0.0,0.0,0.0,0.0,0.0,0.0,0.0,-9999.0,-9999.0,-9999.0,-9999.0
nubase,ir168,168Ir,77,91,168,77168,0.222,0.04,0.06,0.0,0.0,0.0,100.0,0.0,0.0,0.0,0.0,0.0,0.0,0.0,0.0,0.0,0.0,0.0,-9999.0,-9999.0,-9999.0,-9999.0
nubase,ir169,169Ir,77,92,169,77169,0.353,0.004,0.004,0.0,0.0,0.0,53.0,7.0,7.0,0.0,0.0,0.0,0.0,0.0,0.0,0.0,0.0,0.0,-9999.0,-9999.0,-9999.0,-9999.0
nubase,ir170,170Ir,77,93,170,77170,0.87,0.12,0.18,0.0,0.0,0.0,5.2,1.7,1.7,0.0,0.0,0.0,0.0,0.0,0.0,0.0,0.0,0.0,-9999.0,-9999.0,-9999.0,-9999.0
nubase,ir171,171Ir,77,94,171,77171,3.2,0.7,1.3,0.0,0.0,0.0,15.0,2.0,2.0,0.0,0.0,0.0,0.0,0.0,0.0,0.0,0.0,0.0,-9999.0,-9999.0,-9999.0,-9999.0
nubase,ir172,172Ir,77,95,172,77172,4.4,0.3,0.3,0.0,0.0,0.0,2.0,0.0,0.0,0.0,0.0,0.0,0.0,0.0,0.0,0.0,0.0,0.0,-9999.0,-9999.0,-9999.0,-9999.0
nubase,ir173,173Ir,77,96,173,77173,9.0,0.9,0.9,0.0,0.0,0.0,3.5,3.5,3.5,0.0,0.0,0.0,0.0,0.0,0.0,0.0,0.0,0.0,-9999.0,-9999.0,-9999.0,-9999.0
nubase,ir174,174Ir,77,97,174,77174,7.9,0.6,0.6,0.0,0.0,0.0,0.5,0.3,0.3,0.0,0.0,0.0,0.0,0.0,0.0,0.0,0.0,0.0,-9999.0,-9999.0,-9999.0,-9999.0
nubase,ir175,175Ir,77,98,175,77175,8.9,0.7,0.7,0.0,0.0,0.0,0.85,0.28,0.28,0.0,0.0,0.0,0.0,0.0,0.0,0.0,0.0,0.0,-9999.0,-9999.0,-9999.0,-9999.0
nubase,ir176,176Ir,77,99,176,77176,8.9,0.5,0.5,0.0,0.0,0.0,3.1,0.6,0.6,0.0,0.0,0.0,0.0,0.0,0.0,0.0,0.0,0.0,-9999.0,-9999.0,-9999.0,-9999.0
nubase,pb182,182Pb,82,100,182,82182,0.055,0.005,0.005,0.0,0.0,0.0,100.0,0.0,0.0,0.0,0.0,0.0,0.0,0.0,0.0,0.0,0.0,0.0,-9999.0,-9999.0,-9999.0,-9999.0
nubase,ir166,166Ir,77,89,166,77166,0.0117,0.0009000000000000001,0.0009000000000000001,0.0,0.0,0.0,93.0,3.0,3.0,0.0,0.0,0.0,0.0,0.0,0.0,0.0,0.0,0.0,-9999.0,-9999.0,-9999.0,-9999.0
mix,nb114,114Nb,41,73,114,41114,0.017,0.005,0.005,100.0,0.0,0.0,0.0,0.0,0.0,0.0,0.0,0.0,0.0,0.0,0.0,0.0,0.0,0.0,0.019,0.51,0.04,0.0
mix,nb113,113Nb,41,72,113,41113,0.032,0.004,0.004,100.0,0.0,0.0,0.0,0.0,0.0,0.0,0.0,0.0,0.0,0.0,0.0,0.0,0.0,0.0,0.07643,0.87,0.01,0.0
mix,nb112,112Nb,41,71,112,41112,0.038,0.002,0.002,100.0,0.0,0.0,0.0,0.0,0.0,0.0,0.0,0.0,0.0,0.0,0.0,0.0,0.0,0.0,0.07492,0.57,0.01,0.0
mix,nb111,111Nb,41,70,111,41111,0.054,0.002,0.002,100.0,0.0,0.0,0.0,0.0,0.0,0.0,0.0,0.0,0.0,0.0,0.0,0.0,0.0,0.0,0.13217,0.59,0.0,0.0
mix,nb115,115Nb,41,74,115,41115,0.023,0.008,0.008,100.0,0.0,0.0,0.0,0.0,0.0,0.0,0.0,0.0,0.0,0.0,0.0,0.0,0.0,0.0,0.01429,0.56,0.01,0.0
mix,nb110,110Nb,41,69,110,41110,0.075,0.001,0.001,100.0,0.0,0.0,0.0,0.0,0.0,40.0,8.0,8.0,0.0,0.0,0.0,0.0,0.0,0.0,0.16964,0.19,0.0,0.0
mix,nb109,109Nb,41,68,109,41109,0.107,0.005,0.005,100.0,0.0,0.0,0.0,0.0,0.0,31.0,5.0,5.0,0.0,0.0,0.0,0.0,0.0,0.0,0.26289,0.26,0.0,0.0
mix,nb108,108Nb,41,67,108,41108,0.194,0.006,0.006,100.0,0.0,0.0,0.0,0.0,0.0,6.3,0.5,0.5,0.0,0.0,0.0,0.0,0.0,0.0,0.20311,0.12,0.0,0.0
mix,nb103,103Nb,41,62,103,41103,1.36,0.05,0.05,100.0,0.0,0.0,0.0,0.0,0.0,0.0,0.0,0.0,0.0,0.0,0.0,0.0,0.0,0.0,6.35294,0.0,0.0,0.0
mix,nb102,102Nb,41,61,102,41102,4.3,0.4,0.4,100.0,0.0,0.0,0.0,0.0,0.0,0.0,0.0,0.0,0.0,0.0,0.0,0.0,0.0,0.0,4.8793,0.0,0.0,0.0
mix,nb101,101Nb,41,60,101,41101,7.2,0.2,0.2,100.0,0.0,0.0,0.0,0.0,0.0,0.0,0.0,0.0,0.0,0.0,0.0,0.0,0.0,0.0,9.14557,0.0,0.0,0.0
mix,nb107,107Nb,41,66,107,41107,0.28700000000000003,0.008,0.008,100.0,0.0,0.0,0.0,0.0,0.0,7.4,0.9,0.9,0.0,0.0,0.0,0.0,0.0,0.0,0.23364,0.08,0.0,0.0
mix,nb106,106Nb,41,65,106,41106,1.097,0.019,0.019,100.0,0.0,0.0,0.0,0.0,0.0,4.8,0.3,0.3,0.0,0.0,0.0,0.0,0.0,0.0,0.10897,0.0,0.0,0.0
mix,nb105,105Nb,41,64,105,41105,2.92,0.09,0.09,100.0,0.0,0.0,0.0,0.0,0.0,1.7,0.9,0.9,0.0,0.0,0.0,0.0,0.0,0.0,2.7788,0.01,0.0,0.0
mix,nb104,104Nb,41,63,104,41104,4.9,0.3,0.3,100.0,0.0,0.0,0.0,0.0,0.0,0.06,0.03,0.03,0.0,0.0,0.0,0.0,0.0,0.0,2.05955,0.0,0.0,0.0
mix,nb100,100Nb,41,59,100,41100,1.4,0.1,0.1,100.0,0.0,0.0,0.0,0.0,0.0,0.0,0.0,0.0,0.0,0.0,0.0,0.0,0.0,0.0,9.31269,0.0,0.0,0.0
mix,nb99,99Nb,41,58,99,41099,15.0,0.2,0.2,100.0,0.0,0.0,0.0,0.0,0.0,0.0,0.0,0.0,0.0,0.0,0.0,0.0,0.0,0.0,165.83847,0.0,0.0,0.0
mix,nb98,98Nb,41,57,98,41098,2.86,0.06,0.06,100.0,0.0,0.0,0.0,0.0,0.0,0.0,0.0,0.0,0.0,0.0,0.0,0.0,0.0,0.0,198.26392,0.0,0.0,0.0
mix,nb97,97Nb,41,56,97,41097,4326.0,24.0,24.0,100.0,0.0,0.0,0.0,0.0,0.0,0.0,0.0,0.0,0.0,0.0,0.0,0.0,0.0,0.0,6809.1582,0.0,0.0,0.0
mix,pb216,216Pb,82,134,216,82216,99.4,11.7,11.7,100.0,0.0,0.0,0.0,0.0,0.0,0.0,0.0,0.0,0.0,0.0,0.0,0.0,0.0,0.0,842.74164,0.0,0.0,0.0
mix,pb217,217Pb,82,135,217,82217,19.9,5.3,5.3,100.0,0.0,0.0,0.0,0.0,0.0,0.0,0.0,0.0,0.0,0.0,0.0,0.0,0.0,0.0,115.0622,0.0,0.0,0.0
mix,pb218,218Pb,82,136,218,82218,15.0,7.0,7.0,100.0,0.0,0.0,0.0,0.0,0.0,0.0,0.0,0.0,0.0,0.0,0.0,0.0,0.0,0.0,90.05671,0.0,0.0,0.0
nubase,rg282,282Rg,111,171,282,111282,100.0,30.0,70.0,0.0,0.0,0.0,100.0,0.0,0.0,0.0,0.0,0.0,0.0,0.0,0.0,0.0,0.0,0.0,-9999.0,-9999.0,-9999.0,-9999.0
nubase,mt270,270Mt,109,161,270,109270,0.48,0.18,0.66,0.0,0.0,0.0,100.0,0.0,0.0,0.0,0.0,0.0,0.0,0.0,0.0,0.0,0.0,0.0,-9999.0,-9999.0,-9999.0,-9999.0
nubase,mt275,275Mt,109,166,275,109275,0.02,0.007,0.024,0.0,0.0,0.0,100.0,0.0,0.0,0.0,0.0,0.0,0.0,0.0,0.0,0.0,0.0,0.0,-9999.0,-9999.0,-9999.0,-9999.0
nubase,mt274,274Mt,109,165,274,109274,0.44,0.17,0.81,0.0,0.0,0.0,100.0,0.0,0.0,0.0,0.0,0.0,0.0,0.0,0.0,0.0,0.0,0.0,-9999.0,-9999.0,-9999.0,-9999.0
nubase,mt266,266Mt,109,157,266,109266,0.0021000000000000003,0.0007,0.0007,0.0,0.0,0.0,75.0,0.0,0.0,0.0,0.0,0.0,0.0,0.0,0.0,0.0,0.0,0.0,-9999.0,-9999.0,-9999.0,-9999.0
nubase,mt268,268Mt,109,159,268,109268,0.021,0.005,0.008,0.0,0.0,0.0,100.0,0.0,0.0,0.0,0.0,0.0,0.0,0.0,0.0,0.0,0.0,0.0,-9999.0,-9999.0,-9999.0,-9999.0
nubase,rg281,281Rg,111,170,281,111281,11.0,1.0,3.0,0.0,0.0,0.0,12.0,7.0,9.0,0.0,0.0,0.0,0.0,0.0,0.0,0.0,0.0,0.0,-9999.0,-9999.0,-9999.0,-9999.0
mix,nb96,96Nb,41,55,96,41096,84060.0,180.0,180.0,100.0,0.0,0.0,0.0,0.0,0.0,0.0,0.0,0.0,0.0,0.0,0.0,0.0,0.0,0.0,44.13251,0.0,0.0,0.0
mix,nb95,95Nb,41,54,95,41095,3023222.4,864.0,864.0,100.0,0.0,0.0,0.0,0.0,0.0,0.0,0.0,0.0,0.0,0.0,0.0,0.0,0.0,0.0,1958.86792,0.0,0.0,0.0
mix,nb94,94Nb,41,53,94,41094,643161708806.0,12149416510.0,12149416510.0,100.0,0.0,0.0,0.0,0.0,0.0,0.0,0.0,0.0,0.0,0.0,0.0,0.0,0.0,0.0,16973.45508,0.0,0.0,0.0
mix,pb209,209Pb,82,127,209,82209,11646.0,18.0,18.0,100.0,0.0,0.0,0.0,0.0,0.0,0.0,0.0,0.0,0.0,0.0,0.0,0.0,0.0,0.0,235101.125,0.0,0.0,0.0
mix,pb210,210Pb,82,128,210,82210,700563757.1999999,5364677.42,5364677.42,100.0,0.0,0.0,1.9e-06,4e-07,4e-07,0.0,0.0,0.0,0.0,0.0,0.0,0.0,0.0,0.0,16483680256.0,0.0,0.0,0.0
nubase,rg278,278Rg,111,167,278,111278,0.004200000000000001,0.0017,0.0075,0.0,0.0,0.0,100.0,0.0,0.0,0.0,0.0,0.0,0.0,0.0,0.0,0.0,0.0,0.0,-9999.0,-9999.0,-9999.0,-9999.0
mix,pb211,211Pb,82,129,211,82211,2169.9,0.06,0.06,100.0,0.0,0.0,0.0,0.0,0.0,0.0,0.0,0.0,0.0,0.0,0.0,0.0,0.0,0.0,10235.57031,0.0,0.0,0.0
nubase,rg274,274Rg,111,163,274,111274,0.012,0.005,0.017,0.0,0.0,0.0,100.0,0.0,0.0,0.0,0.0,0.0,0.0,0.0,0.0,0.0,0.0,0.0,-9999.0,-9999.0,-9999.0,-9999.0
nubase,rg272,272Rg,111,161,272,111272,0.0038,0.0008,0.0014,0.0,0.0,0.0,100.0,0.0,0.0,0.0,0.0,0.0,0.0,0.0,0.0,0.0,0.0,0.0,-9999.0,-9999.0,-9999.0,-9999.0
mix,cf255,255Cf,98,157,255,98255,5100.0,1080.0,1080.0,100.0,0.0,0.0,0.0,0.0,0.0,0.0,0.0,0.0,0.0,0.0,0.0,0.0,0.0,0.0,44850.69531,0.0,0.0,0.0
mix,cf253,253Cf,98,155,253,98253,1536192.0,6048.000000000001,6048.000000000001,99.69,0.04,0.04,0.31,0.04,0.04,0.0,0.0,0.0,0.0,0.0,0.0,0.0,0.0,0.0,3724683.0,0.0,0.0,0.0
nubase,cf254,254Cf,98,156,254,98254,5227200.0,17280.0,17280.0,0.0,0.0,0.0,0.31,0.02,0.02,0.0,0.0,0.0,0.0,0.0,0.0,0.0,0.0,0.0,-9999.0,-9999.0,-9999.0,-9999.0
nubase,cf251,251Cf,98,153,251,98251,28338119548.0,1356947818.0,1356947818.0,0.0,0.0,0.0,100.0,0.0,0.0,0.0,0.0,0.0,0.0,0.0,0.0,0.0,0.0,0.0,-9999.0,-9999.0,-9999.0,-9999.0
nubase,cf252,252Cf,98,154,252,98252,83531183.122,94670.778,94670.778,0.0,0.0,0.0,96.898,0.003,0.003,0.0,0.0,0.0,0.0,0.0,0.0,0.0,0.0,0.0,-9999.0,-9999.0,-9999.0,-9999.0
nubase,cf249,249Cf,98,151,249,98249,11067013948.199999,63113852.0,63113852.0,0.0,0.0,0.0,100.0,0.0,0.0,0.0,0.0,0.0,0.0,0.0,0.0,0.0,0.0,0.0,-9999.0,-9999.0,-9999.0,-9999.0
nubase,rg279,279Rg,111,168,279,111279,0.09,0.04,0.17,0.0,0.0,0.0,100.0,0.0,0.0,0.0,0.0,0.0,0.0,0.0,0.0,0.0,0.0,0.0,-9999.0,-9999.0,-9999.0,-9999.0
nubase,cf250,250Cf,98,152,250,98250,412764592.08,2840123.34,2840123.34,0.0,0.0,0.0,99.923,0.003,0.003,0.0,0.0,0.0,0.0,0.0,0.0,0.0,0.0,0.0,-9999.0,-9999.0,-9999.0,-9999.0
nubase,rg280,280Rg,111,169,280,111280,3.87,0.37,0.37,0.0,0.0,0.0,100.0,0.0,0.0,0.0,0.0,0.0,0.0,0.0,0.0,0.0,0.0,0.0,-9999.0,-9999.0,-9999.0,-9999.0
mix,pb212,212Pb,82,130,212,82212,38260.8,21.6,21.6,100.0,0.0,0.0,0.0,0.0,0.0,0.0,0.0,0.0,0.0,0.0,0.0,0.0,0.0,0.0,118256.65625,0.0,0.0,0.0
mix,pb213,213Pb,82,131,213,82213,612.0,18.0,18.0,100.0,0.0,0.0,0.0,0.0,0.0,0.0,0.0,0.0,0.0,0.0,0.0,0.0,0.0,0.0,1917.37488,0.0,0.0,0.0
mix,pb214,214Pb,82,132,214,82214,1623.6,4.2,4.2,100.0,0.0,0.0,0.0,0.0,0.0,0.0,0.0,0.0,0.0,0.0,0.0,0.0,0.0,0.0,9828.08984,0.0,0.0,0.0
mix,pb215,215Pb,82,133,215,82215,142.0,12.0,12.0,100.0,0.0,0.0,0.0,0.0,0.0,0.0,0.0,0.0,0.0,0.0,0.0,0.0,0.0,0.0,315.9072,0.0,0.0,0.0
mix,al28,28Al,13,15,28,13028,134.898,0.054,0.054,100.0,0.0,0.0,0.0,0.0,0.0,0.0,0.0,0.0,0.0,0.0,0.0,0.0,0.0,0.0,1171.03857,0.0,0.0,0.0
mix,al29,29Al,13,16,29,13029,393.59999999999997,3.5999999999999996,3.5999999999999996,100.0,0.0,0.0,0.0,0.0,0.0,0.0,0.0,0.0,0.0,0.0,0.0,0.0,0.0,0.0,34.3554,0.0,0.0,0.0
mix,al32,32Al,13,19,32,13032,0.0317,0.0003,0.0003,100.0,0.0,0.0,0.0,0.0,0.0,0.7,0.5,0.5,0.0,0.0,0.0,0.0,0.0,0.0,0.03571,0.0,0.0,0.0
mix,al30,30Al,13,17,30,13030,3.61,0.04,0.04,100.0,0.0,0.0,0.0,0.0,0.0,0.0,0.0,0.0,0.0,0.0,0.0,0.0,0.0,0.0,3.93789,0.0,0.0,0.0
mix,al31,31Al,13,18,31,13031,0.644,0.025,0.025,100.0,0.0,0.0,0.0,0.0,0.0,0.0,0.0,0.0,0.0,0.0,0.0,0.0,0.0,0.0,0.20598,0.0,0.0,0.0
nubase,i108,108I,53,55,108,53108,0.0264,0.0008,0.0008,0.0,0.0,0.0,99.5,0.21,0.21,0.0,0.0,0.0,0.0,0.0,0.0,0.0,0.0,0.0,-9999.0,-9999.0,-9999.0,-9999.0
nubase,i109,109I,53,56,109,53109,0.0927,0.0007,0.0007,0.0,0.0,0.0,0.014,0.004,0.004,0.0,0.0,0.0,0.0,0.0,0.0,0.0,0.0,0.0,-9999.0,-9999.0,-9999.0,-9999.0
nubase,i112,112I,53,59,112,53112,3.34,0.11,0.11,0.0,0.0,0.0,0.0012,0.0,0.0,0.0,0.0,0.0,0.0,0.0,0.0,0.0,0.0,0.0,-9999.0,-9999.0,-9999.0,-9999.0
nubase,i110,110I,53,57,110,53110,0.67,0.02,0.02,0.0,0.0,0.0,17.0,4.0,4.0,0.0,0.0,0.0,0.0,0.0,0.0,0.0,0.0,0.0,-9999.0,-9999.0,-9999.0,-9999.0
nubase,i111,111I,53,58,111,53111,2.5,0.2,0.2,0.0,0.0,0.0,0.1,0.0,0.0,0.0,0.0,0.0,0.0,0.0,0.0,0.0,0.0,0.0,-9999.0,-9999.0,-9999.0,-9999.0
nubase,i126,126I,53,73,126,53126,1117152.0,4320.0,4320.0,47.3,0.5,0.5,0.0,0.0,0.0,0.0,0.0,0.0,0.0,0.0,0.0,0.0,0.0,0.0,-9999.0,-9999.0,-9999.0,-9999.0
mix,i130,130I,53,77,130,53130,44496.0,36.0,36.0,100.0,0.0,0.0,0.0,0.0,0.0,0.0,0.0,0.0,0.0,0.0,0.0,0.0,0.0,0.0,932.16351,0.0,0.0,0.0
mix,i131,131I,53,78,131,53131,693334.08,129.6,129.6,100.0,0.0,0.0,0.0,0.0,0.0,0.0,0.0,0.0,0.0,0.0,0.0,0.0,0.0,0.0,25876.78516,0.0,0.0,0.0
mix,i128,128I,53,75,128,53128,1500.0,1.2,1.2,93.1,0.8,0.8,0.0,0.0,0.0,0.0,0.0,0.0,0.0,0.0,0.0,0.0,0.0,0.0,3690.01196,0.0,0.0,0.0
mix,i129,129I,53,76,129,53129,508886199752850.0,5531140204650.0,5531140204650.0,100.0,0.0,0.0,0.0,0.0,0.0,0.0,0.0,0.0,0.0,0.0,0.0,0.0,0.0,0.0,46872128.0,0.0,0.0,0.0
mix,i132,132I,53,79,132,53132,8222.04,6.119999999999999,6.119999999999999,100.0,0.0,0.0,0.0,0.0,0.0,0.0,0.0,0.0,0.0,0.0,0.0,0.0,0.0,0.0,449.78464,0.0,0.0,0.0
mix,i133,133I,53,80,133,53133,74880.0,360.0,360.0,100.0,0.0,0.0,0.0,0.0,0.0,0.0,0.0,0.0,0.0,0.0,0.0,0.0,0.0,0.0,2184.22949,0.0,0.0,0.0
mix,i134,134I,53,81,134,53134,3156.0,12.0,12.0,100.0,0.0,0.0,0.0,0.0,0.0,0.0,0.0,0.0,0.0,0.0,0.0,0.0,0.0,0.0,269.82983,0.0,0.0,0.0
mix,i137,137I,53,84,137,53137,24.13,0.12,0.12,100.0,0.0,0.0,0.0,0.0,0.0,7.66,0.12,0.12,0.0,0.0,0.0,0.0,0.0,0.0,18.09962,0.03,0.0,0.0
mix,i138,138I,53,85,138,53138,6.303,0.041,0.041,100.0,0.0,0.0,0.0,0.0,0.0,5.39,0.11,0.11,0.0,0.0,0.0,0.0,0.0,0.0,11.03748,0.05,0.0,0.0
mix,i135,135I,53,82,135,53135,23580.0,108.0,108.0,100.0,0.0,0.0,0.0,0.0,0.0,0.0,0.0,0.0,0.0,0.0,0.0,0.0,0.0,0.0,540.46844,0.0,0.0,0.0
mix,i136,136I,53,83,136,53136,83.4,0.4,0.4,100.0,0.0,0.0,0.0,0.0,0.0,0.0,0.0,0.0,0.0,0.0,0.0,0.0,0.0,0.0,20.88008,0.0,0.0,0.0
mix,i141,141I,53,88,141,53141,0.418,0.008,0.008,100.0,0.0,0.0,0.0,0.0,0.0,21.2,2.2,2.2,0.0,0.0,0.0,0.0,0.0,0.0,0.42774,0.51,0.0,0.0
mix,i142,142I,53,89,142,53142,0.23500000000000001,0.011,0.011,100.0,0.0,0.0,0.0,0.0,0.0,0.0,0.0,0.0,0.0,0.0,0.0,0.0,0.0,0.0,0.07368,0.19,0.0,0.0
mix,i139,139I,53,86,139,53139,2.29,0.02,0.02,100.0,0.0,0.0,0.0,0.0,0.0,9.64,0.22,0.22,0.0,0.0,0.0,0.0,0.0,0.0,2.13276,0.13,0.0,0.0
mix,i140,140I,53,87,140,53140,0.38,0.02,0.02,100.0,0.0,0.0,0.0,0.0,0.0,8.79,0.75,0.75,0.0,0.0,0.0,0.0,0.0,0.0,0.43309,0.13,0.0,0.0
mix,i144,144I,53,91,144,53144,0.094,0.008,0.008,100.0,0.0,0.0,0.0,0.0,0.0,0.0,0.0,0.0,0.0,0.0,0.0,0.0,0.0,0.0,0.04926,0.36,0.0,0.0
mix,i145,145I,53,92,145,53145,0.0897,0.009300000000000001,0.009300000000000001,100.0,0.0,0.0,0.0,0.0,0.0,0.0,0.0,0.0,0.0,0.0,0.0,0.0,0.0,0.0,0.07621,0.82,0.0,0.0
mix,i143,143I,53,90,143,53143,0.182,0.008,0.008,100.0,0.0,0.0,0.0,0.0,0.0,0.0,0.0,0.0,0.0,0.0,0.0,0.0,0.0,0.0,0.12835,0.7,0.0,0.0
mix,i146,146I,53,93,146,53146,0.094,0.026000000000000002,0.026000000000000002,100.0,0.0,0.0,0.0,0.0,0.0,0.0,0.0,0.0,0.0,0.0,0.0,0.0,0.0,0.0,0.03661,0.54,0.02,0.0
nubase,lu158,158Lu,71,87,158,71158,10.6,0.3,0.3,0.0,0.0,0.0,0.91,0.2,0.2,0.0,0.0,0.0,0.0,0.0,0.0,0.0,0.0,0.0,-9999.0,-9999.0,-9999.0,-9999.0
nubase,lu160,160Lu,71,89,160,71160,36.1,0.3,0.3,0.0,0.0,0.0,0.0001,0.0,0.0,0.0,0.0,0.0,0.0,0.0,0.0,0.0,0.0,0.0,-9999.0,-9999.0,-9999.0,-9999.0
nubase,lu156,156Lu,71,85,156,71156,0.494,0.012,0.012,0.0,0.0,0.0,100.0,0.0,0.0,0.0,0.0,0.0,0.0,0.0,0.0,0.0,0.0,0.0,-9999.0,-9999.0,-9999.0,-9999.0
nubase,lu155,155Lu,71,84,155,71155,0.067,0.002,0.002,0.0,0.0,0.0,88.0,3.0,3.0,0.0,0.0,0.0,0.0,0.0,0.0,0.0,0.0,0.0,-9999.0,-9999.0,-9999.0,-9999.0
nubase,mc290,290Mc,115,175,290,115290,0.65,0.2,0.49,0.0,0.0,0.0,100.0,0.0,0.0,0.0,0.0,0.0,0.0,0.0,0.0,0.0,0.0,0.0,-9999.0,-9999.0,-9999.0,-9999.0
nubase,mc288,288Mc,115,173,288,115288,0.199,0.02,0.02,0.0,0.0,0.0,100.0,0.0,0.0,0.0,0.0,0.0,0.0,0.0,0.0,0.0,0.0,0.0,-9999.0,-9999.0,-9999.0,-9999.0
nubase,mc289,289Mc,115,174,289,115289,0.277,0.037,0.042,0.0,0.0,0.0,100.0,0.0,0.0,0.0,0.0,0.0,0.0,0.0,0.0,0.0,0.0,0.0,-9999.0,-9999.0,-9999.0,-9999.0
nubase,mc287,287Mc,115,172,287,115287,0.037,0.013000000000000001,0.044,0.0,0.0,0.0,100.0,0.0,0.0,0.0,0.0,0.0,0.0,0.0,0.0,0.0,0.0,0.0,-9999.0,-9999.0,-9999.0,-9999.0
nubase,at193,193At,85,108,193,85193,0.028,0.004,0.005,0.0,0.0,0.0,100.0,0.0,0.0,0.0,0.0,0.0,0.0,0.0,0.0,0.0,0.0,0.0,-9999.0,-9999.0,-9999.0,-9999.0
nubase,at194,194At,85,109,194,85194,0.28600000000000003,0.007,0.007,0.0,0.0,0.0,100.0,0.0,0.0,0.0,0.0,0.0,0.0,0.0,0.0,0.0,0.0,0.0,-9999.0,-9999.0,-9999.0,-9999.0
nubase,at191,191At,85,106,191,85191,0.0017,0.0005,0.0011,0.0,0.0,0.0,100.0,0.0,0.0,0.0,0.0,0.0,0.0,0.0,0.0,0.0,0.0,0.0,-9999.0,-9999.0,-9999.0,-9999.0
nubase,at192,192At,85,107,192,85192,0.088,0.006,0.006,0.0,0.0,0.0,100.0,0.0,0.0,0.0,0.0,0.0,0.0,0.0,0.0,0.0,0.0,0.0,-9999.0,-9999.0,-9999.0,-9999.0
nubase,sg264,264Sg,106,158,264,106264,0.06,0.02,0.026000000000000002,0.0,0.0,0.0,20.0,0.0,0.0,0.0,0.0,0.0,0.0,0.0,0.0,0.0,0.0,0.0,-9999.0,-9999.0,-9999.0,-9999.0
nubase,sg263,263Sg,106,157,263,106263,0.9,0.16,0.17,0.0,0.0,0.0,87.0,8.0,8.0,0.0,0.0,0.0,0.0,0.0,0.0,0.0,0.0,0.0,-9999.0,-9999.0,-9999.0,-9999.0
nubase,sg262,262Sg,106,156,262,106262,0.0114,0.0024,0.0024,0.0,0.0,0.0,6.0,6.0,6.0,0.0,0.0,0.0,0.0,0.0,0.0,0.0,0.0,0.0,-9999.0,-9999.0,-9999.0,-9999.0
nubase,sg261,261Sg,106,155,261,106261,0.183,0.005,0.005,0.0,0.0,0.0,98.1,0.4,0.4,0.0,0.0,0.0,0.0,0.0,0.0,0.0,0.0,0.0,-9999.0,-9999.0,-9999.0,-9999.0
nubase,sg260,260Sg,106,154,260,106260,0.00483,0.00037,0.00037,0.0,0.0,0.0,71.0,3.0,3.0,0.0,0.0,0.0,0.0,0.0,0.0,0.0,0.0,0.0,-9999.0,-9999.0,-9999.0,-9999.0
nubase,sg259,259Sg,106,153,259,106259,0.4,0.06,0.06,0.0,0.0,0.0,97.0,1.0,1.0,0.0,0.0,0.0,0.0,0.0,0.0,0.0,0.0,0.0,-9999.0,-9999.0,-9999.0,-9999.0
nubase,sg258,258Sg,106,152,258,106258,0.0027,0.0004,0.0005,0.0,0.0,0.0,20.0,0.0,0.0,0.0,0.0,0.0,0.0,0.0,0.0,0.0,0.0,0.0,-9999.0,-9999.0,-9999.0,-9999.0
nubase,at204,204At,85,119,204,85204,552.0,6.0,6.0,0.0,0.0,0.0,3.9,0.2,0.2,0.0,0.0,0.0,0.0,0.0,0.0,0.0,0.0,0.0,-9999.0,-9999.0,-9999.0,-9999.0
nubase,at202,202At,85,117,202,85202,184.0,1.0,1.0,0.0,0.0,0.0,12.0,7.0,7.0,0.0,0.0,0.0,0.0,0.0,0.0,0.0,0.0,0.0,-9999.0,-9999.0,-9999.0,-9999.0
nubase,at203,203At,85,118,203,85203,444.0,6.0,6.0,0.0,0.0,0.0,31.0,3.0,3.0,0.0,0.0,0.0,0.0,0.0,0.0,0.0,0.0,0.0,-9999.0,-9999.0,-9999.0,-9999.0
nubase,sg265,265Sg,106,159,265,106265,16.0,2.1,2.4,0.0,0.0,0.0,50.0,0.0,0.0,0.0,0.0,0.0,0.0,0.0,0.0,0.0,0.0,0.0,-9999.0,-9999.0,-9999.0,-9999.0
nubase,at200,200At,85,115,200,85200,43.0,1.0,1.0,0.0,0.0,0.0,53.0,4.0,4.0,0.0,0.0,0.0,0.0,0.0,0.0,0.0,0.0,0.0,-9999.0,-9999.0,-9999.0,-9999.0
nubase,at201,201At,85,116,201,85201,85.0,2.0,2.0,0.0,0.0,0.0,71.0,7.0,7.0,0.0,0.0,0.0,0.0,0.0,0.0,0.0,0.0,0.0,-9999.0,-9999.0,-9999.0,-9999.0
nubase,at198,198At,85,113,198,85198,4.47,0.1,0.1,0.0,0.0,0.0,90.0,10.0,10.0,0.0,0.0,0.0,0.0,0.0,0.0,0.0,0.0,0.0,-9999.0,-9999.0,-9999.0,-9999.0
nubase,at199,199At,85,114,199,85199,6.97,0.13,0.13,0.0,0.0,0.0,92.0,8.0,3.0,0.0,0.0,0.0,0.0,0.0,0.0,0.0,0.0,0.0,-9999.0,-9999.0,-9999.0,-9999.0
nubase,at196,196At,85,111,196,85196,0.377,0.004,0.004,0.0,0.0,0.0,97.5,0.3,0.3,0.0,0.0,0.0,0.0,0.0,0.0,0.0,0.0,0.0,-9999.0,-9999.0,-9999.0,-9999.0
nubase,at197,197At,85,112,197,85197,0.388,0.006,0.006,0.0,0.0,0.0,96.1,1.2,1.2,0.0,0.0,0.0,0.0,0.0,0.0,0.0,0.0,0.0,-9999.0,-9999.0,-9999.0,-9999.0
nubase,at195,195At,85,110,195,85195,0.309,0.019,0.019,0.0,0.0,0.0,100.0,0.0,0.0,0.0,0.0,0.0,0.0,0.0,0.0,0.0,0.0,0.0,-9999.0,-9999.0,-9999.0,-9999.0
nubase,sg267,267Sg,106,161,267,106267,84.0,24.0,55.0,0.0,0.0,0.0,17.0,0.0,0.0,0.0,0.0,0.0,0.0,0.0,0.0,0.0,0.0,0.0,-9999.0,-9999.0,-9999.0,-9999.0
nubase,sg271,271Sg,106,165,271,106271,96.0,31.000000000000004,88.0,0.0,0.0,0.0,50.0,0.0,0.0,0.0,0.0,0.0,0.0,0.0,0.0,0.0,0.0,0.0,-9999.0,-9999.0,-9999.0,-9999.0
nubase,sg269,269Sg,106,163,269,106269,127.8,58.199999999999996,613.2,0.0,0.0,0.0,100.0,0.0,0.0,0.0,0.0,0.0,0.0,0.0,0.0,0.0,0.0,0.0,-9999.0,-9999.0,-9999.0,-9999.0
mix,pd129,129Pd,46,83,129,46129,0.031,0.007,0.007,100.0,0.0,0.0,0.0,0.0,0.0,0.0,0.0,0.0,0.0,0.0,0.0,0.0,0.0,0.0,0.05503,0.68,0.01,0.0
mix,pd128,128Pd,46,82,128,46128,0.036000000000000004,0.005,0.005,100.0,0.0,0.0,0.0,0.0,0.0,10.0,7.0,7.0,0.0,0.0,0.0,0.0,0.0,0.0,0.08949,0.09,0.0,0.0
mix,pd127,127Pd,46,81,127,46127,0.038,0.002,0.002,100.0,0.0,0.0,0.0,0.0,0.0,9.0,3.0,3.0,0.0,0.0,0.0,0.0,0.0,0.0,0.16312,0.1,0.0,0.0
mix,pd126,126Pd,46,80,126,46126,0.048600000000000004,0.0006,0.0006,100.0,0.0,0.0,0.0,0.0,0.0,4.9,0.9,0.9,0.0,0.0,0.0,0.0,0.0,0.0,0.21611,0.04,0.0,0.0
mix,pd118,118Pd,46,72,118,46118,1.9,0.1,0.1,100.0,0.0,0.0,0.0,0.0,0.0,0.0,0.0,0.0,0.0,0.0,0.0,0.0,0.0,0.0,7.10054,0.0,0.0,0.0
mix,pd117,117Pd,46,71,117,46117,4.3,0.3,0.3,100.0,0.0,0.0,0.0,0.0,0.0,0.0,0.0,0.0,0.0,0.0,0.0,0.0,0.0,0.0,7.6762,0.0,0.0,0.0
mix,pd120,120Pd,46,74,120,46120,0.492,0.033,0.033,100.0,0.0,0.0,0.0,0.0,0.0,0.0,0.0,0.0,0.0,0.0,0.0,0.0,0.0,0.0,1.0886,0.0,0.0,0.0
mix,pd119,119Pd,46,73,119,46119,0.88,0.02,0.02,100.0,0.0,0.0,0.0,0.0,0.0,0.0,0.0,0.0,0.0,0.0,0.0,0.0,0.0,0.0,1.79319,0.0,0.0,0.0
mix,pd116,116Pd,46,70,116,46116,11.7,0.6,0.6,100.0,0.0,0.0,0.0,0.0,0.0,0.0,0.0,0.0,0.0,0.0,0.0,0.0,0.0,0.0,62.79137,0.0,0.0,0.0
mix,pd125,125Pd,46,79,125,46125,0.06420000000000001,0.0017,0.0017,100.0,0.0,0.0,0.0,0.0,0.0,3.7,0.4,0.4,0.0,0.0,0.0,0.0,0.0,0.0,0.27097,0.05,0.0,0.0
mix,pd122,122Pd,46,76,122,46122,0.195,0.004,0.004,100.0,0.0,0.0,0.0,0.0,0.0,0.0,0.0,0.0,0.0,0.0,0.0,0.0,0.0,0.0,0.63376,0.0,0.0,0.0
mix,pd121,121Pd,46,75,121,46121,0.29,0.001,0.001,100.0,0.0,0.0,0.0,0.0,0.0,0.0,0.0,0.0,0.0,0.0,0.0,0.0,0.0,0.0,0.78409,0.0,0.0,0.0
mix,pd124,124Pd,46,78,124,46124,0.094,0.004,0.004,100.0,0.0,0.0,0.0,0.0,0.0,0.89,0.2,0.2,0.0,0.0,0.0,0.0,0.0,0.0,0.2786,0.02,0.0,0.0
mix,pd123,123Pd,46,77,123,46123,0.109,0.002,0.002,100.0,0.0,0.0,0.0,0.0,0.0,1.4,0.3,0.3,0.0,0.0,0.0,0.0,0.0,0.0,0.39279,0.01,0.0,0.0
mix,pd107,107Pd,46,61,107,46107,205120019000000.0,9467077800000.0,9467077800000.0,100.0,0.0,0.0,0.0,0.0,0.0,0.0,0.0,0.0,0.0,0.0,0.0,0.0,0.0,0.0,999999995904.0,0.0,0.0,0.0
mix,pd109,109Pd,46,63,109,46109,48373.2,46.8,46.8,100.0,0.0,0.0,0.0,0.0,0.0,0.0,0.0,0.0,0.0,0.0,0.0,0.0,0.0,0.0,466.2579,0.0,0.0,0.0
mix,pd115,115Pd,46,69,115,46115,25.0,2.0,2.0,100.0,0.0,0.0,0.0,0.0,0.0,0.0,0.0,0.0,0.0,0.0,0.0,0.0,0.0,0.0,28.61804,0.0,0.0,0.0
mix,pd114,114Pd,46,68,114,46114,145.2,3.5999999999999996,3.5999999999999996,100.0,0.0,0.0,0.0,0.0,0.0,0.0,0.0,0.0,0.0,0.0,0.0,0.0,0.0,0.0,681.31421,0.0,0.0,0.0
mix,pd111,111Pd,46,65,111,46111,1416.0,6.0,6.0,100.0,0.0,0.0,0.0,0.0,0.0,0.0,0.0,0.0,0.0,0.0,0.0,0.0,0.0,0.0,41.74801,0.0,0.0,0.0
mix,pd113,113Pd,46,67,113,46113,89.0,3.0,3.0,100.0,0.0,0.0,0.0,0.0,0.0,0.0,0.0,0.0,0.0,0.0,0.0,0.0,0.0,0.0,194.64281,0.0,0.0,0.0
mix,pd112,112Pd,46,66,112,46112,75697.2,68.39999999999999,68.39999999999999,100.0,0.0,0.0,0.0,0.0,0.0,0.0,0.0,0.0,0.0,0.0,0.0,0.0,0.0,0.0,480833.34375,0.0,0.0,0.0
mix,os196,196Os,76,120,196,76196,2094.0,12.0,12.0,100.0,0.0,0.0,0.0,0.0,0.0,0.0,0.0,0.0,0.0,0.0,0.0,0.0,0.0,0.0,7106.88477,0.0,0.0,0.0
mix,os197,197Os,76,121,197,76197,93.0,7.0,7.0,100.0,0.0,0.0,0.0,0.0,0.0,0.0,0.0,0.0,0.0,0.0,0.0,0.0,0.0,0.0,183.28062,0.0,0.0,0.0
mix,os198,198Os,76,122,198,76198,125.0,28.0,28.0,100.0,0.0,0.0,0.0,0.0,0.0,0.0,0.0,0.0,0.0,0.0,0.0,0.0,0.0,0.0,752.93713,0.0,0.0,0.0
mix,os199,199Os,76,123,199,76199,5.0,2.0,4.0,100.0,0.0,0.0,0.0,0.0,0.0,0.0,0.0,0.0,0.0,0.0,0.0,0.0,0.0,0.0,128.91455,0.0,0.0,0.0
mix,os200,200Os,76,124,200,76200,6.0,3.0,4.0,100.0,0.0,0.0,0.0,0.0,0.0,0.0,0.0,0.0,0.0,0.0,0.0,0.0,0.0,0.0,190.52151,0.0,0.0,0.0
mix,ar47,47Ar,18,29,47,18047,1.23,0.03,0.03,100.0,0.0,0.0,0.0,0.0,0.0,0.0,0.0,0.0,0.0,0.0,0.0,0.0,0.0,0.0,1.09021,0.01,0.0,0.0
mix,os191,191Os,76,115,191,76191,1296000.0,3456.0,3456.0,100.0,0.0,0.0,0.0,0.0,0.0,0.0,0.0,0.0,0.0,0.0,0.0,0.0,0.0,0.0,5585011.0,0.0,0.0,0.0
mix,os193,193Os,76,117,193,76193,107388.0,64.8,64.8,100.0,0.0,0.0,0.0,0.0,0.0,0.0,0.0,0.0,0.0,0.0,0.0,0.0,0.0,0.0,134.75668,0.0,0.0,0.0
mix,os194,194Os,76,118,194,76194,189341556.0,6311385.2,6311385.2,100.0,0.0,0.0,0.0,0.0,0.0,0.0,0.0,0.0,0.0,0.0,0.0,0.0,0.0,0.0,479074176.0,0.0,0.0,0.0
mix,ar43,43Ar,18,25,43,18043,322.2,3.5999999999999996,3.5999999999999996,100.0,0.0,0.0,0.0,0.0,0.0,0.0,0.0,0.0,0.0,0.0,0.0,0.0,0.0,0.0,87.86183,0.0,0.0,0.0
mix,os195,195Os,76,119,195,76195,384.0,60.0,60.0,100.0,0.0,0.0,0.0,0.0,0.0,0.0,0.0,0.0,0.0,0.0,0.0,0.0,0.0,0.0,2419.8833,0.0,0.0,0.0
mix,ar44,44Ar,18,26,44,18044,712.1999999999999,3.0,3.0,100.0,0.0,0.0,0.0,0.0,0.0,0.0,0.0,0.0,0.0,0.0,0.0,0.0,0.0,0.0,2324.07178,0.0,0.0,0.0
mix,ar45,45Ar,18,27,45,18045,21.48,0.15,0.15,100.0,0.0,0.0,0.0,0.0,0.0,0.0,0.0,0.0,0.0,0.0,0.0,0.0,0.0,0.0,8.32289,0.0,0.0,0.0
mix,ar46,46Ar,18,28,46,18046,8.4,0.5,0.5,100.0,0.0,0.0,0.0,0.0,0.0,0.0,0.0,0.0,0.0,0.0,0.0,0.0,0.0,0.0,24.63227,0.0,0.0,0.0
mix,ar39,39Ar,18,21,39,18039,8457256168.0,252455408.0,252455408.0,100.0,0.0,0.0,0.0,0.0,0.0,0.0,0.0,0.0,0.0,0.0,0.0,0.0,0.0,0.0,124465216.0,0.0,0.0,0.0
mix,ar41,41Ar,18,23,41,18041,6576.6,2.4,2.4,100.0,0.0,0.0,0.0,0.0,0.0,0.0,0.0,0.0,0.0,0.0,0.0,0.0,0.0,0.0,64533.64844,0.0,0.0,0.0
mix,ar42,42Ar,18,24,42,18042,1038222865.4,34712618.6,34712618.6,100.0,0.0,0.0,0.0,0.0,0.0,0.0,0.0,0.0,0.0,0.0,0.0,0.0,0.0,0.0,37803600.0,0.0,0.0,0.0
nubase,os186,186Os,76,110,186,76186,6.3113852e+22,3.47126186e+22,3.47126186e+22,0.0,0.0,0.0,100.0,0.0,0.0,0.0,0.0,0.0,0.0,0.0,0.0,0.0,0.0,0.0,-9999.0,-9999.0,-9999.0,-9999.0
nubase,os184,184Os,76,108,184,76184,3.534375712e+20,7.25809298e+19,7.25809298e+19,0.0,0.0,0.0,100.0,0.0,0.0,0.0,0.0,0.0,0.0,0.0,0.0,0.0,0.0,0.0,-9999.0,-9999.0,-9999.0,-9999.0
nubase,h3,3H,1,2,3,1003,388847597.8646,334503.4156,334503.4156,100.0,0.0,0.0,0.0,0.0,0.0,0.0,0.0,0.0,0.0,0.0,0.0,0.0,0.0,0.0,-9999.0,-9999.0,-9999.0,-9999.0
nubase,at213,213At,85,128,213,85213,1.24e-07,6.000000000000001e-09,6.000000000000001e-09,0.0,0.0,0.0,100.0,0.0,0.0,0.0,0.0,0.0,0.0,0.0,0.0,0.0,0.0,0.0,-9999.0,-9999.0,-9999.0,-9999.0
nubase,at214,214At,85,129,214,85214,5.58e-07,1e-08,1e-08,0.0,0.0,0.0,100.0,0.0,0.0,0.0,0.0,0.0,0.0,0.0,0.0,0.0,0.0,0.0,-9999.0,-9999.0,-9999.0,-9999.0
nubase,at211,211At,85,126,211,85211,25977.600000000002,21.6,21.6,0.0,0.0,0.0,41.78,0.08,0.08,0.0,0.0,0.0,0.0,0.0,0.0,0.0,0.0,0.0,-9999.0,-9999.0,-9999.0,-9999.0
nubase,at212,212At,85,127,212,85212,0.314,0.002,0.002,0.0,0.0,0.0,100.0,0.0,0.0,0.0,0.0,0.0,0.0,0.0,0.0,0.0,0.0,0.0,-9999.0,-9999.0,-9999.0,-9999.0
nubase,at209,209At,85,124,209,85209,19512.0,180.0,180.0,0.0,0.0,0.0,4.1,0.5,0.5,0.0,0.0,0.0,0.0,0.0,0.0,0.0,0.0,0.0,-9999.0,-9999.0,-9999.0,-9999.0
nubase,at210,210At,85,125,210,85210,29160.0,1440.0,1440.0,0.0,0.0,0.0,0.175,0.02,0.02,0.0,0.0,0.0,0.0,0.0,0.0,0.0,0.0,0.0,-9999.0,-9999.0,-9999.0,-9999.0
nubase,at207,207At,85,122,207,85207,6516.0,108.0,108.0,0.0,0.0,0.0,10.0,0.0,0.0,0.0,0.0,0.0,0.0,0.0,0.0,0.0,0.0,0.0,-9999.0,-9999.0,-9999.0,-9999.0
nubase,at208,208At,85,123,208,85208,5868.0,108.0,108.0,0.0,0.0,0.0,0.55,0.06,0.06,0.0,0.0,0.0,0.0,0.0,0.0,0.0,0.0,0.0,-9999.0,-9999.0,-9999.0,-9999.0
nubase,at205,205At,85,120,205,85205,1614.0,48.0,48.0,0.0,0.0,0.0,10.0,2.0,2.0,0.0,0.0,0.0,0.0,0.0,0.0,0.0,0.0,0.0,-9999.0,-9999.0,-9999.0,-9999.0
nubase,at206,206At,85,121,206,85206,1830.0,36.0,36.0,0.0,0.0,0.0,0.9,0.1,0.1,0.0,0.0,0.0,0.0,0.0,0.0,0.0,0.0,0.0,-9999.0,-9999.0,-9999.0,-9999.0
nubase,pa211,211Pa,91,120,211,91211,0.0038,0.0014,0.0046,0.0,0.0,0.0,100.0,0.0,0.0,0.0,0.0,0.0,0.0,0.0,0.0,0.0,0.0,0.0,-9999.0,-9999.0,-9999.0,-9999.0
nubase,at215,215At,85,130,215,85215,0.037,0.003,0.003,0.0,0.0,0.0,100.0,0.0,0.0,0.0,0.0,0.0,0.0,0.0,0.0,0.0,0.0,0.0,-9999.0,-9999.0,-9999.0,-9999.0
nubase,pa215,215Pa,91,124,215,91215,0.014,0.002,0.002,0.0,0.0,0.0,100.0,0.0,0.0,0.0,0.0,0.0,0.0,0.0,0.0,0.0,0.0,0.0,-9999.0,-9999.0,-9999.0,-9999.0
nubase,pa214,214Pa,91,123,214,91214,0.017,0.003,0.003,0.0,0.0,0.0,100.0,0.0,0.0,0.0,0.0,0.0,0.0,0.0,0.0,0.0,0.0,0.0,-9999.0,-9999.0,-9999.0,-9999.0
nubase,pa213,213Pa,91,122,213,91213,0.0053,0.0013000000000000002,0.0032,0.0,0.0,0.0,100.0,0.0,0.0,0.0,0.0,0.0,0.0,0.0,0.0,0.0,0.0,0.0,-9999.0,-9999.0,-9999.0,-9999.0
nubase,pa212,212Pa,91,121,212,91212,0.005,0.0011,0.002,0.0,0.0,0.0,100.0,0.0,0.0,0.0,0.0,0.0,0.0,0.0,0.0,0.0,0.0,0.0,-9999.0,-9999.0,-9999.0,-9999.0
mix,ce141,141Ce,58,83,141,58141,2808345.5999999996,950.4,950.4,100.0,0.0,0.0,0.0,0.0,0.0,0.0,0.0,0.0,0.0,0.0,0.0,0.0,0.0,0.0,367357.8125,0.0,0.0,0.0
mix,ce143,143Ce,58,85,143,58143,118933.2,28.8,28.8,100.0,0.0,0.0,0.0,0.0,0.0,0.0,0.0,0.0,0.0,0.0,0.0,0.0,0.0,0.0,76.94698,0.0,0.0,0.0
mix,ce144,144Ce,58,86,144,58144,24614150.400000002,2592.0,2592.0,100.0,0.0,0.0,0.0,0.0,0.0,0.0,0.0,0.0,0.0,0.0,0.0,0.0,0.0,0.0,227922.5625,0.0,0.0,0.0
mix,at224,224At,85,139,224,85224,76.2,22.8,138.0,100.0,0.0,0.0,0.0,0.0,0.0,0.0,0.0,0.0,0.0,0.0,0.0,0.0,0.0,0.0,4.75344,0.0,0.0,0.0
mix,at222,222At,85,137,222,85222,54.0,10.0,10.0,100.0,0.0,0.0,0.0,0.0,0.0,0.0,0.0,0.0,0.0,0.0,0.0,0.0,0.0,0.0,25.76225,0.0,0.0,0.0
nubase,pa219,219Pa,91,128,219,91219,5.5e-08,8e-09,8e-09,0.0,0.0,0.0,100.0,0.0,0.0,0.0,0.0,0.0,0.0,0.0,0.0,0.0,0.0,0.0,-9999.0,-9999.0,-9999.0,-9999.0
mix,at223,223At,85,138,223,85223,50.0,7.0,7.0,100.0,0.0,0.0,0.0,0.0,0.0,0.0,0.0,0.0,0.0,0.0,0.0,0.0,0.0,0.0,84.94535,0.0,0.0,0.0
nubase,pa218,218Pa,91,127,218,91218,0.109,0.004,0.004,0.0,0.0,0.0,100.0,0.0,0.0,0.0,0.0,0.0,0.0,0.0,0.0,0.0,0.0,0.0,-9999.0,-9999.0,-9999.0,-9999.0
mix,at220,220At,85,135,220,85220,222.6,2.4,2.4,92.0,2.0,2.0,8.0,2.0,2.0,0.0,0.0,0.0,0.0,0.0,0.0,0.0,0.0,0.0,360.50327,0.0,0.0,0.0
nubase,pa217,217Pa,91,126,217,91217,0.0037,0.0004,0.0004,0.0,0.0,0.0,100.0,0.0,0.0,0.0,0.0,0.0,0.0,0.0,0.0,0.0,0.0,0.0,-9999.0,-9999.0,-9999.0,-9999.0
mix,at221,221At,85,136,221,85221,138.0,12.0,12.0,100.0,0.0,0.0,0.0,0.0,0.0,0.0,0.0,0.0,0.0,0.0,0.0,0.0,0.0,0.0,667.15717,0.0,0.0,0.0
nubase,pa216,216Pa,91,125,216,91216,0.11800000000000001,0.015,0.015,0.0,0.0,0.0,100.0,0.0,0.0,0.0,0.0,0.0,0.0,0.0,0.0,0.0,0.0,0.0,-9999.0,-9999.0,-9999.0,-9999.0
mix,ce145,145Ce,58,87,145,58145,181.2,3.0,3.0,100.0,0.0,0.0,0.0,0.0,0.0,0.0,0.0,0.0,0.0,0.0,0.0,0.0,0.0,0.0,22.09754,0.0,0.0,0.0
mix,at218,218At,85,133,218,85218,1.28,0.05,0.05,0.05,0.05,0.05,99.95,0.05,0.05,0.0,0.0,0.0,0.0,0.0,0.0,0.0,0.0,0.0,324.15228,0.0,0.0,0.0
mix,ce146,146Ce,58,88,146,58146,793.2,5.3999999999999995,5.3999999999999995,100.0,0.0,0.0,0.0,0.0,0.0,0.0,0.0,0.0,0.0,0.0,0.0,0.0,0.0,0.0,950.32343,0.0,0.0,0.0
mix,at219,219At,85,134,219,85219,56.0,3.0,3.0,6.4,1.0,1.0,93.6,1.0,1.0,0.0,0.0,0.0,0.0,0.0,0.0,0.0,0.0,0.0,4641.26855,0.0,0.0,0.0
mix,ce147,147Ce,58,89,147,58147,56.4,1.1,1.1,100.0,0.0,0.0,0.0,0.0,0.0,0.0,0.0,0.0,0.0,0.0,0.0,0.0,0.0,0.0,104.42508,0.0,0.0,0.0
mix,at216,216At,85,131,216,85216,0.0003,3e-05,3e-05,0.0,0.0,0.0,100.0,0.0,0.0,0.0,0.0,0.0,0.0,0.0,0.0,0.0,0.0,0.0,7599.50879,0.0,0.0,0.0
mix,at217,217At,85,132,217,85217,0.032600000000000004,0.0002,0.0002,0.007,0.003,0.003,99.993,0.003,0.003,0.0,0.0,0.0,0.0,0.0,0.0,0.0,0.0,0.0,108252.15625,0.0,0.0,0.0
nubase,pa220,220Pa,91,129,220,91220,0.0008900000000000001,6e-05,6e-05,0.0,0.0,0.0,100.0,0.0,0.0,0.0,0.0,0.0,0.0,0.0,0.0,0.0,0.0,0.0,-9999.0,-9999.0,-9999.0,-9999.0
nubase,pa222,222Pa,91,131,222,91222,0.0038900000000000002,0.00073,0.00073,0.0,0.0,0.0,100.0,0.0,0.0,0.0,0.0,0.0,0.0,0.0,0.0,0.0,0.0,0.0,-9999.0,-9999.0,-9999.0,-9999.0
nubase,pa221,221Pa,91,130,221,91221,0.005900000000000001,0.0014,0.0015,0.0,0.0,0.0,100.0,0.0,0.0,0.0,0.0,0.0,0.0,0.0,0.0,0.0,0.0,0.0,-9999.0,-9999.0,-9999.0,-9999.0
nubase,pa226,226Pa,91,135,226,91226,108.0,12.0,12.0,0.0,0.0,0.0,74.0,5.0,5.0,0.0,0.0,0.0,0.0,0.0,0.0,0.0,0.0,0.0,-9999.0,-9999.0,-9999.0,-9999.0
nubase,pa225,225Pa,91,134,225,91225,1.7,0.1,0.1,0.0,0.0,0.0,100.0,0.0,0.0,0.0,0.0,0.0,0.0,0.0,0.0,0.0,0.0,0.0,-9999.0,-9999.0,-9999.0,-9999.0
nubase,pa224,224Pa,91,133,224,91224,0.85,0.02,0.02,0.0,0.0,0.0,100.0,0.0,0.0,0.0,0.0,0.0,0.0,0.0,0.0,0.0,0.0,0.0,-9999.0,-9999.0,-9999.0,-9999.0
nubase,pa223,223Pa,91,132,223,91223,0.0053,0.0006,0.0006,0.0,0.0,0.0,100.0,0.0,0.0,0.0,0.0,0.0,0.0,0.0,0.0,0.0,0.0,0.0,-9999.0,-9999.0,-9999.0,-9999.0
mix,ce152,152Ce,58,94,152,58152,1.42,0.02,0.02,100.0,0.0,0.0,0.0,0.0,0.0,0.0,0.0,0.0,0.0,0.0,0.0,0.0,0.0,0.0,2.77502,0.0,0.0,0.0
mix,ce153,153Ce,58,95,153,58153,0.865,0.025,0.025,100.0,0.0,0.0,0.0,0.0,0.0,0.0,0.0,0.0,0.0,0.0,0.0,0.0,0.0,0.0,1.4264,0.0,0.0,0.0
mix,ce154,154Ce,58,96,154,58154,0.722,0.014,0.014,100.0,0.0,0.0,0.0,0.0,0.0,0.0,0.0,0.0,0.0,0.0,0.0,0.0,0.0,0.0,0.75299,0.0,0.0,0.0
mix,ce155,155Ce,58,97,155,58155,0.313,0.007,0.007,100.0,0.0,0.0,0.0,0.0,0.0,0.0,0.0,0.0,0.0,0.0,0.0,0.0,0.0,0.0,0.17547,0.0,0.0,0.0
mix,ce148,148Ce,58,90,148,58148,56.8,0.3,0.3,100.0,0.0,0.0,0.0,0.0,0.0,0.0,0.0,0.0,0.0,0.0,0.0,0.0,0.0,0.0,52.48251,0.0,0.0,0.0
mix,ce149,149Ce,58,91,149,58149,5.2,0.3,0.3,100.0,0.0,0.0,0.0,0.0,0.0,0.0,0.0,0.0,0.0,0.0,0.0,0.0,0.0,0.0,23.28747,0.0,0.0,0.0
mix,ce150,150Ce,58,92,150,58150,6.05,0.07,0.07,100.0,0.0,0.0,0.0,0.0,0.0,0.0,0.0,0.0,0.0,0.0,0.0,0.0,0.0,0.0,6.94756,0.0,0.0,0.0
mix,ce151,151Ce,58,93,151,58151,1.74,0.05,0.05,100.0,0.0,0.0,0.0,0.0,0.0,0.0,0.0,0.0,0.0,0.0,0.0,0.0,0.0,0.0,1.61299,0.0,0.0,0.0
mix,pa230,230Pa,91,139,230,91230,1503359.9999999998,34560.0,34560.0,7.8,0.7,0.7,0.0035,0.0004,0.0004,0.0,0.0,0.0,0.0,0.0,0.0,0.0,0.0,0.0,1105892.75,0.0,0.0,0.0
nubase,pa229,229Pa,91,138,229,91229,133920.0,4320.0,4320.0,0.0,0.0,0.0,0.51,0.04,0.04,0.0,0.0,0.0,0.0,0.0,0.0,0.0,0.0,0.0,-9999.0,-9999.0,-9999.0,-9999.0
nubase,pa228,228Pa,91,137,228,91228,71280.0,3240.0,3240.0,0.0,0.0,0.0,1.85,0.17,0.17,0.0,0.0,0.0,0.0,0.0,0.0,0.0,0.0,0.0,-9999.0,-9999.0,-9999.0,-9999.0
nubase,pa227,227Pa,91,136,227,91227,2298.0,18.0,18.0,0.0,0.0,0.0,85.0,2.0,2.0,0.0,0.0,0.0,0.0,0.0,0.0,0.0,0.0,0.0,-9999.0,-9999.0,-9999.0,-9999.0
mix,ce156,156Ce,58,98,156,58156,0.233,0.009000000000000001,0.009000000000000001,100.0,0.0,0.0,0.0,0.0,0.0,0.0,0.0,0.0,0.0,0.0,0.0,0.0,0.0,0.0,0.28623,0.01,0.0,0.0
mix,ce157,157Ce,58,99,157,58157,0.17500000000000002,0.041,0.041,100.0,0.0,0.0,0.0,0.0,0.0,0.0,0.0,0.0,0.0,0.0,0.0,0.0,0.0,0.0,0.19516,0.03,0.0,0.0
mix,pa233,233Pa,91,142,233,91233,2330640.0,1123.2,1123.2,100.0,0.0,0.0,0.0,0.0,0.0,0.0,0.0,0.0,0.0,0.0,0.0,0.0,0.0,0.0,6199.90625,0.0,0.0,0.0
mix,pa232,232Pa,91,141,232,91232,113184.0,1728.0,1728.0,100.0,0.0,0.0,0.0,0.0,0.0,0.0,0.0,0.0,0.0,0.0,0.0,0.0,0.0,0.0,3779.73975,0.0,0.0,0.0
nubase,pa231,231Pa,91,140,231,91231,1033142200314.0,6595397534.0,6595397534.0,0.0,0.0,0.0,100.0,0.0,0.0,0.0,0.0,0.0,0.0,0.0,0.0,0.0,0.0,0.0,-9999.0,-9999.0,-9999.0,-9999.0
mix,pa237,237Pa,91,146,237,91237,522.0,12.0,12.0,100.0,0.0,0.0,0.0,0.0,0.0,0.0,0.0,0.0,0.0,0.0,0.0,0.0,0.0,0.0,824.67456,0.0,0.0,0.0
mix,pa236,236Pa,91,145,236,91236,546.0,6.0,6.0,100.0,0.0,0.0,0.0,0.0,0.0,0.0,0.0,0.0,0.0,0.0,0.0,0.0,0.0,0.0,1153.03064,0.0,0.0,0.0
mix,pa235,235Pa,91,144,235,91235,1464.0,12.0,12.0,100.0,0.0,0.0,0.0,0.0,0.0,0.0,0.0,0.0,0.0,0.0,0.0,0.0,0.0,0.0,5826.03662,0.0,0.0,0.0
mix,pa234,234Pa,91,143,234,91234,24015.600000000002,79.19999999999999,79.19999999999999,100.0,0.0,0.0,0.0,0.0,0.0,0.0,0.0,0.0,0.0,0.0,0.0,0.0,0.0,0.0,4438.40625,0.0,0.0,0.0
mix,pa239,239Pa,91,148,239,91239,6480.0,1800.0,1800.0,100.0,0.0,0.0,0.0,0.0,0.0,0.0,0.0,0.0,0.0,0.0,0.0,0.0,0.0,0.0,334.02927,0.0,0.0,0.0
mix,pa238,238Pa,91,147,238,91238,138.0,6.0,6.0,100.0,0.0,0.0,0.0,0.0,0.0,0.0,0.0,0.0,0.0,0.0,0.0,0.0,0.0,0.0,151.46362,0.0,0.0,0.0
mix,ne23,23Ne,10,13,23,10023,37.148,0.032,0.032,100.0,0.0,0.0,0.0,0.0,0.0,0.0,0.0,0.0,0.0,0.0,0.0,0.0,0.0,0.0,14.59857,0.0,0.0,0.0
mix,ne24,24Ne,10,14,24,10024,202.79999999999998,1.2,1.2,100.0,0.0,0.0,0.0,0.0,0.0,0.0,0.0,0.0,0.0,0.0,0.0,0.0,0.0,0.0,3718.0625,0.0,0.0,0.0
mix,ne25,25Ne,10,15,25,10025,0.602,0.008,0.008,100.0,0.0,0.0,0.0,0.0,0.0,0.0,0.0,0.0,0.0,0.0,0.0,0.0,0.0,0.0,2.03493,0.0,0.0,0.0
mix,ne26,26Ne,10,16,26,10026,0.196,0.002,0.002,100.0,0.0,0.0,0.0,0.0,0.0,0.13,0.03,0.03,0.0,0.0,0.0,0.0,0.0,0.0,2.50119,0.02,0.0,0.0
mix,ne27,27Ne,10,17,27,10027,0.0309,0.0011,0.0011,100.0,0.0,0.0,0.0,0.0,0.0,2.0,0.5,0.5,0.0,0.0,0.0,0.0,0.0,0.0,0.02445,0.02,0.0,0.0
mix,ne28,28Ne,10,18,28,10028,0.0187,0.0002,0.0002,100.0,0.0,0.0,0.0,0.0,0.0,12.0,1.0,1.0,3.7,0.5,0.5,0.0,0.0,0.0,0.05602,0.22,0.0,0.0
mix,ne29,29Ne,10,19,29,10029,0.014,0.0005,0.0005,100.0,0.0,0.0,0.0,0.0,0.0,28.0,6.0,6.0,4.0,1.0,1.0,0.0,0.0,0.0,0.00954,0.14,0.01,0.0
mix,ne30,30Ne,10,20,30,10030,0.0073,0.0003,0.0003,100.0,0.0,0.0,0.0,0.0,0.0,13.0,4.0,4.0,8.9,2.3,2.3,0.0,0.0,0.0,0.01106,0.21,0.01,0.0
nubase,ne31,31Ne,10,21,31,10031,0.0034,0.0008,0.0008,100.0,0.0,0.0,0.0,0.0,0.0,0.0,0.0,0.0,0.0,0.0,0.0,0.0,0.0,0.0,-9999.0,-9999.0,-9999.0,-9999.0
mix,ne32,32Ne,10,22,32,10032,0.0045000000000000005,0.0007,0.0007,100.0,0.0,0.0,0.0,0.0,0.0,0.0,0.0,0.0,0.0,0.0,0.0,0.0,0.0,0.0,0.00873,0.75,0.04,0.0
nubase,ac208,208Ac,89,119,208,89208,0.093,0.012,0.016,0.0,0.0,0.0,100.0,0.0,0.0,0.0,0.0,0.0,0.0,0.0,0.0,0.0,0.0,0.0,-9999.0,-9999.0,-9999.0,-9999.0
nubase,ac207,207Ac,89,118,207,89207,0.027,0.006,0.011,0.0,0.0,0.0,100.0,0.0,0.0,0.0,0.0,0.0,0.0,0.0,0.0,0.0,0.0,0.0,-9999.0,-9999.0,-9999.0,-9999.0
nubase,ac206,206Ac,89,117,206,89206,0.027,0.008,0.008,0.0,0.0,0.0,100.0,0.0,0.0,0.0,0.0,0.0,0.0,0.0,0.0,0.0,0.0,0.0,-9999.0,-9999.0,-9999.0,-9999.0
nubase,ac205,205Ac,89,116,205,89205,0.0077,0.0016,0.0027,0.0,0.0,0.0,100.0,0.0,0.0,0.0,0.0,0.0,0.0,0.0,0.0,0.0,0.0,0.0,-9999.0,-9999.0,-9999.0,-9999.0
mix,sm161,161Sm,62,99,161,62161,4.63,0.29,0.29,100.0,0.0,0.0,0.0,0.0,0.0,0.0,0.0,0.0,0.0,0.0,0.0,0.0,0.0,0.0,4.65707,0.0,0.0,0.0
mix,hf181,181Hf,72,109,181,72181,3662496.0,5184.0,5184.0,100.0,0.0,0.0,0.0,0.0,0.0,0.0,0.0,0.0,0.0,0.0,0.0,0.0,0.0,0.0,39026.93359,0.0,0.0,0.0
nubase,hf174,174Hf,72,102,174,72174,2.20898482e+24,3.78683112e+23,3.78683112e+23,0.0,0.0,0.0,100.0,0.0,0.0,0.0,0.0,0.0,0.0,0.0,0.0,0.0,0.0,0.0,-9999.0,-9999.0,-9999.0,-9999.0
mix,hf182,182Hf,72,110,182,72182,280856641400000.0,2840123340000.0,2840123340000.0,100.0,0.0,0.0,0.0,0.0,0.0,0.0,0.0,0.0,0.0,0.0,0.0,0.0,0.0,0.0,982375.0625,0.0,0.0,0.0
mix,sm153,153Sm,62,91,153,62153,166618.80000000002,7.2,7.2,100.0,0.0,0.0,0.0,0.0,0.0,0.0,0.0,0.0,0.0,0.0,0.0,0.0,0.0,0.0,90291.25,0.0,0.0,0.0
mix,sm155,155Sm,62,93,155,62155,1330.9199999999998,3.2399999999999998,3.2399999999999998,100.0,0.0,0.0,0.0,0.0,0.0,0.0,0.0,0.0,0.0,0.0,0.0,0.0,0.0,0.0,384.48996,0.0,0.0,0.0
mix,sm156,156Sm,62,94,156,62156,33840.0,720.0,720.0,100.0,0.0,0.0,0.0,0.0,0.0,0.0,0.0,0.0,0.0,0.0,0.0,0.0,0.0,0.0,19961.84375,0.0,0.0,0.0
mix,sm157,157Sm,62,95,157,62157,482.4,3.5999999999999996,3.5999999999999996,100.0,0.0,0.0,0.0,0.0,0.0,0.0,0.0,0.0,0.0,0.0,0.0,0.0,0.0,0.0,614.86511,0.0,0.0,0.0
mix,sm158,158Sm,62,96,158,62158,319.20000000000005,3.0,3.0,100.0,0.0,0.0,0.0,0.0,0.0,0.0,0.0,0.0,0.0,0.0,0.0,0.0,0.0,0.0,123.89606,0.0,0.0,0.0
mix,sm159,159Sm,62,97,159,62159,11.37,0.15,0.15,100.0,0.0,0.0,0.0,0.0,0.0,0.0,0.0,0.0,0.0,0.0,0.0,0.0,0.0,0.0,2.71633,0.0,0.0,0.0
mix,sm160,160Sm,62,98,160,62160,9.6,0.3,0.3,100.0,0.0,0.0,0.0,0.0,0.0,0.0,0.0,0.0,0.0,0.0,0.0,0.0,0.0,0.0,21.15253,0.0,0.0,0.0
mix,se84,84Se,34,50,84,34084,198.0,6.0,6.0,100.0,0.0,0.0,0.0,0.0,0.0,0.0,0.0,0.0,0.0,0.0,0.0,0.0,0.0,0.0,8835.97266,0.0,0.0,0.0
mix,se85,85Se,34,51,85,34085,32.9,0.3,0.3,100.0,0.0,0.0,0.0,0.0,0.0,0.0,0.0,0.0,0.0,0.0,0.0,0.0,0.0,0.0,6.14934,0.0,0.0,0.0
mix,se90,90Se,34,56,90,34090,0.195,0.065,0.095,100.0,0.0,0.0,0.0,0.0,0.0,0.0,0.0,0.0,0.0,0.0,0.0,0.0,0.0,0.0,0.1265,0.02,0.0,0.0
mix,se91,91Se,34,57,91,34091,0.27,0.05,0.05,100.0,0.0,0.0,0.0,0.0,0.0,21.0,10.0,10.0,0.0,0.0,0.0,0.0,0.0,0.0,0.0365,0.01,0.0,0.0
mix,se88,88Se,34,54,88,34088,1.51,0.03,0.03,100.0,0.0,0.0,0.0,0.0,0.0,0.99,0.1,0.1,0.0,0.0,0.0,0.0,0.0,0.0,0.39529,0.0,0.0,0.0
mix,se89,89Se,34,55,89,34089,0.41,0.03,0.03,100.0,0.0,0.0,0.0,0.0,0.0,6.7,1.6,1.6,0.0,0.0,0.0,0.0,0.0,0.0,0.09001,0.01,0.0,0.0
mix,se86,86Se,34,52,86,34086,14.3,0.3,0.3,100.0,0.0,0.0,0.0,0.0,0.0,0.0,0.0,0.0,0.0,0.0,0.0,0.0,0.0,0.0,9.10242,0.0,0.0,0.0
mix,se87,87Se,34,53,87,34087,5.51,0.12,0.12,100.0,0.0,0.0,0.0,0.0,0.0,0.36,0.08,0.08,0.0,0.0,0.0,0.0,0.0,0.0,0.78028,0.0,0.0,0.0
nubase,w163,163W,74,89,163,74163,2.7,0.1,0.1,0.0,0.0,0.0,14.0,2.0,2.0,0.0,0.0,0.0,0.0,0.0,0.0,0.0,0.0,0.0,-9999.0,-9999.0,-9999.0,-9999.0
nubase,w162,162W,74,88,162,74162,0.99,0.03,0.03,0.0,0.0,0.0,46.0,2.0,2.0,0.0,0.0,0.0,0.0,0.0,0.0,0.0,0.0,0.0,-9999.0,-9999.0,-9999.0,-9999.0
nubase,w161,161W,74,87,161,74161,0.40900000000000003,0.018000000000000002,0.018000000000000002,0.0,0.0,0.0,73.0,3.0,3.0,0.0,0.0,0.0,0.0,0.0,0.0,0.0,0.0,0.0,-9999.0,-9999.0,-9999.0,-9999.0
nubase,w160,160W,74,86,160,74160,0.091,0.005,0.005,0.0,0.0,0.0,87.0,8.0,8.0,0.0,0.0,0.0,0.0,0.0,0.0,0.0,0.0,0.0,-9999.0,-9999.0,-9999.0,-9999.0
nubase,w159,159W,74,85,159,74159,0.0085,0.0006,0.0006,0.0,0.0,0.0,100.0,0.0,0.0,0.0,0.0,0.0,0.0,0.0,0.0,0.0,0.0,0.0,-9999.0,-9999.0,-9999.0,-9999.0
nubase,w158,158W,74,84,158,74158,0.0014,0.0002,0.0002,0.0,0.0,0.0,100.0,0.0,0.0,0.0,0.0,0.0,0.0,0.0,0.0,0.0,0.0,0.0,-9999.0,-9999.0,-9999.0,-9999.0
mix,se81,81Se,34,47,81,34081,1110.0,6.0,6.0,100.0,0.0,0.0,0.0,0.0,0.0,0.0,0.0,0.0,0.0,0.0,0.0,0.0,0.0,0.0,48050.30078,0.0,0.0,0.0
mix,se79,79Se,34,45,79,34079,10329623258358.0,901865388154.0,901865388154.0,100.0,0.0,0.0,0.0,0.0,0.0,0.0,0.0,0.0,0.0,0.0,0.0,0.0,0.0,0.0,4889819136.0,0.0,0.0,0.0
nubase,w168,168W,74,94,168,74168,50.9,1.9,1.9,0.0,0.0,0.0,0.0032,0.001,0.001,0.0,0.0,0.0,0.0,0.0,0.0,0.0,0.0,0.0,-9999.0,-9999.0,-9999.0,-9999.0
mix,se83,83Se,34,49,83,34083,1335.0,3.0,3.0,100.0,0.0,0.0,0.0,0.0,0.0,0.0,0.0,0.0,0.0,0.0,0.0,0.0,0.0,0.0,520.29834,0.0,0.0,0.0
nubase,w167,167W,74,93,167,74167,19.9,0.5,0.5,0.0,0.0,0.0,0.04,0.01,0.01,0.0,0.0,0.0,0.0,0.0,0.0,0.0,0.0,0.0,-9999.0,-9999.0,-9999.0,-9999.0
nubase,w166,166W,74,92,166,74166,19.2,0.6,0.6,0.0,0.0,0.0,0.035,0.012,0.012,0.0,0.0,0.0,0.0,0.0,0.0,0.0,0.0,0.0,-9999.0,-9999.0,-9999.0,-9999.0
nubase,w165,165W,74,91,165,74165,5.1,0.5,0.5,0.0,0.0,0.0,0.1,0.1,0.1,0.0,0.0,0.0,0.0,0.0,0.0,0.0,0.0,0.0,-9999.0,-9999.0,-9999.0,-9999.0
nubase,w164,164W,74,90,164,74164,6.34,0.15,0.15,0.0,0.0,0.0,3.8,1.2,1.2,0.0,0.0,0.0,0.0,0.0,0.0,0.0,0.0,0.0,-9999.0,-9999.0,-9999.0,-9999.0
mix,hf186,186Hf,72,114,186,72186,156.0,72.0,72.0,100.0,0.0,0.0,0.0,0.0,0.0,0.0,0.0,0.0,0.0,0.0,0.0,0.0,0.0,0.0,1014.77679,0.0,0.0,0.0
mix,hf185,185Hf,72,113,185,72185,210.0,36.0,36.0,100.0,0.0,0.0,0.0,0.0,0.0,0.0,0.0,0.0,0.0,0.0,0.0,0.0,0.0,0.0,767.68671,0.0,0.0,0.0
mix,hf184,184Hf,72,112,184,72184,14832.0,180.0,180.0,100.0,0.0,0.0,0.0,0.0,0.0,0.0,0.0,0.0,0.0,0.0,0.0,0.0,0.0,0.0,4012.6958,0.0,0.0,0.0
mix,hf183,183Hf,72,111,183,72183,3668.3999999999996,10.8,10.8,100.0,0.0,0.0,0.0,0.0,0.0,0.0,0.0,0.0,0.0,0.0,0.0,0.0,0.0,0.0,2274.91992,0.0,0.0,0.0
mix,ac234,234Ac,89,145,234,89234,44.0,7.0,7.0,100.0,0.0,0.0,0.0,0.0,0.0,0.0,0.0,0.0,0.0,0.0,0.0,0.0,0.0,0.0,18.39244,0.0,0.0,0.0
mix,ac233,233Ac,89,144,233,89233,143.0,9.0,9.0,100.0,0.0,0.0,0.0,0.0,0.0,0.0,0.0,0.0,0.0,0.0,0.0,0.0,0.0,0.0,36.37403,0.0,0.0,0.0
mix,ac232,232Ac,89,143,232,89232,119.0,5.0,5.0,100.0,0.0,0.0,0.0,0.0,0.0,0.0,0.0,0.0,0.0,0.0,0.0,0.0,0.0,0.0,43.21868,0.0,0.0,0.0
mix,ac231,231Ac,89,142,231,89231,450.0,6.0,6.0,100.0,0.0,0.0,0.0,0.0,0.0,0.0,0.0,0.0,0.0,0.0,0.0,0.0,0.0,0.0,839.66974,0.0,0.0,0.0
mix,ac230,230Ac,89,141,230,89230,122.0,3.0,3.0,100.0,0.0,0.0,0.0,0.0,0.0,0.0,0.0,0.0,0.0,0.0,0.0,0.0,0.0,0.0,371.14792,0.0,0.0,0.0
mix,ti61,61Ti,22,39,61,22061,0.015,0.004,0.004,100.0,0.0,0.0,0.0,0.0,0.0,0.0,0.0,0.0,0.0,0.0,0.0,0.0,0.0,0.0,0.01915,0.06,0.0,0.0
mix,ac229,229Ac,89,140,229,89229,3762.0,30.0,30.0,100.0,0.0,0.0,0.0,0.0,0.0,0.0,0.0,0.0,0.0,0.0,0.0,0.0,0.0,0.0,13163.00879,0.0,0.0,0.0
mix,ti60,60Ti,22,38,60,22060,0.0222,0.0016,0.0016,100.0,0.0,0.0,0.0,0.0,0.0,0.0,0.0,0.0,0.0,0.0,0.0,0.0,0.0,0.0,0.03928,0.03,0.0,0.0
mix,ti59,59Ti,22,37,59,22059,0.0285,0.0019,0.0019,100.0,0.0,0.0,0.0,0.0,0.0,0.0,0.0,0.0,0.0,0.0,0.0,0.0,0.0,0.0,0.022,0.01,0.0,0.0
mix,ac236,236Ac,89,147,236,89236,72.0,30.0,348.0,100.0,0.0,0.0,0.0,0.0,0.0,0.0,0.0,0.0,0.0,0.0,0.0,0.0,0.0,0.0,13.7466,0.0,0.0,0.0
mix,ac235,235Ac,89,146,235,89235,62.0,4.0,4.0,100.0,0.0,0.0,0.0,0.0,0.0,0.0,0.0,0.0,0.0,0.0,0.0,0.0,0.0,0.0,44.44807,0.0,0.0,0.0
nubase,no259,259No,102,157,259,102259,3480.0,300.0,300.0,0.0,0.0,0.0,75.0,4.0,4.0,0.0,0.0,0.0,0.0,0.0,0.0,0.0,0.0,0.0,-9999.0,-9999.0,-9999.0,-9999.0
nubase,no257,257No,102,155,257,102257,24.5,0.5,0.5,0.0,0.0,0.0,85.0,15.0,15.0,0.0,0.0,0.0,0.0,0.0,0.0,0.0,0.0,0.0,-9999.0,-9999.0,-9999.0,-9999.0
mix,ti58,58Ti,22,36,58,22058,0.055,0.006,0.006,100.0,0.0,0.0,0.0,0.0,0.0,0.0,0.0,0.0,0.0,0.0,0.0,0.0,0.0,0.0,0.14129,0.01,0.0,0.0
nubase,no256,256No,102,154,256,102256,2.93,0.07,0.07,0.0,0.0,0.0,99.47,0.06,0.06,0.0,0.0,0.0,0.0,0.0,0.0,0.0,0.0,0.0,-9999.0,-9999.0,-9999.0,-9999.0
mix,ti57,57Ti,22,35,57,22057,0.094,0.008,0.008,100.0,0.0,0.0,0.0,0.0,0.0,0.0,0.0,0.0,0.0,0.0,0.0,0.0,0.0,0.0,0.03982,0.0,0.0,0.0
nubase,no255,255No,102,153,255,102255,211.2,10.799999999999999,10.799999999999999,0.0,0.0,0.0,30.0,5.0,5.0,0.0,0.0,0.0,0.0,0.0,0.0,0.0,0.0,0.0,-9999.0,-9999.0,-9999.0,-9999.0
mix,ti56,56Ti,22,34,56,22056,0.199,0.006,0.006,100.0,0.0,0.0,0.0,0.0,0.0,0.0,0.0,0.0,0.0,0.0,0.0,0.0,0.0,0.0,0.36365,0.0,0.0,0.0
nubase,no254,254No,102,152,254,102254,51.2,0.4,0.4,0.0,0.0,0.0,90.0,1.0,1.0,0.0,0.0,0.0,0.0,0.0,0.0,0.0,0.0,0.0,-9999.0,-9999.0,-9999.0,-9999.0
mix,ti55,55Ti,22,33,55,22055,1.3,0.1,0.1,100.0,0.0,0.0,0.0,0.0,0.0,0.0,0.0,0.0,0.0,0.0,0.0,0.0,0.0,0.0,0.19597,0.0,0.0,0.0
nubase,no253,253No,102,151,253,102253,96.60000000000001,3.0,3.0,0.0,0.0,0.0,55.0,3.0,3.0,0.0,0.0,0.0,0.0,0.0,0.0,0.0,0.0,0.0,-9999.0,-9999.0,-9999.0,-9999.0
mix,ti54,54Ti,22,32,54,22054,1.6,0.4,0.4,100.0,0.0,0.0,0.0,0.0,0.0,0.0,0.0,0.0,0.0,0.0,0.0,0.0,0.0,0.0,29.54352,0.0,0.0,0.0
nubase,no252,252No,102,150,252,102252,2.45,0.01,0.01,0.0,0.0,0.0,65.3,0.5,0.5,0.0,0.0,0.0,0.0,0.0,0.0,0.0,0.0,0.0,-9999.0,-9999.0,-9999.0,-9999.0
mix,ti53,53Ti,22,31,53,22053,32.7,0.9,0.9,100.0,0.0,0.0,0.0,0.0,0.0,0.0,0.0,0.0,0.0,0.0,0.0,0.0,0.0,0.0,227.82892,0.0,0.0,0.0
mix,ti52,52Ti,22,30,52,22052,102.0,6.0,6.0,100.0,0.0,0.0,0.0,0.0,0.0,0.0,0.0,0.0,0.0,0.0,0.0,0.0,0.0,0.0,63773.89844,0.0,0.0,0.0
nubase,ac212,212Ac,89,123,212,89212,0.895,0.028,0.028,0.0,0.0,0.0,100.0,0.0,0.0,0.0,0.0,0.0,0.0,0.0,0.0,0.0,0.0,0.0,-9999.0,-9999.0,-9999.0,-9999.0
nubase,ac211,211Ac,89,122,211,89211,0.21,0.025,0.025,0.0,0.0,0.0,100.0,0.0,0.0,0.0,0.0,0.0,0.0,0.0,0.0,0.0,0.0,0.0,-9999.0,-9999.0,-9999.0,-9999.0
nubase,ac210,210Ac,89,121,210,89210,0.34400000000000003,0.036000000000000004,0.039,0.0,0.0,0.0,100.0,0.0,0.0,0.0,0.0,0.0,0.0,0.0,0.0,0.0,0.0,0.0,-9999.0,-9999.0,-9999.0,-9999.0
nubase,ac209,209Ac,89,120,209,89209,0.091,0.009000000000000001,0.01,0.0,0.0,0.0,100.0,0.0,0.0,0.0,0.0,0.0,0.0,0.0,0.0,0.0,0.0,0.0,-9999.0,-9999.0,-9999.0,-9999.0
nubase,ac218,218Ac,89,129,218,89218,0.00102,5e-05,5e-05,0.0,0.0,0.0,100.0,0.0,0.0,0.0,0.0,0.0,0.0,0.0,0.0,0.0,0.0,0.0,-9999.0,-9999.0,-9999.0,-9999.0
nubase,ac217,217Ac,89,128,217,89217,6.900000000000001e-08,4e-09,4e-09,0.0,0.0,0.0,100.0,0.0,0.0,0.0,0.0,0.0,0.0,0.0,0.0,0.0,0.0,0.0,-9999.0,-9999.0,-9999.0,-9999.0
nubase,ac216,216Ac,89,127,216,89216,0.36,0.007,0.007,0.0,0.0,0.0,100.0,0.0,0.0,0.0,0.0,0.0,0.0,0.0,0.0,0.0,0.0,0.0,-9999.0,-9999.0,-9999.0,-9999.0
nubase,ac215,215Ac,89,126,215,89215,0.17,0.01,0.01,0.0,0.0,0.0,99.91,0.02,0.02,0.0,0.0,0.0,0.0,0.0,0.0,0.0,0.0,0.0,-9999.0,-9999.0,-9999.0,-9999.0
nubase,ac214,214Ac,89,125,214,89214,8.2,0.2,0.2,0.0,0.0,0.0,89.0,0.0,0.0,0.0,0.0,0.0,0.0,0.0,0.0,0.0,0.0,0.0,-9999.0,-9999.0,-9999.0,-9999.0
nubase,ac213,213Ac,89,124,213,89213,0.738,0.021,0.021,0.0,0.0,0.0,100.0,0.0,0.0,0.0,0.0,0.0,0.0,0.0,0.0,0.0,0.0,0.0,-9999.0,-9999.0,-9999.0,-9999.0
nubase,ac223,223Ac,89,134,223,89223,127.2,2.4,2.4,0.0,0.0,0.0,99.0,0.0,0.0,0.0,0.0,0.0,0.0,0.0,0.0,0.0,0.0,0.0,-9999.0,-9999.0,-9999.0,-9999.0
nubase,ac222,222Ac,89,133,222,89222,4.9,0.4,0.4,0.0,0.0,0.0,99.0,1.0,1.0,0.0,0.0,0.0,0.0,0.0,0.0,0.0,0.0,0.0,-9999.0,-9999.0,-9999.0,-9999.0
nubase,ac221,221Ac,89,132,221,89221,0.052000000000000005,0.002,0.002,0.0,0.0,0.0,100.0,0.0,0.0,0.0,0.0,0.0,0.0,0.0,0.0,0.0,0.0,0.0,-9999.0,-9999.0,-9999.0,-9999.0
nubase,ac220,220Ac,89,131,220,89220,0.0264,0.0002,0.0002,0.0,0.0,0.0,100.0,0.0,0.0,0.0,0.0,0.0,0.0,0.0,0.0,0.0,0.0,0.0,-9999.0,-9999.0,-9999.0,-9999.0
mix,ti51,51Ti,22,29,51,22051,345.36,0.5399999999999999,0.5399999999999999,100.0,0.0,0.0,0.0,0.0,0.0,0.0,0.0,0.0,0.0,0.0,0.0,0.0,0.0,0.0,11239.44531,0.0,0.0,0.0
nubase,ac219,219Ac,89,130,219,89219,0.0095,0.0016,0.0016,0.0,0.0,0.0,100.0,0.0,0.0,0.0,0.0,0.0,0.0,0.0,0.0,0.0,0.0,0.0,-9999.0,-9999.0,-9999.0,-9999.0
mix,ac228,228Ac,89,139,228,89228,22140.0,72.0,72.0,100.0,0.0,0.0,0.0,0.0,0.0,0.0,0.0,0.0,0.0,0.0,0.0,0.0,0.0,0.0,5222.0166,0.0,0.0,0.0
mix,ac227,227Ac,89,138,227,89227,687073171.335,82048.0076,82048.0076,98.62,0.0036,0.0036,1.38,0.0036,0.0036,0.0,0.0,0.0,0.0,0.0,0.0,0.0,0.0,0.0,999999995904.0,0.0,0.0,0.0
mix,ac226,226Ac,89,137,226,89226,105732.0,432.0,432.0,83.0,3.0,3.0,0.006,0.002,0.002,0.0,0.0,0.0,0.0,0.0,0.0,0.0,0.0,0.0,69569.28125,0.0,0.0,0.0
nubase,ac225,225Ac,89,136,225,89225,857001.6000000001,181.44,181.44,0.0,0.0,0.0,100.0,0.0,0.0,0.0,0.0,0.0,0.0,0.0,0.0,0.0,0.0,0.0,-9999.0,-9999.0,-9999.0,-9999.0
mix,ac224,224Ac,89,135,224,89224,10008.0,612.0,612.0,0.0,0.0,0.0,9.1,1.4,2.0,0.0,0.0,0.0,0.0,0.0,0.0,0.0,0.0,0.0,41752136.0,0.0,0.0,0.0
nubase,no251,251No,102,149,251,102251,0.8,0.01,0.01,0.0,0.0,0.0,90.0,1.0,1.0,0.0,0.0,0.0,0.0,0.0,0.0,0.0,0.0,0.0,-9999.0,-9999.0,-9999.0,-9999.0
nubase,no249,249No,102,147,249,102249,0.0378,0.0025,0.0025,0.0,0.0,0.0,100.0,0.0,0.0,0.0,0.0,0.0,0.0,0.0,0.0,0.0,0.0,0.0,-9999.0,-9999.0,-9999.0,-9999.0
frdm,ne34,34Ne,10,24,34,10034,0.00373,0.0036926999999999997,0.36927,100.0,0.0,0.0,0.0,0.0,0.0,0.75,0.675,6.75,0.15,0.135,1.35,0.06,0.054,0.54,0.00373,0.75,0.15,0.06
frdm,na37,37Na,11,26,37,11037,0.00181,0.0017919,0.17919,100.0,0.0,0.0,0.0,0.0,0.0,0.51,0.459,4.59,0.24,0.216,2.16,0.24,0.216,2.16,0.00181,0.51,0.24,0.24
frdm,na39,39Na,11,28,39,11039,0.00132,0.0013067999999999999,0.13068000000000002,100.0,0.0,0.0,0.0,0.0,0.0,0.3,0.27,2.7,0.07,0.063,0.6300000000000001,0.52,0.468,4.68,0.00132,0.3,0.07,0.52
frdm,mg40,40Mg,12,28,40,12040,0.00485,0.0048015,0.48014999999999997,100.0,0.0,0.0,0.0,0.0,0.0,0.61,0.5489999999999999,5.489999999999999,0.14,0.126,1.2600000000000002,0.06,0.054,0.54,0.00485,0.61,0.14,0.06
frdm,si44,44Si,14,30,44,14044,0.0106,0.010494,1.0494,100.0,0.0,0.0,0.0,0.0,0.0,0.79,0.7110000000000001,7.11,0.13,0.117,1.17,0.01,0.009000000000000001,0.09000000000000001,0.0106,0.79,0.13,0.01
frdm,si46,46Si,14,32,46,14046,0.00434,0.0042966,0.42966,100.0,0.0,0.0,0.0,0.0,0.0,0.5,0.45,4.5,0.32,0.28800000000000003,2.8800000000000003,0.18,0.162,1.6199999999999999,0.00434,0.5,0.32,0.18
frdm,p46,46P,15,31,46,15046,0.00655,0.006484500000000001,0.64845,100.0,0.0,0.0,0.0,0.0,0.0,0.35,0.315,3.15,0.58,0.522,5.22,0.04,0.036000000000000004,0.36000000000000004,0.00655,0.35,0.58,0.04
frdm,p47,47P,15,32,47,15047,0.00547,0.0054153,0.5415300000000001,100.0,0.0,0.0,0.0,0.0,0.0,0.45,0.405,4.05,0.35,0.315,3.15,0.19,0.171,1.71,0.00547,0.45,0.35,0.19
frdm,p49,49P,15,34,49,15049,0.00218,0.0021582,0.21582,100.0,0.0,0.0,0.0,0.0,0.0,0.22,0.198,1.9800000000000002,0.25,0.225,2.25,0.48,0.432,4.32,0.00218,0.22,0.25,0.48
frdm,s47,47S,16,31,47,16047,0.0232,0.022968,2.2967999999999997,100.0,0.0,0.0,0.0,0.0,0.0,0.57,0.5129999999999999,5.129999999999999,0.14,0.126,1.2600000000000002,0.0,0.0,0.0,0.0232,0.57,0.14,0.0
frdm,s48,48S,16,32,48,16048,0.01393,0.0137907,1.37907,100.0,0.0,0.0,0.0,0.0,0.0,0.77,0.6930000000000001,6.93,0.08,0.07200000000000001,0.7200000000000001,0.0,0.0,0.0,0.01393,0.77,0.08,0.0
frdm,s49,49S,16,33,49,16049,0.004,0.00396,0.396,100.0,0.0,0.0,0.0,0.0,0.0,0.31,0.279,2.79,0.14,0.126,1.2600000000000002,0.01,0.009000000000000001,0.09000000000000001,0.004,0.31,0.14,0.01
frdm,s50,50S,16,34,50,16050,0.0048,0.004751999999999999,0.47519999999999996,100.0,0.0,0.0,0.0,0.0,0.0,0.78,0.7020000000000001,7.0200000000000005,0.13,0.117,1.17,0.04,0.036000000000000004,0.36000000000000004,0.0048,0.78,0.13,0.04
frdm,s52,52S,16,36,52,16052,0.00276,0.0027324,0.27324,100.0,0.0,0.0,0.0,0.0,0.0,0.55,0.49500000000000005,4.95,0.28,0.252,2.5200000000000005,0.16,0.14400000000000002,1.4400000000000002,0.00276,0.55,0.28,0.16
frdm,cl48,48Cl,17,31,48,17048,0.02556,0.025304399999999998,2.53044,100.0,0.0,0.0,0.0,0.0,0.0,0.69,0.621,6.209999999999999,0.14,0.126,1.2600000000000002,0.0,0.0,0.0,0.02556,0.69,0.14,0.0
frdm,cl49,49Cl,17,32,49,17049,0.02059,0.020384100000000002,2.0384100000000003,100.0,0.0,0.0,0.0,0.0,0.0,0.84,0.756,7.5600000000000005,0.09,0.081,0.8099999999999999,0.0,0.0,0.0,0.02059,0.84,0.09,0.0
frdm,cl50,50Cl,17,33,50,17050,0.00554,0.0054846,0.54846,100.0,0.0,0.0,0.0,0.0,0.0,0.66,0.5940000000000001,5.94,0.18,0.162,1.6199999999999999,0.0,0.0,0.0,0.00554,0.66,0.18,0.0
frdm,cl51,51Cl,17,34,51,17051,0.00702,0.0069498,0.69498,100.0,0.0,0.0,0.0,0.0,0.0,0.71,0.639,6.39,0.2,0.18000000000000002,1.8,0.04,0.036000000000000004,0.36000000000000004,0.00702,0.71,0.2,0.04
frdm,cl52,52Cl,17,35,52,17052,0.00423,0.0041877,0.41877000000000003,100.0,0.0,0.0,0.0,0.0,0.0,0.33,0.29700000000000004,2.97,0.59,0.5309999999999999,5.31,0.05,0.045000000000000005,0.45,0.00423,0.33,0.59,0.05
frdm,cl53,53Cl,17,36,53,17053,0.00358,0.0035442,0.35441999999999996,100.0,0.0,0.0,0.0,0.0,0.0,0.31,0.279,2.79,0.46,0.41400000000000003,4.140000000000001,0.22,0.198,1.9800000000000002,0.00358,0.31,0.46,0.22
frdm,cl55,55Cl,17,38,55,17055,0.00226,0.0022374,0.22373999999999997,100.0,0.0,0.0,0.0,0.0,0.0,0.14,0.126,1.2600000000000002,0.13,0.117,1.17,0.65,0.585,5.85,0.00226,0.14,0.13,0.65
frdm,cl57,57Cl,17,40,57,17057,0.00147,0.0014552999999999999,0.14553,100.0,0.0,0.0,0.0,0.0,0.0,0.06,0.054,0.54,0.06,0.054,0.54,0.62,0.558,5.58,0.00147,0.06,0.06,0.62
frdm,ar51,51Ar,18,33,51,18051,0.00823,0.008147699999999999,0.81477,100.0,0.0,0.0,0.0,0.0,0.0,0.13,0.117,1.17,0.02,0.018000000000000002,0.18000000000000002,0.0,0.0,0.0,0.00823,0.13,0.02,0.0
frdm,ar52,52Ar,18,34,52,18052,0.01591,0.0157509,1.5750899999999999,100.0,0.0,0.0,0.0,0.0,0.0,0.4,0.36000000000000004,3.6,0.01,0.009000000000000001,0.09000000000000001,0.0,0.0,0.0,0.01591,0.4,0.01,0.0
frdm,ar54,54Ar,18,36,54,18054,0.00712,0.007048799999999999,0.70488,100.0,0.0,0.0,0.0,0.0,0.0,0.81,0.7290000000000001,7.290000000000001,0.05,0.045000000000000005,0.45,0.0,0.0,0.0,0.00712,0.81,0.05,0.0
frdm,ar56,56Ar,18,38,56,18056,0.00372,0.0036828000000000004,0.36828,100.0,0.0,0.0,0.0,0.0,0.0,0.85,0.765,7.65,0.06,0.054,0.54,0.04,0.036000000000000004,0.36000000000000004,0.00372,0.85,0.06,0.04
frdm,ar58,58Ar,18,40,58,18058,0.00236,0.0023364,0.23364000000000001,100.0,0.0,0.0,0.0,0.0,0.0,0.73,0.657,6.57,0.16,0.14400000000000002,1.4400000000000002,0.1,0.09000000000000001,0.9,0.00236,0.73,0.16,0.1
frdm,ar60,60Ar,18,42,60,18060,0.00169,0.0016731,0.16731000000000001,100.0,0.0,0.0,0.0,0.0,0.0,0.42,0.378,3.7800000000000002,0.1,0.09000000000000001,0.9,0.42,0.378,3.7800000000000002,0.00169,0.42,0.1,0.42
frdm,k55,55K,19,36,55,19055,0.0092,0.009108,0.9107999999999999,100.0,0.0,0.0,0.0,0.0,0.0,0.87,0.783,7.829999999999999,0.07,0.063,0.6300000000000001,0.01,0.009000000000000001,0.09000000000000001,0.0092,0.87,0.07,0.01
frdm,k56,56K,19,37,56,19056,0.00389,0.0038510999999999997,0.38510999999999995,100.0,0.0,0.0,0.0,0.0,0.0,0.51,0.459,4.59,0.34,0.30600000000000005,3.0600000000000005,0.01,0.009000000000000001,0.09000000000000001,0.00389,0.51,0.34,0.01
frdm,k57,57K,19,38,57,19057,0.00561,0.0055539000000000005,0.55539,100.0,0.0,0.0,0.0,0.0,0.0,0.69,0.621,6.209999999999999,0.24,0.216,2.16,0.05,0.045000000000000005,0.45,0.00561,0.69,0.24,0.05
frdm,k59,59K,19,40,59,19059,0.00287,0.0028413,0.28413000000000005,100.0,0.0,0.0,0.0,0.0,0.0,0.31,0.279,2.79,0.45,0.405,4.05,0.22,0.198,1.9800000000000002,0.00287,0.31,0.45,0.22
frdm,k60,60K,19,41,60,19060,0.0023,0.002277,0.22769999999999999,100.0,0.0,0.0,0.0,0.0,0.0,0.05,0.045000000000000005,0.45,0.66,0.5940000000000001,5.94,0.19,0.171,1.71,0.0023,0.05,0.66,0.19
frdm,k61,61K,19,42,61,19061,0.00188,0.0018612,0.18612,100.0,0.0,0.0,0.0,0.0,0.0,0.12,0.108,1.08,0.29,0.261,2.61,0.53,0.47700000000000004,4.7700000000000005,0.00188,0.12,0.29,0.53
frdm,k63,63K,19,44,63,19063,0.00128,0.0012672,0.12672,100.0,0.0,0.0,0.0,0.0,0.0,0.05,0.045000000000000005,0.45,0.06,0.054,0.54,0.69,0.621,6.209999999999999,0.00128,0.05,0.06,0.69
frdm,k65,65K,19,46,65,19065,0.00091,0.0009009,0.09009,100.0,0.0,0.0,0.0,0.0,0.0,0.03,0.027,0.27,0.03,0.027,0.27,0.4,0.36000000000000004,3.6,0.00091,0.03,0.03,0.4
frdm,ca48,48Ca,20,28,48,20048,869523584.0,860828348.16,86082834816.0,100.0,0.0,0.0,0.0,0.0,0.0,0.0,0.0,0.0,0.0,0.0,0.0,0.0,0.0,0.0,869523584.0,0.0,0.0,0.0
frdm,ca57,57Ca,20,37,57,20057,0.00701,0.0069399,0.69399,100.0,0.0,0.0,0.0,0.0,0.0,0.16,0.14400000000000002,1.4400000000000002,0.01,0.009000000000000001,0.09000000000000001,0.0,0.0,0.0,0.00701,0.16,0.01,0.0
frdm,ca58,58Ca,20,38,58,20058,0.00789,0.0078111,0.78111,100.0,0.0,0.0,0.0,0.0,0.0,0.15,0.135,1.35,0.01,0.009000000000000001,0.09000000000000001,0.0,0.0,0.0,0.00789,0.15,0.01,0.0
frdm,ca59,59Ca,20,39,59,20059,0.00483,0.0047817,0.47817,100.0,0.0,0.0,0.0,0.0,0.0,0.49,0.441,4.41,0.06,0.054,0.54,0.0,0.0,0.0,0.00483,0.49,0.06,0.0
frdm,ca60,60Ca,20,40,60,20060,0.00429,0.0042471,0.42471000000000003,100.0,0.0,0.0,0.0,0.0,0.0,0.46,0.41400000000000003,4.140000000000001,0.03,0.027,0.27,0.0,0.0,0.0,0.00429,0.46,0.03,0.0
frdm,ca61,61Ca,20,41,61,20061,0.00378,0.0037421999999999998,0.37422,100.0,0.0,0.0,0.0,0.0,0.0,0.74,0.666,6.66,0.15,0.135,1.35,0.01,0.009000000000000001,0.09000000000000001,0.00378,0.74,0.15,0.01
frdm,ca62,62Ca,20,42,62,20062,0.0027,0.002673,0.26730000000000004,100.0,0.0,0.0,0.0,0.0,0.0,0.89,0.801,8.01,0.07,0.063,0.6300000000000001,0.02,0.018000000000000002,0.18000000000000002,0.0027,0.89,0.07,0.02
frdm,ca64,64Ca,20,44,64,20064,0.00203,0.0020097,0.20097,100.0,0.0,0.0,0.0,0.0,0.0,0.81,0.7290000000000001,7.290000000000001,0.08,0.07200000000000001,0.7200000000000001,0.1,0.09000000000000001,0.9,0.00203,0.81,0.08,0.1
frdm,ca66,66Ca,20,46,66,20066,0.00142,0.0014058,0.14058,100.0,0.0,0.0,0.0,0.0,0.0,0.58,0.522,5.22,0.24,0.216,2.16,0.14,0.126,1.2600000000000002,0.00142,0.58,0.24,0.14
frdm,ca68,68Ca,20,48,68,20068,0.00111,0.0010989,0.10989000000000002,100.0,0.0,0.0,0.0,0.0,0.0,0.35,0.315,3.15,0.27,0.24300000000000002,2.43,0.26,0.234,2.34,0.00111,0.35,0.27,0.26
frdm,sc59,59Sc,21,38,59,21059,0.00823,0.008147699999999999,0.81477,100.0,0.0,0.0,0.0,0.0,0.0,0.42,0.378,3.7800000000000002,0.01,0.009000000000000001,0.09000000000000001,0.0,0.0,0.0,0.00823,0.42,0.01,0.0
frdm,sc60,60Sc,21,39,60,21060,0.0053,0.005247,0.5247,100.0,0.0,0.0,0.0,0.0,0.0,0.32,0.28800000000000003,2.8800000000000003,0.11,0.099,0.9900000000000001,0.0,0.0,0.0,0.0053,0.32,0.11,0.0
frdm,sc61,61Sc,21,40,61,21061,0.00496,0.0049104,0.49104,100.0,0.0,0.0,0.0,0.0,0.0,0.53,0.47700000000000004,4.7700000000000005,0.03,0.027,0.27,0.0,0.0,0.0,0.00496,0.53,0.03,0.0
frdm,sc62,62Sc,21,41,62,21062,0.00416,0.0041183999999999995,0.41184,100.0,0.0,0.0,0.0,0.0,0.0,0.27,0.24300000000000002,2.43,0.33,0.29700000000000004,2.97,0.01,0.009000000000000001,0.09000000000000001,0.00416,0.27,0.33,0.01
frdm,sc63,63Sc,21,42,63,21063,0.00346,0.0034254,0.34253999999999996,100.0,0.0,0.0,0.0,0.0,0.0,0.71,0.639,6.39,0.13,0.117,1.17,0.03,0.027,0.27,0.00346,0.71,0.13,0.03
frdm,sc64,64Sc,21,43,64,21064,0.00293,0.0029007,0.29007,100.0,0.0,0.0,0.0,0.0,0.0,0.29,0.261,2.61,0.51,0.459,4.59,0.04,0.036000000000000004,0.36000000000000004,0.00293,0.29,0.51,0.04
frdm,sc65,65Sc,21,44,65,21065,0.00206,0.0020394000000000002,0.20394,100.0,0.0,0.0,0.0,0.0,0.0,0.59,0.5309999999999999,5.31,0.27,0.24300000000000002,2.43,0.12,0.108,1.08,0.00206,0.59,0.27,0.12
frdm,sc66,66Sc,21,45,66,21066,0.00169,0.0016731,0.16731000000000001,100.0,0.0,0.0,0.0,0.0,0.0,0.22,0.198,1.9800000000000002,0.59,0.5309999999999999,5.31,0.09,0.081,0.8099999999999999,0.00169,0.22,0.59,0.09
frdm,sc67,67Sc,21,46,67,21067,0.00158,0.0015642,0.15642,100.0,0.0,0.0,0.0,0.0,0.0,0.41,0.369,3.6899999999999995,0.25,0.225,2.25,0.31,0.279,2.79,0.00158,0.41,0.25,0.31
frdm,sc68,68Sc,21,47,68,21068,0.00139,0.0013761,0.13760999999999998,100.0,0.0,0.0,0.0,0.0,0.0,0.1,0.09000000000000001,0.9,0.54,0.48600000000000004,4.86,0.19,0.171,1.71,0.00139,0.1,0.54,0.19
frdm,sc69,69Sc,21,48,69,21069,0.0013,0.001287,0.1287,100.0,0.0,0.0,0.0,0.0,0.0,0.32,0.28800000000000003,2.8800000000000003,0.14,0.126,1.2600000000000002,0.44,0.396,3.9600000000000004,0.0013,0.32,0.14,0.44
frdm,sc71,71Sc,21,50,71,21071,0.0009,0.000891,0.0891,100.0,0.0,0.0,0.0,0.0,0.0,0.24,0.216,2.16,0.12,0.108,1.08,0.43,0.387,3.8699999999999997,0.0009,0.24,0.12,0.43
frdm,ti62,62Ti,22,40,62,22062,0.01551,0.0153549,1.53549,100.0,0.0,0.0,0.0,0.0,0.0,0.07,0.063,0.6300000000000001,0.0,0.0,0.0,0.0,0.0,0.0,0.01551,0.07,0.0,0.0
frdm,ti63,63Ti,22,41,63,22063,0.01233,0.012206700000000001,1.2206700000000001,100.0,0.0,0.0,0.0,0.0,0.0,0.32,0.28800000000000003,2.8800000000000003,0.03,0.027,0.27,0.0,0.0,0.0,0.01233,0.32,0.03,0.0
frdm,ti64,64Ti,22,42,64,22064,0.00946,0.0093654,0.9365399999999999,100.0,0.0,0.0,0.0,0.0,0.0,0.4,0.36000000000000004,3.6,0.01,0.009000000000000001,0.09000000000000001,0.0,0.0,0.0,0.00946,0.4,0.01,0.0
frdm,ti65,65Ti,22,43,65,22065,0.0079,0.007821000000000002,0.7821,100.0,0.0,0.0,0.0,0.0,0.0,0.69,0.621,6.209999999999999,0.08,0.07200000000000001,0.7200000000000001,0.0,0.0,0.0,0.0079,0.69,0.08,0.0
frdm,ti66,66Ti,22,44,66,22066,0.00654,0.0064746,0.64746,100.0,0.0,0.0,0.0,0.0,0.0,0.85,0.765,7.65,0.04,0.036000000000000004,0.36000000000000004,0.0,0.0,0.0,0.00654,0.85,0.04,0.0
frdm,ti67,67Ti,22,45,67,22067,0.00481,0.0047619,0.47619,100.0,0.0,0.0,0.0,0.0,0.0,0.67,0.603,6.03,0.21,0.189,1.8900000000000001,0.01,0.009000000000000001,0.09000000000000001,0.00481,0.67,0.21,0.01
frdm,ti68,68Ti,22,46,68,22068,0.00409,0.0040491,0.40491,100.0,0.0,0.0,0.0,0.0,0.0,0.83,0.747,7.469999999999999,0.08,0.07200000000000001,0.7200000000000001,0.03,0.027,0.27,0.00409,0.83,0.08,0.03
frdm,ti69,69Ti,22,47,69,22069,0.00342,0.0033858,0.33858,100.0,0.0,0.0,0.0,0.0,0.0,0.48,0.432,4.32,0.43,0.387,3.8699999999999997,0.05,0.045000000000000005,0.45,0.00342,0.48,0.43,0.05
frdm,ti70,70Ti,22,48,70,22070,0.00258,0.0025542,0.25542,100.0,0.0,0.0,0.0,0.0,0.0,0.81,0.7290000000000001,7.290000000000001,0.09,0.081,0.8099999999999999,0.08,0.07200000000000001,0.7200000000000001,0.00258,0.81,0.09,0.08
frdm,ti71,71Ti,22,49,71,22071,0.00267,0.0026433,0.26433,100.0,0.0,0.0,0.0,0.0,0.0,0.25,0.225,2.25,0.61,0.5489999999999999,5.489999999999999,0.08,0.07200000000000001,0.7200000000000001,0.00267,0.25,0.61,0.08
frdm,ti72,72Ti,22,50,72,22072,0.00203,0.0020097,0.20097,100.0,0.0,0.0,0.0,0.0,0.0,0.6,0.54,5.4,0.19,0.171,1.71,0.17,0.15300000000000002,1.5300000000000002,0.00203,0.6,0.19,0.17
frdm,v65,65V,23,42,65,23065,0.00759,0.0075141,0.75141,100.0,0.0,0.0,0.0,0.0,0.0,0.38,0.342,3.42,0.01,0.009000000000000001,0.09000000000000001,0.0,0.0,0.0,0.00759,0.38,0.01,0.0
frdm,v66,66V,23,43,66,23066,0.00579,0.0057321,0.57321,100.0,0.0,0.0,0.0,0.0,0.0,0.37,0.333,3.33,0.13,0.117,1.17,0.0,0.0,0.0,0.00579,0.37,0.13,0.0
frdm,v67,67V,23,44,67,23067,0.00473,0.0046827,0.46826999999999996,100.0,0.0,0.0,0.0,0.0,0.0,0.61,0.5489999999999999,5.489999999999999,0.04,0.036000000000000004,0.36000000000000004,0.0,0.0,0.0,0.00473,0.61,0.04,0.0
frdm,v68,68V,23,45,68,23068,0.00401,0.003969899999999999,0.39698999999999995,100.0,0.0,0.0,0.0,0.0,0.0,0.4,0.36000000000000004,3.6,0.26,0.234,2.34,0.01,0.009000000000000001,0.09000000000000001,0.00401,0.4,0.26,0.01
frdm,v69,69V,23,46,69,23069,0.0036,0.003564,0.3564,100.0,0.0,0.0,0.0,0.0,0.0,0.74,0.666,6.66,0.1,0.09000000000000001,0.9,0.03,0.027,0.27,0.0036,0.74,0.1,0.03
frdm,v70,70V,23,47,70,23070,0.00322,0.0031878,0.31878,100.0,0.0,0.0,0.0,0.0,0.0,0.47,0.423,4.2299999999999995,0.41,0.369,3.6899999999999995,0.03,0.027,0.27,0.00322,0.47,0.41,0.03
frdm,v71,71V,23,48,71,23071,0.00292,0.0028908,0.28908,100.0,0.0,0.0,0.0,0.0,0.0,0.66,0.5940000000000001,5.94,0.25,0.225,2.25,0.08,0.07200000000000001,0.7200000000000001,0.00292,0.66,0.25,0.08
frdm,v72,72V,23,49,72,23072,0.00245,0.0024254999999999997,0.24255,100.0,0.0,0.0,0.0,0.0,0.0,0.37,0.333,3.33,0.5,0.45,4.5,0.07,0.063,0.6300000000000001,0.00245,0.37,0.5,0.07
frdm,v73,73V,23,50,73,23073,0.00188,0.0018612,0.18612,100.0,0.0,0.0,0.0,0.0,0.0,0.55,0.49500000000000005,4.95,0.24,0.216,2.16,0.18,0.162,1.6199999999999999,0.00188,0.55,0.24,0.18
frdm,v75,75V,23,52,75,23075,0.00157,0.0015543,0.15543,100.0,0.0,0.0,0.0,0.0,0.0,0.13,0.117,1.17,0.32,0.28800000000000003,2.8800000000000003,0.42,0.378,3.7800000000000002,0.00157,0.13,0.32,0.42
frdm,cr67,67Cr,24,43,67,24067,0.02378,0.0235422,2.35422,100.0,0.0,0.0,0.0,0.0,0.0,0.17,0.15300000000000002,1.5300000000000002,0.01,0.009000000000000001,0.09000000000000001,0.0,0.0,0.0,0.02378,0.17,0.01,0.0
frdm,cr68,68Cr,24,44,68,24068,0.01764,0.0174636,1.74636,100.0,0.0,0.0,0.0,0.0,0.0,0.18,0.162,1.6199999999999999,0.0,0.0,0.0,0.0,0.0,0.0,0.01764,0.18,0.0,0.0
frdm,cr69,69Cr,24,45,69,24069,0.01379,0.0136521,1.36521,100.0,0.0,0.0,0.0,0.0,0.0,0.32,0.28800000000000003,2.8800000000000003,0.03,0.027,0.27,0.0,0.0,0.0,0.01379,0.32,0.03,0.0
frdm,cr70,70Cr,24,46,70,24070,0.0116,0.011484,1.1483999999999999,100.0,0.0,0.0,0.0,0.0,0.0,0.37,0.333,3.33,0.01,0.009000000000000001,0.09000000000000001,0.0,0.0,0.0,0.0116,0.37,0.01,0.0
frdm,cr71,71Cr,24,47,71,24071,0.00908,0.0089892,0.8989199999999999,100.0,0.0,0.0,0.0,0.0,0.0,0.63,0.567,5.67,0.1,0.09000000000000001,0.9,0.0,0.0,0.0,0.00908,0.63,0.1,0.0
frdm,cr72,72Cr,24,48,72,24072,0.00859,0.0085041,0.85041,100.0,0.0,0.0,0.0,0.0,0.0,0.71,0.639,6.39,0.06,0.054,0.54,0.0,0.0,0.0,0.00859,0.71,0.06,0.0
frdm,cr73,73Cr,24,49,73,24073,0.00792,0.0078408,0.78408,100.0,0.0,0.0,0.0,0.0,0.0,0.71,0.639,6.39,0.18,0.162,1.6199999999999999,0.01,0.009000000000000001,0.09000000000000001,0.00792,0.71,0.18,0.01
frdm,cr74,74Cr,24,50,74,24074,0.00593,0.0058707,0.5870700000000001,100.0,0.0,0.0,0.0,0.0,0.0,0.75,0.675,6.75,0.16,0.14400000000000002,1.4400000000000002,0.02,0.018000000000000002,0.18000000000000002,0.00593,0.75,0.16,0.02
frdm,cr76,76Cr,24,52,76,24076,0.00436,0.0043164,0.43164,100.0,0.0,0.0,0.0,0.0,0.0,0.32,0.28800000000000003,2.8800000000000003,0.46,0.41400000000000003,4.140000000000001,0.21,0.189,1.8900000000000001,0.00436,0.32,0.46,0.21
frdm,mn71,71Mn,25,46,71,25071,0.00744,0.007365600000000001,0.73656,100.0,0.0,0.0,0.0,0.0,0.0,0.43,0.387,3.8699999999999997,0.02,0.018000000000000002,0.18000000000000002,0.0,0.0,0.0,0.00744,0.43,0.02,0.0
frdm,mn72,72Mn,25,47,72,25072,0.00595,0.005890500000000001,0.5890500000000001,100.0,0.0,0.0,0.0,0.0,0.0,0.38,0.342,3.42,0.08,0.07200000000000001,0.7200000000000001,0.0,0.0,0.0,0.00595,0.38,0.08,0.0
frdm,mn73,73Mn,25,48,73,25073,0.00586,0.0058014,0.58014,100.0,0.0,0.0,0.0,0.0,0.0,0.66,0.5940000000000001,5.94,0.05,0.045000000000000005,0.45,0.0,0.0,0.0,0.00586,0.66,0.05,0.0
frdm,mn74,74Mn,25,49,74,25074,0.00549,0.0054351,0.54351,100.0,0.0,0.0,0.0,0.0,0.0,0.59,0.5309999999999999,5.31,0.18,0.162,1.6199999999999999,0.0,0.0,0.0,0.00549,0.59,0.18,0.0
frdm,mn75,75Mn,25,50,75,25075,0.00444,0.0043956,0.43956000000000006,100.0,0.0,0.0,0.0,0.0,0.0,0.78,0.7020000000000001,7.0200000000000005,0.12,0.108,1.08,0.02,0.018000000000000002,0.18000000000000002,0.00444,0.78,0.12,0.02
frdm,mn76,76Mn,25,51,76,25076,0.00289,0.0028611,0.28611000000000003,100.0,0.0,0.0,0.0,0.0,0.0,0.61,0.5489999999999999,5.489999999999999,0.32,0.28800000000000003,2.8800000000000003,0.05,0.045000000000000005,0.45,0.00289,0.61,0.32,0.05
frdm,mn77,77Mn,25,52,77,25077,0.00342,0.0033858,0.33858,100.0,0.0,0.0,0.0,0.0,0.0,0.48,0.432,4.32,0.34,0.30600000000000005,3.0600000000000005,0.17,0.15300000000000002,1.5300000000000002,0.00342,0.48,0.34,0.17
frdm,mn79,79Mn,25,54,79,25079,0.00264,0.0026135999999999998,0.26136000000000004,100.0,0.0,0.0,0.0,0.0,0.0,0.09,0.081,0.8099999999999999,0.16,0.14400000000000002,1.4400000000000002,0.59,0.5309999999999999,5.31,0.00264,0.09,0.16,0.59
frdm,fe75,75Fe,26,49,75,26075,0.02974,0.0294426,2.94426,100.0,0.0,0.0,0.0,0.0,0.0,0.53,0.47700000000000004,4.7700000000000005,0.05,0.045000000000000005,0.45,0.0,0.0,0.0,0.02974,0.53,0.05,0.0
frdm,fe76,76Fe,26,50,76,26076,0.02129,0.0210771,2.10771,100.0,0.0,0.0,0.0,0.0,0.0,0.73,0.657,6.57,0.02,0.018000000000000002,0.18000000000000002,0.0,0.0,0.0,0.02129,0.73,0.02,0.0
frdm,fe77,77Fe,26,51,77,26077,0.01234,0.012216600000000001,1.22166,100.0,0.0,0.0,0.0,0.0,0.0,0.63,0.567,5.67,0.28,0.252,2.5200000000000005,0.0,0.0,0.0,0.01234,0.63,0.28,0.0
frdm,fe78,78Fe,26,52,78,26078,0.01428,0.014137199999999999,1.4137199999999999,100.0,0.0,0.0,0.0,0.0,0.0,0.58,0.522,5.22,0.34,0.30600000000000005,3.0600000000000005,0.03,0.027,0.27,0.01428,0.58,0.34,0.03
frdm,fe80,80Fe,26,54,80,26080,0.00954,0.0094446,0.94446,100.0,0.0,0.0,0.0,0.0,0.0,0.24,0.216,2.16,0.27,0.24300000000000002,2.43,0.46,0.41400000000000003,4.140000000000001,0.00954,0.24,0.27,0.46
frdm,fe82,82Fe,26,56,82,26082,0.00265,0.0026235,0.26235,100.0,0.0,0.0,0.0,0.0,0.0,0.18,0.162,1.6199999999999999,0.22,0.198,1.9800000000000002,0.48,0.432,4.32,0.00265,0.18,0.22,0.48
frdm,co78,78Co,27,51,78,27078,0.0059,0.005841,0.5841,100.0,0.0,0.0,0.0,0.0,0.0,0.68,0.6120000000000001,6.120000000000001,0.14,0.126,1.2600000000000002,0.0,0.0,0.0,0.0059,0.68,0.14,0.0
frdm,co79,79Co,27,52,79,27079,0.00814,0.008058599999999999,0.8058599999999999,100.0,0.0,0.0,0.0,0.0,0.0,0.82,0.738,7.379999999999999,0.14,0.126,1.2600000000000002,0.02,0.018000000000000002,0.18000000000000002,0.00814,0.82,0.14,0.02
frdm,co80,80Co,27,53,80,27080,0.00646,0.0063954,0.6395399999999999,100.0,0.0,0.0,0.0,0.0,0.0,0.17,0.15300000000000002,1.5300000000000002,0.73,0.657,6.57,0.08,0.07200000000000001,0.7200000000000001,0.00646,0.17,0.73,0.08
frdm,co81,81Co,27,54,81,27081,0.00611,0.0060489,0.60489,100.0,0.0,0.0,0.0,0.0,0.0,0.32,0.28800000000000003,2.8800000000000003,0.4,0.36000000000000004,3.6,0.26,0.234,2.34,0.00611,0.32,0.4,0.26
frdm,co83,83Co,27,56,83,27083,0.00457,0.0045243,0.45243,100.0,0.0,0.0,0.0,0.0,0.0,0.12,0.108,1.08,0.22,0.198,1.9800000000000002,0.54,0.48600000000000004,4.86,0.00457,0.12,0.22,0.54
frdm,co85,85Co,27,58,85,27085,0.00217,0.0021483,0.21483,100.0,0.0,0.0,0.0,0.0,0.0,0.05,0.045000000000000005,0.45,0.1,0.09000000000000001,0.9,0.61,0.5489999999999999,5.489999999999999,0.00217,0.05,0.1,0.61
frdm,ni81,81Ni,28,53,81,28081,0.03894,0.038550600000000004,3.85506,100.0,0.0,0.0,0.0,0.0,0.0,0.34,0.30600000000000005,3.0600000000000005,0.53,0.47700000000000004,4.7700000000000005,0.0,0.0,0.0,0.03894,0.34,0.53,0.0
frdm,ni82,82Ni,28,54,82,28082,0.02936,0.0290664,2.90664,100.0,0.0,0.0,0.0,0.0,0.0,0.54,0.48600000000000004,4.86,0.35,0.315,3.15,0.04,0.036000000000000004,0.36000000000000004,0.02936,0.54,0.35,0.04
frdm,ni84,84Ni,28,56,84,28084,0.01557,0.0154143,1.5414299999999999,100.0,0.0,0.0,0.0,0.0,0.0,0.4,0.36000000000000004,3.6,0.32,0.28800000000000003,2.8800000000000003,0.24,0.216,2.16,0.01557,0.4,0.32,0.24
frdm,ni86,86Ni,28,58,86,28086,0.0069,0.006831,0.6830999999999999,100.0,0.0,0.0,0.0,0.0,0.0,0.43,0.387,3.8699999999999997,0.27,0.24300000000000002,2.43,0.26,0.234,2.34,0.0069,0.43,0.27,0.26
frdm,ni88,88Ni,28,60,88,28088,0.00221,0.0021879,0.21879000000000004,100.0,0.0,0.0,0.0,0.0,0.0,0.37,0.333,3.33,0.22,0.198,1.9800000000000002,0.34,0.30600000000000005,3.0600000000000005,0.00221,0.37,0.22,0.34
frdm,ni90,90Ni,28,62,90,28090,0.00184,0.0018216,0.18216,100.0,0.0,0.0,0.0,0.0,0.0,0.26,0.234,2.34,0.08,0.07200000000000001,0.7200000000000001,0.51,0.459,4.59,0.00184,0.26,0.08,0.51
frdm,ni92,92Ni,28,64,92,28092,0.00145,0.0014355,0.14354999999999998,100.0,0.0,0.0,0.0,0.0,0.0,0.17,0.15300000000000002,1.5300000000000002,0.06,0.054,0.54,0.51,0.459,4.59,0.00145,0.17,0.06,0.51
frdm,cu83,83Cu,29,54,83,29083,0.02547,0.0252153,2.5215300000000003,100.0,0.0,0.0,0.0,0.0,0.0,0.68,0.6120000000000001,6.120000000000001,0.23,0.20700000000000002,2.0700000000000003,0.05,0.045000000000000005,0.45,0.02547,0.68,0.23,0.05
frdm,cu84,84Cu,29,55,84,29084,0.00714,0.0070685999999999995,0.7068599999999999,100.0,0.0,0.0,0.0,0.0,0.0,0.65,0.585,5.85,0.28,0.252,2.5200000000000005,0.03,0.027,0.27,0.00714,0.65,0.28,0.03
frdm,cu85,85Cu,29,56,85,29085,0.00954,0.0094446,0.94446,100.0,0.0,0.0,0.0,0.0,0.0,0.6,0.54,5.4,0.29,0.261,2.61,0.09,0.081,0.8099999999999999,0.00954,0.6,0.29,0.09
frdm,cu86,86Cu,29,57,86,29086,0.00418,0.0041382,0.41381999999999997,100.0,0.0,0.0,0.0,0.0,0.0,0.33,0.29700000000000004,2.97,0.58,0.522,5.22,0.06,0.054,0.54,0.00418,0.33,0.58,0.06
frdm,cu87,87Cu,29,58,87,29087,0.00588,0.0058211999999999995,0.58212,100.0,0.0,0.0,0.0,0.0,0.0,0.31,0.279,2.79,0.46,0.41400000000000003,4.140000000000001,0.21,0.189,1.8900000000000001,0.00588,0.31,0.46,0.21
frdm,cu89,89Cu,29,60,89,29089,0.00267,0.0026433,0.26433,100.0,0.0,0.0,0.0,0.0,0.0,0.27,0.24300000000000002,2.43,0.28,0.252,2.5200000000000005,0.4,0.36000000000000004,3.6,0.00267,0.27,0.28,0.4
frdm,cu90,90Cu,29,61,90,29090,0.00209,0.0020691,0.20690999999999998,100.0,0.0,0.0,0.0,0.0,0.0,0.04,0.036000000000000004,0.36000000000000004,0.59,0.5309999999999999,5.31,0.15,0.135,1.35,0.00209,0.04,0.59,0.15
frdm,cu91,91Cu,29,62,91,29091,0.00214,0.0021186,0.21186,100.0,0.0,0.0,0.0,0.0,0.0,0.15,0.135,1.35,0.2,0.18000000000000002,1.8,0.53,0.47700000000000004,4.7700000000000005,0.00214,0.15,0.2,0.53
frdm,cu93,93Cu,29,64,93,29093,0.00162,0.0016037999999999998,0.16037999999999997,100.0,0.0,0.0,0.0,0.0,0.0,0.05,0.045000000000000005,0.45,0.14,0.126,1.2600000000000002,0.54,0.48600000000000004,4.86,0.00162,0.05,0.14,0.54
frdm,cu95,95Cu,29,66,95,29095,0.00121,0.0011979,0.11979,100.0,0.0,0.0,0.0,0.0,0.0,0.02,0.018000000000000002,0.18000000000000002,0.02,0.018000000000000002,0.18000000000000002,0.41,0.369,3.6899999999999995,0.00121,0.02,0.02,0.41
frdm,zn85,85Zn,30,55,85,30085,0.02211,0.021888900000000003,2.1888900000000002,100.0,0.0,0.0,0.0,0.0,0.0,0.45,0.405,4.05,0.07,0.063,0.6300000000000001,0.0,0.0,0.0,0.02211,0.45,0.07,0.0
frdm,zn86,86Zn,30,56,86,30086,0.01615,0.015988500000000003,1.59885,100.0,0.0,0.0,0.0,0.0,0.0,0.57,0.5129999999999999,5.129999999999999,0.04,0.036000000000000004,0.36000000000000004,0.0,0.0,0.0,0.01615,0.57,0.04,0.0
frdm,zn87,87Zn,30,57,87,30087,0.006,0.00594,0.594,100.0,0.0,0.0,0.0,0.0,0.0,0.41,0.369,3.6899999999999995,0.08,0.07200000000000001,0.7200000000000001,0.0,0.0,0.0,0.006,0.41,0.08,0.0
frdm,zn88,88Zn,30,58,88,30088,0.00833,0.008246700000000001,0.8246700000000001,100.0,0.0,0.0,0.0,0.0,0.0,0.87,0.783,7.829999999999999,0.08,0.07200000000000001,0.7200000000000001,0.01,0.009000000000000001,0.09000000000000001,0.00833,0.87,0.08,0.01
frdm,zn89,89Zn,30,59,89,30089,0.00473,0.0046827,0.46826999999999996,100.0,0.0,0.0,0.0,0.0,0.0,0.39,0.35100000000000003,3.5100000000000002,0.29,0.261,2.61,0.03,0.027,0.27,0.00473,0.39,0.29,0.03
frdm,zn90,90Zn,30,60,90,30090,0.00584,0.0057816,0.57816,100.0,0.0,0.0,0.0,0.0,0.0,0.75,0.675,6.75,0.14,0.126,1.2600000000000002,0.07,0.063,0.6300000000000001,0.00584,0.75,0.14,0.07
frdm,zn91,91Zn,30,61,91,30091,0.00447,0.0044253,0.44253000000000003,100.0,0.0,0.0,0.0,0.0,0.0,0.3,0.27,2.7,0.44,0.396,3.9600000000000004,0.05,0.045000000000000005,0.45,0.00447,0.3,0.44,0.05
frdm,zn92,92Zn,30,62,92,30092,0.0046,0.004554,0.45539999999999997,100.0,0.0,0.0,0.0,0.0,0.0,0.63,0.567,5.67,0.19,0.171,1.71,0.13,0.117,1.17,0.0046,0.63,0.19,0.13
frdm,zn94,94Zn,30,64,94,30094,0.0032,0.0031680000000000002,0.3168,100.0,0.0,0.0,0.0,0.0,0.0,0.43,0.387,3.8699999999999997,0.29,0.261,2.61,0.23,0.20700000000000002,2.0700000000000003,0.0032,0.43,0.29,0.23
frdm,zn96,96Zn,30,66,96,30096,0.00215,0.0021285,0.21284999999999998,100.0,0.0,0.0,0.0,0.0,0.0,0.28,0.252,2.5200000000000005,0.2,0.18000000000000002,1.8,0.41,0.369,3.6899999999999995,0.00215,0.28,0.2,0.41
frdm,zn98,98Zn,30,68,98,30098,0.00146,0.0014454,0.14454,100.0,0.0,0.0,0.0,0.0,0.0,0.19,0.171,1.71,0.12,0.108,1.08,0.5,0.45,4.5,0.00146,0.19,0.12,0.5
frdm,zn100,100Zn,30,70,100,30100,0.0012,0.0011879999999999998,0.11879999999999999,100.0,0.0,0.0,0.0,0.0,0.0,0.08,0.07200000000000001,0.7200000000000001,0.06,0.054,0.54,0.48,0.432,4.32,0.0012,0.08,0.06,0.48
frdm,ga88,88Ga,31,57,88,31088,0.00804,0.0079596,0.79596,100.0,0.0,0.0,0.0,0.0,0.0,0.61,0.5489999999999999,5.489999999999999,0.18,0.162,1.6199999999999999,0.0,0.0,0.0,0.00804,0.61,0.18,0.0
frdm,ga89,89Ga,31,58,89,31089,0.0105,0.010395000000000001,1.0395,100.0,0.0,0.0,0.0,0.0,0.0,0.86,0.774,7.739999999999999,0.1,0.09000000000000001,0.9,0.02,0.018000000000000002,0.18000000000000002,0.0105,0.86,0.1,0.02
frdm,ga90,90Ga,31,59,90,31090,0.00856,0.0084744,0.84744,100.0,0.0,0.0,0.0,0.0,0.0,0.27,0.24300000000000002,2.43,0.66,0.5940000000000001,5.94,0.04,0.036000000000000004,0.36000000000000004,0.00856,0.27,0.66,0.04
frdm,ga91,91Ga,31,60,91,31091,0.00555,0.0054945,0.54945,100.0,0.0,0.0,0.0,0.0,0.0,0.58,0.522,5.22,0.2,0.18000000000000002,1.8,0.07,0.063,0.6300000000000001,0.00555,0.58,0.2,0.07
frdm,ga92,92Ga,31,61,92,31092,0.00409,0.0040491,0.40491,100.0,0.0,0.0,0.0,0.0,0.0,0.29,0.261,2.61,0.48,0.432,4.32,0.05,0.045000000000000005,0.45,0.00409,0.29,0.48,0.05
frdm,ga93,93Ga,31,62,93,31093,0.00413,0.0040887,0.40886999999999996,100.0,0.0,0.0,0.0,0.0,0.0,0.52,0.468,4.68,0.24,0.216,2.16,0.16,0.14400000000000002,1.4400000000000002,0.00413,0.52,0.24,0.16
frdm,ga94,94Ga,31,63,94,31094,0.00355,0.0035145000000000003,0.35145000000000004,100.0,0.0,0.0,0.0,0.0,0.0,0.19,0.171,1.71,0.56,0.504,5.040000000000001,0.13,0.117,1.17,0.00355,0.19,0.56,0.13
frdm,ga95,95Ga,31,64,95,31095,0.00323,0.0031977,0.31976999999999994,100.0,0.0,0.0,0.0,0.0,0.0,0.36,0.324,3.2399999999999998,0.29,0.261,2.61,0.3,0.27,2.7,0.00323,0.36,0.29,0.3
frdm,ga96,96Ga,31,65,96,31096,0.00337,0.0033363000000000004,0.33363000000000004,100.0,0.0,0.0,0.0,0.0,0.0,0.03,0.027,0.27,0.46,0.41400000000000003,4.140000000000001,0.3,0.27,2.7,0.00337,0.03,0.46,0.3
frdm,ga97,97Ga,31,66,97,31097,0.00261,0.0025839,0.25839,100.0,0.0,0.0,0.0,0.0,0.0,0.11,0.099,0.9900000000000001,0.2,0.18000000000000002,1.8,0.56,0.504,5.040000000000001,0.00261,0.11,0.2,0.56
frdm,ga98,98Ga,31,67,98,31098,0.00228,0.0022572,0.22571999999999998,100.0,0.0,0.0,0.0,0.0,0.0,0.03,0.027,0.27,0.29,0.261,2.61,0.24,0.216,2.16,0.00228,0.03,0.29,0.24
frdm,ga99,99Ga,31,68,99,31099,0.00179,0.0017721,0.17720999999999998,100.0,0.0,0.0,0.0,0.0,0.0,0.07,0.063,0.6300000000000001,0.12,0.108,1.08,0.58,0.522,5.22,0.00179,0.07,0.12,0.58
frdm,ga101,101Ga,31,70,101,31101,0.00145,0.0014355,0.14354999999999998,100.0,0.0,0.0,0.0,0.0,0.0,0.03,0.027,0.27,0.04,0.036000000000000004,0.36000000000000004,0.46,0.41400000000000003,4.140000000000001,0.00145,0.03,0.04,0.46
frdm,ga103,103Ga,31,72,103,31103,0.00105,0.0010394999999999998,0.10395,100.0,0.0,0.0,0.0,0.0,0.0,0.02,0.018000000000000002,0.18000000000000002,0.01,0.009000000000000001,0.09000000000000001,0.24,0.216,2.16,0.00105,0.02,0.01,0.24
frdm,ge89,89Ge,32,57,89,32089,0.01523,0.015077700000000001,1.50777,100.0,0.0,0.0,0.0,0.0,0.0,0.19,0.171,1.71,0.01,0.009000000000000001,0.09000000000000001,0.0,0.0,0.0,0.01523,0.19,0.01,0.0
frdm,ge90,90Ge,32,58,90,32090,0.02031,0.0201069,2.0106900000000003,100.0,0.0,0.0,0.0,0.0,0.0,0.42,0.378,3.7800000000000002,0.01,0.009000000000000001,0.09000000000000001,0.0,0.0,0.0,0.02031,0.42,0.01,0.0
frdm,ge91,91Ge,32,59,91,32091,0.01553,0.0153747,1.53747,100.0,0.0,0.0,0.0,0.0,0.0,0.57,0.5129999999999999,5.129999999999999,0.06,0.054,0.54,0.0,0.0,0.0,0.01553,0.57,0.06,0.0
frdm,ge92,92Ge,32,60,92,32092,0.0161,0.015939,1.5938999999999999,100.0,0.0,0.0,0.0,0.0,0.0,0.6,0.54,5.4,0.04,0.036000000000000004,0.36000000000000004,0.0,0.0,0.0,0.0161,0.6,0.04,0.0
frdm,ge93,93Ge,32,61,93,32093,0.00997,0.0098703,0.98703,100.0,0.0,0.0,0.0,0.0,0.0,0.36,0.324,3.2399999999999998,0.17,0.15300000000000002,1.5300000000000002,0.0,0.0,0.0,0.00997,0.36,0.17,0.0
frdm,ge94,94Ge,32,62,94,32094,0.01045,0.010345499999999999,1.0345499999999999,100.0,0.0,0.0,0.0,0.0,0.0,0.68,0.6120000000000001,6.120000000000001,0.08,0.07200000000000001,0.7200000000000001,0.01,0.009000000000000001,0.09000000000000001,0.01045,0.68,0.08,0.01
frdm,ge95,95Ge,32,63,95,32095,0.00826,0.0081774,0.8177399999999999,100.0,0.0,0.0,0.0,0.0,0.0,0.49,0.441,4.41,0.36,0.324,3.2399999999999998,0.03,0.027,0.27,0.00826,0.49,0.36,0.03
frdm,ge96,96Ge,32,64,96,32096,0.00586,0.0058014,0.58014,100.0,0.0,0.0,0.0,0.0,0.0,0.76,0.684,6.84,0.12,0.108,1.08,0.04,0.036000000000000004,0.36000000000000004,0.00586,0.76,0.12,0.04
frdm,ge97,97Ge,32,65,97,32097,0.00518,0.005128199999999999,0.51282,100.0,0.0,0.0,0.0,0.0,0.0,0.34,0.30600000000000005,3.0600000000000005,0.53,0.47700000000000004,4.7700000000000005,0.07,0.063,0.6300000000000001,0.00518,0.34,0.53,0.07
frdm,ge98,98Ge,32,66,98,32098,0.00377,0.0037323,0.37323,100.0,0.0,0.0,0.0,0.0,0.0,0.67,0.603,6.03,0.17,0.15300000000000002,1.5300000000000002,0.1,0.09000000000000001,0.9,0.00377,0.67,0.17,0.1
frdm,ge99,99Ge,32,67,99,32099,0.00329,0.0032570999999999998,0.32571,100.0,0.0,0.0,0.0,0.0,0.0,0.22,0.198,1.9800000000000002,0.59,0.5309999999999999,5.31,0.08,0.07200000000000001,0.7200000000000001,0.00329,0.22,0.59,0.08
frdm,ge100,100Ge,32,68,100,32100,0.00249,0.0024651,0.24651,100.0,0.0,0.0,0.0,0.0,0.0,0.56,0.504,5.040000000000001,0.25,0.225,2.25,0.13,0.117,1.17,0.00249,0.56,0.25,0.13
frdm,ge102,102Ge,32,70,102,32102,0.00204,0.0020196000000000003,0.20196000000000003,100.0,0.0,0.0,0.0,0.0,0.0,0.32,0.28800000000000003,2.8800000000000003,0.37,0.333,3.33,0.23,0.20700000000000002,2.0700000000000003,0.00204,0.32,0.37,0.23
frdm,ge104,104Ge,32,72,104,32104,0.00147,0.0014552999999999999,0.14553,100.0,0.0,0.0,0.0,0.0,0.0,0.15,0.135,1.35,0.2,0.18000000000000002,1.8,0.47,0.423,4.2299999999999995,0.00147,0.15,0.2,0.47
frdm,ge106,106Ge,32,74,106,32106,0.00117,0.0011583000000000001,0.11583,100.0,0.0,0.0,0.0,0.0,0.0,0.04,0.036000000000000004,0.36000000000000004,0.06,0.054,0.54,0.5,0.45,4.5,0.00117,0.04,0.06,0.5
frdm,ge110,110Ge,32,78,110,32110,0.00074,0.0007326,0.07325999999999999,100.0,0.0,0.0,0.0,0.0,0.0,0.02,0.018000000000000002,0.18000000000000002,0.01,0.009000000000000001,0.09000000000000001,0.24,0.216,2.16,0.00074,0.02,0.01,0.24
frdm,as89,89As,33,56,89,33089,0.05888,0.0582912,5.82912,100.0,0.0,0.0,0.0,0.0,0.0,0.72,0.648,6.4799999999999995,0.0,0.0,0.0,0.0,0.0,0.0,0.05888,0.72,0.0,0.0
frdm,as90,90As,33,57,90,33090,0.02048,0.0202752,2.02752,100.0,0.0,0.0,0.0,0.0,0.0,0.4,0.36000000000000004,3.6,0.01,0.009000000000000001,0.09000000000000001,0.0,0.0,0.0,0.02048,0.4,0.01,0.0
frdm,as91,91As,33,58,91,33091,0.02854,0.028254599999999998,2.82546,100.0,0.0,0.0,0.0,0.0,0.0,0.95,0.855,8.55,0.01,0.009000000000000001,0.09000000000000001,0.0,0.0,0.0,0.02854,0.95,0.01,0.0
frdm,as92,92As,33,59,92,33092,0.01332,0.0131868,1.31868,100.0,0.0,0.0,0.0,0.0,0.0,0.73,0.657,6.57,0.07,0.063,0.6300000000000001,0.0,0.0,0.0,0.01332,0.73,0.07,0.0
frdm,as93,93As,33,60,93,33093,0.02041,0.020205900000000002,2.02059,100.0,0.0,0.0,0.0,0.0,0.0,0.87,0.783,7.829999999999999,0.07,0.063,0.6300000000000001,0.0,0.0,0.0,0.02041,0.87,0.07,0.0
frdm,as94,94As,33,61,94,33094,0.01367,0.0135333,1.35333,100.0,0.0,0.0,0.0,0.0,0.0,0.52,0.468,4.68,0.26,0.234,2.34,0.0,0.0,0.0,0.01367,0.52,0.26,0.0
frdm,as95,95As,33,62,95,33095,0.01511,0.0149589,1.4958900000000002,100.0,0.0,0.0,0.0,0.0,0.0,0.78,0.7020000000000001,7.0200000000000005,0.17,0.15300000000000002,1.5300000000000002,0.02,0.018000000000000002,0.18000000000000002,0.01511,0.78,0.17,0.02
frdm,as96,96As,33,63,96,33096,0.01116,0.0110484,1.1048399999999998,100.0,0.0,0.0,0.0,0.0,0.0,0.34,0.30600000000000005,3.0600000000000005,0.57,0.5129999999999999,5.129999999999999,0.04,0.036000000000000004,0.36000000000000004,0.01116,0.34,0.57,0.04
frdm,as97,97As,33,64,97,33097,0.00761,0.0075339,0.75339,100.0,0.0,0.0,0.0,0.0,0.0,0.62,0.558,5.58,0.3,0.27,2.7,0.07,0.063,0.6300000000000001,0.00761,0.62,0.3,0.07
frdm,as98,98As,33,65,98,33098,0.00696,0.0068904,0.68904,100.0,0.0,0.0,0.0,0.0,0.0,0.12,0.108,1.08,0.75,0.675,6.75,0.09,0.081,0.8099999999999999,0.00696,0.12,0.75,0.09
frdm,as99,99As,33,66,99,33099,0.00497,0.0049203,0.49202999999999997,100.0,0.0,0.0,0.0,0.0,0.0,0.44,0.396,3.9600000000000004,0.38,0.342,3.42,0.16,0.14400000000000002,1.4400000000000002,0.00497,0.44,0.38,0.16
frdm,as100,100As,33,67,100,33100,0.00465,0.0046035,0.46035,100.0,0.0,0.0,0.0,0.0,0.0,0.08,0.07200000000000001,0.7200000000000001,0.72,0.648,6.4799999999999995,0.12,0.108,1.08,0.00465,0.08,0.72,0.12
frdm,as101,101As,33,68,101,33101,0.00332,0.0032868,0.32868,100.0,0.0,0.0,0.0,0.0,0.0,0.3,0.27,2.7,0.42,0.378,3.7800000000000002,0.24,0.216,2.16,0.00332,0.3,0.42,0.24
frdm,as102,102As,33,69,102,33102,0.00296,0.0029304,0.29303999999999997,100.0,0.0,0.0,0.0,0.0,0.0,0.04,0.036000000000000004,0.36000000000000004,0.62,0.558,5.58,0.21,0.189,1.8900000000000001,0.00296,0.04,0.62,0.21
frdm,as103,103As,33,70,103,33103,0.00228,0.0022572,0.22571999999999998,100.0,0.0,0.0,0.0,0.0,0.0,0.13,0.117,1.17,0.34,0.30600000000000005,3.0600000000000005,0.43,0.387,3.8699999999999997,0.00228,0.13,0.34,0.43
frdm,as104,104As,33,71,104,33104,0.00201,0.0019899,0.19899,100.0,0.0,0.0,0.0,0.0,0.0,0.02,0.018000000000000002,0.18000000000000002,0.37,0.333,3.33,0.34,0.30600000000000005,3.0600000000000005,0.00201,0.02,0.37,0.34
frdm,as105,105As,33,72,105,33105,0.00167,0.0016533000000000001,0.16533,100.0,0.0,0.0,0.0,0.0,0.0,0.04,0.036000000000000004,0.36000000000000004,0.12,0.108,1.08,0.64,0.5760000000000001,5.760000000000001,0.00167,0.04,0.12,0.64
frdm,as107,107As,33,74,107,33107,0.00115,0.0011385,0.11384999999999999,100.0,0.0,0.0,0.0,0.0,0.0,0.02,0.018000000000000002,0.18000000000000002,0.03,0.027,0.27,0.46,0.41400000000000003,4.140000000000001,0.00115,0.02,0.03,0.46
frdm,as109,109As,33,76,109,33109,0.00086,0.0008514,0.08514,100.0,0.0,0.0,0.0,0.0,0.0,0.01,0.009000000000000001,0.09000000000000001,0.01,0.009000000000000001,0.09000000000000001,0.22,0.198,1.9800000000000002,0.00086,0.01,0.01,0.22
frdm,as111,111As,33,78,111,33111,0.00082,0.0008118,0.08118,100.0,0.0,0.0,0.0,0.0,0.0,0.01,0.009000000000000001,0.09000000000000001,0.01,0.009000000000000001,0.09000000000000001,0.1,0.09000000000000001,0.9,0.00082,0.01,0.01,0.1
frdm,as113,113As,33,80,113,33113,0.00071,0.0007029,0.07029,100.0,0.0,0.0,0.0,0.0,0.0,0.01,0.009000000000000001,0.09000000000000001,0.01,0.009000000000000001,0.09000000000000001,0.1,0.09000000000000001,0.9,0.00071,0.01,0.01,0.1
frdm,as115,115As,33,82,115,33115,0.00049,0.0004851,0.048510000000000005,100.0,0.0,0.0,0.0,0.0,0.0,0.01,0.009000000000000001,0.09000000000000001,0.01,0.009000000000000001,0.09000000000000001,0.17,0.15300000000000002,1.5300000000000002,0.00049,0.01,0.01,0.17
frdm,se92,92Se,34,58,92,34092,0.05267,0.052143300000000004,5.21433,100.0,0.0,0.0,0.0,0.0,0.0,0.03,0.027,0.27,0.0,0.0,0.0,0.0,0.0,0.0,0.05267,0.03,0.0,0.0
frdm,se93,93Se,34,59,93,34093,0.05744,0.056865599999999995,5.68656,100.0,0.0,0.0,0.0,0.0,0.0,0.27,0.24300000000000002,2.43,0.0,0.0,0.0,0.0,0.0,0.0,0.05744,0.27,0.0,0.0
frdm,se94,94Se,34,60,94,34094,0.04582,0.0453618,4.53618,100.0,0.0,0.0,0.0,0.0,0.0,0.24,0.216,2.16,0.0,0.0,0.0,0.0,0.0,0.0,0.04582,0.24,0.0,0.0
frdm,se95,95Se,34,61,95,34095,0.02381,0.0235719,2.35719,100.0,0.0,0.0,0.0,0.0,0.0,0.26,0.234,2.34,0.01,0.009000000000000001,0.09000000000000001,0.0,0.0,0.0,0.02381,0.26,0.01,0.0
frdm,se96,96Se,34,62,96,34096,0.02791,0.0276309,2.76309,100.0,0.0,0.0,0.0,0.0,0.0,0.45,0.405,4.05,0.01,0.009000000000000001,0.09000000000000001,0.0,0.0,0.0,0.02791,0.45,0.01,0.0
frdm,se97,97Se,34,63,97,34097,0.01944,0.019245599999999998,1.92456,100.0,0.0,0.0,0.0,0.0,0.0,0.56,0.504,5.040000000000001,0.09,0.081,0.8099999999999999,0.0,0.0,0.0,0.01944,0.56,0.09,0.0
frdm,se98,98Se,34,64,98,34098,0.01465,0.014503499999999999,1.45035,100.0,0.0,0.0,0.0,0.0,0.0,0.67,0.603,6.03,0.04,0.036000000000000004,0.36000000000000004,0.0,0.0,0.0,0.01465,0.67,0.04,0.0
frdm,se99,99Se,34,65,99,34099,0.00716,0.0070884,0.7088399999999999,100.0,0.0,0.0,0.0,0.0,0.0,0.43,0.387,3.8699999999999997,0.11,0.099,0.9900000000000001,0.0,0.0,0.0,0.00716,0.43,0.11,0.0
frdm,se100,100Se,34,66,100,34100,0.00749,0.0074151,0.74151,100.0,0.0,0.0,0.0,0.0,0.0,0.69,0.621,6.209999999999999,0.06,0.054,0.54,0.01,0.009000000000000001,0.09000000000000001,0.00749,0.69,0.06,0.01
frdm,se101,101Se,34,67,101,34101,0.00642,0.0063558,0.63558,100.0,0.0,0.0,0.0,0.0,0.0,0.62,0.558,5.58,0.19,0.171,1.71,0.02,0.018000000000000002,0.18000000000000002,0.00642,0.62,0.19,0.02
frdm,se102,102Se,34,68,102,34102,0.00522,0.0051678,0.51678,100.0,0.0,0.0,0.0,0.0,0.0,0.74,0.666,6.66,0.07,0.063,0.6300000000000001,0.03,0.027,0.27,0.00522,0.74,0.07,0.03
frdm,se103,103Se,34,69,103,34103,0.00447,0.0044253,0.44253000000000003,100.0,0.0,0.0,0.0,0.0,0.0,0.47,0.423,4.2299999999999995,0.38,0.342,3.42,0.04,0.036000000000000004,0.36000000000000004,0.00447,0.47,0.38,0.04
frdm,se104,104Se,34,70,104,34104,0.00361,0.0035739,0.35739,100.0,0.0,0.0,0.0,0.0,0.0,0.74,0.666,6.66,0.11,0.099,0.9900000000000001,0.08,0.07200000000000001,0.7200000000000001,0.00361,0.74,0.11,0.08
frdm,se105,105Se,34,71,105,34105,0.00277,0.0027423,0.27423,100.0,0.0,0.0,0.0,0.0,0.0,0.27,0.24300000000000002,2.43,0.54,0.48600000000000004,4.86,0.07,0.063,0.6300000000000001,0.00277,0.27,0.54,0.07
frdm,se106,106Se,34,72,106,34106,0.00243,0.0024056999999999998,0.24057,100.0,0.0,0.0,0.0,0.0,0.0,0.54,0.48600000000000004,4.86,0.29,0.261,2.61,0.13,0.117,1.17,0.00243,0.54,0.29,0.13
frdm,se107,107Se,34,73,107,34107,0.00253,0.0025047000000000003,0.25047,100.0,0.0,0.0,0.0,0.0,0.0,0.08,0.07200000000000001,0.7200000000000001,0.62,0.558,5.58,0.18,0.162,1.6199999999999999,0.00253,0.08,0.62,0.18
frdm,se108,108Se,34,74,108,34108,0.00194,0.0019206000000000002,0.19206,100.0,0.0,0.0,0.0,0.0,0.0,0.24,0.216,2.16,0.34,0.30600000000000005,3.0600000000000005,0.31,0.279,2.79,0.00194,0.24,0.34,0.31
frdm,se110,110Se,34,76,110,34110,0.00137,0.0013563,0.13562999999999997,100.0,0.0,0.0,0.0,0.0,0.0,0.13,0.117,1.17,0.23,0.20700000000000002,2.0700000000000003,0.49,0.441,4.41,0.00137,0.13,0.23,0.49
frdm,se112,112Se,34,78,112,34112,0.00105,0.0010394999999999998,0.10395,100.0,0.0,0.0,0.0,0.0,0.0,0.1,0.09000000000000001,0.9,0.1,0.09000000000000001,0.9,0.61,0.5489999999999999,5.489999999999999,0.00105,0.1,0.1,0.61
frdm,se114,114Se,34,80,114,34114,0.00098,0.0009702,0.09702000000000001,100.0,0.0,0.0,0.0,0.0,0.0,0.07,0.063,0.6300000000000001,0.12,0.108,1.08,0.59,0.5309999999999999,5.31,0.00098,0.07,0.12,0.59
frdm,se116,116Se,34,82,116,34116,0.00061,0.0006039,0.06039,100.0,0.0,0.0,0.0,0.0,0.0,0.09,0.081,0.8099999999999999,0.2,0.18000000000000002,1.8,0.5,0.45,4.5,0.00061,0.09,0.2,0.5
frdm,br95,95Br,35,60,95,35095,0.06802,0.06733979999999999,6.73398,100.0,0.0,0.0,0.0,0.0,0.0,0.67,0.603,6.03,0.0,0.0,0.0,0.0,0.0,0.0,0.06802,0.67,0.0,0.0
frdm,br96,96Br,35,61,96,35096,0.03432,0.0339768,3.3976800000000003,100.0,0.0,0.0,0.0,0.0,0.0,0.47,0.423,4.2299999999999995,0.02,0.018000000000000002,0.18000000000000002,0.0,0.0,0.0,0.03432,0.47,0.02,0.0
frdm,br97,97Br,35,62,97,35097,0.03848,0.0380952,3.80952,100.0,0.0,0.0,0.0,0.0,0.0,0.89,0.801,8.01,0.02,0.018000000000000002,0.18000000000000002,0.0,0.0,0.0,0.03848,0.89,0.02,0.0
frdm,br98,98Br,35,63,98,35098,0.02601,0.0257499,2.57499,100.0,0.0,0.0,0.0,0.0,0.0,0.74,0.666,6.66,0.17,0.15300000000000002,1.5300000000000002,0.0,0.0,0.0,0.02601,0.74,0.17,0.0
frdm,br99,99Br,35,64,99,35099,0.01755,0.0173745,1.73745,100.0,0.0,0.0,0.0,0.0,0.0,0.88,0.792,7.920000000000001,0.08,0.07200000000000001,0.7200000000000001,0.0,0.0,0.0,0.01755,0.88,0.08,0.0
frdm,br100,100Br,35,65,100,35100,0.00576,0.005702400000000001,0.5702400000000001,100.0,0.0,0.0,0.0,0.0,0.0,0.58,0.522,5.22,0.17,0.15300000000000002,1.5300000000000002,0.0,0.0,0.0,0.00576,0.58,0.17,0.0
frdm,br101,101Br,35,66,101,35101,0.00717,0.0070983,0.70983,100.0,0.0,0.0,0.0,0.0,0.0,0.81,0.7290000000000001,7.290000000000001,0.1,0.09000000000000001,0.9,0.01,0.009000000000000001,0.09000000000000001,0.00717,0.81,0.1,0.01
frdm,br102,102Br,35,67,102,35102,0.0054,0.005346,0.5346000000000001,100.0,0.0,0.0,0.0,0.0,0.0,0.46,0.41400000000000003,4.140000000000001,0.37,0.333,3.33,0.02,0.018000000000000002,0.18000000000000002,0.0054,0.46,0.37,0.02
frdm,br103,103Br,35,68,103,35103,0.00486,0.0048113999999999995,0.48114,100.0,0.0,0.0,0.0,0.0,0.0,0.76,0.684,6.84,0.14,0.126,1.2600000000000002,0.04,0.036000000000000004,0.36000000000000004,0.00486,0.76,0.14,0.04
frdm,br104,104Br,35,69,104,35104,0.00432,0.0042768,0.42768,100.0,0.0,0.0,0.0,0.0,0.0,0.36,0.324,3.2399999999999998,0.51,0.459,4.59,0.04,0.036000000000000004,0.36000000000000004,0.00432,0.36,0.51,0.04
frdm,br105,105Br,35,70,105,35105,0.00376,0.0037224,0.37224,100.0,0.0,0.0,0.0,0.0,0.0,0.56,0.504,5.040000000000001,0.3,0.27,2.7,0.09,0.081,0.8099999999999999,0.00376,0.56,0.3,0.09
frdm,br106,106Br,35,71,106,35106,0.00313,0.0030987,0.30987,100.0,0.0,0.0,0.0,0.0,0.0,0.18,0.162,1.6199999999999999,0.63,0.567,5.67,0.09,0.081,0.8099999999999999,0.00313,0.18,0.63,0.09
frdm,br107,107Br,35,72,107,35107,0.00262,0.0025938,0.25938,100.0,0.0,0.0,0.0,0.0,0.0,0.35,0.315,3.15,0.34,0.30600000000000005,3.0600000000000005,0.26,0.234,2.34,0.00262,0.35,0.34,0.26
frdm,br108,108Br,35,73,108,35108,0.00265,0.0026235,0.26235,100.0,0.0,0.0,0.0,0.0,0.0,0.06,0.054,0.54,0.51,0.459,4.59,0.27,0.24300000000000002,2.43,0.00265,0.06,0.51,0.27
frdm,br109,109Br,35,74,109,35109,0.00205,0.0020295,0.20295000000000002,100.0,0.0,0.0,0.0,0.0,0.0,0.16,0.14400000000000002,1.4400000000000002,0.22,0.198,1.9800000000000002,0.52,0.468,4.68,0.00205,0.16,0.22,0.52
frdm,br110,110Br,35,75,110,35110,0.00177,0.0017523,0.17523000000000002,100.0,0.0,0.0,0.0,0.0,0.0,0.02,0.018000000000000002,0.18000000000000002,0.3,0.27,2.7,0.26,0.234,2.34,0.00177,0.02,0.3,0.26
frdm,br111,111Br,35,76,111,35111,0.00173,0.0017127,0.17126999999999998,100.0,0.0,0.0,0.0,0.0,0.0,0.03,0.027,0.27,0.07,0.063,0.6300000000000001,0.65,0.585,5.85,0.00173,0.03,0.07,0.65
frdm,br112,112Br,35,77,112,35112,0.00162,0.0016037999999999998,0.16037999999999997,100.0,0.0,0.0,0.0,0.0,0.0,0.01,0.009000000000000001,0.09000000000000001,0.11,0.099,0.9900000000000001,0.17,0.15300000000000002,1.5300000000000002,0.00162,0.01,0.11,0.17
frdm,br113,113Br,35,78,113,35113,0.00116,0.0011484,0.11484000000000001,100.0,0.0,0.0,0.0,0.0,0.0,0.04,0.036000000000000004,0.36000000000000004,0.07,0.063,0.6300000000000001,0.64,0.5760000000000001,5.760000000000001,0.00116,0.04,0.07,0.64
frdm,br114,114Br,35,79,114,35114,0.00109,0.0010791,0.10791,100.0,0.0,0.0,0.0,0.0,0.0,0.01,0.009000000000000001,0.09000000000000001,0.17,0.15300000000000002,1.5300000000000002,0.18,0.162,1.6199999999999999,0.00109,0.01,0.17,0.18
frdm,br115,115Br,35,80,115,35115,0.00118,0.0011682,0.11682000000000001,100.0,0.0,0.0,0.0,0.0,0.0,0.02,0.018000000000000002,0.18000000000000002,0.07,0.063,0.6300000000000001,0.6,0.54,5.4,0.00118,0.02,0.07,0.6
frdm,br116,116Br,35,81,116,35116,0.001,0.00099,0.099,100.0,0.0,0.0,0.0,0.0,0.0,0.0,0.0,0.0,0.1,0.09000000000000001,0.9,0.22,0.198,1.9800000000000002,0.001,0.0,0.1,0.22
frdm,br117,117Br,35,82,117,35117,0.00087,0.0008613,0.08613,100.0,0.0,0.0,0.0,0.0,0.0,0.02,0.018000000000000002,0.18000000000000002,0.04,0.036000000000000004,0.36000000000000004,0.59,0.5309999999999999,5.31,0.00087,0.02,0.04,0.59
frdm,kr101,101Kr,36,65,101,36101,0.01287,0.012741299999999999,1.27413,100.0,0.0,0.0,0.0,0.0,0.0,0.22,0.198,1.9800000000000002,0.01,0.009000000000000001,0.09000000000000001,0.0,0.0,0.0,0.01287,0.22,0.01,0.0
frdm,kr102,102Kr,36,66,102,36102,0.01931,0.0191169,1.9116900000000001,100.0,0.0,0.0,0.0,0.0,0.0,0.44,0.396,3.9600000000000004,0.01,0.009000000000000001,0.09000000000000001,0.0,0.0,0.0,0.01931,0.44,0.01,0.0
frdm,kr103,103Kr,36,67,103,36103,0.01451,0.0143649,1.43649,100.0,0.0,0.0,0.0,0.0,0.0,0.56,0.504,5.040000000000001,0.06,0.054,0.54,0.0,0.0,0.0,0.01451,0.56,0.06,0.0
frdm,kr104,104Kr,36,68,104,36104,0.01216,0.012038400000000001,1.20384,100.0,0.0,0.0,0.0,0.0,0.0,0.59,0.5309999999999999,5.31,0.03,0.027,0.27,0.0,0.0,0.0,0.01216,0.59,0.03,0.0
frdm,kr105,105Kr,36,69,105,36105,0.0102,0.010098000000000001,1.0098,100.0,0.0,0.0,0.0,0.0,0.0,0.61,0.5489999999999999,5.489999999999999,0.12,0.108,1.08,0.0,0.0,0.0,0.0102,0.61,0.12,0.0
frdm,kr106,106Kr,36,70,106,36106,0.00825,0.008167500000000001,0.8167500000000001,100.0,0.0,0.0,0.0,0.0,0.0,0.7,0.63,6.3,0.07,0.063,0.6300000000000001,0.01,0.009000000000000001,0.09000000000000001,0.00825,0.7,0.07,0.01
frdm,kr107,107Kr,36,71,107,36107,0.00645,0.0063855,0.6385500000000001,100.0,0.0,0.0,0.0,0.0,0.0,0.53,0.47700000000000004,4.7700000000000005,0.28,0.252,2.5200000000000005,0.02,0.018000000000000002,0.18000000000000002,0.00645,0.53,0.28,0.02
frdm,kr108,108Kr,36,72,108,36108,0.00596,0.0059004,0.59004,100.0,0.0,0.0,0.0,0.0,0.0,0.73,0.657,6.57,0.14,0.126,1.2600000000000002,0.06,0.054,0.54,0.00596,0.73,0.14,0.06
frdm,kr109,109Kr,36,73,109,36109,0.00515,0.0050985,0.50985,100.0,0.0,0.0,0.0,0.0,0.0,0.29,0.261,2.61,0.58,0.522,5.22,0.08,0.07200000000000001,0.7200000000000001,0.00515,0.29,0.58,0.08
frdm,kr110,110Kr,36,74,110,36110,0.00399,0.0039501,0.39501,100.0,0.0,0.0,0.0,0.0,0.0,0.55,0.49500000000000005,4.95,0.32,0.28800000000000003,2.8800000000000003,0.1,0.09000000000000001,0.9,0.00399,0.55,0.32,0.1
frdm,kr111,111Kr,36,75,111,36111,0.00268,0.0026532,0.26532,100.0,0.0,0.0,0.0,0.0,0.0,0.09,0.081,0.8099999999999999,0.77,0.6930000000000001,6.93,0.08,0.07200000000000001,0.7200000000000001,0.00268,0.09,0.77,0.08
frdm,kr112,112Kr,36,76,112,36112,0.00239,0.0023661000000000003,0.23661000000000001,100.0,0.0,0.0,0.0,0.0,0.0,0.57,0.5129999999999999,5.129999999999999,0.27,0.24300000000000002,2.43,0.11,0.099,0.9900000000000001,0.00239,0.57,0.27,0.11
frdm,kr113,113Kr,36,77,113,36113,0.0022,0.0021780000000000002,0.2178,100.0,0.0,0.0,0.0,0.0,0.0,0.13,0.117,1.17,0.73,0.657,6.57,0.05,0.045000000000000005,0.45,0.0022,0.13,0.73,0.05
frdm,kr114,114Kr,36,78,114,36114,0.00195,0.0019305,0.19304999999999997,100.0,0.0,0.0,0.0,0.0,0.0,0.53,0.47700000000000004,4.7700000000000005,0.32,0.28800000000000003,2.8800000000000003,0.09,0.081,0.8099999999999999,0.00195,0.53,0.32,0.09
frdm,kr115,115Kr,36,79,115,36115,0.00138,0.0013662,0.13662,100.0,0.0,0.0,0.0,0.0,0.0,0.13,0.117,1.17,0.73,0.657,6.57,0.05,0.045000000000000005,0.45,0.00138,0.13,0.73,0.05
frdm,kr116,116Kr,36,80,116,36116,0.00153,0.0015147,0.15147,100.0,0.0,0.0,0.0,0.0,0.0,0.3,0.27,2.7,0.51,0.459,4.59,0.12,0.108,1.08,0.00153,0.3,0.51,0.12
frdm,kr117,117Kr,36,81,117,36117,0.0014,0.001386,0.13859999999999997,100.0,0.0,0.0,0.0,0.0,0.0,0.06,0.054,0.54,0.73,0.657,6.57,0.1,0.09000000000000001,0.9,0.0014,0.06,0.73,0.1
frdm,kr118,118Kr,36,82,118,36118,0.00121,0.0011979,0.11979,100.0,0.0,0.0,0.0,0.0,0.0,0.48,0.432,4.32,0.31,0.279,2.79,0.12,0.108,1.08,0.00121,0.48,0.31,0.12
frdm,rb104,104Rb,37,67,104,37104,0.01214,0.012018599999999999,1.20186,100.0,0.0,0.0,0.0,0.0,0.0,0.53,0.47700000000000004,4.7700000000000005,0.08,0.07200000000000001,0.7200000000000001,0.0,0.0,0.0,0.01214,0.53,0.08,0.0
frdm,rb105,105Rb,37,68,105,37105,0.01078,0.0106722,1.06722,100.0,0.0,0.0,0.0,0.0,0.0,0.74,0.666,6.66,0.04,0.036000000000000004,0.36000000000000004,0.0,0.0,0.0,0.01078,0.74,0.04,0.0
frdm,rb106,106Rb,37,69,106,37106,0.00867,0.0085833,0.8583300000000001,100.0,0.0,0.0,0.0,0.0,0.0,0.58,0.522,5.22,0.17,0.15300000000000002,1.5300000000000002,0.0,0.0,0.0,0.00867,0.58,0.17,0.0
frdm,rb107,107Rb,37,70,107,37107,0.00731,0.007236899999999999,0.7236899999999999,100.0,0.0,0.0,0.0,0.0,0.0,0.76,0.684,6.84,0.08,0.07200000000000001,0.7200000000000001,0.01,0.009000000000000001,0.09000000000000001,0.00731,0.76,0.08,0.01
frdm,rb108,108Rb,37,71,108,37108,0.0059,0.005841,0.5841,100.0,0.0,0.0,0.0,0.0,0.0,0.44,0.396,3.9600000000000004,0.39,0.35100000000000003,3.5100000000000002,0.02,0.018000000000000002,0.18000000000000002,0.0059,0.44,0.39,0.02
frdm,rb109,109Rb,37,72,109,37109,0.00589,0.0058311000000000005,0.5831100000000001,100.0,0.0,0.0,0.0,0.0,0.0,0.61,0.5489999999999999,5.489999999999999,0.27,0.24300000000000002,2.43,0.07,0.063,0.6300000000000001,0.00589,0.61,0.27,0.07
frdm,rb110,110Rb,37,73,110,37110,0.00465,0.0046035,0.46035,100.0,0.0,0.0,0.0,0.0,0.0,0.17,0.15300000000000002,1.5300000000000002,0.67,0.603,6.03,0.09,0.081,0.8099999999999999,0.00465,0.17,0.67,0.09
frdm,rb111,111Rb,37,74,111,37111,0.00435,0.0043064999999999996,0.4306499999999999,100.0,0.0,0.0,0.0,0.0,0.0,0.4,0.36000000000000004,3.6,0.35,0.315,3.15,0.22,0.198,1.9800000000000002,0.00435,0.4,0.35,0.22
frdm,rb112,112Rb,37,75,112,37112,0.00364,0.0036036,0.36036,100.0,0.0,0.0,0.0,0.0,0.0,0.02,0.018000000000000002,0.18000000000000002,0.69,0.621,6.209999999999999,0.21,0.189,1.8900000000000001,0.00364,0.02,0.69,0.21
frdm,rb113,113Rb,37,76,113,37113,0.0028,0.002772,0.27719999999999995,100.0,0.0,0.0,0.0,0.0,0.0,0.18,0.162,1.6199999999999999,0.49,0.441,4.41,0.28,0.252,2.5200000000000005,0.0028,0.18,0.49,0.28
frdm,rb114,114Rb,37,77,114,37114,0.00297,0.0029403,0.29403,100.0,0.0,0.0,0.0,0.0,0.0,0.03,0.027,0.27,0.67,0.603,6.03,0.2,0.18000000000000002,1.8,0.00297,0.03,0.67,0.2
frdm,rb115,115Rb,37,78,115,37115,0.00242,0.0023958,0.23958,100.0,0.0,0.0,0.0,0.0,0.0,0.12,0.108,1.08,0.54,0.48600000000000004,4.86,0.28,0.252,2.5200000000000005,0.00242,0.12,0.54,0.28
frdm,rb116,116Rb,37,79,116,37116,0.00167,0.0016533000000000001,0.16533,100.0,0.0,0.0,0.0,0.0,0.0,0.02,0.018000000000000002,0.18000000000000002,0.7,0.63,6.3,0.18,0.162,1.6199999999999999,0.00167,0.02,0.7,0.18
frdm,rb117,117Rb,37,80,117,37117,0.00169,0.0016731,0.16731000000000001,100.0,0.0,0.0,0.0,0.0,0.0,0.08,0.07200000000000001,0.7200000000000001,0.5,0.45,4.5,0.35,0.315,3.15,0.00169,0.08,0.5,0.35
frdm,rb118,118Rb,37,81,118,37118,0.00174,0.0017226,0.17226,100.0,0.0,0.0,0.0,0.0,0.0,0.02,0.018000000000000002,0.18000000000000002,0.56,0.504,5.040000000000001,0.29,0.261,2.61,0.00174,0.02,0.56,0.29
frdm,rb119,119Rb,37,82,119,37119,0.00145,0.0014355,0.14354999999999998,100.0,0.0,0.0,0.0,0.0,0.0,0.09,0.081,0.8099999999999999,0.41,0.369,3.6899999999999995,0.4,0.36000000000000004,3.6,0.00145,0.09,0.41,0.4
frdm,sr107,107Sr,38,69,107,38107,0.02689,0.0266211,2.66211,100.0,0.0,0.0,0.0,0.0,0.0,0.31,0.279,2.79,0.02,0.018000000000000002,0.18000000000000002,0.0,0.0,0.0,0.02689,0.31,0.02,0.0
frdm,sr108,108Sr,38,70,108,38108,0.02007,0.0198693,1.98693,100.0,0.0,0.0,0.0,0.0,0.0,0.37,0.333,3.33,0.01,0.009000000000000001,0.09000000000000001,0.0,0.0,0.0,0.02007,0.37,0.01,0.0
frdm,sr109,109Sr,38,71,109,38109,0.01379,0.0136521,1.36521,100.0,0.0,0.0,0.0,0.0,0.0,0.55,0.49500000000000005,4.95,0.08,0.07200000000000001,0.7200000000000001,0.0,0.0,0.0,0.01379,0.55,0.08,0.0
frdm,sr110,110Sr,38,72,110,38110,0.01489,0.0147411,1.47411,100.0,0.0,0.0,0.0,0.0,0.0,0.77,0.6930000000000001,6.93,0.07,0.063,0.6300000000000001,0.0,0.0,0.0,0.01489,0.77,0.07,0.0
frdm,sr111,111Sr,38,73,111,38111,0.01166,0.0115434,1.15434,100.0,0.0,0.0,0.0,0.0,0.0,0.62,0.558,5.58,0.26,0.234,2.34,0.01,0.009000000000000001,0.09000000000000001,0.01166,0.62,0.26,0.01
frdm,sr112,112Sr,38,74,112,38112,0.00509,0.0050390999999999995,0.50391,100.0,0.0,0.0,0.0,0.0,0.0,0.86,0.774,7.739999999999999,0.05,0.045000000000000005,0.45,0.02,0.018000000000000002,0.18000000000000002,0.00509,0.86,0.05,0.02
frdm,sr113,113Sr,38,75,113,38113,0.00565,0.0055934999999999995,0.5593499999999999,100.0,0.0,0.0,0.0,0.0,0.0,0.61,0.5489999999999999,5.489999999999999,0.32,0.28800000000000003,2.8800000000000003,0.02,0.018000000000000002,0.18000000000000002,0.00565,0.61,0.32,0.02
frdm,sr114,114Sr,38,76,114,38114,0.00478,0.004732200000000001,0.47322000000000003,100.0,0.0,0.0,0.0,0.0,0.0,0.83,0.747,7.469999999999999,0.05,0.045000000000000005,0.45,0.03,0.027,0.27,0.00478,0.83,0.05,0.03
frdm,sr115,115Sr,38,77,115,38115,0.00394,0.0039005999999999997,0.39006,100.0,0.0,0.0,0.0,0.0,0.0,0.75,0.675,6.75,0.16,0.14400000000000002,1.4400000000000002,0.03,0.027,0.27,0.00394,0.75,0.16,0.03
frdm,sr116,116Sr,38,78,116,38116,0.00342,0.0033858,0.33858,100.0,0.0,0.0,0.0,0.0,0.0,0.85,0.765,7.65,0.06,0.054,0.54,0.03,0.027,0.27,0.00342,0.85,0.06,0.03
frdm,sr117,117Sr,38,79,117,38117,0.00305,0.0030195,0.30195,100.0,0.0,0.0,0.0,0.0,0.0,0.6,0.54,5.4,0.32,0.28800000000000003,2.8800000000000003,0.04,0.036000000000000004,0.36000000000000004,0.00305,0.6,0.32,0.04
frdm,sr118,118Sr,38,80,118,38118,0.00212,0.0020988,0.20987999999999998,100.0,0.0,0.0,0.0,0.0,0.0,0.86,0.774,7.739999999999999,0.08,0.07200000000000001,0.7200000000000001,0.05,0.045000000000000005,0.45,0.00212,0.86,0.08,0.05
frdm,sr119,119Sr,38,81,119,38119,0.00234,0.0023166000000000003,0.23166,100.0,0.0,0.0,0.0,0.0,0.0,0.56,0.504,5.040000000000001,0.37,0.333,3.33,0.05,0.045000000000000005,0.45,0.00234,0.56,0.37,0.05
frdm,sr120,120Sr,38,82,120,38120,0.00211,0.0020889,0.20889,100.0,0.0,0.0,0.0,0.0,0.0,0.82,0.738,7.379999999999999,0.08,0.07200000000000001,0.7200000000000001,0.07,0.063,0.6300000000000001,0.00211,0.82,0.08,0.07
frdm,y110,110Y,39,71,110,39110,0.01175,0.0116325,1.1632500000000001,100.0,0.0,0.0,0.0,0.0,0.0,0.59,0.5309999999999999,5.31,0.07,0.063,0.6300000000000001,0.0,0.0,0.0,0.01175,0.59,0.07,0.0
frdm,y111,111Y,39,72,111,39111,0.01202,0.011899799999999999,1.18998,100.0,0.0,0.0,0.0,0.0,0.0,0.68,0.6120000000000001,6.120000000000001,0.06,0.054,0.54,0.0,0.0,0.0,0.01202,0.68,0.06,0.0
frdm,y112,112Y,39,73,112,39112,0.00893,0.0088407,0.88407,100.0,0.0,0.0,0.0,0.0,0.0,0.4,0.36000000000000004,3.6,0.32,0.28800000000000003,2.8800000000000003,0.01,0.009000000000000001,0.09000000000000001,0.00893,0.4,0.32,0.01
frdm,y113,113Y,39,74,113,39113,0.00593,0.0058707,0.5870700000000001,100.0,0.0,0.0,0.0,0.0,0.0,0.81,0.7290000000000001,7.290000000000001,0.15,0.135,1.35,0.02,0.018000000000000002,0.18000000000000002,0.00593,0.81,0.15,0.02
frdm,y114,114Y,39,75,114,39114,0.00536,0.0053064,0.53064,100.0,0.0,0.0,0.0,0.0,0.0,0.43,0.387,3.8699999999999997,0.49,0.441,4.41,0.02,0.018000000000000002,0.18000000000000002,0.00536,0.43,0.49,0.02
frdm,y115,115Y,39,76,115,39115,0.00429,0.0042471,0.42471000000000003,100.0,0.0,0.0,0.0,0.0,0.0,0.85,0.765,7.65,0.09,0.081,0.8099999999999999,0.03,0.027,0.27,0.00429,0.85,0.09,0.03
frdm,y116,116Y,39,77,116,39116,0.00454,0.0044946,0.44945999999999997,100.0,0.0,0.0,0.0,0.0,0.0,0.48,0.432,4.32,0.48,0.432,4.32,0.02,0.018000000000000002,0.18000000000000002,0.00454,0.48,0.48,0.02
frdm,y117,117Y,39,78,117,39117,0.00375,0.0037124999999999997,0.37125,100.0,0.0,0.0,0.0,0.0,0.0,0.69,0.621,6.209999999999999,0.26,0.234,2.34,0.04,0.036000000000000004,0.36000000000000004,0.00375,0.69,0.26,0.04
frdm,y118,118Y,39,79,118,39118,0.00346,0.0034254,0.34253999999999996,100.0,0.0,0.0,0.0,0.0,0.0,0.34,0.30600000000000005,3.0600000000000005,0.59,0.5309999999999999,5.31,0.05,0.045000000000000005,0.45,0.00346,0.34,0.59,0.05
frdm,y119,119Y,39,80,119,39119,0.00313,0.0030987,0.30987,100.0,0.0,0.0,0.0,0.0,0.0,0.54,0.48600000000000004,4.86,0.36,0.324,3.2399999999999998,0.09,0.081,0.8099999999999999,0.00313,0.54,0.36,0.09
frdm,y120,120Y,39,81,120,39120,0.00354,0.0035046,0.35046000000000005,100.0,0.0,0.0,0.0,0.0,0.0,0.1,0.09000000000000001,0.9,0.8,0.7200000000000001,7.2,0.07,0.063,0.6300000000000001,0.00354,0.1,0.8,0.07
frdm,y121,121Y,39,82,121,39121,0.00318,0.0031482000000000003,0.31482,100.0,0.0,0.0,0.0,0.0,0.0,0.45,0.405,4.05,0.42,0.378,3.7800000000000002,0.11,0.099,0.9900000000000001,0.00318,0.45,0.42,0.11
frdm,zr96,96Zr,40,56,96,40096,251741200.0,249223788.0,24922378800.0,100.0,0.0,0.0,0.0,0.0,0.0,0.0,0.0,0.0,0.0,0.0,0.0,0.0,0.0,0.0,251741200.0,0.0,0.0,0.0
frdm,zr113,113Zr,40,73,113,40113,0.02616,0.0258984,2.58984,100.0,0.0,0.0,0.0,0.0,0.0,0.48,0.432,4.32,0.05,0.045000000000000005,0.45,0.0,0.0,0.0,0.02616,0.48,0.05,0.0
frdm,zr114,114Zr,40,74,114,40114,0.01521,0.015057899999999999,1.50579,100.0,0.0,0.0,0.0,0.0,0.0,0.55,0.49500000000000005,4.95,0.01,0.009000000000000001,0.09000000000000001,0.0,0.0,0.0,0.01521,0.55,0.01,0.0
frdm,zr115,115Zr,40,75,115,40115,0.01344,0.0133056,1.3305600000000002,100.0,0.0,0.0,0.0,0.0,0.0,0.54,0.48600000000000004,4.86,0.03,0.027,0.27,0.0,0.0,0.0,0.01344,0.54,0.03,0.0
frdm,zr116,116Zr,40,76,116,40116,0.00961,0.0095139,0.9513900000000001,100.0,0.0,0.0,0.0,0.0,0.0,0.52,0.468,4.68,0.01,0.009000000000000001,0.09000000000000001,0.0,0.0,0.0,0.00961,0.52,0.01,0.0
frdm,zr117,117Zr,40,77,117,40117,0.00843,0.0083457,0.8345699999999999,100.0,0.0,0.0,0.0,0.0,0.0,0.69,0.621,6.209999999999999,0.05,0.045000000000000005,0.45,0.0,0.0,0.0,0.00843,0.69,0.05,0.0
frdm,zr118,118Zr,40,78,118,40118,0.00801,0.0079299,0.79299,100.0,0.0,0.0,0.0,0.0,0.0,0.77,0.6930000000000001,6.93,0.04,0.036000000000000004,0.36000000000000004,0.0,0.0,0.0,0.00801,0.77,0.04,0.0
frdm,zr119,119Zr,40,79,119,40119,0.00702,0.0069498,0.69498,100.0,0.0,0.0,0.0,0.0,0.0,0.78,0.7020000000000001,7.0200000000000005,0.1,0.09000000000000001,0.9,0.0,0.0,0.0,0.00702,0.78,0.1,0.0
frdm,zr120,120Zr,40,80,120,40120,0.00451,0.0044649,0.44649,100.0,0.0,0.0,0.0,0.0,0.0,0.78,0.7020000000000001,7.0200000000000005,0.05,0.045000000000000005,0.45,0.01,0.009000000000000001,0.09000000000000001,0.00451,0.78,0.05,0.01
frdm,zr121,121Zr,40,81,121,40121,0.00514,0.0050885999999999995,0.50886,100.0,0.0,0.0,0.0,0.0,0.0,0.83,0.747,7.469999999999999,0.11,0.099,0.9900000000000001,0.01,0.009000000000000001,0.09000000000000001,0.00514,0.83,0.11,0.01
frdm,zr122,122Zr,40,82,122,40122,0.00452,0.0044748,0.44747999999999993,100.0,0.0,0.0,0.0,0.0,0.0,0.78,0.7020000000000001,7.0200000000000005,0.06,0.054,0.54,0.01,0.009000000000000001,0.09000000000000001,0.00452,0.78,0.06,0.01
frdm,zr124,124Zr,40,84,124,40124,0.00366,0.0036234,0.36234,100.0,0.0,0.0,0.0,0.0,0.0,0.18,0.162,1.6199999999999999,0.69,0.621,6.209999999999999,0.12,0.108,1.08,0.00366,0.18,0.69,0.12
frdm,nb116,116Nb,41,75,116,41116,0.01289,0.012761100000000001,1.27611,100.0,0.0,0.0,0.0,0.0,0.0,0.54,0.48600000000000004,4.86,0.05,0.045000000000000005,0.45,0.0,0.0,0.0,0.01289,0.54,0.05,0.0
frdm,nb117,117Nb,41,76,117,41117,0.01045,0.010345499999999999,1.0345499999999999,100.0,0.0,0.0,0.0,0.0,0.0,0.62,0.558,5.58,0.02,0.018000000000000002,0.18000000000000002,0.0,0.0,0.0,0.01045,0.62,0.02,0.0
frdm,nb118,118Nb,41,77,118,41118,0.00796,0.0078804,0.7880400000000001,100.0,0.0,0.0,0.0,0.0,0.0,0.59,0.5309999999999999,5.31,0.11,0.099,0.9900000000000001,0.0,0.0,0.0,0.00796,0.59,0.11,0.0
frdm,nb119,119Nb,41,78,119,41119,0.00786,0.007781400000000001,0.77814,100.0,0.0,0.0,0.0,0.0,0.0,0.87,0.783,7.829999999999999,0.06,0.054,0.54,0.0,0.0,0.0,0.00786,0.87,0.06,0.0
frdm,nb120,120Nb,41,79,120,41120,0.00702,0.0069498,0.69498,100.0,0.0,0.0,0.0,0.0,0.0,0.56,0.504,5.040000000000001,0.3,0.27,2.7,0.01,0.009000000000000001,0.09000000000000001,0.00702,0.56,0.3,0.01
frdm,nb121,121Nb,41,80,121,41121,0.00503,0.0049797,0.49797,100.0,0.0,0.0,0.0,0.0,0.0,0.66,0.5940000000000001,5.94,0.08,0.07200000000000001,0.7200000000000001,0.02,0.018000000000000002,0.18000000000000002,0.00503,0.66,0.08,0.02
frdm,nb122,122Nb,41,81,122,41122,0.00538,0.0053262000000000006,0.53262,100.0,0.0,0.0,0.0,0.0,0.0,0.42,0.378,3.7800000000000002,0.33,0.29700000000000004,2.97,0.01,0.009000000000000001,0.09000000000000001,0.00538,0.42,0.33,0.01
frdm,nb123,123Nb,41,82,123,41123,0.0045,0.004455,0.44549999999999995,100.0,0.0,0.0,0.0,0.0,0.0,0.68,0.6120000000000001,6.120000000000001,0.08,0.07200000000000001,0.7200000000000001,0.02,0.018000000000000002,0.18000000000000002,0.0045,0.68,0.08,0.02
frdm,nb125,125Nb,41,84,125,41125,0.00382,0.0037818,0.37818,100.0,0.0,0.0,0.0,0.0,0.0,0.23,0.20700000000000002,2.0700000000000003,0.46,0.41400000000000003,4.140000000000001,0.29,0.261,2.61,0.00382,0.23,0.46,0.29
frdm,nb127,127Nb,41,86,127,41127,0.00318,0.0031482000000000003,0.31482,100.0,0.0,0.0,0.0,0.0,0.0,0.02,0.018000000000000002,0.18000000000000002,0.03,0.027,0.27,0.56,0.504,5.040000000000001,0.00318,0.02,0.03,0.56
frdm,mo119,119Mo,42,77,119,42119,0.0216,0.021384,2.1384000000000003,100.0,0.0,0.0,0.0,0.0,0.0,0.28,0.252,2.5200000000000005,0.01,0.009000000000000001,0.09000000000000001,0.0,0.0,0.0,0.0216,0.28,0.01,0.0
frdm,mo120,120Mo,42,78,120,42120,0.01597,0.015810300000000003,1.5810300000000002,100.0,0.0,0.0,0.0,0.0,0.0,0.3,0.27,2.7,0.0,0.0,0.0,0.0,0.0,0.0,0.01597,0.3,0.0,0.0
frdm,mo121,121Mo,42,79,121,42121,0.01611,0.0159489,1.59489,100.0,0.0,0.0,0.0,0.0,0.0,0.61,0.5489999999999999,5.489999999999999,0.03,0.027,0.27,0.0,0.0,0.0,0.01611,0.61,0.03,0.0
frdm,mo122,122Mo,42,80,122,42122,0.01117,0.0110583,1.10583,100.0,0.0,0.0,0.0,0.0,0.0,0.32,0.28800000000000003,2.8800000000000003,0.02,0.018000000000000002,0.18000000000000002,0.0,0.0,0.0,0.01117,0.32,0.02,0.0
frdm,mo123,123Mo,42,81,123,42123,0.01183,0.0117117,1.17117,100.0,0.0,0.0,0.0,0.0,0.0,0.47,0.423,4.2299999999999995,0.03,0.027,0.27,0.0,0.0,0.0,0.01183,0.47,0.03,0.0
frdm,mo124,124Mo,42,82,124,42124,0.00991,0.009810900000000001,0.98109,100.0,0.0,0.0,0.0,0.0,0.0,0.35,0.315,3.15,0.01,0.009000000000000001,0.09000000000000001,0.0,0.0,0.0,0.00991,0.35,0.01,0.0
frdm,mo126,126Mo,42,84,126,42126,0.00776,0.007682400000000001,0.76824,100.0,0.0,0.0,0.0,0.0,0.0,0.57,0.5129999999999999,5.129999999999999,0.38,0.342,3.42,0.04,0.036000000000000004,0.36000000000000004,0.00776,0.57,0.38,0.04
frdm,mo128,128Mo,42,86,128,42128,0.00628,0.0062172,0.62172,100.0,0.0,0.0,0.0,0.0,0.0,0.08,0.07200000000000001,0.7200000000000001,0.11,0.099,0.9900000000000001,0.75,0.675,6.75,0.00628,0.08,0.11,0.75
frdm,mo130,130Mo,42,88,130,42130,0.00504,0.0049896,0.49896,100.0,0.0,0.0,0.0,0.0,0.0,0.06,0.054,0.54,0.02,0.018000000000000002,0.18000000000000002,0.39,0.35100000000000003,3.5100000000000002,0.00504,0.06,0.02,0.39
frdm,mo132,132Mo,42,90,132,42132,0.00394,0.0039005999999999997,0.39006,100.0,0.0,0.0,0.0,0.0,0.0,0.05,0.045000000000000005,0.45,0.01,0.009000000000000001,0.09000000000000001,0.19,0.171,1.71,0.00394,0.05,0.01,0.19
frdm,mo134,134Mo,42,92,134,42134,0.00176,0.0017424,0.17424,100.0,0.0,0.0,0.0,0.0,0.0,0.03,0.027,0.27,0.01,0.009000000000000001,0.09000000000000001,0.26,0.234,2.34,0.00176,0.03,0.01,0.26
frdm,mo136,136Mo,42,94,136,42136,0.00139,0.0013761,0.13760999999999998,100.0,0.0,0.0,0.0,0.0,0.0,0.03,0.027,0.27,0.01,0.009000000000000001,0.09000000000000001,0.23,0.20700000000000002,2.0700000000000003,0.00139,0.03,0.01,0.23
frdm,tc122,122Tc,43,79,122,43122,0.01354,0.0134046,1.34046,100.0,0.0,0.0,0.0,0.0,0.0,0.43,0.387,3.8699999999999997,0.04,0.036000000000000004,0.36000000000000004,0.0,0.0,0.0,0.01354,0.43,0.04,0.0
frdm,tc123,123Tc,43,80,123,43123,0.01069,0.0105831,1.0583099999999999,100.0,0.0,0.0,0.0,0.0,0.0,0.43,0.387,3.8699999999999997,0.01,0.009000000000000001,0.09000000000000001,0.0,0.0,0.0,0.01069,0.43,0.01,0.0
frdm,tc124,124Tc,43,81,124,43124,0.01079,0.0106821,1.0682099999999999,100.0,0.0,0.0,0.0,0.0,0.0,0.41,0.369,3.6899999999999995,0.06,0.054,0.54,0.0,0.0,0.0,0.01079,0.41,0.06,0.0
frdm,tc125,125Tc,43,82,125,43125,0.00965,0.009553500000000001,0.95535,100.0,0.0,0.0,0.0,0.0,0.0,0.46,0.41400000000000003,4.140000000000001,0.02,0.018000000000000002,0.18000000000000002,0.0,0.0,0.0,0.00965,0.46,0.02,0.0
frdm,tc126,126Tc,43,83,126,43126,0.00334,0.0033066000000000003,0.33066,100.0,0.0,0.0,0.0,0.0,0.0,0.55,0.49500000000000005,4.95,0.16,0.14400000000000002,1.4400000000000002,0.0,0.0,0.0,0.00334,0.55,0.16,0.0
frdm,tc127,127Tc,43,84,127,43127,0.00732,0.0072468,0.72468,100.0,0.0,0.0,0.0,0.0,0.0,0.56,0.504,5.040000000000001,0.39,0.35100000000000003,3.5100000000000002,0.05,0.045000000000000005,0.45,0.00732,0.56,0.39,0.05
frdm,tc128,128Tc,43,85,128,43128,0.00647,0.0064053,0.64053,100.0,0.0,0.0,0.0,0.0,0.0,0.03,0.027,0.27,0.67,0.603,6.03,0.27,0.24300000000000002,2.43,0.00647,0.03,0.67,0.27
frdm,tc129,129Tc,43,86,129,43129,0.00623,0.0061677,0.61677,100.0,0.0,0.0,0.0,0.0,0.0,0.07,0.063,0.6300000000000001,0.16,0.14400000000000002,1.4400000000000002,0.7,0.63,6.3,0.00623,0.07,0.16,0.7
frdm,tc131,131Tc,43,88,131,43131,0.00497,0.0049203,0.49202999999999997,100.0,0.0,0.0,0.0,0.0,0.0,0.04,0.036000000000000004,0.36000000000000004,0.04,0.036000000000000004,0.36000000000000004,0.44,0.396,3.9600000000000004,0.00497,0.04,0.04,0.44
frdm,tc133,133Tc,43,90,133,43133,0.00237,0.0023463,0.23463,100.0,0.0,0.0,0.0,0.0,0.0,0.02,0.018000000000000002,0.18000000000000002,0.01,0.009000000000000001,0.09000000000000001,0.26,0.234,2.34,0.00237,0.02,0.01,0.26
frdm,tc135,135Tc,43,92,135,43135,0.002,0.00198,0.198,100.0,0.0,0.0,0.0,0.0,0.0,0.01,0.009000000000000001,0.09000000000000001,0.01,0.009000000000000001,0.09000000000000001,0.19,0.171,1.71,0.002,0.01,0.01,0.19
frdm,tc137,137Tc,43,94,137,43137,0.00154,0.0015245999999999999,0.15245999999999998,100.0,0.0,0.0,0.0,0.0,0.0,0.02,0.018000000000000002,0.18000000000000002,0.01,0.009000000000000001,0.09000000000000001,0.2,0.18000000000000002,1.8,0.00154,0.02,0.01,0.2
frdm,tc139,139Tc,43,96,139,43139,0.00139,0.0013761,0.13760999999999998,100.0,0.0,0.0,0.0,0.0,0.0,0.01,0.009000000000000001,0.09000000000000001,0.0,0.0,0.0,0.12,0.108,1.08,0.00139,0.01,0.0,0.12
frdm,tc141,141Tc,43,98,141,43141,0.00104,0.0010295999999999999,0.10296,100.0,0.0,0.0,0.0,0.0,0.0,0.01,0.009000000000000001,0.09000000000000001,0.0,0.0,0.0,0.07,0.063,0.6300000000000001,0.00104,0.01,0.0,0.07
frdm,ru125,125Ru,44,81,125,44125,0.03299,0.0326601,3.26601,100.0,0.0,0.0,0.0,0.0,0.0,0.18,0.162,1.6199999999999999,0.0,0.0,0.0,0.0,0.0,0.0,0.03299,0.18,0.0,0.0
frdm,ru126,126Ru,44,82,126,44126,0.03292,0.032590799999999996,3.25908,100.0,0.0,0.0,0.0,0.0,0.0,0.21,0.189,1.8900000000000001,0.0,0.0,0.0,0.0,0.0,0.0,0.03292,0.21,0.0,0.0
frdm,ru127,127Ru,44,83,127,44127,0.00757,0.007494300000000001,0.74943,100.0,0.0,0.0,0.0,0.0,0.0,0.47,0.423,4.2299999999999995,0.05,0.045000000000000005,0.45,0.0,0.0,0.0,0.00757,0.47,0.05,0.0
frdm,ru128,128Ru,44,84,128,44128,0.02154,0.0213246,2.13246,100.0,0.0,0.0,0.0,0.0,0.0,0.82,0.738,7.379999999999999,0.14,0.126,1.2600000000000002,0.0,0.0,0.0,0.02154,0.82,0.14,0.0
frdm,ru129,129Ru,44,85,129,44129,0.01757,0.017394299999999998,1.7394299999999998,100.0,0.0,0.0,0.0,0.0,0.0,0.08,0.07200000000000001,0.7200000000000001,0.83,0.747,7.469999999999999,0.05,0.045000000000000005,0.45,0.01757,0.08,0.83,0.05
frdm,ru130,130Ru,44,86,130,44130,0.01664,0.016473599999999998,1.64736,100.0,0.0,0.0,0.0,0.0,0.0,0.17,0.15300000000000002,1.5300000000000002,0.36,0.324,3.2399999999999998,0.45,0.405,4.05,0.01664,0.17,0.36,0.45
frdm,ru132,132Ru,44,88,132,44132,0.0118,0.011682,1.1682,100.0,0.0,0.0,0.0,0.0,0.0,0.12,0.108,1.08,0.13,0.117,1.17,0.62,0.558,5.58,0.0118,0.12,0.13,0.62
frdm,ru134,134Ru,44,90,134,44134,0.00426,0.0042174,0.42174,100.0,0.0,0.0,0.0,0.0,0.0,0.07,0.063,0.6300000000000001,0.15,0.135,1.35,0.62,0.558,5.58,0.00426,0.07,0.15,0.62
frdm,ru136,136Ru,44,92,136,44136,0.00319,0.0031581,0.31581,100.0,0.0,0.0,0.0,0.0,0.0,0.08,0.07200000000000001,0.7200000000000001,0.03,0.027,0.27,0.65,0.585,5.85,0.00319,0.08,0.03,0.65
frdm,ru138,138Ru,44,94,138,44138,0.00239,0.0023661000000000003,0.23661000000000001,100.0,0.0,0.0,0.0,0.0,0.0,0.09,0.081,0.8099999999999999,0.02,0.018000000000000002,0.18000000000000002,0.62,0.558,5.58,0.00239,0.09,0.02,0.62
frdm,ru140,140Ru,44,96,140,44140,0.0018,0.001782,0.1782,100.0,0.0,0.0,0.0,0.0,0.0,0.07,0.063,0.6300000000000001,0.11,0.099,0.9900000000000001,0.5,0.45,4.5,0.0018,0.07,0.11,0.5
frdm,ru142,142Ru,44,98,142,44142,0.00144,0.0014256000000000002,0.14256000000000002,100.0,0.0,0.0,0.0,0.0,0.0,0.04,0.036000000000000004,0.36000000000000004,0.01,0.009000000000000001,0.09000000000000001,0.44,0.396,3.9600000000000004,0.00144,0.04,0.01,0.44
frdm,ru144,144Ru,44,100,144,44144,0.00116,0.0011484,0.11484000000000001,100.0,0.0,0.0,0.0,0.0,0.0,0.03,0.027,0.27,0.01,0.009000000000000001,0.09000000000000001,0.29,0.261,2.61,0.00116,0.03,0.01,0.29
frdm,rh128,128Rh,45,83,128,45128,0.00836,0.0082764,0.8276399999999999,100.0,0.0,0.0,0.0,0.0,0.0,0.47,0.423,4.2299999999999995,0.06,0.054,0.54,0.0,0.0,0.0,0.00836,0.47,0.06,0.0
frdm,rh129,129Rh,45,84,129,45129,0.01526,0.0151074,1.51074,100.0,0.0,0.0,0.0,0.0,0.0,0.8,0.7200000000000001,7.2,0.18,0.162,1.6199999999999999,0.0,0.0,0.0,0.01526,0.8,0.18,0.0
frdm,rh130,130Rh,45,85,130,45130,0.01296,0.012830399999999999,1.2830399999999997,100.0,0.0,0.0,0.0,0.0,0.0,0.1,0.09000000000000001,0.9,0.82,0.738,7.379999999999999,0.06,0.054,0.54,0.01296,0.1,0.82,0.06
frdm,rh131,131Rh,45,86,131,45131,0.01241,0.012285899999999999,1.2285899999999998,100.0,0.0,0.0,0.0,0.0,0.0,0.2,0.18000000000000002,1.8,0.47,0.423,4.2299999999999995,0.32,0.28800000000000003,2.8800000000000003,0.01241,0.2,0.47,0.32
frdm,rh132,132Rh,45,87,132,45132,0.01131,0.011196900000000001,1.11969,100.0,0.0,0.0,0.0,0.0,0.0,0.04,0.036000000000000004,0.36000000000000004,0.52,0.468,4.68,0.26,0.234,2.34,0.01131,0.04,0.52,0.26
frdm,rh133,133Rh,45,88,133,45133,0.00962,0.0095238,0.95238,100.0,0.0,0.0,0.0,0.0,0.0,0.09,0.081,0.8099999999999999,0.22,0.198,1.9800000000000002,0.55,0.49500000000000005,4.95,0.00962,0.09,0.22,0.55
frdm,rh134,134Rh,45,89,134,45134,0.00513,0.0050787,0.50787,100.0,0.0,0.0,0.0,0.0,0.0,0.02,0.018000000000000002,0.18000000000000002,0.26,0.234,2.34,0.31,0.279,2.79,0.00513,0.02,0.26,0.31
frdm,rh135,135Rh,45,90,135,45135,0.00442,0.0043758,0.4375800000000001,100.0,0.0,0.0,0.0,0.0,0.0,0.04,0.036000000000000004,0.36000000000000004,0.1,0.09000000000000001,0.9,0.64,0.5760000000000001,5.760000000000001,0.00442,0.04,0.1,0.64
frdm,rh137,137Rh,45,92,137,45137,0.00404,0.0039996,0.39996000000000004,100.0,0.0,0.0,0.0,0.0,0.0,0.04,0.036000000000000004,0.36000000000000004,0.02,0.018000000000000002,0.18000000000000002,0.52,0.468,4.68,0.00404,0.04,0.02,0.52
frdm,rh138,138Rh,45,93,138,45138,0.00271,0.0026829,0.26829000000000003,100.0,0.0,0.0,0.0,0.0,0.0,0.01,0.009000000000000001,0.09000000000000001,0.21,0.189,1.8900000000000001,0.07,0.063,0.6300000000000001,0.00271,0.01,0.21,0.07
frdm,rh139,139Rh,45,94,139,45139,0.00329,0.0032570999999999998,0.32571,100.0,0.0,0.0,0.0,0.0,0.0,0.03,0.027,0.27,0.02,0.018000000000000002,0.18000000000000002,0.5,0.45,4.5,0.00329,0.03,0.02,0.5
frdm,rh140,140Rh,45,95,140,45140,0.00244,0.0024156,0.24156,100.0,0.0,0.0,0.0,0.0,0.0,0.0,0.0,0.0,0.11,0.099,0.9900000000000001,0.06,0.054,0.54,0.00244,0.0,0.11,0.06
frdm,rh141,141Rh,45,96,141,45141,0.00219,0.0021681,0.21681,100.0,0.0,0.0,0.0,0.0,0.0,0.03,0.027,0.27,0.02,0.018000000000000002,0.18000000000000002,0.46,0.41400000000000003,4.140000000000001,0.00219,0.03,0.02,0.46
frdm,rh143,143Rh,45,98,143,45143,0.00165,0.0016335,0.16335,100.0,0.0,0.0,0.0,0.0,0.0,0.03,0.027,0.27,0.02,0.018000000000000002,0.18000000000000002,0.34,0.30600000000000005,3.0600000000000005,0.00165,0.03,0.02,0.34
frdm,rh145,145Rh,45,100,145,45145,0.00125,0.0012375,0.12375,100.0,0.0,0.0,0.0,0.0,0.0,0.03,0.027,0.27,0.01,0.009000000000000001,0.09000000000000001,0.21,0.189,1.8900000000000001,0.00125,0.03,0.01,0.21
frdm,rh147,147Rh,45,102,147,45147,0.00113,0.0011187,0.11186999999999998,100.0,0.0,0.0,0.0,0.0,0.0,0.02,0.018000000000000002,0.18000000000000002,0.01,0.009000000000000001,0.09000000000000001,0.13,0.117,1.17,0.00113,0.02,0.01,0.13
frdm,pd130,130Pd,46,84,130,46130,0.06847,0.0677853,6.778530000000001,100.0,0.0,0.0,0.0,0.0,0.0,0.84,0.756,7.5600000000000005,0.03,0.027,0.27,0.0,0.0,0.0,0.06847,0.84,0.03,0.0
frdm,pd131,131Pd,46,85,131,46131,0.05471,0.0541629,5.41629,100.0,0.0,0.0,0.0,0.0,0.0,0.23,0.20700000000000002,2.0700000000000003,0.66,0.5940000000000001,5.94,0.0,0.0,0.0,0.05471,0.23,0.66,0.0
frdm,pd132,132Pd,46,86,132,46132,0.0457,0.045243,4.524299999999999,100.0,0.0,0.0,0.0,0.0,0.0,0.36,0.324,3.2399999999999998,0.48,0.432,4.32,0.08,0.07200000000000001,0.7200000000000001,0.0457,0.36,0.48,0.08
frdm,pd133,133Pd,46,87,133,46133,0.04017,0.0397683,3.9768299999999996,100.0,0.0,0.0,0.0,0.0,0.0,0.14,0.126,1.2600000000000002,0.57,0.5129999999999999,5.129999999999999,0.2,0.18000000000000002,1.8,0.04017,0.14,0.57,0.2
frdm,pd134,134Pd,46,88,134,46134,0.02876,0.028472400000000002,2.8472399999999998,100.0,0.0,0.0,0.0,0.0,0.0,0.23,0.20700000000000002,2.0700000000000003,0.41,0.369,3.6899999999999995,0.3,0.27,2.7,0.02876,0.23,0.41,0.3
frdm,pd135,135Pd,46,89,135,46135,0.01018,0.010078199999999999,1.00782,100.0,0.0,0.0,0.0,0.0,0.0,0.08,0.07200000000000001,0.7200000000000001,0.68,0.6120000000000001,6.120000000000001,0.16,0.14400000000000002,1.4400000000000002,0.01018,0.08,0.68,0.16
frdm,pd136,136Pd,46,90,136,46136,0.00941,0.0093159,0.9315899999999999,100.0,0.0,0.0,0.0,0.0,0.0,0.26,0.234,2.34,0.44,0.396,3.9600000000000004,0.27,0.24300000000000002,2.43,0.00941,0.26,0.44,0.27
frdm,pd138,138Pd,46,92,138,46138,0.00514,0.0050885999999999995,0.50886,100.0,0.0,0.0,0.0,0.0,0.0,0.26,0.234,2.34,0.36,0.324,3.2399999999999998,0.33,0.29700000000000004,2.97,0.00514,0.26,0.36,0.33
frdm,pd139,139Pd,46,93,139,46139,0.00321,0.0031779,0.31779,100.0,0.0,0.0,0.0,0.0,0.0,0.11,0.099,0.9900000000000001,0.58,0.522,5.22,0.16,0.14400000000000002,1.4400000000000002,0.00321,0.11,0.58,0.16
frdm,pd140,140Pd,46,94,140,46140,0.00412,0.0040788000000000005,0.40788,100.0,0.0,0.0,0.0,0.0,0.0,0.22,0.198,1.9800000000000002,0.31,0.279,2.79,0.41,0.369,3.6899999999999995,0.00412,0.22,0.31,0.41
frdm,pd141,141Pd,46,95,141,46141,0.00368,0.0036432,0.36432,100.0,0.0,0.0,0.0,0.0,0.0,0.05,0.045000000000000005,0.45,0.47,0.423,4.2299999999999995,0.24,0.216,2.16,0.00368,0.05,0.47,0.24
frdm,pd142,142Pd,46,96,142,46142,0.00301,0.0029799,0.29799,100.0,0.0,0.0,0.0,0.0,0.0,0.2,0.18000000000000002,1.8,0.26,0.234,2.34,0.44,0.396,3.9600000000000004,0.00301,0.2,0.26,0.44
frdm,pd144,144Pd,46,98,144,46144,0.00225,0.0022275,0.22274999999999998,100.0,0.0,0.0,0.0,0.0,0.0,0.14,0.126,1.2600000000000002,0.29,0.261,2.61,0.44,0.396,3.9600000000000004,0.00225,0.14,0.29,0.44
frdm,pd145,145Pd,46,99,145,46145,0.00213,0.0021087,0.21087,100.0,0.0,0.0,0.0,0.0,0.0,0.04,0.036000000000000004,0.36000000000000004,0.27,0.24300000000000002,2.43,0.31,0.279,2.79,0.00213,0.04,0.27,0.31
frdm,pd146,146Pd,46,100,146,46146,0.0018,0.001782,0.1782,100.0,0.0,0.0,0.0,0.0,0.0,0.11,0.099,0.9900000000000001,0.16,0.14400000000000002,1.4400000000000002,0.53,0.47700000000000004,4.7700000000000005,0.0018,0.11,0.16,0.53
frdm,pd148,148Pd,46,102,148,46148,0.00151,0.0014949,0.14948999999999998,100.0,0.0,0.0,0.0,0.0,0.0,0.05,0.045000000000000005,0.45,0.1,0.09000000000000001,0.9,0.47,0.423,4.2299999999999995,0.00151,0.05,0.1,0.47
frdm,pd150,150Pd,46,104,150,46150,0.00122,0.0012078,0.12078,100.0,0.0,0.0,0.0,0.0,0.0,0.03,0.027,0.27,0.01,0.009000000000000001,0.09000000000000001,0.31,0.279,2.79,0.00122,0.03,0.01,0.31
frdm,ag133,133Ag,47,86,133,47133,0.02549,0.0252351,2.52351,100.0,0.0,0.0,0.0,0.0,0.0,0.52,0.468,4.68,0.37,0.333,3.33,0.09,0.081,0.8099999999999999,0.02549,0.52,0.37,0.09
frdm,ag134,134Ag,47,87,134,47134,0.02261,0.0223839,2.2383900000000003,100.0,0.0,0.0,0.0,0.0,0.0,0.09,0.081,0.8099999999999999,0.74,0.666,6.66,0.11,0.099,0.9900000000000001,0.02261,0.09,0.74,0.11
frdm,ag135,135Ag,47,88,135,47135,0.01769,0.0175131,1.7513100000000001,100.0,0.0,0.0,0.0,0.0,0.0,0.25,0.225,2.25,0.48,0.432,4.32,0.24,0.216,2.16,0.01769,0.25,0.48,0.24
frdm,ag136,136Ag,47,89,136,47136,0.00899,0.0089001,0.89001,100.0,0.0,0.0,0.0,0.0,0.0,0.05,0.045000000000000005,0.45,0.7,0.63,6.3,0.17,0.15300000000000002,1.5300000000000002,0.00899,0.05,0.7,0.17
frdm,ag137,137Ag,47,90,137,47137,0.00702,0.0069498,0.69498,100.0,0.0,0.0,0.0,0.0,0.0,0.15,0.135,1.35,0.47,0.423,4.2299999999999995,0.35,0.315,3.15,0.00702,0.15,0.47,0.35
frdm,ag138,138Ag,47,91,138,47138,0.00576,0.005702400000000001,0.5702400000000001,100.0,0.0,0.0,0.0,0.0,0.0,0.02,0.018000000000000002,0.18000000000000002,0.59,0.5309999999999999,5.31,0.28,0.252,2.5200000000000005,0.00576,0.02,0.59,0.28
frdm,ag139,139Ag,47,92,139,47139,0.00473,0.0046827,0.46826999999999996,100.0,0.0,0.0,0.0,0.0,0.0,0.08,0.07200000000000001,0.7200000000000001,0.32,0.28800000000000003,2.8800000000000003,0.55,0.49500000000000005,4.95,0.00473,0.08,0.32,0.55
frdm,ag140,140Ag,47,93,140,47140,0.00398,0.0039402,0.39402000000000004,100.0,0.0,0.0,0.0,0.0,0.0,0.02,0.018000000000000002,0.18000000000000002,0.46,0.41400000000000003,4.140000000000001,0.31,0.279,2.79,0.00398,0.02,0.46,0.31
frdm,ag141,141Ag,47,94,141,47141,0.00361,0.0035739,0.35739,100.0,0.0,0.0,0.0,0.0,0.0,0.08,0.07200000000000001,0.7200000000000001,0.25,0.225,2.25,0.57,0.5129999999999999,5.129999999999999,0.00361,0.08,0.25,0.57
frdm,ag142,142Ag,47,95,142,47142,0.00321,0.0031779,0.31779,100.0,0.0,0.0,0.0,0.0,0.0,0.01,0.009000000000000001,0.09000000000000001,0.41,0.369,3.6899999999999995,0.28,0.252,2.5200000000000005,0.00321,0.01,0.41,0.28
frdm,ag143,143Ag,47,96,143,47143,0.00323,0.0031977,0.31976999999999994,100.0,0.0,0.0,0.0,0.0,0.0,0.07,0.063,0.6300000000000001,0.12,0.108,1.08,0.68,0.6120000000000001,6.120000000000001,0.00323,0.07,0.12,0.68
frdm,ag144,144Ag,47,97,144,47144,0.00314,0.0031086,0.31086,100.0,0.0,0.0,0.0,0.0,0.0,0.02,0.018000000000000002,0.18000000000000002,0.26,0.234,2.34,0.18,0.162,1.6199999999999999,0.00314,0.02,0.26,0.18
frdm,ag145,145Ag,47,98,145,47145,0.00271,0.0026829,0.26829000000000003,100.0,0.0,0.0,0.0,0.0,0.0,0.05,0.045000000000000005,0.45,0.14,0.126,1.2600000000000002,0.62,0.558,5.58,0.00271,0.05,0.14,0.62
frdm,ag146,146Ag,47,99,146,47146,0.00254,0.0025146,0.25146,100.0,0.0,0.0,0.0,0.0,0.0,0.02,0.018000000000000002,0.18000000000000002,0.19,0.171,1.71,0.24,0.216,2.16,0.00254,0.02,0.19,0.24
frdm,ag147,147Ag,47,100,147,47147,0.00211,0.0020889,0.20889,100.0,0.0,0.0,0.0,0.0,0.0,0.04,0.036000000000000004,0.36000000000000004,0.08,0.07200000000000001,0.7200000000000001,0.56,0.504,5.040000000000001,0.00211,0.04,0.08,0.56
frdm,ag148,148Ag,47,101,148,47148,0.00187,0.0018513,0.18513,100.0,0.0,0.0,0.0,0.0,0.0,0.01,0.009000000000000001,0.09000000000000001,0.13,0.117,1.17,0.17,0.15300000000000002,1.5300000000000002,0.00187,0.01,0.13,0.17
frdm,ag149,149Ag,47,102,149,47149,0.00158,0.0015642,0.15642,100.0,0.0,0.0,0.0,0.0,0.0,0.02,0.018000000000000002,0.18000000000000002,0.05,0.045000000000000005,0.45,0.42,0.378,3.7800000000000002,0.00158,0.02,0.05,0.42
frdm,ag151,151Ag,47,104,151,47151,0.00136,0.0013464000000000002,0.13464,100.0,0.0,0.0,0.0,0.0,0.0,0.02,0.018000000000000002,0.18000000000000002,0.01,0.009000000000000001,0.09000000000000001,0.23,0.20700000000000002,2.0700000000000003,0.00136,0.02,0.01,0.23
frdm,ag153,153Ag,47,106,153,47153,0.00114,0.0011286,0.11285999999999999,100.0,0.0,0.0,0.0,0.0,0.0,0.02,0.018000000000000002,0.18000000000000002,0.0,0.0,0.0,0.11,0.099,0.9900000000000001,0.00114,0.02,0.0,0.11
frdm,ag155,155Ag,47,108,155,47155,0.00095,0.0009405,0.09405,100.0,0.0,0.0,0.0,0.0,0.0,0.02,0.018000000000000002,0.18000000000000002,0.0,0.0,0.0,0.05,0.045000000000000005,0.45,0.00095,0.02,0.0,0.05
frdm,cd135,135Cd,48,87,135,48135,0.1248,0.123552,12.355199999999998,100.0,0.0,0.0,0.0,0.0,0.0,0.26,0.234,2.34,0.52,0.468,4.68,0.02,0.018000000000000002,0.18000000000000002,0.1248,0.26,0.52,0.02
frdm,cd136,136Cd,48,88,136,48136,0.07763,0.07685370000000001,7.685370000000001,100.0,0.0,0.0,0.0,0.0,0.0,0.54,0.48600000000000004,4.86,0.3,0.27,2.7,0.04,0.036000000000000004,0.36000000000000004,0.07763,0.54,0.3,0.04
frdm,cd137,137Cd,48,89,137,48137,0.06669,0.0660231,6.602309999999999,100.0,0.0,0.0,0.0,0.0,0.0,0.21,0.189,1.8900000000000001,0.6,0.54,5.4,0.08,0.07200000000000001,0.7200000000000001,0.06669,0.21,0.6,0.08
frdm,cd138,138Cd,48,90,138,48138,0.01834,0.0181566,1.8156599999999998,100.0,0.0,0.0,0.0,0.0,0.0,0.72,0.648,6.4799999999999995,0.21,0.189,1.8900000000000001,0.04,0.036000000000000004,0.36000000000000004,0.01834,0.72,0.21,0.04
frdm,cd139,139Cd,48,91,139,48139,0.01332,0.0131868,1.31868,100.0,0.0,0.0,0.0,0.0,0.0,0.25,0.225,2.25,0.66,0.5940000000000001,5.94,0.05,0.045000000000000005,0.45,0.01332,0.25,0.66,0.05
frdm,cd140,140Cd,48,92,140,48140,0.01111,0.0109989,1.09989,100.0,0.0,0.0,0.0,0.0,0.0,0.67,0.603,6.03,0.24,0.216,2.16,0.07,0.063,0.6300000000000001,0.01111,0.67,0.24,0.07
frdm,cd141,141Cd,48,93,141,48141,0.00751,0.0074349,0.74349,100.0,0.0,0.0,0.0,0.0,0.0,0.15,0.135,1.35,0.73,0.657,6.57,0.07,0.063,0.6300000000000001,0.00751,0.15,0.73,0.07
frdm,cd142,142Cd,48,94,142,48142,0.00606,0.0059994,0.59994,100.0,0.0,0.0,0.0,0.0,0.0,0.59,0.5309999999999999,5.31,0.29,0.261,2.61,0.1,0.09000000000000001,0.9,0.00606,0.59,0.29,0.1
frdm,cd143,143Cd,48,95,143,48143,0.00443,0.0043857,0.43857,100.0,0.0,0.0,0.0,0.0,0.0,0.23,0.20700000000000002,2.0700000000000003,0.64,0.5760000000000001,5.760000000000001,0.07,0.063,0.6300000000000001,0.00443,0.23,0.64,0.07
frdm,cd144,144Cd,48,96,144,48144,0.00581,0.0057519,0.57519,100.0,0.0,0.0,0.0,0.0,0.0,0.43,0.387,3.8699999999999997,0.37,0.333,3.33,0.18,0.162,1.6199999999999999,0.00581,0.43,0.37,0.18
frdm,cd145,145Cd,48,97,145,48145,0.00513,0.0050787,0.50787,100.0,0.0,0.0,0.0,0.0,0.0,0.09,0.081,0.8099999999999999,0.67,0.603,6.03,0.15,0.135,1.35,0.00513,0.09,0.67,0.15
frdm,cd146,146Cd,48,98,146,48146,0.00397,0.003930299999999999,0.39303,100.0,0.0,0.0,0.0,0.0,0.0,0.44,0.396,3.9600000000000004,0.25,0.225,2.25,0.26,0.234,2.34,0.00397,0.44,0.25,0.26
frdm,cd147,147Cd,48,99,147,48147,0.00345,0.0034155,0.34154999999999996,100.0,0.0,0.0,0.0,0.0,0.0,0.12,0.108,1.08,0.6,0.54,5.4,0.12,0.108,1.08,0.00345,0.12,0.6,0.12
frdm,cd148,148Cd,48,100,148,48148,0.003,0.00297,0.297,100.0,0.0,0.0,0.0,0.0,0.0,0.29,0.261,2.61,0.42,0.378,3.7800000000000002,0.24,0.216,2.16,0.003,0.29,0.42,0.24
frdm,cd149,149Cd,48,101,149,48149,0.00256,0.0025344,0.25344,100.0,0.0,0.0,0.0,0.0,0.0,0.09,0.081,0.8099999999999999,0.5,0.45,4.5,0.28,0.252,2.5200000000000005,0.00256,0.09,0.5,0.28
frdm,cd150,150Cd,48,102,150,48150,0.0024,0.0023759999999999996,0.23759999999999998,100.0,0.0,0.0,0.0,0.0,0.0,0.19,0.171,1.71,0.32,0.28800000000000003,2.8800000000000003,0.39,0.35100000000000003,3.5100000000000002,0.0024,0.19,0.32,0.39
frdm,cd152,152Cd,48,104,152,48152,0.0019,0.001881,0.1881,100.0,0.0,0.0,0.0,0.0,0.0,0.11,0.099,0.9900000000000001,0.18,0.162,1.6199999999999999,0.54,0.48600000000000004,4.86,0.0019,0.11,0.18,0.54
frdm,cd154,154Cd,48,106,154,48154,0.00147,0.0014552999999999999,0.14553,100.0,0.0,0.0,0.0,0.0,0.0,0.05,0.045000000000000005,0.45,0.06,0.054,0.54,0.55,0.49500000000000005,4.95,0.00147,0.05,0.06,0.55
frdm,cd156,156Cd,48,108,156,48156,0.0012,0.0011879999999999998,0.11879999999999999,100.0,0.0,0.0,0.0,0.0,0.0,0.03,0.027,0.27,0.02,0.018000000000000002,0.18000000000000002,0.39,0.35100000000000003,3.5100000000000002,0.0012,0.03,0.02,0.39
frdm,cd158,158Cd,48,110,158,48158,0.00104,0.0010295999999999999,0.10296,100.0,0.0,0.0,0.0,0.0,0.0,0.02,0.018000000000000002,0.18000000000000002,0.0,0.0,0.0,0.24,0.216,2.16,0.00104,0.02,0.0,0.24
frdm,in138,138In,49,89,138,49138,0.03413,0.0337887,3.37887,100.0,0.0,0.0,0.0,0.0,0.0,0.14,0.126,1.2600000000000002,0.77,0.6930000000000001,6.93,0.04,0.036000000000000004,0.36000000000000004,0.03413,0.14,0.77,0.04
frdm,in139,139In,49,90,139,49139,0.0233,0.023067,2.3067,100.0,0.0,0.0,0.0,0.0,0.0,0.4,0.36000000000000004,3.6,0.51,0.459,4.59,0.07,0.063,0.6300000000000001,0.0233,0.4,0.51,0.07
frdm,in140,140In,49,91,140,49140,0.00684,0.0067716,0.67716,100.0,0.0,0.0,0.0,0.0,0.0,0.31,0.279,2.79,0.64,0.5760000000000001,5.760000000000001,0.03,0.027,0.27,0.00684,0.31,0.64,0.03
frdm,in141,141In,49,92,141,49141,0.00971,0.0096129,0.96129,100.0,0.0,0.0,0.0,0.0,0.0,0.38,0.342,3.42,0.53,0.47700000000000004,4.7700000000000005,0.08,0.07200000000000001,0.7200000000000001,0.00971,0.38,0.53,0.08
frdm,in142,142In,49,93,142,49142,0.00535,0.0052965,0.52965,100.0,0.0,0.0,0.0,0.0,0.0,0.13,0.117,1.17,0.79,0.7110000000000001,7.11,0.05,0.045000000000000005,0.45,0.00535,0.13,0.79,0.05
frdm,in143,143In,49,94,143,49143,0.00655,0.006484500000000001,0.64845,100.0,0.0,0.0,0.0,0.0,0.0,0.31,0.279,2.79,0.53,0.47700000000000004,4.7700000000000005,0.14,0.126,1.2600000000000002,0.00655,0.31,0.53,0.14
frdm,in144,144In,49,95,144,49144,0.0047,0.004653,0.46530000000000005,100.0,0.0,0.0,0.0,0.0,0.0,0.08,0.07200000000000001,0.7200000000000001,0.73,0.657,6.57,0.12,0.108,1.08,0.0047,0.08,0.73,0.12
frdm,in145,145In,49,96,145,49145,0.00639,0.006326099999999999,0.63261,100.0,0.0,0.0,0.0,0.0,0.0,0.18,0.162,1.6199999999999999,0.4,0.36000000000000004,3.6,0.38,0.342,3.42,0.00639,0.18,0.4,0.38
frdm,in146,146In,49,97,146,49146,0.00518,0.005128199999999999,0.51282,100.0,0.0,0.0,0.0,0.0,0.0,0.02,0.018000000000000002,0.18000000000000002,0.65,0.585,5.85,0.23,0.20700000000000002,2.0700000000000003,0.00518,0.02,0.65,0.23
frdm,in147,147In,49,98,147,49147,0.00404,0.0039996,0.39996000000000004,100.0,0.0,0.0,0.0,0.0,0.0,0.23,0.20700000000000002,2.0700000000000003,0.28,0.252,2.5200000000000005,0.44,0.396,3.9600000000000004,0.00404,0.23,0.28,0.44
frdm,in148,148In,49,99,148,49148,0.00361,0.0035739,0.35739,100.0,0.0,0.0,0.0,0.0,0.0,0.07,0.063,0.6300000000000001,0.58,0.522,5.22,0.18,0.162,1.6199999999999999,0.00361,0.07,0.58,0.18
frdm,in149,149In,49,100,149,49149,0.00328,0.0032472,0.32472,100.0,0.0,0.0,0.0,0.0,0.0,0.11,0.099,0.9900000000000001,0.36,0.324,3.2399999999999998,0.48,0.432,4.32,0.00328,0.11,0.36,0.48
frdm,in150,150In,49,101,150,49150,0.00322,0.0031878,0.31878,100.0,0.0,0.0,0.0,0.0,0.0,0.03,0.027,0.27,0.37,0.333,3.33,0.38,0.342,3.42,0.00322,0.03,0.37,0.38
frdm,in151,151In,49,102,151,49151,0.00302,0.0029898,0.29897999999999997,100.0,0.0,0.0,0.0,0.0,0.0,0.07,0.063,0.6300000000000001,0.18,0.162,1.6199999999999999,0.61,0.5489999999999999,5.489999999999999,0.00302,0.07,0.18,0.61
frdm,in152,152In,49,103,152,49152,0.00263,0.0026037,0.26037,100.0,0.0,0.0,0.0,0.0,0.0,0.01,0.009000000000000001,0.09000000000000001,0.2,0.18000000000000002,1.8,0.31,0.279,2.79,0.00263,0.01,0.2,0.31
frdm,in153,153In,49,104,153,49153,0.0023,0.002277,0.22769999999999999,100.0,0.0,0.0,0.0,0.0,0.0,0.04,0.036000000000000004,0.36000000000000004,0.1,0.09000000000000001,0.9,0.58,0.522,5.22,0.0023,0.04,0.1,0.58
frdm,in154,154In,49,105,154,49154,0.00175,0.0017325,0.17325000000000002,100.0,0.0,0.0,0.0,0.0,0.0,0.01,0.009000000000000001,0.09000000000000001,0.13,0.117,1.17,0.22,0.198,1.9800000000000002,0.00175,0.01,0.13,0.22
frdm,in155,155In,49,106,155,49155,0.00175,0.0017325,0.17325000000000002,100.0,0.0,0.0,0.0,0.0,0.0,0.03,0.027,0.27,0.03,0.027,0.27,0.44,0.396,3.9600000000000004,0.00175,0.03,0.03,0.44
frdm,in157,157In,49,108,157,49157,0.00144,0.0014256000000000002,0.14256000000000002,100.0,0.0,0.0,0.0,0.0,0.0,0.02,0.018000000000000002,0.18000000000000002,0.01,0.009000000000000001,0.09000000000000001,0.25,0.225,2.25,0.00144,0.02,0.01,0.25
frdm,in159,159In,49,110,159,49159,0.0012,0.0011879999999999998,0.11879999999999999,100.0,0.0,0.0,0.0,0.0,0.0,0.01,0.009000000000000001,0.09000000000000001,0.0,0.0,0.0,0.14,0.126,1.2600000000000002,0.0012,0.01,0.0,0.14
frdm,in161,161In,49,112,161,49161,0.00094,0.0009306,0.09306,100.0,0.0,0.0,0.0,0.0,0.0,0.01,0.009000000000000001,0.09000000000000001,0.0,0.0,0.0,0.08,0.07200000000000001,0.7200000000000001,0.00094,0.01,0.0,0.08
frdm,sn140,140Sn,50,90,140,50140,0.06821,0.0675279,6.752790000000001,100.0,0.0,0.0,0.0,0.0,0.0,0.87,0.783,7.829999999999999,0.02,0.018000000000000002,0.18000000000000002,0.0,0.0,0.0,0.06821,0.87,0.02,0.0
frdm,sn141,141Sn,50,91,141,50141,0.01169,0.011573100000000001,1.15731,100.0,0.0,0.0,0.0,0.0,0.0,0.16,0.14400000000000002,1.4400000000000002,0.03,0.027,0.27,0.0,0.0,0.0,0.01169,0.16,0.03,0.0
frdm,sn142,142Sn,50,92,142,50142,0.02386,0.0236214,2.36214,100.0,0.0,0.0,0.0,0.0,0.0,0.9,0.81,8.1,0.04,0.036000000000000004,0.36000000000000004,0.0,0.0,0.0,0.02386,0.9,0.04,0.0
frdm,sn143,143Sn,50,93,143,50143,0.02105,0.0208395,2.08395,100.0,0.0,0.0,0.0,0.0,0.0,0.82,0.738,7.379999999999999,0.14,0.126,1.2600000000000002,0.0,0.0,0.0,0.02105,0.82,0.14,0.0
frdm,sn144,144Sn,50,94,144,50144,0.01462,0.014473799999999998,1.4473799999999999,100.0,0.0,0.0,0.0,0.0,0.0,0.93,0.8370000000000001,8.370000000000001,0.04,0.036000000000000004,0.36000000000000004,0.01,0.009000000000000001,0.09000000000000001,0.01462,0.93,0.04,0.01
frdm,sn145,145Sn,50,95,145,50145,0.00913,0.009038699999999998,0.90387,100.0,0.0,0.0,0.0,0.0,0.0,0.56,0.504,5.040000000000001,0.3,0.27,2.7,0.01,0.009000000000000001,0.09000000000000001,0.00913,0.56,0.3,0.01
frdm,sn146,146Sn,50,96,146,50146,0.01051,0.0104049,1.04049,100.0,0.0,0.0,0.0,0.0,0.0,0.81,0.7290000000000001,7.290000000000001,0.1,0.09000000000000001,0.9,0.02,0.018000000000000002,0.18000000000000002,0.01051,0.81,0.1,0.02
frdm,sn147,147Sn,50,97,147,50147,0.00978,0.0096822,0.9682200000000001,100.0,0.0,0.0,0.0,0.0,0.0,0.5,0.45,4.5,0.43,0.387,3.8699999999999997,0.02,0.018000000000000002,0.18000000000000002,0.00978,0.5,0.43,0.02
frdm,sn148,148Sn,50,98,148,50148,0.0065,0.006435,0.6435000000000001,100.0,0.0,0.0,0.0,0.0,0.0,0.77,0.6930000000000001,6.93,0.11,0.099,0.9900000000000001,0.03,0.027,0.27,0.0065,0.77,0.11,0.03
frdm,sn149,149Sn,50,99,149,50149,0.00507,0.0050193,0.50193,100.0,0.0,0.0,0.0,0.0,0.0,0.39,0.35100000000000003,3.5100000000000002,0.45,0.405,4.05,0.04,0.036000000000000004,0.36000000000000004,0.00507,0.39,0.45,0.04
frdm,sn150,150Sn,50,100,150,50150,0.00486,0.0048113999999999995,0.48114,100.0,0.0,0.0,0.0,0.0,0.0,0.65,0.585,5.85,0.24,0.216,2.16,0.06,0.054,0.54,0.00486,0.65,0.24,0.06
frdm,sn151,151Sn,50,101,151,50151,0.00401,0.003969899999999999,0.39698999999999995,100.0,0.0,0.0,0.0,0.0,0.0,0.25,0.225,2.25,0.6,0.54,5.4,0.06,0.054,0.54,0.00401,0.25,0.6,0.06
frdm,sn152,152Sn,50,102,152,50152,0.00386,0.0038214,0.38214000000000004,100.0,0.0,0.0,0.0,0.0,0.0,0.51,0.459,4.59,0.34,0.30600000000000005,3.0600000000000005,0.11,0.099,0.9900000000000001,0.00386,0.51,0.34,0.11
frdm,sn153,153Sn,50,103,153,50153,0.00342,0.0033858,0.33858,100.0,0.0,0.0,0.0,0.0,0.0,0.15,0.135,1.35,0.67,0.603,6.03,0.11,0.099,0.9900000000000001,0.00342,0.15,0.67,0.11
frdm,sn154,154Sn,50,104,154,50154,0.00289,0.0028611,0.28611000000000003,100.0,0.0,0.0,0.0,0.0,0.0,0.35,0.315,3.15,0.41,0.369,3.6899999999999995,0.19,0.171,1.71,0.00289,0.35,0.41,0.19
frdm,sn155,155Sn,50,105,155,50155,0.0023,0.002277,0.22769999999999999,100.0,0.0,0.0,0.0,0.0,0.0,0.11,0.099,0.9900000000000001,0.57,0.5129999999999999,5.129999999999999,0.22,0.198,1.9800000000000002,0.0023,0.11,0.57,0.22
frdm,sn156,156Sn,50,106,156,50156,0.0023,0.002277,0.22769999999999999,100.0,0.0,0.0,0.0,0.0,0.0,0.18,0.162,1.6199999999999999,0.34,0.30600000000000005,3.0600000000000005,0.39,0.35100000000000003,3.5100000000000002,0.0023,0.18,0.34,0.39
frdm,sn158,158Sn,50,108,158,50158,0.00195,0.0019305,0.19304999999999997,100.0,0.0,0.0,0.0,0.0,0.0,0.08,0.07200000000000001,0.7200000000000001,0.2,0.18000000000000002,1.8,0.58,0.522,5.22,0.00195,0.08,0.2,0.58
frdm,sn160,160Sn,50,110,160,50160,0.00158,0.0015642,0.15642,100.0,0.0,0.0,0.0,0.0,0.0,0.06,0.054,0.54,0.1,0.09000000000000001,0.9,0.58,0.522,5.22,0.00158,0.06,0.1,0.58
frdm,sn162,162Sn,50,112,162,50162,0.00122,0.0012078,0.12078,100.0,0.0,0.0,0.0,0.0,0.0,0.03,0.027,0.27,0.05,0.045000000000000005,0.45,0.58,0.522,5.22,0.00122,0.03,0.05,0.58
frdm,sn164,164Sn,50,114,164,50164,0.00101,0.0009999,0.09999000000000001,100.0,0.0,0.0,0.0,0.0,0.0,0.02,0.018000000000000002,0.18000000000000002,0.02,0.018000000000000002,0.18000000000000002,0.51,0.459,4.59,0.00101,0.02,0.02,0.51
frdm,sb143,143Sb,51,92,143,51143,0.03171,0.0313929,3.1392900000000004,100.0,0.0,0.0,0.0,0.0,0.0,0.95,0.855,8.55,0.03,0.027,0.27,0.0,0.0,0.0,0.03171,0.95,0.03,0.0
frdm,sb144,144Sb,51,93,144,51144,0.02099,0.020780100000000003,2.0780100000000004,100.0,0.0,0.0,0.0,0.0,0.0,0.61,0.5489999999999999,5.489999999999999,0.35,0.315,3.15,0.0,0.0,0.0,0.02099,0.61,0.35,0.0
frdm,sb145,145Sb,51,94,145,51145,0.01889,0.018701100000000002,1.87011,100.0,0.0,0.0,0.0,0.0,0.0,0.89,0.801,8.01,0.08,0.07200000000000001,0.7200000000000001,0.01,0.009000000000000001,0.09000000000000001,0.01889,0.89,0.08,0.01
frdm,sb146,146Sb,51,95,146,51146,0.01018,0.010078199999999999,1.00782,100.0,0.0,0.0,0.0,0.0,0.0,0.53,0.47700000000000004,4.7700000000000005,0.43,0.387,3.8699999999999997,0.01,0.009000000000000001,0.09000000000000001,0.01018,0.53,0.43,0.01
frdm,sb147,147Sb,51,96,147,51147,0.00986,0.0097614,0.9761400000000001,100.0,0.0,0.0,0.0,0.0,0.0,0.82,0.738,7.379999999999999,0.15,0.135,1.35,0.02,0.018000000000000002,0.18000000000000002,0.00986,0.82,0.15,0.02
frdm,sb148,148Sb,51,97,148,51148,0.00926,0.0091674,0.9167399999999999,100.0,0.0,0.0,0.0,0.0,0.0,0.36,0.324,3.2399999999999998,0.6,0.54,5.4,0.02,0.018000000000000002,0.18000000000000002,0.00926,0.36,0.6,0.02
frdm,sb149,149Sb,51,98,149,51149,0.00785,0.0077715,0.7771499999999999,100.0,0.0,0.0,0.0,0.0,0.0,0.65,0.585,5.85,0.3,0.27,2.7,0.04,0.036000000000000004,0.36000000000000004,0.00785,0.65,0.3,0.04
frdm,sb150,150Sb,51,99,150,51150,0.0059,0.005841,0.5841,100.0,0.0,0.0,0.0,0.0,0.0,0.18,0.162,1.6199999999999999,0.71,0.639,6.39,0.05,0.045000000000000005,0.45,0.0059,0.18,0.71,0.05
frdm,sb151,151Sb,51,100,151,51151,0.00567,0.0056133,0.56133,100.0,0.0,0.0,0.0,0.0,0.0,0.42,0.378,3.7800000000000002,0.47,0.423,4.2299999999999995,0.1,0.09000000000000001,0.9,0.00567,0.42,0.47,0.1
frdm,sb152,152Sb,51,101,152,51152,0.00452,0.0044748,0.44747999999999993,100.0,0.0,0.0,0.0,0.0,0.0,0.12,0.108,1.08,0.74,0.666,6.66,0.1,0.09000000000000001,0.9,0.00452,0.12,0.74,0.1
frdm,sb153,153Sb,51,102,153,51153,0.00445,0.0044055,0.44055,100.0,0.0,0.0,0.0,0.0,0.0,0.25,0.225,2.25,0.47,0.423,4.2299999999999995,0.25,0.225,2.25,0.00445,0.25,0.47,0.25
frdm,sb154,154Sb,51,103,154,51154,0.0038,0.003762,0.3762,100.0,0.0,0.0,0.0,0.0,0.0,0.04,0.036000000000000004,0.36000000000000004,0.67,0.603,6.03,0.22,0.198,1.9800000000000002,0.0038,0.04,0.67,0.22
frdm,sb155,155Sb,51,104,155,51155,0.00326,0.0032274,0.32274,100.0,0.0,0.0,0.0,0.0,0.0,0.15,0.135,1.35,0.39,0.35100000000000003,3.5100000000000002,0.42,0.378,3.7800000000000002,0.00326,0.15,0.39,0.42
frdm,sb156,156Sb,51,105,156,51156,0.00271,0.0026829,0.26829000000000003,100.0,0.0,0.0,0.0,0.0,0.0,0.03,0.027,0.27,0.49,0.441,4.41,0.33,0.29700000000000004,2.97,0.00271,0.03,0.49,0.33
frdm,sb157,157Sb,51,106,157,51157,0.00257,0.0025442999999999998,0.25443,100.0,0.0,0.0,0.0,0.0,0.0,0.06,0.054,0.54,0.22,0.198,1.9800000000000002,0.64,0.5760000000000001,5.760000000000001,0.00257,0.06,0.22,0.64
frdm,sb158,158Sb,51,107,158,51158,0.00254,0.0025146,0.25146,100.0,0.0,0.0,0.0,0.0,0.0,0.01,0.009000000000000001,0.09000000000000001,0.21,0.189,1.8900000000000001,0.34,0.30600000000000005,3.0600000000000005,0.00254,0.01,0.21,0.34
frdm,sb159,159Sb,51,108,159,51159,0.00206,0.0020394000000000002,0.20394,100.0,0.0,0.0,0.0,0.0,0.0,0.03,0.027,0.27,0.09,0.081,0.8099999999999999,0.68,0.6120000000000001,6.120000000000001,0.00206,0.03,0.09,0.68
frdm,sb160,160Sb,51,109,160,51160,0.00184,0.0018216,0.18216,100.0,0.0,0.0,0.0,0.0,0.0,0.01,0.009000000000000001,0.09000000000000001,0.12,0.108,1.08,0.22,0.198,1.9800000000000002,0.00184,0.01,0.12,0.22
frdm,sb161,161Sb,51,110,161,51161,0.00179,0.0017721,0.17720999999999998,100.0,0.0,0.0,0.0,0.0,0.0,0.02,0.018000000000000002,0.18000000000000002,0.03,0.027,0.27,0.57,0.5129999999999999,5.129999999999999,0.00179,0.02,0.03,0.57
frdm,sb162,162Sb,51,111,162,51162,0.00174,0.0017226,0.17226,100.0,0.0,0.0,0.0,0.0,0.0,0.01,0.009000000000000001,0.09000000000000001,0.07,0.063,0.6300000000000001,0.1,0.09000000000000001,0.9,0.00174,0.01,0.07,0.1
frdm,sb163,163Sb,51,112,163,51163,0.00134,0.0013266,0.13266,100.0,0.0,0.0,0.0,0.0,0.0,0.02,0.018000000000000002,0.18000000000000002,0.02,0.018000000000000002,0.18000000000000002,0.4,0.36000000000000004,3.6,0.00134,0.02,0.02,0.4
frdm,sb164,164Sb,51,113,164,51164,0.00142,0.0014058,0.14058,100.0,0.0,0.0,0.0,0.0,0.0,0.0,0.0,0.0,0.04,0.036000000000000004,0.36000000000000004,0.04,0.036000000000000004,0.36000000000000004,0.00142,0.0,0.04,0.04
frdm,sb165,165Sb,51,114,165,51165,0.00116,0.0011484,0.11484000000000001,100.0,0.0,0.0,0.0,0.0,0.0,0.01,0.009000000000000001,0.09000000000000001,0.01,0.009000000000000001,0.09000000000000001,0.27,0.24300000000000002,2.43,0.00116,0.01,0.01,0.27
frdm,sb167,167Sb,51,116,167,51167,0.00095,0.0009405,0.09405,100.0,0.0,0.0,0.0,0.0,0.0,0.01,0.009000000000000001,0.09000000000000001,0.0,0.0,0.0,0.23,0.20700000000000002,2.0700000000000003,0.00095,0.01,0.0,0.23
frdm,te145,145Te,52,93,145,52145,0.02439,0.0241461,2.41461,100.0,0.0,0.0,0.0,0.0,0.0,0.21,0.189,1.8900000000000001,0.01,0.009000000000000001,0.09000000000000001,0.0,0.0,0.0,0.02439,0.21,0.01,0.0
frdm,te146,146Te,52,94,146,52146,0.03276,0.0324324,3.2432399999999997,100.0,0.0,0.0,0.0,0.0,0.0,0.43,0.387,3.8699999999999997,0.0,0.0,0.0,0.0,0.0,0.0,0.03276,0.43,0.0,0.0
frdm,te147,147Te,52,95,147,52147,0.02069,0.0204831,2.04831,100.0,0.0,0.0,0.0,0.0,0.0,0.32,0.28800000000000003,2.8800000000000003,0.02,0.018000000000000002,0.18000000000000002,0.0,0.0,0.0,0.02069,0.32,0.02,0.0
frdm,te148,148Te,52,96,148,52148,0.0225,0.022275,2.2275,100.0,0.0,0.0,0.0,0.0,0.0,0.58,0.522,5.22,0.01,0.009000000000000001,0.09000000000000001,0.0,0.0,0.0,0.0225,0.58,0.01,0.0
frdm,te149,149Te,52,97,149,52149,0.01953,0.0193347,1.9334699999999998,100.0,0.0,0.0,0.0,0.0,0.0,0.66,0.5940000000000001,5.94,0.07,0.063,0.6300000000000001,0.0,0.0,0.0,0.01953,0.66,0.07,0.0
frdm,te150,150Te,52,98,150,52150,0.01494,0.014790600000000001,1.47906,100.0,0.0,0.0,0.0,0.0,0.0,0.76,0.684,6.84,0.03,0.027,0.27,0.0,0.0,0.0,0.01494,0.76,0.03,0.0
frdm,te151,151Te,52,99,151,52151,0.01098,0.0108702,1.08702,100.0,0.0,0.0,0.0,0.0,0.0,0.65,0.585,5.85,0.14,0.126,1.2600000000000002,0.0,0.0,0.0,0.01098,0.65,0.14,0.0
frdm,te152,152Te,52,100,152,52152,0.00967,0.0095733,0.95733,100.0,0.0,0.0,0.0,0.0,0.0,0.81,0.7290000000000001,7.290000000000001,0.05,0.045000000000000005,0.45,0.01,0.009000000000000001,0.09000000000000001,0.00967,0.81,0.05,0.01
frdm,te153,153Te,52,101,153,52153,0.00753,0.0074547,0.74547,100.0,0.0,0.0,0.0,0.0,0.0,0.53,0.47700000000000004,4.7700000000000005,0.3,0.27,2.7,0.01,0.009000000000000001,0.09000000000000001,0.00753,0.53,0.3,0.01
frdm,te154,154Te,52,102,154,52154,0.00757,0.007494300000000001,0.74943,100.0,0.0,0.0,0.0,0.0,0.0,0.76,0.684,6.84,0.12,0.108,1.08,0.02,0.018000000000000002,0.18000000000000002,0.00757,0.76,0.12,0.02
frdm,te155,155Te,52,103,155,52155,0.00622,0.0061578,0.61578,100.0,0.0,0.0,0.0,0.0,0.0,0.42,0.378,3.7800000000000002,0.48,0.432,4.32,0.03,0.027,0.27,0.00622,0.42,0.48,0.03
frdm,te156,156Te,52,104,156,52156,0.00517,0.0051183,0.51183,100.0,0.0,0.0,0.0,0.0,0.0,0.68,0.6120000000000001,6.120000000000001,0.22,0.198,1.9800000000000002,0.04,0.036000000000000004,0.36000000000000004,0.00517,0.68,0.22,0.04
frdm,te157,157Te,52,105,157,52157,0.00377,0.0037323,0.37323,100.0,0.0,0.0,0.0,0.0,0.0,0.33,0.29700000000000004,2.97,0.57,0.5129999999999999,5.129999999999999,0.05,0.045000000000000005,0.45,0.00377,0.33,0.57,0.05
frdm,te158,158Te,52,106,158,52158,0.00395,0.003910500000000001,0.39105,100.0,0.0,0.0,0.0,0.0,0.0,0.47,0.423,4.2299999999999995,0.42,0.378,3.7800000000000002,0.08,0.07200000000000001,0.7200000000000001,0.00395,0.47,0.42,0.08
frdm,te159,159Te,52,107,159,52159,0.00348,0.0034452,0.34452,100.0,0.0,0.0,0.0,0.0,0.0,0.13,0.117,1.17,0.69,0.621,6.209999999999999,0.13,0.117,1.17,0.00348,0.13,0.69,0.13
frdm,te160,160Te,52,108,160,52160,0.00314,0.0031086,0.31086,100.0,0.0,0.0,0.0,0.0,0.0,0.29,0.261,2.61,0.47,0.423,4.2299999999999995,0.19,0.171,1.71,0.00314,0.29,0.47,0.19
frdm,te161,161Te,52,109,161,52161,0.00271,0.0026829,0.26829000000000003,100.0,0.0,0.0,0.0,0.0,0.0,0.05,0.045000000000000005,0.45,0.59,0.5309999999999999,5.31,0.26,0.234,2.34,0.00271,0.05,0.59,0.26
frdm,te162,162Te,52,110,162,52162,0.00245,0.0024254999999999997,0.24255,100.0,0.0,0.0,0.0,0.0,0.0,0.19,0.171,1.71,0.41,0.369,3.6899999999999995,0.33,0.29700000000000004,2.97,0.00245,0.19,0.41,0.33
frdm,te163,163Te,52,111,163,52163,0.00215,0.0021285,0.21284999999999998,100.0,0.0,0.0,0.0,0.0,0.0,0.04,0.036000000000000004,0.36000000000000004,0.45,0.405,4.05,0.33,0.29700000000000004,2.97,0.00215,0.04,0.45,0.33
frdm,te164,164Te,52,112,164,52164,0.00177,0.0017523,0.17523000000000002,100.0,0.0,0.0,0.0,0.0,0.0,0.11,0.099,0.9900000000000001,0.3,0.27,2.7,0.49,0.441,4.41,0.00177,0.11,0.3,0.49
frdm,te166,166Te,52,114,166,52166,0.00163,0.0016137,0.16137,100.0,0.0,0.0,0.0,0.0,0.0,0.07,0.063,0.6300000000000001,0.19,0.171,1.71,0.61,0.5489999999999999,5.489999999999999,0.00163,0.07,0.19,0.61
frdm,te168,168Te,52,116,168,52168,0.00123,0.0012177,0.12177,100.0,0.0,0.0,0.0,0.0,0.0,0.05,0.045000000000000005,0.45,0.15,0.135,1.35,0.65,0.585,5.85,0.00123,0.05,0.15,0.65
frdm,te170,170Te,52,118,170,52170,0.00117,0.0011583000000000001,0.11583,100.0,0.0,0.0,0.0,0.0,0.0,0.04,0.036000000000000004,0.36000000000000004,0.14,0.126,1.2600000000000002,0.62,0.558,5.58,0.00117,0.04,0.14,0.62
frdm,i147,147I,53,94,147,53147,0.04811,0.0476289,4.76289,100.0,0.0,0.0,0.0,0.0,0.0,0.9,0.81,8.1,0.01,0.009000000000000001,0.09000000000000001,0.0,0.0,0.0,0.04811,0.9,0.01,0.0
frdm,i148,148I,53,95,148,53148,0.02648,0.0262152,2.6215200000000003,100.0,0.0,0.0,0.0,0.0,0.0,0.74,0.666,6.66,0.05,0.045000000000000005,0.45,0.0,0.0,0.0,0.02648,0.74,0.05,0.0
frdm,i149,149I,53,96,149,53149,0.03063,0.030323700000000002,3.0323700000000002,100.0,0.0,0.0,0.0,0.0,0.0,0.94,0.846,8.459999999999999,0.02,0.018000000000000002,0.18000000000000002,0.0,0.0,0.0,0.03063,0.94,0.02,0.0
frdm,i150,150I,53,97,150,53150,0.02605,0.0257895,2.57895,100.0,0.0,0.0,0.0,0.0,0.0,0.72,0.648,6.4799999999999995,0.23,0.20700000000000002,2.0700000000000003,0.0,0.0,0.0,0.02605,0.72,0.23,0.0
frdm,i151,151I,53,98,151,53151,0.02039,0.0201861,2.01861,100.0,0.0,0.0,0.0,0.0,0.0,0.91,0.8190000000000001,8.19,0.06,0.054,0.54,0.0,0.0,0.0,0.02039,0.91,0.06,0.0
frdm,i152,152I,53,99,152,53152,0.01532,0.015166800000000001,1.51668,100.0,0.0,0.0,0.0,0.0,0.0,0.5,0.45,4.5,0.39,0.35100000000000003,3.5100000000000002,0.0,0.0,0.0,0.01532,0.5,0.39,0.0
frdm,i153,153I,53,100,153,53153,0.0125,0.012375,1.2375,100.0,0.0,0.0,0.0,0.0,0.0,0.84,0.756,7.5600000000000005,0.13,0.117,1.17,0.01,0.009000000000000001,0.09000000000000001,0.0125,0.84,0.13,0.01
frdm,i154,154I,53,101,154,53154,0.01027,0.010167299999999999,1.01673,100.0,0.0,0.0,0.0,0.0,0.0,0.37,0.333,3.33,0.55,0.49500000000000005,4.95,0.02,0.018000000000000002,0.18000000000000002,0.01027,0.37,0.55,0.02
frdm,i155,155I,53,102,155,53155,0.00991,0.009810900000000001,0.98109,100.0,0.0,0.0,0.0,0.0,0.0,0.62,0.558,5.58,0.32,0.28800000000000003,2.8800000000000003,0.04,0.036000000000000004,0.36000000000000004,0.00991,0.62,0.32,0.04
frdm,i156,156I,53,103,156,53156,0.0081,0.008019,0.8019,100.0,0.0,0.0,0.0,0.0,0.0,0.26,0.234,2.34,0.67,0.603,6.03,0.04,0.036000000000000004,0.36000000000000004,0.0081,0.26,0.67,0.04
frdm,i157,157I,53,104,157,53157,0.00574,0.0056826,0.5682600000000001,100.0,0.0,0.0,0.0,0.0,0.0,0.47,0.423,4.2299999999999995,0.45,0.405,4.05,0.07,0.063,0.6300000000000001,0.00574,0.47,0.45,0.07
frdm,i158,158I,53,105,158,53158,0.00466,0.0046134,0.46134000000000003,100.0,0.0,0.0,0.0,0.0,0.0,0.15,0.135,1.35,0.73,0.657,6.57,0.08,0.07200000000000001,0.7200000000000001,0.00466,0.15,0.73,0.08
frdm,i159,159I,53,106,159,53159,0.00445,0.0044055,0.44055,100.0,0.0,0.0,0.0,0.0,0.0,0.22,0.198,1.9800000000000002,0.56,0.504,5.040000000000001,0.21,0.189,1.8900000000000001,0.00445,0.22,0.56,0.21
frdm,i160,160I,53,107,160,53160,0.00376,0.0037224,0.37224,100.0,0.0,0.0,0.0,0.0,0.0,0.03,0.027,0.27,0.67,0.603,6.03,0.24,0.216,2.16,0.00376,0.03,0.67,0.24
frdm,i161,161I,53,108,161,53161,0.00373,0.0036926999999999997,0.36927,100.0,0.0,0.0,0.0,0.0,0.0,0.12,0.108,1.08,0.35,0.315,3.15,0.48,0.432,4.32,0.00373,0.12,0.35,0.48
frdm,i162,162I,53,109,162,53162,0.00326,0.0032274,0.32274,100.0,0.0,0.0,0.0,0.0,0.0,0.03,0.027,0.27,0.4,0.36000000000000004,3.6,0.42,0.378,3.7800000000000002,0.00326,0.03,0.4,0.42
frdm,i163,163I,53,110,163,53163,0.003,0.00297,0.297,100.0,0.0,0.0,0.0,0.0,0.0,0.06,0.054,0.54,0.2,0.18000000000000002,1.8,0.66,0.5940000000000001,5.94,0.003,0.06,0.2,0.66
frdm,i164,164I,53,111,164,53164,0.0027,0.002673,0.26730000000000004,100.0,0.0,0.0,0.0,0.0,0.0,0.02,0.018000000000000002,0.18000000000000002,0.25,0.225,2.25,0.38,0.342,3.42,0.0027,0.02,0.25,0.38
frdm,i165,165I,53,112,165,53165,0.00238,0.0023562,0.23562000000000002,100.0,0.0,0.0,0.0,0.0,0.0,0.04,0.036000000000000004,0.36000000000000004,0.11,0.099,0.9900000000000001,0.71,0.639,6.39,0.00238,0.04,0.11,0.71
frdm,i166,166I,53,113,166,53166,0.00217,0.0021483,0.21483,100.0,0.0,0.0,0.0,0.0,0.0,0.01,0.009000000000000001,0.09000000000000001,0.13,0.117,1.17,0.29,0.261,2.61,0.00217,0.01,0.13,0.29
frdm,i167,167I,53,114,167,53167,0.00167,0.0016533000000000001,0.16533,100.0,0.0,0.0,0.0,0.0,0.0,0.02,0.018000000000000002,0.18000000000000002,0.06,0.054,0.54,0.7,0.63,6.3,0.00167,0.02,0.06,0.7
frdm,i168,168I,53,115,168,53168,0.00155,0.0015344999999999998,0.15345,100.0,0.0,0.0,0.0,0.0,0.0,0.01,0.009000000000000001,0.09000000000000001,0.12,0.108,1.08,0.21,0.189,1.8900000000000001,0.00155,0.01,0.12,0.21
frdm,i169,169I,53,116,169,53169,0.00154,0.0015245999999999999,0.15245999999999998,100.0,0.0,0.0,0.0,0.0,0.0,0.02,0.018000000000000002,0.18000000000000002,0.04,0.036000000000000004,0.36000000000000004,0.56,0.504,5.040000000000001,0.00154,0.02,0.04,0.56
frdm,i170,170I,53,117,170,53170,0.00139,0.0013761,0.13760999999999998,100.0,0.0,0.0,0.0,0.0,0.0,0.0,0.0,0.0,0.05,0.045000000000000005,0.45,0.15,0.135,1.35,0.00139,0.0,0.05,0.15
frdm,i171,171I,53,118,171,53171,0.00137,0.0013563,0.13562999999999997,100.0,0.0,0.0,0.0,0.0,0.0,0.02,0.018000000000000002,0.18000000000000002,0.02,0.018000000000000002,0.18000000000000002,0.48,0.432,4.32,0.00137,0.02,0.02,0.48
frdm,i172,172I,53,119,172,53172,0.0011,0.0010890000000000001,0.1089,100.0,0.0,0.0,0.0,0.0,0.0,0.01,0.009000000000000001,0.09000000000000001,0.06,0.054,0.54,0.09,0.081,0.8099999999999999,0.0011,0.01,0.06,0.09
frdm,i173,173I,53,120,173,53173,0.00105,0.0010394999999999998,0.10395,100.0,0.0,0.0,0.0,0.0,0.0,0.02,0.018000000000000002,0.18000000000000002,0.03,0.027,0.27,0.48,0.432,4.32,0.00105,0.02,0.03,0.48
frdm,i174,174I,53,121,174,53174,0.00104,0.0010295999999999999,0.10296,100.0,0.0,0.0,0.0,0.0,0.0,0.0,0.0,0.0,0.05,0.045000000000000005,0.45,0.09,0.081,0.8099999999999999,0.00104,0.0,0.05,0.09
frdm,xe149,149Xe,54,95,149,54149,0.04682,0.0463518,4.63518,100.0,0.0,0.0,0.0,0.0,0.0,0.13,0.117,1.17,0.0,0.0,0.0,0.0,0.0,0.0,0.04682,0.13,0.0,0.0
frdm,xe150,150Xe,54,96,150,54150,0.05352,0.0529848,5.29848,100.0,0.0,0.0,0.0,0.0,0.0,0.22,0.198,1.9800000000000002,0.0,0.0,0.0,0.0,0.0,0.0,0.05352,0.22,0.0,0.0
frdm,xe151,151Xe,54,97,151,54151,0.04656,0.0460944,4.609439999999999,100.0,0.0,0.0,0.0,0.0,0.0,0.41,0.369,3.6899999999999995,0.01,0.009000000000000001,0.09000000000000001,0.0,0.0,0.0,0.04656,0.41,0.01,0.0
frdm,xe152,152Xe,54,98,152,54152,0.03065,0.0303435,3.03435,100.0,0.0,0.0,0.0,0.0,0.0,0.35,0.315,3.15,0.0,0.0,0.0,0.0,0.0,0.0,0.03065,0.35,0.0,0.0
frdm,xe153,153Xe,54,99,153,54153,0.02425,0.0240075,2.4007500000000004,100.0,0.0,0.0,0.0,0.0,0.0,0.56,0.504,5.040000000000001,0.02,0.018000000000000002,0.18000000000000002,0.0,0.0,0.0,0.02425,0.56,0.02,0.0
frdm,xe154,154Xe,54,100,154,54154,0.02112,0.020908799999999998,2.0908800000000003,100.0,0.0,0.0,0.0,0.0,0.0,0.6,0.54,5.4,0.01,0.009000000000000001,0.09000000000000001,0.0,0.0,0.0,0.02112,0.6,0.01,0.0
frdm,xe155,155Xe,54,101,155,54155,0.01877,0.0185823,1.8582299999999998,100.0,0.0,0.0,0.0,0.0,0.0,0.65,0.585,5.85,0.05,0.045000000000000005,0.45,0.0,0.0,0.0,0.01877,0.65,0.05,0.0
frdm,xe156,156Xe,54,102,156,54156,0.0138,0.013662,1.3661999999999999,100.0,0.0,0.0,0.0,0.0,0.0,0.67,0.603,6.03,0.02,0.018000000000000002,0.18000000000000002,0.0,0.0,0.0,0.0138,0.67,0.02,0.0
frdm,xe157,157Xe,54,103,157,54157,0.0106,0.010494,1.0494,100.0,0.0,0.0,0.0,0.0,0.0,0.65,0.585,5.85,0.09,0.081,0.8099999999999999,0.0,0.0,0.0,0.0106,0.65,0.09,0.0
frdm,xe158,158Xe,54,104,158,54158,0.01032,0.0102168,1.02168,100.0,0.0,0.0,0.0,0.0,0.0,0.8,0.7200000000000001,7.2,0.05,0.045000000000000005,0.45,0.0,0.0,0.0,0.01032,0.8,0.05,0.0
frdm,xe159,159Xe,54,105,159,54159,0.00623,0.0061677,0.61677,100.0,0.0,0.0,0.0,0.0,0.0,0.58,0.522,5.22,0.24,0.216,2.16,0.01,0.009000000000000001,0.09000000000000001,0.00623,0.58,0.24,0.01
frdm,xe160,160Xe,54,106,160,54160,0.00727,0.0071973,0.7197300000000001,100.0,0.0,0.0,0.0,0.0,0.0,0.8,0.7200000000000001,7.2,0.1,0.09000000000000001,0.9,0.02,0.018000000000000002,0.18000000000000002,0.00727,0.8,0.1,0.02
frdm,xe161,161Xe,54,107,161,54161,0.00607,0.0060092999999999995,0.60093,100.0,0.0,0.0,0.0,0.0,0.0,0.36,0.324,3.2399999999999998,0.56,0.504,5.040000000000001,0.03,0.027,0.27,0.00607,0.36,0.56,0.03
frdm,xe162,162Xe,54,108,162,54162,0.00514,0.0050885999999999995,0.50886,100.0,0.0,0.0,0.0,0.0,0.0,0.74,0.666,6.66,0.19,0.171,1.71,0.04,0.036000000000000004,0.36000000000000004,0.00514,0.74,0.19,0.04
frdm,xe163,163Xe,54,109,163,54163,0.00429,0.0042471,0.42471000000000003,100.0,0.0,0.0,0.0,0.0,0.0,0.22,0.198,1.9800000000000002,0.68,0.6120000000000001,6.120000000000001,0.04,0.036000000000000004,0.36000000000000004,0.00429,0.22,0.68,0.04
frdm,xe164,164Xe,54,110,164,54164,0.00416,0.0041183999999999995,0.41184,100.0,0.0,0.0,0.0,0.0,0.0,0.5,0.45,4.5,0.4,0.36000000000000004,3.6,0.07,0.063,0.6300000000000001,0.00416,0.5,0.4,0.07
frdm,xe165,165Xe,54,111,165,54165,0.00359,0.0035540999999999997,0.35541,100.0,0.0,0.0,0.0,0.0,0.0,0.15,0.135,1.35,0.72,0.648,6.4799999999999995,0.07,0.063,0.6300000000000001,0.00359,0.15,0.72,0.07
frdm,xe166,166Xe,54,112,166,54166,0.00302,0.0029898,0.29897999999999997,100.0,0.0,0.0,0.0,0.0,0.0,0.36,0.324,3.2399999999999998,0.49,0.441,4.41,0.11,0.099,0.9900000000000001,0.00302,0.36,0.49,0.11
frdm,xe167,167Xe,54,113,167,54167,0.00283,0.0028017,0.28017000000000003,100.0,0.0,0.0,0.0,0.0,0.0,0.07,0.063,0.6300000000000001,0.68,0.6120000000000001,6.120000000000001,0.15,0.135,1.35,0.00283,0.07,0.68,0.15
frdm,xe168,168Xe,54,114,168,54168,0.00231,0.0022869,0.22869,100.0,0.0,0.0,0.0,0.0,0.0,0.24,0.216,2.16,0.53,0.47700000000000004,4.7700000000000005,0.18,0.162,1.6199999999999999,0.00231,0.24,0.53,0.18
frdm,xe169,169Xe,54,115,169,54169,0.00178,0.0017621999999999998,0.17622,100.0,0.0,0.0,0.0,0.0,0.0,0.07,0.063,0.6300000000000001,0.62,0.558,5.58,0.22,0.198,1.9800000000000002,0.00178,0.07,0.62,0.22
frdm,xe170,170Xe,54,116,170,54170,0.0021,0.0020789999999999997,0.2079,100.0,0.0,0.0,0.0,0.0,0.0,0.14,0.126,1.2600000000000002,0.38,0.342,3.42,0.4,0.36000000000000004,3.6,0.0021,0.14,0.38,0.4
frdm,xe171,171Xe,54,117,171,54171,0.00174,0.0017226,0.17226,100.0,0.0,0.0,0.0,0.0,0.0,0.02,0.018000000000000002,0.18000000000000002,0.52,0.468,4.68,0.33,0.29700000000000004,2.97,0.00174,0.02,0.52,0.33
frdm,xe172,172Xe,54,118,172,54172,0.00166,0.0016434,0.16434,100.0,0.0,0.0,0.0,0.0,0.0,0.14,0.126,1.2600000000000002,0.38,0.342,3.42,0.41,0.369,3.6899999999999995,0.00166,0.14,0.38,0.41
frdm,xe173,173Xe,54,119,173,54173,0.00144,0.0014256000000000002,0.14256000000000002,100.0,0.0,0.0,0.0,0.0,0.0,0.02,0.018000000000000002,0.18000000000000002,0.54,0.48600000000000004,4.86,0.27,0.24300000000000002,2.43,0.00144,0.02,0.54,0.27
frdm,xe174,174Xe,54,120,174,54174,0.00133,0.0013167,0.13167,100.0,0.0,0.0,0.0,0.0,0.0,0.12,0.108,1.08,0.39,0.35100000000000003,3.5100000000000002,0.4,0.36000000000000004,3.6,0.00133,0.12,0.39,0.4
frdm,xe175,175Xe,54,121,175,54175,0.00136,0.0013464000000000002,0.13464,100.0,0.0,0.0,0.0,0.0,0.0,0.02,0.018000000000000002,0.18000000000000002,0.35,0.315,3.15,0.38,0.342,3.42,0.00136,0.02,0.35,0.38
frdm,xe176,176Xe,54,122,176,54176,0.00116,0.0011484,0.11484000000000001,100.0,0.0,0.0,0.0,0.0,0.0,0.07,0.063,0.6300000000000001,0.33,0.29700000000000004,2.97,0.49,0.441,4.41,0.00116,0.07,0.33,0.49
frdm,xe177,177Xe,54,123,177,54177,0.00107,0.0010593,0.10593,100.0,0.0,0.0,0.0,0.0,0.0,0.02,0.018000000000000002,0.18000000000000002,0.37,0.333,3.33,0.36,0.324,3.2399999999999998,0.00107,0.02,0.37,0.36
frdm,xe178,178Xe,54,124,178,54178,0.00106,0.0010494,0.10493999999999999,100.0,0.0,0.0,0.0,0.0,0.0,0.07,0.063,0.6300000000000001,0.34,0.30600000000000005,3.0600000000000005,0.44,0.396,3.9600000000000004,0.00106,0.07,0.34,0.44
frdm,cs152,152Cs,55,97,152,55152,0.02953,0.029234700000000002,2.9234700000000005,100.0,0.0,0.0,0.0,0.0,0.0,0.44,0.396,3.9600000000000004,0.01,0.009000000000000001,0.09000000000000001,0.0,0.0,0.0,0.02953,0.44,0.01,0.0
frdm,cs153,153Cs,55,98,153,55153,0.04627,0.045807299999999995,4.58073,100.0,0.0,0.0,0.0,0.0,0.0,0.86,0.774,7.739999999999999,0.01,0.009000000000000001,0.09000000000000001,0.0,0.0,0.0,0.04627,0.86,0.01,0.0
frdm,cs154,154Cs,55,99,154,55154,0.03456,0.0342144,3.42144,100.0,0.0,0.0,0.0,0.0,0.0,0.74,0.666,6.66,0.07,0.063,0.6300000000000001,0.0,0.0,0.0,0.03456,0.74,0.07,0.0
frdm,cs155,155Cs,55,100,155,55155,0.02962,0.0293238,2.93238,100.0,0.0,0.0,0.0,0.0,0.0,0.93,0.8370000000000001,8.370000000000001,0.02,0.018000000000000002,0.18000000000000002,0.0,0.0,0.0,0.02962,0.93,0.02,0.0
frdm,cs156,156Cs,55,101,156,55156,0.02648,0.0262152,2.6215200000000003,100.0,0.0,0.0,0.0,0.0,0.0,0.74,0.666,6.66,0.19,0.171,1.71,0.0,0.0,0.0,0.02648,0.74,0.19,0.0
frdm,cs157,157Cs,55,102,157,55157,0.02154,0.0213246,2.13246,100.0,0.0,0.0,0.0,0.0,0.0,0.9,0.81,8.1,0.06,0.054,0.54,0.0,0.0,0.0,0.02154,0.9,0.06,0.0
frdm,cs158,158Cs,55,103,158,55158,0.01489,0.0147411,1.47411,100.0,0.0,0.0,0.0,0.0,0.0,0.54,0.48600000000000004,4.86,0.37,0.333,3.33,0.0,0.0,0.0,0.01489,0.54,0.37,0.0
frdm,cs159,159Cs,55,104,159,55159,0.01368,0.0135432,1.35432,100.0,0.0,0.0,0.0,0.0,0.0,0.8,0.7200000000000001,7.2,0.17,0.15300000000000002,1.5300000000000002,0.01,0.009000000000000001,0.09000000000000001,0.01368,0.8,0.17,0.01
frdm,cs160,160Cs,55,105,160,55160,0.00826,0.0081774,0.8177399999999999,100.0,0.0,0.0,0.0,0.0,0.0,0.43,0.387,3.8699999999999997,0.53,0.47700000000000004,4.7700000000000005,0.01,0.009000000000000001,0.09000000000000001,0.00826,0.43,0.53,0.01
frdm,cs161,161Cs,55,106,161,55161,0.00916,0.009068399999999999,0.90684,100.0,0.0,0.0,0.0,0.0,0.0,0.53,0.47700000000000004,4.7700000000000005,0.42,0.378,3.7800000000000002,0.04,0.036000000000000004,0.36000000000000004,0.00916,0.53,0.42,0.04
frdm,cs162,162Cs,55,107,162,55162,0.00813,0.0080487,0.8048700000000001,100.0,0.0,0.0,0.0,0.0,0.0,0.14,0.126,1.2600000000000002,0.79,0.7110000000000001,7.11,0.05,0.045000000000000005,0.45,0.00813,0.14,0.79,0.05
frdm,cs163,163Cs,55,108,163,55163,0.00633,0.0062667,0.6266700000000001,100.0,0.0,0.0,0.0,0.0,0.0,0.32,0.28800000000000003,2.8800000000000003,0.59,0.5309999999999999,5.31,0.08,0.07200000000000001,0.7200000000000001,0.00633,0.32,0.59,0.08
frdm,cs164,164Cs,55,109,164,55164,0.00579,0.0057321,0.57321,100.0,0.0,0.0,0.0,0.0,0.0,0.07,0.063,0.6300000000000001,0.77,0.6930000000000001,6.93,0.12,0.108,1.08,0.00579,0.07,0.77,0.12
frdm,cs165,165Cs,55,110,165,55165,0.00526,0.0052074,0.52074,100.0,0.0,0.0,0.0,0.0,0.0,0.19,0.171,1.71,0.52,0.468,4.68,0.27,0.24300000000000002,2.43,0.00526,0.19,0.52,0.27
frdm,cs166,166Cs,55,111,166,55166,0.00454,0.0044946,0.44945999999999997,100.0,0.0,0.0,0.0,0.0,0.0,0.05,0.045000000000000005,0.45,0.62,0.558,5.58,0.27,0.24300000000000002,2.43,0.00454,0.05,0.62,0.27
frdm,cs167,167Cs,55,112,167,55167,0.00407,0.0040292999999999995,0.40292999999999995,100.0,0.0,0.0,0.0,0.0,0.0,0.12,0.108,1.08,0.39,0.35100000000000003,3.5100000000000002,0.45,0.405,4.05,0.00407,0.12,0.39,0.45
frdm,cs168,168Cs,55,113,168,55168,0.00351,0.0034749,0.34749,100.0,0.0,0.0,0.0,0.0,0.0,0.03,0.027,0.27,0.42,0.378,3.7800000000000002,0.43,0.387,3.8699999999999997,0.00351,0.03,0.42,0.43
frdm,cs169,169Cs,55,114,169,55169,0.00333,0.0032967,0.32967,100.0,0.0,0.0,0.0,0.0,0.0,0.07,0.063,0.6300000000000001,0.24,0.216,2.16,0.63,0.567,5.67,0.00333,0.07,0.24,0.63
frdm,cs170,170Cs,55,115,170,55170,0.0025,0.002475,0.2475,100.0,0.0,0.0,0.0,0.0,0.0,0.01,0.009000000000000001,0.09000000000000001,0.31,0.279,2.79,0.48,0.432,4.32,0.0025,0.01,0.31,0.48
frdm,cs171,171Cs,55,116,171,55171,0.00267,0.0026433,0.26433,100.0,0.0,0.0,0.0,0.0,0.0,0.04,0.036000000000000004,0.36000000000000004,0.14,0.126,1.2600000000000002,0.72,0.648,6.4799999999999995,0.00267,0.04,0.14,0.72
frdm,cs172,172Cs,55,117,172,55172,0.00206,0.0020394000000000002,0.20394,100.0,0.0,0.0,0.0,0.0,0.0,0.01,0.009000000000000001,0.09000000000000001,0.22,0.198,1.9800000000000002,0.47,0.423,4.2299999999999995,0.00206,0.01,0.22,0.47
frdm,cs173,173Cs,55,118,173,55173,0.00184,0.0018216,0.18216,100.0,0.0,0.0,0.0,0.0,0.0,0.04,0.036000000000000004,0.36000000000000004,0.14,0.126,1.2600000000000002,0.72,0.648,6.4799999999999995,0.00184,0.04,0.14,0.72
frdm,cs174,174Cs,55,119,174,55174,0.00172,0.0017028,0.17028,100.0,0.0,0.0,0.0,0.0,0.0,0.01,0.009000000000000001,0.09000000000000001,0.25,0.225,2.25,0.36,0.324,3.2399999999999998,0.00172,0.01,0.25,0.36
frdm,cs175,175Cs,55,120,175,55175,0.00161,0.0015939,0.15939,100.0,0.0,0.0,0.0,0.0,0.0,0.03,0.027,0.27,0.1,0.09000000000000001,0.9,0.74,0.666,6.66,0.00161,0.03,0.1,0.74
frdm,cs176,176Cs,55,121,176,55176,0.00159,0.0015741000000000002,0.15741,100.0,0.0,0.0,0.0,0.0,0.0,0.01,0.009000000000000001,0.09000000000000001,0.13,0.117,1.17,0.34,0.30600000000000005,3.0600000000000005,0.00159,0.01,0.13,0.34
frdm,cs177,177Cs,55,122,177,55177,0.00138,0.0013662,0.13662,100.0,0.0,0.0,0.0,0.0,0.0,0.02,0.018000000000000002,0.18000000000000002,0.08,0.07200000000000001,0.7200000000000001,0.73,0.657,6.57,0.00138,0.02,0.08,0.73
frdm,cs178,178Cs,55,123,178,55178,0.00134,0.0013266,0.13266,100.0,0.0,0.0,0.0,0.0,0.0,0.01,0.009000000000000001,0.09000000000000001,0.12,0.108,1.08,0.32,0.28800000000000003,2.8800000000000003,0.00134,0.01,0.12,0.32
frdm,cs179,179Cs,55,124,179,55179,0.00123,0.0012177,0.12177,100.0,0.0,0.0,0.0,0.0,0.0,0.02,0.018000000000000002,0.18000000000000002,0.1,0.09000000000000001,0.9,0.67,0.603,6.03,0.00123,0.02,0.1,0.67
frdm,cs180,180Cs,55,125,180,55180,0.00098,0.0009702,0.09702000000000001,100.0,0.0,0.0,0.0,0.0,0.0,0.01,0.009000000000000001,0.09000000000000001,0.19,0.171,1.71,0.4,0.36000000000000004,3.6,0.00098,0.01,0.19,0.4
frdm,cs181,181Cs,55,126,181,55181,0.00089,0.0008810999999999999,0.08811,100.0,0.0,0.0,0.0,0.0,0.0,0.02,0.018000000000000002,0.18000000000000002,0.11,0.099,0.9900000000000001,0.67,0.603,6.03,0.00089,0.02,0.11,0.67
frdm,ba155,155Ba,56,99,155,56155,0.05722,0.0566478,5.66478,100.0,0.0,0.0,0.0,0.0,0.0,0.23,0.20700000000000002,2.0700000000000003,0.0,0.0,0.0,0.0,0.0,0.0,0.05722,0.23,0.0,0.0
frdm,ba156,156Ba,56,100,156,56156,0.05107,0.050559299999999995,5.055929999999999,100.0,0.0,0.0,0.0,0.0,0.0,0.26,0.234,2.34,0.0,0.0,0.0,0.0,0.0,0.0,0.05107,0.26,0.0,0.0
frdm,ba157,157Ba,56,101,157,56157,0.04094,0.0405306,4.053059999999999,100.0,0.0,0.0,0.0,0.0,0.0,0.38,0.342,3.42,0.01,0.009000000000000001,0.09000000000000001,0.0,0.0,0.0,0.04094,0.38,0.01,0.0
frdm,ba158,158Ba,56,102,158,56158,0.0333,0.032967,3.2967000000000004,100.0,0.0,0.0,0.0,0.0,0.0,0.44,0.396,3.9600000000000004,0.0,0.0,0.0,0.0,0.0,0.0,0.0333,0.44,0.0,0.0
frdm,ba159,159Ba,56,103,159,56159,0.02332,0.0230868,2.30868,100.0,0.0,0.0,0.0,0.0,0.0,0.49,0.441,4.41,0.02,0.018000000000000002,0.18000000000000002,0.0,0.0,0.0,0.02332,0.49,0.02,0.0
frdm,ba160,160Ba,56,104,160,56160,0.01991,0.0197109,1.97109,100.0,0.0,0.0,0.0,0.0,0.0,0.58,0.522,5.22,0.01,0.009000000000000001,0.09000000000000001,0.0,0.0,0.0,0.01991,0.58,0.01,0.0
frdm,ba161,161Ba,56,105,161,56161,0.01236,0.0122364,1.22364,100.0,0.0,0.0,0.0,0.0,0.0,0.58,0.522,5.22,0.04,0.036000000000000004,0.36000000000000004,0.0,0.0,0.0,0.01236,0.58,0.04,0.0
frdm,ba162,162Ba,56,106,162,56162,0.01354,0.0134046,1.34046,100.0,0.0,0.0,0.0,0.0,0.0,0.73,0.657,6.57,0.03,0.027,0.27,0.0,0.0,0.0,0.01354,0.73,0.03,0.0
frdm,ba163,163Ba,56,107,163,56163,0.01145,0.0113355,1.13355,100.0,0.0,0.0,0.0,0.0,0.0,0.72,0.648,6.4799999999999995,0.14,0.126,1.2600000000000002,0.0,0.0,0.0,0.01145,0.72,0.14,0.0
frdm,ba164,164Ba,56,108,164,56164,0.00962,0.0095238,0.95238,100.0,0.0,0.0,0.0,0.0,0.0,0.8,0.7200000000000001,7.2,0.05,0.045000000000000005,0.45,0.01,0.009000000000000001,0.09000000000000001,0.00962,0.8,0.05,0.01
frdm,ba165,165Ba,56,109,165,56165,0.00814,0.008058599999999999,0.8058599999999999,100.0,0.0,0.0,0.0,0.0,0.0,0.55,0.49500000000000005,4.95,0.35,0.315,3.15,0.01,0.009000000000000001,0.09000000000000001,0.00814,0.55,0.35,0.01
frdm,ba166,166Ba,56,110,166,56166,0.00752,0.0074448,0.74448,100.0,0.0,0.0,0.0,0.0,0.0,0.83,0.747,7.469999999999999,0.09,0.081,0.8099999999999999,0.02,0.018000000000000002,0.18000000000000002,0.00752,0.83,0.09,0.02
frdm,ba167,167Ba,56,111,167,56167,0.00646,0.0063954,0.6395399999999999,100.0,0.0,0.0,0.0,0.0,0.0,0.37,0.333,3.33,0.53,0.47700000000000004,4.7700000000000005,0.03,0.027,0.27,0.00646,0.37,0.53,0.03
frdm,ba168,168Ba,56,112,168,56168,0.00589,0.0058311000000000005,0.5831100000000001,100.0,0.0,0.0,0.0,0.0,0.0,0.74,0.666,6.66,0.18,0.162,1.6199999999999999,0.04,0.036000000000000004,0.36000000000000004,0.00589,0.74,0.18,0.04
frdm,ba169,169Ba,56,113,169,56169,0.00531,0.005256899999999999,0.5256899999999999,100.0,0.0,0.0,0.0,0.0,0.0,0.23,0.20700000000000002,2.0700000000000003,0.67,0.603,6.03,0.04,0.036000000000000004,0.36000000000000004,0.00531,0.23,0.67,0.04
frdm,ba170,170Ba,56,114,170,56170,0.00433,0.0042867,0.42866999999999994,100.0,0.0,0.0,0.0,0.0,0.0,0.61,0.5489999999999999,5.489999999999999,0.29,0.261,2.61,0.05,0.045000000000000005,0.45,0.00433,0.61,0.29,0.05
frdm,ba171,171Ba,56,115,171,56171,0.00374,0.0037026,0.37026,100.0,0.0,0.0,0.0,0.0,0.0,0.14,0.126,1.2600000000000002,0.76,0.684,6.84,0.05,0.045000000000000005,0.45,0.00374,0.14,0.76,0.05
frdm,ba172,172Ba,56,116,172,56172,0.00339,0.0033561,0.33560999999999996,100.0,0.0,0.0,0.0,0.0,0.0,0.38,0.342,3.42,0.52,0.468,4.68,0.07,0.063,0.6300000000000001,0.00339,0.38,0.52,0.07
frdm,ba173,173Ba,56,117,173,56173,0.00284,0.0028116,0.28116,100.0,0.0,0.0,0.0,0.0,0.0,0.15,0.135,1.35,0.7,0.63,6.3,0.08,0.07200000000000001,0.7200000000000001,0.00284,0.15,0.7,0.08
frdm,ba174,174Ba,56,118,174,56174,0.00254,0.0025146,0.25146,100.0,0.0,0.0,0.0,0.0,0.0,0.44,0.396,3.9600000000000004,0.46,0.41400000000000003,4.140000000000001,0.07,0.063,0.6300000000000001,0.00254,0.44,0.46,0.07
frdm,ba175,175Ba,56,119,175,56175,0.00217,0.0021483,0.21483,100.0,0.0,0.0,0.0,0.0,0.0,0.08,0.07200000000000001,0.7200000000000001,0.8,0.7200000000000001,7.2,0.05,0.045000000000000005,0.45,0.00217,0.08,0.8,0.05
frdm,ba176,176Ba,56,120,176,56176,0.00216,0.0021384,0.21384,100.0,0.0,0.0,0.0,0.0,0.0,0.24,0.216,2.16,0.59,0.5309999999999999,5.31,0.12,0.108,1.08,0.00216,0.24,0.59,0.12
frdm,ba177,177Ba,56,121,177,56177,0.00185,0.0018315,0.18315,100.0,0.0,0.0,0.0,0.0,0.0,0.06,0.054,0.54,0.74,0.666,6.66,0.12,0.108,1.08,0.00185,0.06,0.74,0.12
frdm,ba178,178Ba,56,122,178,56178,0.00159,0.0015741000000000002,0.15741,100.0,0.0,0.0,0.0,0.0,0.0,0.3,0.27,2.7,0.53,0.47700000000000004,4.7700000000000005,0.1,0.09000000000000001,0.9,0.00159,0.3,0.53,0.1
frdm,ba179,179Ba,56,123,179,56179,0.0017,0.0016829999999999998,0.16829999999999998,100.0,0.0,0.0,0.0,0.0,0.0,0.04,0.036000000000000004,0.36000000000000004,0.75,0.675,6.75,0.12,0.108,1.08,0.0017,0.04,0.75,0.12
frdm,ba180,180Ba,56,124,180,56180,0.00156,0.0015444,0.15444,100.0,0.0,0.0,0.0,0.0,0.0,0.27,0.24300000000000002,2.43,0.55,0.49500000000000005,4.95,0.1,0.09000000000000001,0.9,0.00156,0.27,0.55,0.1
frdm,ba181,181Ba,56,125,181,56181,0.00118,0.0011682,0.11682000000000001,100.0,0.0,0.0,0.0,0.0,0.0,0.09,0.081,0.8099999999999999,0.75,0.675,6.75,0.05,0.045000000000000005,0.45,0.00118,0.09,0.75,0.05
frdm,ba182,182Ba,56,126,182,56182,0.0011,0.0010890000000000001,0.1089,100.0,0.0,0.0,0.0,0.0,0.0,0.21,0.189,1.8900000000000001,0.63,0.567,5.67,0.08,0.07200000000000001,0.7200000000000001,0.0011,0.21,0.63,0.08
frdm,la157,157La,57,100,157,57157,0.04394,0.0435006,4.35006,100.0,0.0,0.0,0.0,0.0,0.0,0.56,0.504,5.040000000000001,0.0,0.0,0.0,0.0,0.0,0.0,0.04394,0.56,0.0,0.0
frdm,la158,158La,57,101,158,57158,0.03536,0.0350064,3.5006400000000006,100.0,0.0,0.0,0.0,0.0,0.0,0.58,0.522,5.22,0.01,0.009000000000000001,0.09000000000000001,0.0,0.0,0.0,0.03536,0.58,0.01,0.0
frdm,la159,159La,57,102,159,57159,0.02953,0.029234700000000002,2.9234700000000005,100.0,0.0,0.0,0.0,0.0,0.0,0.75,0.675,6.75,0.01,0.009000000000000001,0.09000000000000001,0.0,0.0,0.0,0.02953,0.75,0.01,0.0
frdm,la160,160La,57,103,160,57160,0.02255,0.0223245,2.23245,100.0,0.0,0.0,0.0,0.0,0.0,0.64,0.5760000000000001,5.760000000000001,0.05,0.045000000000000005,0.45,0.0,0.0,0.0,0.02255,0.64,0.05,0.0
frdm,la161,161La,57,104,161,57161,0.0194,0.019206,1.9205999999999999,100.0,0.0,0.0,0.0,0.0,0.0,0.82,0.738,7.379999999999999,0.02,0.018000000000000002,0.18000000000000002,0.0,0.0,0.0,0.0194,0.82,0.02,0.0
frdm,la162,162La,57,105,162,57162,0.01342,0.0132858,1.3285799999999999,100.0,0.0,0.0,0.0,0.0,0.0,0.69,0.621,6.209999999999999,0.15,0.135,1.35,0.0,0.0,0.0,0.01342,0.69,0.15,0.0
frdm,la163,163La,57,106,163,57163,0.01399,0.0138501,1.38501,100.0,0.0,0.0,0.0,0.0,0.0,0.81,0.7290000000000001,7.290000000000001,0.09,0.081,0.8099999999999999,0.0,0.0,0.0,0.01399,0.81,0.09,0.0
frdm,la164,164La,57,107,164,57164,0.01239,0.0122661,1.2266100000000002,100.0,0.0,0.0,0.0,0.0,0.0,0.5,0.45,4.5,0.4,0.36000000000000004,3.6,0.01,0.009000000000000001,0.09000000000000001,0.01239,0.5,0.4,0.01
frdm,la165,165La,57,108,165,57165,0.01013,0.0100287,1.00287,100.0,0.0,0.0,0.0,0.0,0.0,0.72,0.648,6.4799999999999995,0.21,0.189,1.8900000000000001,0.01,0.009000000000000001,0.09000000000000001,0.01013,0.72,0.21,0.01
frdm,la166,166La,57,109,166,57166,0.00854,0.008454600000000001,0.8454600000000001,100.0,0.0,0.0,0.0,0.0,0.0,0.32,0.28800000000000003,2.8800000000000003,0.59,0.5309999999999999,5.31,0.02,0.018000000000000002,0.18000000000000002,0.00854,0.32,0.59,0.02
frdm,la167,167La,57,110,167,57167,0.01001,0.0099099,0.9909899999999999,100.0,0.0,0.0,0.0,0.0,0.0,0.49,0.441,4.41,0.46,0.41400000000000003,4.140000000000001,0.04,0.036000000000000004,0.36000000000000004,0.01001,0.49,0.46,0.04
frdm,la168,168La,57,111,168,57168,0.00862,0.0085338,0.8533799999999999,100.0,0.0,0.0,0.0,0.0,0.0,0.11,0.099,0.9900000000000001,0.8,0.7200000000000001,7.2,0.04,0.036000000000000004,0.36000000000000004,0.00862,0.11,0.8,0.04
frdm,la169,169La,57,112,169,57169,0.00755,0.0074745,0.7474500000000001,100.0,0.0,0.0,0.0,0.0,0.0,0.32,0.28800000000000003,2.8800000000000003,0.58,0.522,5.22,0.09,0.081,0.8099999999999999,0.00755,0.32,0.58,0.09
frdm,la170,170La,57,113,170,57170,0.0073,0.007227,0.7227,100.0,0.0,0.0,0.0,0.0,0.0,0.1,0.09000000000000001,0.9,0.77,0.6930000000000001,6.93,0.1,0.09000000000000001,0.9,0.0073,0.1,0.77,0.1
frdm,la171,171La,57,114,171,57171,0.00562,0.0055638,0.5563800000000001,100.0,0.0,0.0,0.0,0.0,0.0,0.21,0.189,1.8900000000000001,0.59,0.5309999999999999,5.31,0.18,0.162,1.6199999999999999,0.00562,0.21,0.59,0.18
frdm,la172,172La,57,115,172,57172,0.00472,0.0046728,0.46728000000000003,100.0,0.0,0.0,0.0,0.0,0.0,0.05,0.045000000000000005,0.45,0.7,0.63,6.3,0.2,0.18000000000000002,1.8,0.00472,0.05,0.7,0.2
frdm,la173,173La,57,116,173,57173,0.00381,0.0037719,0.37719,100.0,0.0,0.0,0.0,0.0,0.0,0.13,0.117,1.17,0.57,0.5129999999999999,5.129999999999999,0.27,0.24300000000000002,2.43,0.00381,0.13,0.57,0.27
frdm,la174,174La,57,117,174,57174,0.00346,0.0034254,0.34253999999999996,100.0,0.0,0.0,0.0,0.0,0.0,0.05,0.045000000000000005,0.45,0.59,0.5309999999999999,5.31,0.3,0.27,2.7,0.00346,0.05,0.59,0.3
frdm,la175,175La,57,118,175,57175,0.00321,0.0031779,0.31779,100.0,0.0,0.0,0.0,0.0,0.0,0.09,0.081,0.8099999999999999,0.43,0.387,3.8699999999999997,0.44,0.396,3.9600000000000004,0.00321,0.09,0.43,0.44
frdm,la176,176La,57,119,176,57176,0.00255,0.0025245000000000003,0.25245,100.0,0.0,0.0,0.0,0.0,0.0,0.02,0.018000000000000002,0.18000000000000002,0.57,0.5129999999999999,5.129999999999999,0.33,0.29700000000000004,2.97,0.00255,0.02,0.57,0.33
frdm,la177,177La,57,120,177,57177,0.00288,0.0028512000000000003,0.28512000000000004,100.0,0.0,0.0,0.0,0.0,0.0,0.05,0.045000000000000005,0.45,0.31,0.279,2.79,0.58,0.522,5.22,0.00288,0.05,0.31,0.58
frdm,la178,178La,57,121,178,57178,0.00258,0.0025542,0.25542,100.0,0.0,0.0,0.0,0.0,0.0,0.01,0.009000000000000001,0.09000000000000001,0.36,0.324,3.2399999999999998,0.5,0.45,4.5,0.00258,0.01,0.36,0.5
frdm,la179,179La,57,122,179,57179,0.00198,0.0019602,0.19602,100.0,0.0,0.0,0.0,0.0,0.0,0.05,0.045000000000000005,0.45,0.32,0.28800000000000003,2.8800000000000003,0.56,0.504,5.040000000000001,0.00198,0.05,0.32,0.56
frdm,la180,180La,57,123,180,57180,0.00207,0.0020493,0.20493,100.0,0.0,0.0,0.0,0.0,0.0,0.01,0.009000000000000001,0.09000000000000001,0.48,0.432,4.32,0.38,0.342,3.42,0.00207,0.01,0.48,0.38
frdm,la181,181La,57,124,181,57181,0.00191,0.0018909,0.18909,100.0,0.0,0.0,0.0,0.0,0.0,0.05,0.045000000000000005,0.45,0.36,0.324,3.2399999999999998,0.51,0.459,4.59,0.00191,0.05,0.36,0.51
frdm,la182,182La,57,125,182,57182,0.00145,0.0014355,0.14354999999999998,100.0,0.0,0.0,0.0,0.0,0.0,0.01,0.009000000000000001,0.09000000000000001,0.63,0.567,5.67,0.25,0.225,2.25,0.00145,0.01,0.63,0.25
frdm,la183,183La,57,126,183,57183,0.00131,0.0012969,0.12969,100.0,0.0,0.0,0.0,0.0,0.0,0.04,0.036000000000000004,0.36000000000000004,0.44,0.396,3.9600000000000004,0.43,0.387,3.8699999999999997,0.00131,0.04,0.44,0.43
frdm,ce159,159Ce,58,101,159,58159,0.11271,0.1115829,11.158290000000001,100.0,0.0,0.0,0.0,0.0,0.0,0.12,0.108,1.08,0.0,0.0,0.0,0.0,0.0,0.0,0.11271,0.12,0.0,0.0
frdm,ce160,160Ce,58,102,160,58160,0.08413,0.0832887,8.32887,100.0,0.0,0.0,0.0,0.0,0.0,0.15,0.135,1.35,0.0,0.0,0.0,0.0,0.0,0.0,0.08413,0.15,0.0,0.0
frdm,ce161,161Ce,58,103,161,58161,0.05561,0.0550539,5.50539,100.0,0.0,0.0,0.0,0.0,0.0,0.24,0.216,2.16,0.0,0.0,0.0,0.0,0.0,0.0,0.05561,0.24,0.0,0.0
frdm,ce162,162Ce,58,104,162,58162,0.04656,0.0460944,4.609439999999999,100.0,0.0,0.0,0.0,0.0,0.0,0.35,0.315,3.15,0.0,0.0,0.0,0.0,0.0,0.0,0.04656,0.35,0.0,0.0
frdm,ce163,163Ce,58,105,163,58163,0.02435,0.0241065,2.41065,100.0,0.0,0.0,0.0,0.0,0.0,0.31,0.279,2.79,0.01,0.009000000000000001,0.09000000000000001,0.0,0.0,0.0,0.02435,0.31,0.01,0.0
frdm,ce164,164Ce,58,106,164,58164,0.0318,0.031482,3.1482,100.0,0.0,0.0,0.0,0.0,0.0,0.55,0.49500000000000005,4.95,0.0,0.0,0.0,0.0,0.0,0.0,0.0318,0.55,0.0,0.0
frdm,ce165,165Ce,58,107,165,58165,0.02512,0.0248688,2.48688,100.0,0.0,0.0,0.0,0.0,0.0,0.67,0.603,6.03,0.03,0.027,0.27,0.0,0.0,0.0,0.02512,0.67,0.03,0.0
frdm,ce166,166Ce,58,108,166,58166,0.021,0.020790000000000003,2.079,100.0,0.0,0.0,0.0,0.0,0.0,0.69,0.621,6.209999999999999,0.01,0.009000000000000001,0.09000000000000001,0.0,0.0,0.0,0.021,0.69,0.01,0.0
frdm,ce167,167Ce,58,109,167,58167,0.01594,0.0157806,1.5780599999999998,100.0,0.0,0.0,0.0,0.0,0.0,0.71,0.639,6.39,0.06,0.054,0.54,0.0,0.0,0.0,0.01594,0.71,0.06,0.0
frdm,ce168,168Ce,58,110,168,58168,0.01307,0.0129393,1.29393,100.0,0.0,0.0,0.0,0.0,0.0,0.78,0.7020000000000001,7.0200000000000005,0.02,0.018000000000000002,0.18000000000000002,0.0,0.0,0.0,0.01307,0.78,0.02,0.0
frdm,ce169,169Ce,58,111,169,58169,0.01233,0.012206700000000001,1.2206700000000001,100.0,0.0,0.0,0.0,0.0,0.0,0.67,0.603,6.03,0.18,0.162,1.6199999999999999,0.0,0.0,0.0,0.01233,0.67,0.18,0.0
frdm,ce170,170Ce,58,112,170,58170,0.01141,0.0112959,1.12959,100.0,0.0,0.0,0.0,0.0,0.0,0.83,0.747,7.469999999999999,0.04,0.036000000000000004,0.36000000000000004,0.01,0.009000000000000001,0.09000000000000001,0.01141,0.83,0.04,0.01
frdm,ce171,171Ce,58,113,171,58171,0.00996,0.0098604,0.98604,100.0,0.0,0.0,0.0,0.0,0.0,0.56,0.504,5.040000000000001,0.32,0.28800000000000003,2.8800000000000003,0.01,0.009000000000000001,0.09000000000000001,0.00996,0.56,0.32,0.01
frdm,ce172,172Ce,58,114,172,58172,0.00866,0.0085734,0.8573399999999999,100.0,0.0,0.0,0.0,0.0,0.0,0.82,0.738,7.379999999999999,0.08,0.07200000000000001,0.7200000000000001,0.02,0.018000000000000002,0.18000000000000002,0.00866,0.82,0.08,0.02
frdm,ce173,173Ce,58,115,173,58173,0.00794,0.007860599999999999,0.78606,100.0,0.0,0.0,0.0,0.0,0.0,0.4,0.36000000000000004,3.6,0.53,0.47700000000000004,4.7700000000000005,0.02,0.018000000000000002,0.18000000000000002,0.00794,0.4,0.53,0.02
frdm,ce174,174Ce,58,116,174,58174,0.00493,0.0048807,0.48807000000000006,100.0,0.0,0.0,0.0,0.0,0.0,0.84,0.756,7.5600000000000005,0.07,0.063,0.6300000000000001,0.03,0.027,0.27,0.00493,0.84,0.07,0.03
frdm,ce175,175Ce,58,117,175,58175,0.0046,0.004554,0.45539999999999997,100.0,0.0,0.0,0.0,0.0,0.0,0.39,0.35100000000000003,3.5100000000000002,0.52,0.468,4.68,0.03,0.027,0.27,0.0046,0.39,0.52,0.03
frdm,ce176,176Ce,58,118,176,58176,0.00402,0.0039798,0.39798,100.0,0.0,0.0,0.0,0.0,0.0,0.79,0.7110000000000001,7.11,0.13,0.117,1.17,0.03,0.027,0.27,0.00402,0.79,0.13,0.03
frdm,ce177,177Ce,58,119,177,58177,0.0035,0.003465,0.34650000000000003,100.0,0.0,0.0,0.0,0.0,0.0,0.29,0.261,2.61,0.64,0.5760000000000001,5.760000000000001,0.04,0.036000000000000004,0.36000000000000004,0.0035,0.29,0.64,0.04
frdm,ce178,178Ce,58,120,178,58178,0.00379,0.0037521,0.37521,100.0,0.0,0.0,0.0,0.0,0.0,0.55,0.49500000000000005,4.95,0.37,0.333,3.33,0.05,0.045000000000000005,0.45,0.00379,0.55,0.37,0.05
frdm,ce179,179Ce,58,121,179,58179,0.00333,0.0032967,0.32967,100.0,0.0,0.0,0.0,0.0,0.0,0.13,0.117,1.17,0.79,0.7110000000000001,7.11,0.05,0.045000000000000005,0.45,0.00333,0.13,0.79,0.05
frdm,ce180,180Ce,58,122,180,58180,0.00263,0.0026037,0.26037,100.0,0.0,0.0,0.0,0.0,0.0,0.72,0.648,6.4799999999999995,0.21,0.189,1.8900000000000001,0.05,0.045000000000000005,0.45,0.00263,0.72,0.21,0.05
frdm,ce181,181Ce,58,123,181,58181,0.00269,0.0026631000000000003,0.26631,100.0,0.0,0.0,0.0,0.0,0.0,0.19,0.171,1.71,0.74,0.666,6.66,0.03,0.027,0.27,0.00269,0.19,0.74,0.03
frdm,ce182,182Ce,58,124,182,58182,0.00244,0.0024156,0.24156,100.0,0.0,0.0,0.0,0.0,0.0,0.79,0.7110000000000001,7.11,0.12,0.108,1.08,0.06,0.054,0.54,0.00244,0.79,0.12,0.06
frdm,ce183,183Ce,58,125,183,58183,0.00174,0.0017226,0.17226,100.0,0.0,0.0,0.0,0.0,0.0,0.5,0.45,4.5,0.41,0.369,3.6899999999999995,0.05,0.045000000000000005,0.45,0.00174,0.5,0.41,0.05
frdm,ce184,184Ce,58,126,184,58184,0.00159,0.0015741000000000002,0.15741,100.0,0.0,0.0,0.0,0.0,0.0,0.71,0.639,6.39,0.19,0.171,1.71,0.07,0.063,0.6300000000000001,0.00159,0.71,0.19,0.07
frdm,pr161,161Pr,59,102,161,59161,0.06545,0.06479549999999999,6.479549999999999,100.0,0.0,0.0,0.0,0.0,0.0,0.42,0.378,3.7800000000000002,0.0,0.0,0.0,0.0,0.0,0.0,0.06545,0.42,0.0,0.0
frdm,pr162,162Pr,59,103,162,59162,0.04752,0.0470448,4.70448,100.0,0.0,0.0,0.0,0.0,0.0,0.41,0.369,3.6899999999999995,0.0,0.0,0.0,0.0,0.0,0.0,0.04752,0.41,0.0,0.0
frdm,pr163,163Pr,59,104,163,59163,0.04159,0.041174100000000005,4.11741,100.0,0.0,0.0,0.0,0.0,0.0,0.63,0.567,5.67,0.0,0.0,0.0,0.0,0.0,0.0,0.04159,0.63,0.0,0.0
frdm,pr164,164Pr,59,105,164,59164,0.02434,0.0240966,2.40966,100.0,0.0,0.0,0.0,0.0,0.0,0.63,0.567,5.67,0.02,0.018000000000000002,0.18000000000000002,0.0,0.0,0.0,0.02434,0.63,0.02,0.0
frdm,pr165,165Pr,59,106,165,59165,0.02922,0.0289278,2.89278,100.0,0.0,0.0,0.0,0.0,0.0,0.76,0.684,6.84,0.01,0.009000000000000001,0.09000000000000001,0.0,0.0,0.0,0.02922,0.76,0.01,0.0
frdm,pr166,166Pr,59,107,166,59166,0.02598,0.0257202,2.5720199999999998,100.0,0.0,0.0,0.0,0.0,0.0,0.67,0.603,6.03,0.13,0.117,1.17,0.0,0.0,0.0,0.02598,0.67,0.13,0.0
frdm,pr167,167Pr,59,108,167,59167,0.0206,0.020394,2.0394,100.0,0.0,0.0,0.0,0.0,0.0,0.83,0.747,7.469999999999999,0.04,0.036000000000000004,0.36000000000000004,0.0,0.0,0.0,0.0206,0.83,0.04,0.0
frdm,pr168,168Pr,59,109,168,59168,0.01717,0.0169983,1.6998300000000002,100.0,0.0,0.0,0.0,0.0,0.0,0.61,0.5489999999999999,5.489999999999999,0.26,0.234,2.34,0.0,0.0,0.0,0.01717,0.61,0.26,0.0
frdm,pr169,169Pr,59,110,169,59169,0.01517,0.0150183,1.50183,100.0,0.0,0.0,0.0,0.0,0.0,0.81,0.7290000000000001,7.290000000000001,0.12,0.108,1.08,0.0,0.0,0.0,0.01517,0.81,0.12,0.0
frdm,pr170,170Pr,59,111,170,59170,0.01247,0.0123453,1.2345300000000001,100.0,0.0,0.0,0.0,0.0,0.0,0.44,0.396,3.9600000000000004,0.45,0.405,4.05,0.01,0.009000000000000001,0.09000000000000001,0.01247,0.44,0.45,0.01
frdm,pr171,171Pr,59,112,171,59171,0.01228,0.0121572,1.21572,100.0,0.0,0.0,0.0,0.0,0.0,0.69,0.621,6.209999999999999,0.25,0.225,2.25,0.01,0.009000000000000001,0.09000000000000001,0.01228,0.69,0.25,0.01
frdm,pr172,172Pr,59,113,172,59172,0.01102,0.0109098,1.09098,100.0,0.0,0.0,0.0,0.0,0.0,0.35,0.315,3.15,0.57,0.5129999999999999,5.129999999999999,0.01,0.009000000000000001,0.09000000000000001,0.01102,0.35,0.57,0.01
frdm,pr173,173Pr,59,114,173,59173,0.01147,0.011355299999999999,1.13553,100.0,0.0,0.0,0.0,0.0,0.0,0.47,0.423,4.2299999999999995,0.48,0.432,4.32,0.04,0.036000000000000004,0.36000000000000004,0.01147,0.47,0.48,0.04
frdm,pr174,174Pr,59,115,174,59174,0.01065,0.010543499999999999,1.05435,100.0,0.0,0.0,0.0,0.0,0.0,0.13,0.117,1.17,0.81,0.7290000000000001,7.290000000000001,0.04,0.036000000000000004,0.36000000000000004,0.01065,0.13,0.81,0.04
frdm,pr175,175Pr,59,116,175,59175,0.0063,0.006237,0.6237,100.0,0.0,0.0,0.0,0.0,0.0,0.36,0.324,3.2399999999999998,0.58,0.522,5.22,0.05,0.045000000000000005,0.45,0.0063,0.36,0.58,0.05
frdm,pr176,176Pr,59,117,176,59176,0.0059,0.005841,0.5841,100.0,0.0,0.0,0.0,0.0,0.0,0.16,0.14400000000000002,1.4400000000000002,0.78,0.7020000000000001,7.0200000000000005,0.04,0.036000000000000004,0.36000000000000004,0.0059,0.16,0.78,0.04
frdm,pr177,177Pr,59,118,177,59177,0.00527,0.0052173,0.52173,100.0,0.0,0.0,0.0,0.0,0.0,0.26,0.234,2.34,0.64,0.5760000000000001,5.760000000000001,0.08,0.07200000000000001,0.7200000000000001,0.00527,0.26,0.64,0.08
frdm,pr178,178Pr,59,119,178,59178,0.00448,0.004435199999999999,0.44351999999999997,100.0,0.0,0.0,0.0,0.0,0.0,0.06,0.054,0.54,0.83,0.747,7.469999999999999,0.08,0.07200000000000001,0.7200000000000001,0.00448,0.06,0.83,0.08
frdm,pr179,179Pr,59,120,179,59179,0.00481,0.0047619,0.47619,100.0,0.0,0.0,0.0,0.0,0.0,0.12,0.108,1.08,0.69,0.621,6.209999999999999,0.18,0.162,1.6199999999999999,0.00481,0.12,0.69,0.18
frdm,pr180,180Pr,59,121,180,59180,0.00369,0.0036531000000000003,0.36530999999999997,100.0,0.0,0.0,0.0,0.0,0.0,0.04,0.036000000000000004,0.36000000000000004,0.76,0.684,6.84,0.15,0.135,1.35,0.00369,0.04,0.76,0.15
frdm,pr181,181Pr,59,122,181,59181,0.00317,0.0031383,0.31383,100.0,0.0,0.0,0.0,0.0,0.0,0.14,0.126,1.2600000000000002,0.64,0.5760000000000001,5.760000000000001,0.2,0.18000000000000002,1.8,0.00317,0.14,0.64,0.2
frdm,pr182,182Pr,59,123,182,59182,0.0034,0.0033659999999999996,0.33659999999999995,100.0,0.0,0.0,0.0,0.0,0.0,0.03,0.027,0.27,0.84,0.756,7.5600000000000005,0.08,0.07200000000000001,0.7200000000000001,0.0034,0.03,0.84,0.08
frdm,pr183,183Pr,59,124,183,59183,0.00308,0.0030491999999999997,0.30491999999999997,100.0,0.0,0.0,0.0,0.0,0.0,0.17,0.15300000000000002,1.5300000000000002,0.67,0.603,6.03,0.13,0.117,1.17,0.00308,0.17,0.67,0.13
frdm,pr184,184Pr,59,125,184,59184,0.00221,0.0021879,0.21879000000000004,100.0,0.0,0.0,0.0,0.0,0.0,0.05,0.045000000000000005,0.45,0.84,0.756,7.5600000000000005,0.05,0.045000000000000005,0.45,0.00221,0.05,0.84,0.05
frdm,pr185,185Pr,59,126,185,59185,0.00199,0.0019701,0.19701000000000002,100.0,0.0,0.0,0.0,0.0,0.0,0.11,0.099,0.9900000000000001,0.76,0.684,6.84,0.1,0.09000000000000001,0.9,0.00199,0.11,0.76,0.1
frdm,nd163,163Nd,60,103,163,60163,0.15111,0.1495989,14.95989,100.0,0.0,0.0,0.0,0.0,0.0,0.06,0.054,0.54,0.0,0.0,0.0,0.0,0.0,0.0,0.15111,0.06,0.0,0.0
frdm,nd164,164Nd,60,104,164,60164,0.13873,0.13734269999999998,13.734269999999999,100.0,0.0,0.0,0.0,0.0,0.0,0.1,0.09000000000000001,0.9,0.0,0.0,0.0,0.0,0.0,0.0,0.13873,0.1,0.0,0.0
frdm,nd165,165Nd,60,105,165,60165,0.04521,0.0447579,4.47579,100.0,0.0,0.0,0.0,0.0,0.0,0.1,0.09000000000000001,0.9,0.0,0.0,0.0,0.0,0.0,0.0,0.04521,0.1,0.0,0.0
frdm,nd166,166Nd,60,106,166,60166,0.07569,0.07493309999999999,7.493309999999999,100.0,0.0,0.0,0.0,0.0,0.0,0.27,0.24300000000000002,2.43,0.0,0.0,0.0,0.0,0.0,0.0,0.07569,0.27,0.0,0.0
frdm,nd167,167Nd,60,107,167,60167,0.06297,0.0623403,6.23403,100.0,0.0,0.0,0.0,0.0,0.0,0.43,0.387,3.8699999999999997,0.0,0.0,0.0,0.0,0.0,0.0,0.06297,0.43,0.0,0.0
frdm,nd168,168Nd,60,108,168,60168,0.04858,0.0480942,4.809419999999999,100.0,0.0,0.0,0.0,0.0,0.0,0.41,0.369,3.6899999999999995,0.0,0.0,0.0,0.0,0.0,0.0,0.04858,0.41,0.0,0.0
frdm,nd169,169Nd,60,109,169,60169,0.03591,0.035550899999999996,3.55509,100.0,0.0,0.0,0.0,0.0,0.0,0.58,0.522,5.22,0.01,0.009000000000000001,0.09000000000000001,0.0,0.0,0.0,0.03591,0.58,0.01,0.0
frdm,nd170,170Nd,60,110,170,60170,0.03173,0.0314127,3.14127,100.0,0.0,0.0,0.0,0.0,0.0,0.62,0.558,5.58,0.0,0.0,0.0,0.0,0.0,0.0,0.03173,0.62,0.0,0.0
frdm,nd171,171Nd,60,111,171,60171,0.02692,0.0266508,2.66508,100.0,0.0,0.0,0.0,0.0,0.0,0.7,0.63,6.3,0.04,0.036000000000000004,0.36000000000000004,0.0,0.0,0.0,0.02692,0.7,0.04,0.0
frdm,nd172,172Nd,60,112,172,60172,0.02323,0.0229977,2.29977,100.0,0.0,0.0,0.0,0.0,0.0,0.71,0.639,6.39,0.01,0.009000000000000001,0.09000000000000001,0.0,0.0,0.0,0.02323,0.71,0.01,0.0
frdm,nd173,173Nd,60,113,173,60173,0.02058,0.020374200000000002,2.0374200000000005,100.0,0.0,0.0,0.0,0.0,0.0,0.69,0.621,6.209999999999999,0.07,0.063,0.6300000000000001,0.0,0.0,0.0,0.02058,0.69,0.07,0.0
frdm,nd174,174Nd,60,114,174,60174,0.01798,0.0178002,1.78002,100.0,0.0,0.0,0.0,0.0,0.0,0.78,0.7020000000000001,7.0200000000000005,0.02,0.018000000000000002,0.18000000000000002,0.0,0.0,0.0,0.01798,0.78,0.02,0.0
frdm,nd175,175Nd,60,115,175,60175,0.01433,0.0141867,1.41867,100.0,0.0,0.0,0.0,0.0,0.0,0.76,0.684,6.84,0.11,0.099,0.9900000000000001,0.0,0.0,0.0,0.01433,0.76,0.11,0.0
frdm,nd176,176Nd,60,116,176,60176,0.01109,0.010979099999999999,1.09791,100.0,0.0,0.0,0.0,0.0,0.0,0.84,0.756,7.5600000000000005,0.04,0.036000000000000004,0.36000000000000004,0.0,0.0,0.0,0.01109,0.84,0.04,0.0
frdm,nd177,177Nd,60,117,177,60177,0.00697,0.0069003,0.6900299999999999,100.0,0.0,0.0,0.0,0.0,0.0,0.69,0.621,6.209999999999999,0.1,0.09000000000000001,0.9,0.0,0.0,0.0,0.00697,0.69,0.1,0.0
frdm,nd178,178Nd,60,118,178,60178,0.0084,0.008315999999999999,0.8316,100.0,0.0,0.0,0.0,0.0,0.0,0.86,0.774,7.739999999999999,0.04,0.036000000000000004,0.36000000000000004,0.01,0.009000000000000001,0.09000000000000001,0.0084,0.86,0.04,0.01
frdm,nd179,179Nd,60,119,179,60179,0.0063,0.006237,0.6237,100.0,0.0,0.0,0.0,0.0,0.0,0.57,0.5129999999999999,5.129999999999999,0.36,0.324,3.2399999999999998,0.01,0.009000000000000001,0.09000000000000001,0.0063,0.57,0.36,0.01
frdm,nd180,180Nd,60,120,180,60180,0.00673,0.0066627,0.66627,100.0,0.0,0.0,0.0,0.0,0.0,0.87,0.783,7.829999999999999,0.08,0.07200000000000001,0.7200000000000001,0.02,0.018000000000000002,0.18000000000000002,0.00673,0.87,0.08,0.02
frdm,nd181,181Nd,60,121,181,60181,0.00544,0.005385600000000001,0.53856,100.0,0.0,0.0,0.0,0.0,0.0,0.38,0.342,3.42,0.55,0.49500000000000005,4.95,0.02,0.018000000000000002,0.18000000000000002,0.00544,0.38,0.55,0.02
frdm,nd182,182Nd,60,122,182,60182,0.00425,0.0042075,0.42075000000000007,100.0,0.0,0.0,0.0,0.0,0.0,0.91,0.8190000000000001,8.19,0.03,0.027,0.27,0.03,0.027,0.27,0.00425,0.91,0.03,0.03
frdm,nd183,183Nd,60,123,183,60183,0.00445,0.0044055,0.44055,100.0,0.0,0.0,0.0,0.0,0.0,0.76,0.684,6.84,0.2,0.18000000000000002,1.8,0.02,0.018000000000000002,0.18000000000000002,0.00445,0.76,0.2,0.02
frdm,nd184,184Nd,60,124,184,60184,0.00406,0.0040194,0.40194,100.0,0.0,0.0,0.0,0.0,0.0,0.92,0.8280000000000001,8.280000000000001,0.04,0.036000000000000004,0.36000000000000004,0.02,0.018000000000000002,0.18000000000000002,0.00406,0.92,0.04,0.02
frdm,nd185,185Nd,60,125,185,60185,0.00285,0.0028215000000000002,0.28215,100.0,0.0,0.0,0.0,0.0,0.0,0.87,0.783,7.829999999999999,0.09,0.081,0.8099999999999999,0.03,0.027,0.27,0.00285,0.87,0.09,0.03
frdm,nd186,186Nd,60,126,186,60186,0.00263,0.0026037,0.26037,100.0,0.0,0.0,0.0,0.0,0.0,0.91,0.8190000000000001,8.19,0.05,0.045000000000000005,0.45,0.03,0.027,0.27,0.00263,0.91,0.05,0.03
frdm,nd196,196Nd,60,136,196,60196,0.0014,0.001386,0.13859999999999997,100.0,0.0,0.0,0.0,0.0,0.0,0.01,0.009000000000000001,0.09000000000000001,0.0,0.0,0.0,0.03,0.027,0.27,0.0014,0.01,0.0,0.03
frdm,pm166,166Pm,61,105,166,61166,0.04784,0.047361600000000004,4.73616,100.0,0.0,0.0,0.0,0.0,0.0,0.25,0.225,2.25,0.0,0.0,0.0,0.0,0.0,0.0,0.04784,0.25,0.0,0.0
frdm,pm167,167Pm,61,106,167,61167,0.06308,0.062449199999999996,6.24492,100.0,0.0,0.0,0.0,0.0,0.0,0.46,0.41400000000000003,4.140000000000001,0.0,0.0,0.0,0.0,0.0,0.0,0.06308,0.46,0.0,0.0
frdm,pm168,168Pm,61,107,168,61168,0.1007,0.099693,9.9693,100.0,0.0,0.0,0.0,0.0,0.0,0.73,0.657,6.57,0.02,0.018000000000000002,0.18000000000000002,0.0,0.0,0.0,0.1007,0.73,0.02,0.0
frdm,pm169,169Pm,61,108,169,61169,0.07564,0.0748836,7.48836,100.0,0.0,0.0,0.0,0.0,0.0,0.85,0.765,7.65,0.0,0.0,0.0,0.0,0.0,0.0,0.07564,0.85,0.0,0.0
frdm,pm170,170Pm,61,109,170,61170,0.05958,0.0589842,5.89842,100.0,0.0,0.0,0.0,0.0,0.0,0.81,0.7290000000000001,7.290000000000001,0.06,0.054,0.54,0.0,0.0,0.0,0.05958,0.81,0.06,0.0
frdm,pm171,171Pm,61,110,171,61171,0.04801,0.0475299,4.7529900000000005,100.0,0.0,0.0,0.0,0.0,0.0,0.93,0.8370000000000001,8.370000000000001,0.02,0.018000000000000002,0.18000000000000002,0.0,0.0,0.0,0.04801,0.93,0.02,0.0
frdm,pm172,172Pm,61,111,172,61172,0.02532,0.0250668,2.5066800000000002,100.0,0.0,0.0,0.0,0.0,0.0,0.7,0.63,6.3,0.15,0.135,1.35,0.0,0.0,0.0,0.02532,0.7,0.15,0.0
frdm,pm173,173Pm,61,112,173,61173,0.02276,0.022532399999999998,2.25324,100.0,0.0,0.0,0.0,0.0,0.0,0.86,0.774,7.739999999999999,0.05,0.045000000000000005,0.45,0.0,0.0,0.0,0.02276,0.86,0.05,0.0
frdm,pm174,174Pm,61,113,174,61174,0.02088,0.0206712,2.06712,100.0,0.0,0.0,0.0,0.0,0.0,0.59,0.5309999999999999,5.31,0.28,0.252,2.5200000000000005,0.0,0.0,0.0,0.02088,0.59,0.28,0.0
frdm,pm175,175Pm,61,114,175,61175,0.0282,0.027918,2.7918,100.0,0.0,0.0,0.0,0.0,0.0,0.79,0.7110000000000001,7.11,0.18,0.162,1.6199999999999999,0.0,0.0,0.0,0.0282,0.79,0.18,0.0
frdm,pm176,176Pm,61,115,176,61176,0.01598,0.0158202,1.58202,100.0,0.0,0.0,0.0,0.0,0.0,0.5,0.45,4.5,0.41,0.369,3.6899999999999995,0.0,0.0,0.0,0.01598,0.5,0.41,0.0
frdm,pm177,177Pm,61,116,177,61177,0.01412,0.013978800000000001,1.3978800000000002,100.0,0.0,0.0,0.0,0.0,0.0,0.72,0.648,6.4799999999999995,0.21,0.189,1.8900000000000001,0.01,0.009000000000000001,0.09000000000000001,0.01412,0.72,0.21,0.01
frdm,pm178,178Pm,61,117,178,61178,0.00722,0.0071478,0.71478,100.0,0.0,0.0,0.0,0.0,0.0,0.49,0.441,4.41,0.44,0.396,3.9600000000000004,0.01,0.009000000000000001,0.09000000000000001,0.00722,0.49,0.44,0.01
frdm,pm179,179Pm,61,118,179,61179,0.00907,0.008979299999999999,0.89793,100.0,0.0,0.0,0.0,0.0,0.0,0.64,0.5760000000000001,5.760000000000001,0.31,0.279,2.79,0.02,0.018000000000000002,0.18000000000000002,0.00907,0.64,0.31,0.02
frdm,pm180,180Pm,61,119,180,61180,0.00665,0.0065835,0.6583499999999999,100.0,0.0,0.0,0.0,0.0,0.0,0.28,0.252,2.5200000000000005,0.67,0.603,6.03,0.02,0.018000000000000002,0.18000000000000002,0.00665,0.28,0.67,0.02
frdm,pm181,181Pm,61,120,181,61181,0.00759,0.0075141,0.75141,100.0,0.0,0.0,0.0,0.0,0.0,0.41,0.369,3.6899999999999995,0.53,0.47700000000000004,4.7700000000000005,0.05,0.045000000000000005,0.45,0.00759,0.41,0.53,0.05
frdm,pm182,182Pm,61,121,182,61182,0.00559,0.0055341,0.5534100000000001,100.0,0.0,0.0,0.0,0.0,0.0,0.21,0.189,1.8900000000000001,0.74,0.666,6.66,0.03,0.027,0.27,0.00559,0.21,0.74,0.03
frdm,pm183,183Pm,61,122,183,61183,0.00585,0.0057915,0.5791499999999999,100.0,0.0,0.0,0.0,0.0,0.0,0.4,0.36000000000000004,3.6,0.54,0.48600000000000004,4.86,0.05,0.045000000000000005,0.45,0.00585,0.4,0.54,0.05
frdm,pm184,184Pm,61,123,184,61184,0.00559,0.0055341,0.5534100000000001,100.0,0.0,0.0,0.0,0.0,0.0,0.11,0.099,0.9900000000000001,0.84,0.756,7.5600000000000005,0.03,0.027,0.27,0.00559,0.11,0.84,0.03
frdm,pm185,185Pm,61,124,185,61185,0.00536,0.0053064,0.53064,100.0,0.0,0.0,0.0,0.0,0.0,0.6,0.54,5.4,0.35,0.315,3.15,0.04,0.036000000000000004,0.36000000000000004,0.00536,0.6,0.35,0.04
frdm,pm186,186Pm,61,125,186,61186,0.0037,0.003663,0.3663,100.0,0.0,0.0,0.0,0.0,0.0,0.17,0.15300000000000002,1.5300000000000002,0.77,0.6930000000000001,6.93,0.04,0.036000000000000004,0.36000000000000004,0.0037,0.17,0.77,0.04
frdm,pm187,187Pm,61,126,187,61187,0.00342,0.0033858,0.33858,100.0,0.0,0.0,0.0,0.0,0.0,0.43,0.387,3.8699999999999997,0.51,0.459,4.59,0.05,0.045000000000000005,0.45,0.00342,0.43,0.51,0.05
frdm,pm189,189Pm,61,128,189,61189,0.00366,0.0036234,0.36234,100.0,0.0,0.0,0.0,0.0,0.0,0.04,0.036000000000000004,0.36000000000000004,0.07,0.063,0.6300000000000001,0.78,0.7020000000000001,7.0200000000000005,0.00366,0.04,0.07,0.78
frdm,pm191,191Pm,61,130,191,61191,0.00348,0.0034452,0.34452,100.0,0.0,0.0,0.0,0.0,0.0,0.01,0.009000000000000001,0.09000000000000001,0.01,0.009000000000000001,0.09000000000000001,0.09,0.081,0.8099999999999999,0.00348,0.01,0.01,0.09
frdm,pm193,193Pm,61,132,193,61193,0.00234,0.0023166000000000003,0.23166,100.0,0.0,0.0,0.0,0.0,0.0,0.01,0.009000000000000001,0.09000000000000001,0.01,0.009000000000000001,0.09000000000000001,0.03,0.027,0.27,0.00234,0.01,0.01,0.03
frdm,pm195,195Pm,61,134,195,61195,0.0021,0.0020789999999999997,0.2079,100.0,0.0,0.0,0.0,0.0,0.0,0.01,0.009000000000000001,0.09000000000000001,0.0,0.0,0.0,0.03,0.027,0.27,0.0021,0.01,0.0,0.03
frdm,pm197,197Pm,61,136,197,61197,0.00164,0.0016236,0.16236,100.0,0.0,0.0,0.0,0.0,0.0,0.01,0.009000000000000001,0.09000000000000001,0.0,0.0,0.0,0.02,0.018000000000000002,0.18000000000000002,0.00164,0.01,0.0,0.02
frdm,pm199,199Pm,61,138,199,61199,0.00132,0.0013067999999999999,0.13068000000000002,100.0,0.0,0.0,0.0,0.0,0.0,0.01,0.009000000000000001,0.09000000000000001,0.0,0.0,0.0,0.02,0.018000000000000002,0.18000000000000002,0.00132,0.01,0.0,0.02
frdm,sm169,169Sm,62,107,169,62169,0.16523,0.1635777,16.35777,100.0,0.0,0.0,0.0,0.0,0.0,0.08,0.07200000000000001,0.7200000000000001,0.0,0.0,0.0,0.0,0.0,0.0,0.16523,0.08,0.0,0.0
frdm,sm170,170Sm,62,108,170,62170,0.11646,0.11529539999999999,11.529539999999999,100.0,0.0,0.0,0.0,0.0,0.0,0.1,0.09000000000000001,0.9,0.0,0.0,0.0,0.0,0.0,0.0,0.11646,0.1,0.0,0.0
frdm,sm171,171Sm,62,109,171,62171,0.09069,0.0897831,8.97831,100.0,0.0,0.0,0.0,0.0,0.0,0.23,0.20700000000000002,2.0700000000000003,0.0,0.0,0.0,0.0,0.0,0.0,0.09069,0.23,0.0,0.0
frdm,sm172,172Sm,62,110,172,62172,0.07611,0.0753489,7.53489,100.0,0.0,0.0,0.0,0.0,0.0,0.29,0.261,2.61,0.0,0.0,0.0,0.0,0.0,0.0,0.07611,0.29,0.0,0.0
frdm,sm173,173Sm,62,111,173,62173,0.05985,0.0592515,5.92515,100.0,0.0,0.0,0.0,0.0,0.0,0.48,0.432,4.32,0.0,0.0,0.0,0.0,0.0,0.0,0.05985,0.48,0.0,0.0
frdm,sm174,174Sm,62,112,174,62174,0.05715,0.0565785,5.65785,100.0,0.0,0.0,0.0,0.0,0.0,0.5,0.45,4.5,0.0,0.0,0.0,0.0,0.0,0.0,0.05715,0.5,0.0,0.0
frdm,sm175,175Sm,62,113,175,62175,0.04403,0.0435897,4.358969999999999,100.0,0.0,0.0,0.0,0.0,0.0,0.58,0.522,5.22,0.01,0.009000000000000001,0.09000000000000001,0.0,0.0,0.0,0.04403,0.58,0.01,0.0
frdm,sm176,176Sm,62,114,176,62176,0.04525,0.0447975,4.479749999999999,100.0,0.0,0.0,0.0,0.0,0.0,0.64,0.5760000000000001,5.760000000000001,0.0,0.0,0.0,0.0,0.0,0.0,0.04525,0.64,0.0,0.0
frdm,sm177,177Sm,62,115,177,62177,0.03673,0.0363627,3.63627,100.0,0.0,0.0,0.0,0.0,0.0,0.7,0.63,6.3,0.02,0.018000000000000002,0.18000000000000002,0.0,0.0,0.0,0.03673,0.7,0.02,0.0
frdm,sm178,178Sm,62,116,178,62178,0.02718,0.0269082,2.69082,100.0,0.0,0.0,0.0,0.0,0.0,0.75,0.675,6.75,0.01,0.009000000000000001,0.09000000000000001,0.0,0.0,0.0,0.02718,0.75,0.01,0.0
frdm,sm179,179Sm,62,117,179,62179,0.01184,0.0117216,1.1721599999999999,100.0,0.0,0.0,0.0,0.0,0.0,0.61,0.5489999999999999,5.489999999999999,0.02,0.018000000000000002,0.18000000000000002,0.0,0.0,0.0,0.01184,0.61,0.02,0.0
frdm,sm180,180Sm,62,118,180,62180,0.01638,0.0162162,1.6216199999999998,100.0,0.0,0.0,0.0,0.0,0.0,0.82,0.738,7.379999999999999,0.01,0.009000000000000001,0.09000000000000001,0.0,0.0,0.0,0.01638,0.82,0.01,0.0
frdm,sm181,181Sm,62,119,181,62181,0.01425,0.0141075,1.41075,100.0,0.0,0.0,0.0,0.0,0.0,0.76,0.684,6.84,0.11,0.099,0.9900000000000001,0.0,0.0,0.0,0.01425,0.76,0.11,0.0
frdm,sm182,182Sm,62,120,182,62182,0.01063,0.0105237,1.0523700000000002,100.0,0.0,0.0,0.0,0.0,0.0,0.8,0.7200000000000001,7.2,0.03,0.027,0.27,0.0,0.0,0.0,0.01063,0.8,0.03,0.0
frdm,sm183,183Sm,62,121,183,62183,0.00905,0.0089595,0.89595,100.0,0.0,0.0,0.0,0.0,0.0,0.77,0.6930000000000001,6.93,0.11,0.099,0.9900000000000001,0.0,0.0,0.0,0.00905,0.77,0.11,0.0
frdm,sm184,184Sm,62,122,184,62184,0.01041,0.010305900000000002,1.0305900000000001,100.0,0.0,0.0,0.0,0.0,0.0,0.87,0.783,7.829999999999999,0.03,0.027,0.27,0.0,0.0,0.0,0.01041,0.87,0.03,0.0
frdm,sm185,185Sm,62,123,185,62185,0.00729,0.0072171,0.72171,100.0,0.0,0.0,0.0,0.0,0.0,0.91,0.8190000000000001,8.19,0.05,0.045000000000000005,0.45,0.0,0.0,0.0,0.00729,0.91,0.05,0.0
frdm,sm186,186Sm,62,124,186,62186,0.00737,0.0072962999999999995,0.72963,100.0,0.0,0.0,0.0,0.0,0.0,0.92,0.8280000000000001,8.280000000000001,0.03,0.027,0.27,0.0,0.0,0.0,0.00737,0.92,0.03,0.0
frdm,sm187,187Sm,62,125,187,62187,0.00506,0.005009400000000001,0.50094,100.0,0.0,0.0,0.0,0.0,0.0,0.92,0.8280000000000001,8.280000000000001,0.06,0.054,0.54,0.0,0.0,0.0,0.00506,0.92,0.06,0.0
frdm,sm188,188Sm,62,126,188,62188,0.0047,0.004653,0.46530000000000005,100.0,0.0,0.0,0.0,0.0,0.0,0.93,0.8370000000000001,8.370000000000001,0.04,0.036000000000000004,0.36000000000000004,0.01,0.009000000000000001,0.09000000000000001,0.0047,0.93,0.04,0.01
frdm,sm190,190Sm,62,128,190,62190,0.00497,0.0049203,0.49202999999999997,100.0,0.0,0.0,0.0,0.0,0.0,0.09,0.081,0.8099999999999999,0.69,0.621,6.209999999999999,0.21,0.189,1.8900000000000001,0.00497,0.09,0.69,0.21
frdm,sm192,192Sm,62,130,192,62192,0.00437,0.0043263,0.43263,100.0,0.0,0.0,0.0,0.0,0.0,0.04,0.036000000000000004,0.36000000000000004,0.01,0.009000000000000001,0.09000000000000001,0.55,0.49500000000000005,4.95,0.00437,0.04,0.01,0.55
frdm,sm194,194Sm,62,132,194,62194,0.00334,0.0033066000000000003,0.33066,100.0,0.0,0.0,0.0,0.0,0.0,0.04,0.036000000000000004,0.36000000000000004,0.01,0.009000000000000001,0.09000000000000001,0.13,0.117,1.17,0.00334,0.04,0.01,0.13
frdm,sm196,196Sm,62,134,196,62196,0.00252,0.0024948,0.24948,100.0,0.0,0.0,0.0,0.0,0.0,0.03,0.027,0.27,0.01,0.009000000000000001,0.09000000000000001,0.1,0.09000000000000001,0.9,0.00252,0.03,0.01,0.1
frdm,sm198,198Sm,62,136,198,62198,0.0021,0.0020789999999999997,0.2079,100.0,0.0,0.0,0.0,0.0,0.0,0.02,0.018000000000000002,0.18000000000000002,0.0,0.0,0.0,0.13,0.117,1.17,0.0021,0.02,0.0,0.13
frdm,sm200,200Sm,62,138,200,62200,0.00172,0.0017028,0.17028,100.0,0.0,0.0,0.0,0.0,0.0,0.03,0.027,0.27,0.0,0.0,0.0,0.17,0.15300000000000002,1.5300000000000002,0.00172,0.03,0.0,0.17
frdm,sm202,202Sm,62,140,202,62202,0.00155,0.0015344999999999998,0.15345,100.0,0.0,0.0,0.0,0.0,0.0,0.02,0.018000000000000002,0.18000000000000002,0.0,0.0,0.0,0.17,0.15300000000000002,1.5300000000000002,0.00155,0.02,0.0,0.17
frdm,eu171,171Eu,63,108,171,63171,0.09154,0.0906246,9.06246,100.0,0.0,0.0,0.0,0.0,0.0,0.36,0.324,3.2399999999999998,0.0,0.0,0.0,0.0,0.0,0.0,0.09154,0.36,0.0,0.0
frdm,eu172,172Eu,63,109,172,63172,0.07625,0.0754875,7.54875,100.0,0.0,0.0,0.0,0.0,0.0,0.43,0.387,3.8699999999999997,0.0,0.0,0.0,0.0,0.0,0.0,0.07625,0.43,0.0,0.0
frdm,eu173,173Eu,63,110,173,63173,0.06296,0.0623304,6.23304,100.0,0.0,0.0,0.0,0.0,0.0,0.58,0.522,5.22,0.0,0.0,0.0,0.0,0.0,0.0,0.06296,0.58,0.0,0.0
frdm,eu174,174Eu,63,111,174,63174,0.05111,0.0505989,5.05989,100.0,0.0,0.0,0.0,0.0,0.0,0.61,0.5489999999999999,5.489999999999999,0.01,0.009000000000000001,0.09000000000000001,0.0,0.0,0.0,0.05111,0.61,0.01,0.0
frdm,eu175,175Eu,63,112,175,63175,0.0913,0.09038700000000001,9.0387,100.0,0.0,0.0,0.0,0.0,0.0,0.91,0.8190000000000001,8.19,0.01,0.009000000000000001,0.09000000000000001,0.0,0.0,0.0,0.0913,0.91,0.01,0.0
frdm,eu176,176Eu,63,113,176,63176,0.06405,0.0634095,6.340949999999999,100.0,0.0,0.0,0.0,0.0,0.0,0.74,0.666,6.66,0.09,0.081,0.8099999999999999,0.0,0.0,0.0,0.06405,0.74,0.09,0.0
frdm,eu177,177Eu,63,114,177,63177,0.07047,0.0697653,6.97653,100.0,0.0,0.0,0.0,0.0,0.0,0.91,0.8190000000000001,8.19,0.02,0.018000000000000002,0.18000000000000002,0.0,0.0,0.0,0.07047,0.91,0.02,0.0
frdm,eu178,178Eu,63,115,178,63178,0.03395,0.0336105,3.36105,100.0,0.0,0.0,0.0,0.0,0.0,0.71,0.639,6.39,0.14,0.126,1.2600000000000002,0.0,0.0,0.0,0.03395,0.71,0.14,0.0
frdm,eu179,179Eu,63,116,179,63179,0.02517,0.0249183,2.49183,100.0,0.0,0.0,0.0,0.0,0.0,0.86,0.774,7.739999999999999,0.03,0.027,0.27,0.0,0.0,0.0,0.02517,0.86,0.03,0.0
frdm,eu180,180Eu,63,117,180,63180,0.01457,0.0144243,1.4424299999999999,100.0,0.0,0.0,0.0,0.0,0.0,0.71,0.639,6.39,0.18,0.162,1.6199999999999999,0.0,0.0,0.0,0.01457,0.71,0.18,0.0
frdm,eu181,181Eu,63,118,181,63181,0.01424,0.014097599999999998,1.40976,100.0,0.0,0.0,0.0,0.0,0.0,0.89,0.801,8.01,0.06,0.054,0.54,0.0,0.0,0.0,0.01424,0.89,0.06,0.0
frdm,eu182,182Eu,63,119,182,63182,0.01547,0.015315299999999999,1.5315299999999998,100.0,0.0,0.0,0.0,0.0,0.0,0.54,0.48600000000000004,4.86,0.41,0.369,3.6899999999999995,0.0,0.0,0.0,0.01547,0.54,0.41,0.0
frdm,eu183,183Eu,63,120,183,63183,0.01612,0.0159588,1.59588,100.0,0.0,0.0,0.0,0.0,0.0,0.76,0.684,6.84,0.22,0.198,1.9800000000000002,0.01,0.009000000000000001,0.09000000000000001,0.01612,0.76,0.22,0.01
frdm,eu184,184Eu,63,121,184,63184,0.01274,0.0126126,1.26126,100.0,0.0,0.0,0.0,0.0,0.0,0.32,0.28800000000000003,2.8800000000000003,0.62,0.558,5.58,0.01,0.009000000000000001,0.09000000000000001,0.01274,0.32,0.62,0.01
frdm,eu185,185Eu,63,122,185,63185,0.01501,0.0148599,1.4859900000000001,100.0,0.0,0.0,0.0,0.0,0.0,0.75,0.675,6.75,0.22,0.198,1.9800000000000002,0.01,0.009000000000000001,0.09000000000000001,0.01501,0.75,0.22,0.01
frdm,eu186,186Eu,63,123,186,63186,0.00865,0.0085635,0.85635,100.0,0.0,0.0,0.0,0.0,0.0,0.49,0.441,4.41,0.47,0.423,4.2299999999999995,0.01,0.009000000000000001,0.09000000000000001,0.00865,0.49,0.47,0.01
frdm,eu187,187Eu,63,124,187,63187,0.01022,0.0101178,1.0117800000000001,100.0,0.0,0.0,0.0,0.0,0.0,0.88,0.792,7.920000000000001,0.09,0.081,0.8099999999999999,0.01,0.009000000000000001,0.09000000000000001,0.01022,0.88,0.09,0.01
frdm,eu188,188Eu,63,125,188,63188,0.00717,0.0070983,0.70983,100.0,0.0,0.0,0.0,0.0,0.0,0.52,0.468,4.68,0.46,0.41400000000000003,4.140000000000001,0.01,0.009000000000000001,0.09000000000000001,0.00717,0.52,0.46,0.01
frdm,eu189,189Eu,63,126,189,63189,0.00684,0.0067716,0.67716,100.0,0.0,0.0,0.0,0.0,0.0,0.82,0.738,7.379999999999999,0.15,0.135,1.35,0.02,0.018000000000000002,0.18000000000000002,0.00684,0.82,0.15,0.02
frdm,eu191,191Eu,63,128,191,63191,0.00697,0.0069003,0.6900299999999999,100.0,0.0,0.0,0.0,0.0,0.0,0.07,0.063,0.6300000000000001,0.2,0.18000000000000002,1.8,0.7,0.63,6.3,0.00697,0.07,0.2,0.7
frdm,eu193,193Eu,63,130,193,63193,0.00553,0.0054747,0.54747,100.0,0.0,0.0,0.0,0.0,0.0,0.02,0.018000000000000002,0.18000000000000002,0.02,0.018000000000000002,0.18000000000000002,0.38,0.342,3.42,0.00553,0.02,0.02,0.38
frdm,eu194,194Eu,63,131,194,63194,0.00429,0.0042471,0.42471000000000003,100.0,0.0,0.0,0.0,0.0,0.0,0.01,0.009000000000000001,0.09000000000000001,0.03,0.027,0.27,0.02,0.018000000000000002,0.18000000000000002,0.00429,0.01,0.03,0.02
frdm,eu195,195Eu,63,132,195,63195,0.00507,0.0050193,0.50193,100.0,0.0,0.0,0.0,0.0,0.0,0.03,0.027,0.27,0.01,0.009000000000000001,0.09000000000000001,0.07,0.063,0.6300000000000001,0.00507,0.03,0.01,0.07
frdm,eu197,197Eu,63,134,197,63197,0.00306,0.0030294,0.30294,100.0,0.0,0.0,0.0,0.0,0.0,0.01,0.009000000000000001,0.09000000000000001,0.01,0.009000000000000001,0.09000000000000001,0.08,0.07200000000000001,0.7200000000000001,0.00306,0.01,0.01,0.08
frdm,eu198,198Eu,63,135,198,63198,0.00234,0.0023166000000000003,0.23166,100.0,0.0,0.0,0.0,0.0,0.0,0.0,0.0,0.0,0.02,0.018000000000000002,0.18000000000000002,0.01,0.009000000000000001,0.09000000000000001,0.00234,0.0,0.02,0.01
frdm,eu199,199Eu,63,136,199,63199,0.00263,0.0026037,0.26037,100.0,0.0,0.0,0.0,0.0,0.0,0.01,0.009000000000000001,0.09000000000000001,0.0,0.0,0.0,0.07,0.063,0.6300000000000001,0.00263,0.01,0.0,0.07
frdm,eu200,200Eu,63,137,200,63200,0.00175,0.0017325,0.17325000000000002,100.0,0.0,0.0,0.0,0.0,0.0,0.0,0.0,0.0,0.03,0.027,0.27,0.01,0.009000000000000001,0.09000000000000001,0.00175,0.0,0.03,0.01
frdm,eu201,201Eu,63,138,201,63201,0.00175,0.0017325,0.17325000000000002,100.0,0.0,0.0,0.0,0.0,0.0,0.02,0.018000000000000002,0.18000000000000002,0.01,0.009000000000000001,0.09000000000000001,0.12,0.108,1.08,0.00175,0.02,0.01,0.12
frdm,eu203,203Eu,63,140,203,63203,0.00152,0.0015048000000000001,0.15048,100.0,0.0,0.0,0.0,0.0,0.0,0.01,0.009000000000000001,0.09000000000000001,0.01,0.009000000000000001,0.09000000000000001,0.12,0.108,1.08,0.00152,0.01,0.01,0.12
frdm,eu205,205Eu,63,142,205,63205,0.0013,0.001287,0.1287,100.0,0.0,0.0,0.0,0.0,0.0,0.01,0.009000000000000001,0.09000000000000001,0.0,0.0,0.0,0.07,0.063,0.6300000000000001,0.0013,0.01,0.0,0.07
frdm,eu207,207Eu,63,144,207,63207,0.00121,0.0011979,0.11979,100.0,0.0,0.0,0.0,0.0,0.0,0.02,0.018000000000000002,0.18000000000000002,0.0,0.0,0.0,0.05,0.045000000000000005,0.45,0.00121,0.02,0.0,0.05
frdm,gd173,173Gd,64,109,173,64173,0.26538,0.2627262,26.27262,100.0,0.0,0.0,0.0,0.0,0.0,0.03,0.027,0.27,0.0,0.0,0.0,0.0,0.0,0.0,0.26538,0.03,0.0,0.0
frdm,gd174,174Gd,64,110,174,64174,0.22873,0.2264427,22.64427,100.0,0.0,0.0,0.0,0.0,0.0,0.05,0.045000000000000005,0.45,0.0,0.0,0.0,0.0,0.0,0.0,0.22873,0.05,0.0,0.0
frdm,gd175,175Gd,64,111,175,64175,0.15698,0.1554102,15.54102,100.0,0.0,0.0,0.0,0.0,0.0,0.14,0.126,1.2600000000000002,0.0,0.0,0.0,0.0,0.0,0.0,0.15698,0.14,0.0,0.0
frdm,gd176,176Gd,64,112,176,64176,0.15237,0.15084630000000002,15.08463,100.0,0.0,0.0,0.0,0.0,0.0,0.17,0.15300000000000002,1.5300000000000002,0.0,0.0,0.0,0.0,0.0,0.0,0.15237,0.17,0.0,0.0
frdm,gd177,177Gd,64,113,177,64177,0.1011,0.100089,10.008899999999999,100.0,0.0,0.0,0.0,0.0,0.0,0.27,0.24300000000000002,2.43,0.0,0.0,0.0,0.0,0.0,0.0,0.1011,0.27,0.0,0.0
frdm,gd178,178Gd,64,114,178,64178,0.10691,0.1058409,10.584090000000002,100.0,0.0,0.0,0.0,0.0,0.0,0.36,0.324,3.2399999999999998,0.0,0.0,0.0,0.0,0.0,0.0,0.10691,0.36,0.0,0.0
frdm,gd179,179Gd,64,115,179,64179,0.09569,0.0947331,9.47331,100.0,0.0,0.0,0.0,0.0,0.0,0.5,0.45,4.5,0.0,0.0,0.0,0.0,0.0,0.0,0.09569,0.5,0.0,0.0
frdm,gd180,180Gd,64,116,180,64180,0.06399,0.0633501,6.3350100000000005,100.0,0.0,0.0,0.0,0.0,0.0,0.51,0.459,4.59,0.0,0.0,0.0,0.0,0.0,0.0,0.06399,0.51,0.0,0.0
frdm,gd181,181Gd,64,117,181,64181,0.02928,0.0289872,2.89872,100.0,0.0,0.0,0.0,0.0,0.0,0.39,0.35100000000000003,3.5100000000000002,0.0,0.0,0.0,0.0,0.0,0.0,0.02928,0.39,0.0,0.0
frdm,gd182,182Gd,64,118,182,64182,0.02799,0.0277101,2.77101,100.0,0.0,0.0,0.0,0.0,0.0,0.57,0.5129999999999999,5.129999999999999,0.0,0.0,0.0,0.0,0.0,0.0,0.02799,0.57,0.0,0.0
frdm,gd183,183Gd,64,119,183,64183,0.02249,0.0222651,2.22651,100.0,0.0,0.0,0.0,0.0,0.0,0.72,0.648,6.4799999999999995,0.02,0.018000000000000002,0.18000000000000002,0.0,0.0,0.0,0.02249,0.72,0.02,0.0
frdm,gd184,184Gd,64,120,184,64184,0.02332,0.0230868,2.30868,100.0,0.0,0.0,0.0,0.0,0.0,0.7,0.63,6.3,0.01,0.009000000000000001,0.09000000000000001,0.0,0.0,0.0,0.02332,0.7,0.01,0.0
frdm,gd185,185Gd,64,121,185,64185,0.01801,0.017829900000000003,1.78299,100.0,0.0,0.0,0.0,0.0,0.0,0.74,0.666,6.66,0.02,0.018000000000000002,0.18000000000000002,0.0,0.0,0.0,0.01801,0.74,0.02,0.0
frdm,gd186,186Gd,64,122,186,64186,0.02047,0.0202653,2.0265299999999997,100.0,0.0,0.0,0.0,0.0,0.0,0.83,0.747,7.469999999999999,0.01,0.009000000000000001,0.09000000000000001,0.0,0.0,0.0,0.02047,0.83,0.01,0.0
frdm,gd187,187Gd,64,123,187,64187,0.0153,0.015146999999999999,1.5147,100.0,0.0,0.0,0.0,0.0,0.0,0.84,0.756,7.5600000000000005,0.02,0.018000000000000002,0.18000000000000002,0.0,0.0,0.0,0.0153,0.84,0.02,0.0
frdm,gd188,188Gd,64,124,188,64188,0.01381,0.013671899999999999,1.36719,100.0,0.0,0.0,0.0,0.0,0.0,0.79,0.7110000000000001,7.11,0.01,0.009000000000000001,0.09000000000000001,0.0,0.0,0.0,0.01381,0.79,0.01,0.0
frdm,gd189,189Gd,64,125,189,64189,0.00903,0.0089397,0.89397,100.0,0.0,0.0,0.0,0.0,0.0,0.85,0.765,7.65,0.03,0.027,0.27,0.0,0.0,0.0,0.00903,0.85,0.03,0.0
frdm,gd190,190Gd,64,126,190,64190,0.0093,0.009207,0.9207,100.0,0.0,0.0,0.0,0.0,0.0,0.94,0.846,8.459999999999999,0.02,0.018000000000000002,0.18000000000000002,0.0,0.0,0.0,0.0093,0.94,0.02,0.0
frdm,gd191,191Gd,64,127,191,64191,0.0055,0.005444999999999999,0.5445,100.0,0.0,0.0,0.0,0.0,0.0,0.79,0.7110000000000001,7.11,0.17,0.15300000000000002,1.5300000000000002,0.01,0.009000000000000001,0.09000000000000001,0.0055,0.79,0.17,0.01
frdm,gd192,192Gd,64,128,192,64192,0.00952,0.0094248,0.9424800000000001,100.0,0.0,0.0,0.0,0.0,0.0,0.2,0.18000000000000002,1.8,0.73,0.657,6.57,0.06,0.054,0.54,0.00952,0.2,0.73,0.06
frdm,gd194,194Gd,64,130,194,64194,0.00945,0.0093555,0.9355500000000001,100.0,0.0,0.0,0.0,0.0,0.0,0.06,0.054,0.54,0.04,0.036000000000000004,0.36000000000000004,0.83,0.747,7.469999999999999,0.00945,0.06,0.04,0.83
frdm,gd195,195Gd,64,131,195,64195,0.00877,0.0086823,0.8682300000000001,100.0,0.0,0.0,0.0,0.0,0.0,0.02,0.018000000000000002,0.18000000000000002,0.07,0.063,0.6300000000000001,0.12,0.108,1.08,0.00877,0.02,0.07,0.12
frdm,gd196,196Gd,64,132,196,64196,0.00669,0.0066231,0.66231,100.0,0.0,0.0,0.0,0.0,0.0,0.06,0.054,0.54,0.03,0.027,0.27,0.49,0.441,4.41,0.00669,0.06,0.03,0.49
frdm,gd198,198Gd,64,134,198,64198,0.0041,0.004059,0.40590000000000004,100.0,0.0,0.0,0.0,0.0,0.0,0.03,0.027,0.27,0.05,0.045000000000000005,0.45,0.58,0.522,5.22,0.0041,0.03,0.05,0.58
frdm,gd199,199Gd,64,135,199,64199,0.00332,0.0032868,0.32868,100.0,0.0,0.0,0.0,0.0,0.0,0.01,0.009000000000000001,0.09000000000000001,0.08,0.07200000000000001,0.7200000000000001,0.2,0.18000000000000002,1.8,0.00332,0.01,0.08,0.2
frdm,gd200,200Gd,64,136,200,64200,0.00311,0.0030789,0.30789,100.0,0.0,0.0,0.0,0.0,0.0,0.04,0.036000000000000004,0.36000000000000004,0.07,0.063,0.6300000000000001,0.56,0.504,5.040000000000001,0.00311,0.04,0.07,0.56
frdm,gd201,201Gd,64,137,201,64201,0.00255,0.0025245000000000003,0.25245,100.0,0.0,0.0,0.0,0.0,0.0,0.03,0.027,0.27,0.17,0.15300000000000002,1.5300000000000002,0.18,0.162,1.6199999999999999,0.00255,0.03,0.17,0.18
frdm,gd202,202Gd,64,138,202,64202,0.00264,0.0026135999999999998,0.26136000000000004,100.0,0.0,0.0,0.0,0.0,0.0,0.05,0.045000000000000005,0.45,0.12,0.108,1.08,0.51,0.459,4.59,0.00264,0.05,0.12,0.51
frdm,gd204,204Gd,64,140,204,64204,0.00211,0.0020889,0.20889,100.0,0.0,0.0,0.0,0.0,0.0,0.04,0.036000000000000004,0.36000000000000004,0.07,0.063,0.6300000000000001,0.53,0.47700000000000004,4.7700000000000005,0.00211,0.04,0.07,0.53
frdm,gd206,206Gd,64,142,206,64206,0.00178,0.0017621999999999998,0.17622,100.0,0.0,0.0,0.0,0.0,0.0,0.03,0.027,0.27,0.04,0.036000000000000004,0.36000000000000004,0.43,0.387,3.8699999999999997,0.00178,0.03,0.04,0.43
frdm,gd208,208Gd,64,144,208,64208,0.0015,0.001485,0.1485,100.0,0.0,0.0,0.0,0.0,0.0,0.03,0.027,0.27,0.04,0.036000000000000004,0.36000000000000004,0.31,0.279,2.79,0.0015,0.03,0.04,0.31
frdm,gd210,210Gd,64,146,210,64210,0.00125,0.0012375,0.12375,100.0,0.0,0.0,0.0,0.0,0.0,0.02,0.018000000000000002,0.18000000000000002,0.02,0.018000000000000002,0.18000000000000002,0.17,0.15300000000000002,1.5300000000000002,0.00125,0.02,0.02,0.17
frdm,tb173,173Tb,65,108,173,65173,0.67187,0.6651513,66.51513,100.0,0.0,0.0,0.0,0.0,0.0,0.13,0.117,1.17,0.0,0.0,0.0,0.0,0.0,0.0,0.67187,0.13,0.0,0.0
frdm,tb174,174Tb,65,109,174,65174,0.46081,0.4562019,45.62019,100.0,0.0,0.0,0.0,0.0,0.0,0.21,0.189,1.8900000000000001,0.0,0.0,0.0,0.0,0.0,0.0,0.46081,0.21,0.0,0.0
frdm,tb175,175Tb,65,110,175,65175,0.35815,0.3545685,35.45685,100.0,0.0,0.0,0.0,0.0,0.0,0.53,0.47700000000000004,4.7700000000000005,0.0,0.0,0.0,0.0,0.0,0.0,0.35815,0.53,0.0,0.0
frdm,tb176,176Tb,65,111,176,65176,0.27246,0.26973539999999996,26.97354,100.0,0.0,0.0,0.0,0.0,0.0,0.63,0.567,5.67,0.0,0.0,0.0,0.0,0.0,0.0,0.27246,0.63,0.0,0.0
frdm,tb177,177Tb,65,112,177,65177,0.1123,0.111177,11.117700000000001,100.0,0.0,0.0,0.0,0.0,0.0,0.56,0.504,5.040000000000001,0.0,0.0,0.0,0.0,0.0,0.0,0.1123,0.56,0.0,0.0
frdm,tb178,178Tb,65,113,178,65178,0.10387,0.1028313,10.28313,100.0,0.0,0.0,0.0,0.0,0.0,0.59,0.5309999999999999,5.31,0.0,0.0,0.0,0.0,0.0,0.0,0.10387,0.59,0.0,0.0
frdm,tb179,179Tb,65,114,179,65179,0.07686,0.0760914,7.60914,100.0,0.0,0.0,0.0,0.0,0.0,0.66,0.5940000000000001,5.94,0.0,0.0,0.0,0.0,0.0,0.0,0.07686,0.66,0.0,0.0
frdm,tb180,180Tb,65,115,180,65180,0.06921,0.06851789999999999,6.851789999999999,100.0,0.0,0.0,0.0,0.0,0.0,0.64,0.5760000000000001,5.760000000000001,0.01,0.009000000000000001,0.09000000000000001,0.0,0.0,0.0,0.06921,0.64,0.01,0.0
frdm,tb181,181Tb,65,116,181,65181,0.05959,0.058994099999999994,5.89941,100.0,0.0,0.0,0.0,0.0,0.0,0.75,0.675,6.75,0.0,0.0,0.0,0.0,0.0,0.0,0.05959,0.75,0.0,0.0
frdm,tb182,182Tb,65,117,182,65182,0.02831,0.028026899999999997,2.80269,100.0,0.0,0.0,0.0,0.0,0.0,0.65,0.585,5.85,0.03,0.027,0.27,0.0,0.0,0.0,0.02831,0.65,0.03,0.0
frdm,tb183,183Tb,65,118,183,65183,0.02651,0.026244899999999998,2.6244899999999998,100.0,0.0,0.0,0.0,0.0,0.0,0.85,0.765,7.65,0.01,0.009000000000000001,0.09000000000000001,0.0,0.0,0.0,0.02651,0.85,0.01,0.0
frdm,tb184,184Tb,65,119,184,65184,0.03416,0.033818400000000005,3.3818400000000004,100.0,0.0,0.0,0.0,0.0,0.0,0.78,0.7020000000000001,7.0200000000000005,0.16,0.14400000000000002,1.4400000000000002,0.0,0.0,0.0,0.03416,0.78,0.16,0.0
frdm,tb185,185Tb,65,120,185,65185,0.02418,0.0239382,2.3938200000000003,100.0,0.0,0.0,0.0,0.0,0.0,0.87,0.783,7.829999999999999,0.02,0.018000000000000002,0.18000000000000002,0.0,0.0,0.0,0.02418,0.87,0.02,0.0
frdm,tb186,186Tb,65,121,186,65186,0.01887,0.0186813,1.8681300000000003,100.0,0.0,0.0,0.0,0.0,0.0,0.71,0.639,6.39,0.12,0.108,1.08,0.0,0.0,0.0,0.01887,0.71,0.12,0.0
frdm,tb187,187Tb,65,122,187,65187,0.02013,0.019928699999999997,1.99287,100.0,0.0,0.0,0.0,0.0,0.0,0.94,0.846,8.459999999999999,0.02,0.018000000000000002,0.18000000000000002,0.0,0.0,0.0,0.02013,0.94,0.02,0.0
frdm,tb188,188Tb,65,123,188,65188,0.02351,0.0232749,2.32749,100.0,0.0,0.0,0.0,0.0,0.0,0.72,0.648,6.4799999999999995,0.23,0.20700000000000002,2.0700000000000003,0.0,0.0,0.0,0.02351,0.72,0.23,0.0
frdm,tb189,189Tb,65,124,189,65189,0.01528,0.0151272,1.51272,100.0,0.0,0.0,0.0,0.0,0.0,0.92,0.8280000000000001,8.280000000000001,0.02,0.018000000000000002,0.18000000000000002,0.0,0.0,0.0,0.01528,0.92,0.02,0.0
frdm,tb190,190Tb,65,125,190,65190,0.01027,0.010167299999999999,1.01673,100.0,0.0,0.0,0.0,0.0,0.0,0.68,0.6120000000000001,6.120000000000001,0.1,0.09000000000000001,0.9,0.0,0.0,0.0,0.01027,0.68,0.1,0.0
frdm,tb191,191Tb,65,126,191,65191,0.01021,0.0101079,1.01079,100.0,0.0,0.0,0.0,0.0,0.0,0.89,0.801,8.01,0.03,0.027,0.27,0.0,0.0,0.0,0.01021,0.89,0.03,0.0
frdm,tb192,192Tb,65,127,192,65192,0.006,0.00594,0.594,100.0,0.0,0.0,0.0,0.0,0.0,0.36,0.324,3.2399999999999998,0.61,0.5489999999999999,5.489999999999999,0.01,0.009000000000000001,0.09000000000000001,0.006,0.36,0.61,0.01
frdm,tb193,193Tb,65,128,193,65193,0.01077,0.0106623,1.06623,100.0,0.0,0.0,0.0,0.0,0.0,0.21,0.189,1.8900000000000001,0.52,0.468,4.68,0.27,0.24300000000000002,2.43,0.01077,0.21,0.52,0.27
frdm,tb194,194Tb,65,129,194,65194,0.00994,0.0098406,0.9840599999999999,100.0,0.0,0.0,0.0,0.0,0.0,0.02,0.018000000000000002,0.18000000000000002,0.37,0.333,3.33,0.52,0.468,4.68,0.00994,0.02,0.37,0.52
frdm,tb195,195Tb,65,130,195,65195,0.00926,0.0091674,0.9167399999999999,100.0,0.0,0.0,0.0,0.0,0.0,0.04,0.036000000000000004,0.36000000000000004,0.05,0.045000000000000005,0.45,0.75,0.675,6.75,0.00926,0.04,0.05,0.75
frdm,tb196,196Tb,65,131,196,65196,0.00701,0.0069399,0.69399,100.0,0.0,0.0,0.0,0.0,0.0,0.01,0.009000000000000001,0.09000000000000001,0.07,0.063,0.6300000000000001,0.15,0.135,1.35,0.00701,0.01,0.07,0.15
frdm,tb197,197Tb,65,132,197,65197,0.00776,0.007682400000000001,0.76824,100.0,0.0,0.0,0.0,0.0,0.0,0.04,0.036000000000000004,0.36000000000000004,0.03,0.027,0.27,0.3,0.27,2.7,0.00776,0.04,0.03,0.3
frdm,tb198,198Tb,65,133,198,65198,0.00552,0.0054648,0.54648,100.0,0.0,0.0,0.0,0.0,0.0,0.01,0.009000000000000001,0.09000000000000001,0.06,0.054,0.54,0.08,0.07200000000000001,0.7200000000000001,0.00552,0.01,0.06,0.08
frdm,tb199,199Tb,65,134,199,65199,0.00483,0.0047817,0.47817,100.0,0.0,0.0,0.0,0.0,0.0,0.03,0.027,0.27,0.02,0.018000000000000002,0.18000000000000002,0.32,0.28800000000000003,2.8800000000000003,0.00483,0.03,0.02,0.32
frdm,tb200,200Tb,65,135,200,65200,0.00381,0.0037719,0.37719,100.0,0.0,0.0,0.0,0.0,0.0,0.01,0.009000000000000001,0.09000000000000001,0.07,0.063,0.6300000000000001,0.12,0.108,1.08,0.00381,0.01,0.07,0.12
frdm,tb201,201Tb,65,136,201,65201,0.00362,0.0035838,0.35838,100.0,0.0,0.0,0.0,0.0,0.0,0.03,0.027,0.27,0.04,0.036000000000000004,0.36000000000000004,0.4,0.36000000000000004,3.6,0.00362,0.03,0.04,0.4
frdm,tb202,202Tb,65,137,202,65202,0.00297,0.0029403,0.29403,100.0,0.0,0.0,0.0,0.0,0.0,0.01,0.009000000000000001,0.09000000000000001,0.1,0.09000000000000001,0.9,0.14,0.126,1.2600000000000002,0.00297,0.01,0.1,0.14
frdm,tb203,203Tb,65,138,203,65203,0.00296,0.0029304,0.29303999999999997,100.0,0.0,0.0,0.0,0.0,0.0,0.03,0.027,0.27,0.03,0.027,0.27,0.43,0.387,3.8699999999999997,0.00296,0.03,0.03,0.43
frdm,tb204,204Tb,65,139,204,65204,0.00274,0.0027126,0.27125999999999995,100.0,0.0,0.0,0.0,0.0,0.0,0.01,0.009000000000000001,0.09000000000000001,0.06,0.054,0.54,0.11,0.099,0.9900000000000001,0.00274,0.01,0.06,0.11
frdm,tb205,205Tb,65,140,205,65205,0.00242,0.0023958,0.23958,100.0,0.0,0.0,0.0,0.0,0.0,0.02,0.018000000000000002,0.18000000000000002,0.03,0.027,0.27,0.43,0.387,3.8699999999999997,0.00242,0.02,0.03,0.43
frdm,tb206,206Tb,65,141,206,65206,0.0022,0.0021780000000000002,0.2178,100.0,0.0,0.0,0.0,0.0,0.0,0.01,0.009000000000000001,0.09000000000000001,0.05,0.045000000000000005,0.45,0.09,0.081,0.8099999999999999,0.0022,0.01,0.05,0.09
frdm,tb207,207Tb,65,142,207,65207,0.00203,0.0020097,0.20097,100.0,0.0,0.0,0.0,0.0,0.0,0.02,0.018000000000000002,0.18000000000000002,0.02,0.018000000000000002,0.18000000000000002,0.27,0.24300000000000002,2.43,0.00203,0.02,0.02,0.27
frdm,tb208,208Tb,65,143,208,65208,0.0018,0.001782,0.1782,100.0,0.0,0.0,0.0,0.0,0.0,0.01,0.009000000000000001,0.09000000000000001,0.06,0.054,0.54,0.05,0.045000000000000005,0.45,0.0018,0.01,0.06,0.05
frdm,tb209,209Tb,65,144,209,65209,0.0017,0.0016829999999999998,0.16829999999999998,100.0,0.0,0.0,0.0,0.0,0.0,0.02,0.018000000000000002,0.18000000000000002,0.02,0.018000000000000002,0.18000000000000002,0.19,0.171,1.71,0.0017,0.02,0.02,0.19
frdm,tb210,210Tb,65,145,210,65210,0.0017,0.0016829999999999998,0.16829999999999998,100.0,0.0,0.0,0.0,0.0,0.0,0.0,0.0,0.0,0.02,0.018000000000000002,0.18000000000000002,0.03,0.027,0.27,0.0017,0.0,0.02,0.03
frdm,tb211,211Tb,65,146,211,65211,0.00154,0.0015245999999999999,0.15245999999999998,100.0,0.0,0.0,0.0,0.0,0.0,0.01,0.009000000000000001,0.09000000000000001,0.01,0.009000000000000001,0.09000000000000001,0.1,0.09000000000000001,0.9,0.00154,0.01,0.01,0.1
frdm,tb213,213Tb,65,148,213,65213,0.0012,0.0011879999999999998,0.11879999999999999,100.0,0.0,0.0,0.0,0.0,0.0,0.01,0.009000000000000001,0.09000000000000001,0.0,0.0,0.0,0.06,0.054,0.54,0.0012,0.01,0.0,0.06
frdm,dy174,174Dy,66,108,174,66174,1.72639,1.7091261,170.91261,100.0,0.0,0.0,0.0,0.0,0.0,0.0,0.0,0.0,0.0,0.0,0.0,0.0,0.0,0.0,1.72639,0.0,0.0,0.0
frdm,dy175,175Dy,66,109,175,66175,1.02609,1.0158291,101.58291,100.0,0.0,0.0,0.0,0.0,0.0,0.0,0.0,0.0,0.0,0.0,0.0,0.0,0.0,0.0,1.02609,0.0,0.0,0.0
frdm,dy176,176Dy,66,110,176,66176,0.86716,0.8584884,85.84884000000001,100.0,0.0,0.0,0.0,0.0,0.0,0.0,0.0,0.0,0.0,0.0,0.0,0.0,0.0,0.0,0.86716,0.0,0.0,0.0
frdm,dy177,177Dy,66,111,177,66177,0.54278,0.5373522000000001,53.735220000000005,100.0,0.0,0.0,0.0,0.0,0.0,0.01,0.009000000000000001,0.09000000000000001,0.0,0.0,0.0,0.0,0.0,0.0,0.54278,0.01,0.0,0.0
frdm,dy178,178Dy,66,112,178,66178,0.47752,0.4727448,47.274480000000004,100.0,0.0,0.0,0.0,0.0,0.0,0.02,0.018000000000000002,0.18000000000000002,0.0,0.0,0.0,0.0,0.0,0.0,0.47752,0.02,0.0,0.0
frdm,dy179,179Dy,66,113,179,66179,0.43603,0.4316697,43.16696999999999,100.0,0.0,0.0,0.0,0.0,0.0,0.07,0.063,0.6300000000000001,0.0,0.0,0.0,0.0,0.0,0.0,0.43603,0.07,0.0,0.0
frdm,dy180,180Dy,66,114,180,66180,0.34942,0.3459258,34.59258,100.0,0.0,0.0,0.0,0.0,0.0,0.09,0.081,0.8099999999999999,0.0,0.0,0.0,0.0,0.0,0.0,0.34942,0.09,0.0,0.0
frdm,dy181,181Dy,66,115,181,66181,0.22639,0.2241261,22.41261,100.0,0.0,0.0,0.0,0.0,0.0,0.18,0.162,1.6199999999999999,0.0,0.0,0.0,0.0,0.0,0.0,0.22639,0.18,0.0,0.0
frdm,dy182,182Dy,66,116,182,66182,0.20512,0.2030688,20.30688,100.0,0.0,0.0,0.0,0.0,0.0,0.2,0.18000000000000002,1.8,0.0,0.0,0.0,0.0,0.0,0.0,0.20512,0.2,0.0,0.0
frdm,dy183,183Dy,66,117,183,66183,0.05711,0.0565389,5.6538900000000005,100.0,0.0,0.0,0.0,0.0,0.0,0.14,0.126,1.2600000000000002,0.0,0.0,0.0,0.0,0.0,0.0,0.05711,0.14,0.0,0.0
frdm,dy184,184Dy,66,118,184,66184,0.05954,0.0589446,5.8944600000000005,100.0,0.0,0.0,0.0,0.0,0.0,0.24,0.216,2.16,0.0,0.0,0.0,0.0,0.0,0.0,0.05954,0.24,0.0,0.0
frdm,dy185,185Dy,66,119,185,66185,0.05423,0.0536877,5.36877,100.0,0.0,0.0,0.0,0.0,0.0,0.5,0.45,4.5,0.0,0.0,0.0,0.0,0.0,0.0,0.05423,0.5,0.0,0.0
frdm,dy186,186Dy,66,120,186,66186,0.05211,0.0515889,5.1588899999999995,100.0,0.0,0.0,0.0,0.0,0.0,0.35,0.315,3.15,0.0,0.0,0.0,0.0,0.0,0.0,0.05211,0.35,0.0,0.0
frdm,dy187,187Dy,66,121,187,66187,0.03936,0.0389664,3.89664,100.0,0.0,0.0,0.0,0.0,0.0,0.48,0.432,4.32,0.0,0.0,0.0,0.0,0.0,0.0,0.03936,0.48,0.0,0.0
frdm,dy188,188Dy,66,122,188,66188,0.04541,0.0449559,4.495589999999999,100.0,0.0,0.0,0.0,0.0,0.0,0.64,0.5760000000000001,5.760000000000001,0.0,0.0,0.0,0.0,0.0,0.0,0.04541,0.64,0.0,0.0
frdm,dy189,189Dy,66,123,189,66189,0.03548,0.035125199999999995,3.5125199999999994,100.0,0.0,0.0,0.0,0.0,0.0,0.59,0.5309999999999999,5.31,0.0,0.0,0.0,0.0,0.0,0.0,0.03548,0.59,0.0,0.0
frdm,dy190,190Dy,66,124,190,66190,0.03029,0.029987100000000003,2.99871,100.0,0.0,0.0,0.0,0.0,0.0,0.43,0.387,3.8699999999999997,0.0,0.0,0.0,0.0,0.0,0.0,0.03029,0.43,0.0,0.0
frdm,dy191,191Dy,66,125,191,66191,0.01858,0.0183942,1.8394199999999998,100.0,0.0,0.0,0.0,0.0,0.0,0.55,0.49500000000000005,4.95,0.01,0.009000000000000001,0.09000000000000001,0.0,0.0,0.0,0.01858,0.55,0.01,0.0
frdm,dy192,192Dy,66,126,192,66192,0.01921,0.0190179,1.90179,100.0,0.0,0.0,0.0,0.0,0.0,0.77,0.6930000000000001,6.93,0.0,0.0,0.0,0.0,0.0,0.0,0.01921,0.77,0.0,0.0
frdm,dy193,193Dy,66,127,193,66193,0.01109,0.010979099999999999,1.09791,100.0,0.0,0.0,0.0,0.0,0.0,0.91,0.8190000000000001,8.19,0.05,0.045000000000000005,0.45,0.0,0.0,0.0,0.01109,0.91,0.05,0.0
frdm,dy194,194Dy,66,128,194,66194,0.0197,0.019503,1.9503,100.0,0.0,0.0,0.0,0.0,0.0,0.54,0.48600000000000004,4.86,0.42,0.378,3.7800000000000002,0.01,0.009000000000000001,0.09000000000000001,0.0197,0.54,0.42,0.01
frdm,dy195,195Dy,66,129,195,66195,0.01813,0.0179487,1.79487,100.0,0.0,0.0,0.0,0.0,0.0,0.05,0.045000000000000005,0.45,0.8,0.7200000000000001,7.2,0.11,0.099,0.9900000000000001,0.01813,0.05,0.8,0.11
frdm,dy196,196Dy,66,130,196,66196,0.01919,0.0189981,1.8998099999999998,100.0,0.0,0.0,0.0,0.0,0.0,0.1,0.09000000000000001,0.9,0.2,0.18000000000000002,1.8,0.67,0.603,6.03,0.01919,0.1,0.2,0.67
frdm,dy197,197Dy,66,131,197,66197,0.0112,0.011088,1.1087999999999998,100.0,0.0,0.0,0.0,0.0,0.0,0.03,0.027,0.27,0.46,0.41400000000000003,4.140000000000001,0.33,0.29700000000000004,2.97,0.0112,0.03,0.46,0.33
frdm,dy198,198Dy,66,132,198,66198,0.01345,0.013315500000000001,1.33155,100.0,0.0,0.0,0.0,0.0,0.0,0.08,0.07200000000000001,0.7200000000000001,0.15,0.135,1.35,0.68,0.6120000000000001,6.120000000000001,0.01345,0.08,0.15,0.68
frdm,dy199,199Dy,66,133,199,66199,0.00716,0.0070884,0.7088399999999999,100.0,0.0,0.0,0.0,0.0,0.0,0.04,0.036000000000000004,0.36000000000000004,0.48,0.432,4.32,0.29,0.261,2.61,0.00716,0.04,0.48,0.29
frdm,dy200,200Dy,66,134,200,66200,0.00747,0.0073953000000000005,0.73953,100.0,0.0,0.0,0.0,0.0,0.0,0.07,0.063,0.6300000000000001,0.34,0.30600000000000005,3.0600000000000005,0.52,0.468,4.68,0.00747,0.07,0.34,0.52
frdm,dy201,201Dy,66,135,201,66201,0.00594,0.0058806,0.58806,100.0,0.0,0.0,0.0,0.0,0.0,0.03,0.027,0.27,0.4,0.36000000000000004,3.6,0.4,0.36000000000000004,3.6,0.00594,0.03,0.4,0.4
frdm,dy202,202Dy,66,136,202,66202,0.0054,0.005346,0.5346000000000001,100.0,0.0,0.0,0.0,0.0,0.0,0.13,0.117,1.17,0.38,0.342,3.42,0.43,0.387,3.8699999999999997,0.0054,0.13,0.38,0.43
frdm,dy203,203Dy,66,137,203,66203,0.00401,0.003969899999999999,0.39698999999999995,100.0,0.0,0.0,0.0,0.0,0.0,0.09,0.081,0.8099999999999999,0.48,0.432,4.32,0.31,0.279,2.79,0.00401,0.09,0.48,0.31
frdm,dy204,204Dy,66,138,204,66204,0.00388,0.0038412000000000003,0.38412,100.0,0.0,0.0,0.0,0.0,0.0,0.17,0.15300000000000002,1.5300000000000002,0.43,0.387,3.8699999999999997,0.33,0.29700000000000004,2.97,0.00388,0.17,0.43,0.33
frdm,dy205,205Dy,66,139,205,66205,0.00351,0.0034749,0.34749,100.0,0.0,0.0,0.0,0.0,0.0,0.04,0.036000000000000004,0.36000000000000004,0.45,0.405,4.05,0.36,0.324,3.2399999999999998,0.00351,0.04,0.45,0.36
frdm,dy206,206Dy,66,140,206,66206,0.003,0.00297,0.297,100.0,0.0,0.0,0.0,0.0,0.0,0.11,0.099,0.9900000000000001,0.34,0.30600000000000005,3.0600000000000005,0.47,0.423,4.2299999999999995,0.003,0.11,0.34,0.47
frdm,dy207,207Dy,66,141,207,66207,0.00284,0.0028116,0.28116,100.0,0.0,0.0,0.0,0.0,0.0,0.03,0.027,0.27,0.34,0.30600000000000005,3.0600000000000005,0.39,0.35100000000000003,3.5100000000000002,0.00284,0.03,0.34,0.39
frdm,dy208,208Dy,66,142,208,66208,0.00272,0.0026928000000000004,0.26928,100.0,0.0,0.0,0.0,0.0,0.0,0.07,0.063,0.6300000000000001,0.24,0.216,2.16,0.57,0.5129999999999999,5.129999999999999,0.00272,0.07,0.24,0.57
frdm,dy209,209Dy,66,143,209,66209,0.00235,0.0023265,0.23265000000000002,100.0,0.0,0.0,0.0,0.0,0.0,0.05,0.045000000000000005,0.45,0.22,0.198,1.9800000000000002,0.37,0.333,3.33,0.00235,0.05,0.22,0.37
frdm,dy210,210Dy,66,144,210,66210,0.00217,0.0021483,0.21483,100.0,0.0,0.0,0.0,0.0,0.0,0.07,0.063,0.6300000000000001,0.17,0.15300000000000002,1.5300000000000002,0.57,0.5129999999999999,5.129999999999999,0.00217,0.07,0.17,0.57
frdm,dy212,212Dy,66,146,212,66212,0.00203,0.0020097,0.20097,100.0,0.0,0.0,0.0,0.0,0.0,0.05,0.045000000000000005,0.45,0.08,0.07200000000000001,0.7200000000000001,0.51,0.459,4.59,0.00203,0.05,0.08,0.51
frdm,dy214,214Dy,66,148,214,66214,0.00168,0.0016632,0.16632000000000002,100.0,0.0,0.0,0.0,0.0,0.0,0.03,0.027,0.27,0.04,0.036000000000000004,0.36000000000000004,0.31,0.279,2.79,0.00168,0.03,0.04,0.31
frdm,dy216,216Dy,66,150,216,66216,0.0013,0.001287,0.1287,100.0,0.0,0.0,0.0,0.0,0.0,0.03,0.027,0.27,0.01,0.009000000000000001,0.09000000000000001,0.18,0.162,1.6199999999999999,0.0013,0.03,0.01,0.18
frdm,ho176,176Ho,67,109,176,67176,0.51944,0.5142456,51.42456,100.0,0.0,0.0,0.0,0.0,0.0,0.0,0.0,0.0,0.0,0.0,0.0,0.0,0.0,0.0,0.51944,0.0,0.0,0.0
frdm,ho177,177Ho,67,110,177,67177,0.42338,0.41914619999999997,41.91462,100.0,0.0,0.0,0.0,0.0,0.0,0.01,0.009000000000000001,0.09000000000000001,0.0,0.0,0.0,0.0,0.0,0.0,0.42338,0.01,0.0,0.0
frdm,ho178,178Ho,67,111,178,67178,0.31449,0.3113451,31.13451,100.0,0.0,0.0,0.0,0.0,0.0,0.03,0.027,0.27,0.0,0.0,0.0,0.0,0.0,0.0,0.31449,0.03,0.0,0.0
frdm,ho179,179Ho,67,112,179,67179,0.26999,0.26729010000000003,26.729010000000002,100.0,0.0,0.0,0.0,0.0,0.0,0.11,0.099,0.9900000000000001,0.0,0.0,0.0,0.0,0.0,0.0,0.26999,0.11,0.0,0.0
frdm,ho180,180Ho,67,113,180,67180,0.23808,0.23569920000000003,23.56992,100.0,0.0,0.0,0.0,0.0,0.0,0.17,0.15300000000000002,1.5300000000000002,0.0,0.0,0.0,0.0,0.0,0.0,0.23808,0.17,0.0,0.0
frdm,ho181,181Ho,67,114,181,67181,0.2119,0.209781,20.9781,100.0,0.0,0.0,0.0,0.0,0.0,0.28,0.252,2.5200000000000005,0.0,0.0,0.0,0.0,0.0,0.0,0.2119,0.28,0.0,0.0
frdm,ho182,182Ho,67,115,182,67182,0.14188,0.1404612,14.04612,100.0,0.0,0.0,0.0,0.0,0.0,0.27,0.24300000000000002,2.43,0.0,0.0,0.0,0.0,0.0,0.0,0.14188,0.27,0.0,0.0
frdm,ho183,183Ho,67,116,183,67183,0.1337,0.132363,13.236300000000002,100.0,0.0,0.0,0.0,0.0,0.0,0.43,0.387,3.8699999999999997,0.0,0.0,0.0,0.0,0.0,0.0,0.1337,0.43,0.0,0.0
frdm,ho184,184Ho,67,117,184,67184,0.05188,0.0513612,5.136120000000001,100.0,0.0,0.0,0.0,0.0,0.0,0.3,0.27,2.7,0.0,0.0,0.0,0.0,0.0,0.0,0.05188,0.3,0.0,0.0
frdm,ho185,185Ho,67,118,185,67185,0.05242,0.0518958,5.18958,100.0,0.0,0.0,0.0,0.0,0.0,0.59,0.5309999999999999,5.31,0.0,0.0,0.0,0.0,0.0,0.0,0.05242,0.59,0.0,0.0
frdm,ho186,186Ho,67,119,186,67186,0.08658,0.0857142,8.571420000000002,100.0,0.0,0.0,0.0,0.0,0.0,0.77,0.6930000000000001,6.93,0.01,0.009000000000000001,0.09000000000000001,0.0,0.0,0.0,0.08658,0.77,0.01,0.0
frdm,ho187,187Ho,67,120,187,67187,0.08956,0.0886644,8.866439999999999,100.0,0.0,0.0,0.0,0.0,0.0,0.81,0.7290000000000001,7.290000000000001,0.0,0.0,0.0,0.0,0.0,0.0,0.08956,0.81,0.0,0.0
frdm,ho188,188Ho,67,121,188,67188,0.06414,0.0634986,6.3498600000000005,100.0,0.0,0.0,0.0,0.0,0.0,0.75,0.675,6.75,0.02,0.018000000000000002,0.18000000000000002,0.0,0.0,0.0,0.06414,0.75,0.02,0.0
frdm,ho189,189Ho,67,122,189,67189,0.07948,0.0786852,7.868519999999999,100.0,0.0,0.0,0.0,0.0,0.0,0.89,0.801,8.01,0.01,0.009000000000000001,0.09000000000000001,0.0,0.0,0.0,0.07948,0.89,0.01,0.0
frdm,ho190,190Ho,67,123,190,67190,0.06335,0.06271650000000001,6.27165,100.0,0.0,0.0,0.0,0.0,0.0,0.85,0.765,7.65,0.04,0.036000000000000004,0.36000000000000004,0.0,0.0,0.0,0.06335,0.85,0.04,0.0
frdm,ho191,191Ho,67,124,191,67191,0.031,0.03069,3.069,100.0,0.0,0.0,0.0,0.0,0.0,0.72,0.648,6.4799999999999995,0.0,0.0,0.0,0.0,0.0,0.0,0.031,0.72,0.0,0.0
frdm,ho192,192Ho,67,125,192,67192,0.01904,0.0188496,1.8849600000000002,100.0,0.0,0.0,0.0,0.0,0.0,0.56,0.504,5.040000000000001,0.02,0.018000000000000002,0.18000000000000002,0.0,0.0,0.0,0.01904,0.56,0.02,0.0
frdm,ho193,193Ho,67,126,193,67193,0.01946,0.019265400000000002,1.9265400000000001,100.0,0.0,0.0,0.0,0.0,0.0,0.74,0.666,6.66,0.01,0.009000000000000001,0.09000000000000001,0.0,0.0,0.0,0.01946,0.74,0.01,0.0
frdm,ho194,194Ho,67,127,194,67194,0.0113,0.011186999999999999,1.1186999999999998,100.0,0.0,0.0,0.0,0.0,0.0,0.61,0.5489999999999999,5.489999999999999,0.36,0.324,3.2399999999999998,0.0,0.0,0.0,0.0113,0.61,0.36,0.0
frdm,ho195,195Ho,67,128,195,67195,0.02117,0.020958300000000003,2.09583,100.0,0.0,0.0,0.0,0.0,0.0,0.46,0.41400000000000003,4.140000000000001,0.49,0.441,4.41,0.04,0.036000000000000004,0.36000000000000004,0.02117,0.46,0.49,0.04
frdm,ho196,196Ho,67,129,196,67196,0.01687,0.0167013,1.6701300000000001,100.0,0.0,0.0,0.0,0.0,0.0,0.04,0.036000000000000004,0.36000000000000004,0.65,0.585,5.85,0.28,0.252,2.5200000000000005,0.01687,0.04,0.65,0.28
frdm,ho197,197Ho,67,130,197,67197,0.02383,0.0235917,2.35917,100.0,0.0,0.0,0.0,0.0,0.0,0.09,0.081,0.8099999999999999,0.08,0.07200000000000001,0.7200000000000001,0.79,0.7110000000000001,7.11,0.02383,0.09,0.08,0.79
frdm,ho198,198Ho,67,131,198,67198,0.01433,0.0141867,1.41867,100.0,0.0,0.0,0.0,0.0,0.0,0.02,0.018000000000000002,0.18000000000000002,0.22,0.198,1.9800000000000002,0.38,0.342,3.42,0.01433,0.02,0.22,0.38
frdm,ho199,199Ho,67,132,199,67199,0.01037,0.0102663,1.0266300000000002,100.0,0.0,0.0,0.0,0.0,0.0,0.06,0.054,0.54,0.11,0.099,0.9900000000000001,0.7,0.63,6.3,0.01037,0.06,0.11,0.7
frdm,ho200,200Ho,67,133,200,67200,0.00763,0.0075537,0.75537,100.0,0.0,0.0,0.0,0.0,0.0,0.02,0.018000000000000002,0.18000000000000002,0.32,0.28800000000000003,2.8800000000000003,0.27,0.24300000000000002,2.43,0.00763,0.02,0.32,0.27
frdm,ho201,201Ho,67,134,201,67201,0.00695,0.0068804999999999995,0.6880499999999999,100.0,0.0,0.0,0.0,0.0,0.0,0.05,0.045000000000000005,0.45,0.15,0.135,1.35,0.69,0.621,6.209999999999999,0.00695,0.05,0.15,0.69
frdm,ho202,202Ho,67,135,202,67202,0.00624,0.0061776,0.61776,100.0,0.0,0.0,0.0,0.0,0.0,0.02,0.018000000000000002,0.18000000000000002,0.25,0.225,2.25,0.39,0.35100000000000003,3.5100000000000002,0.00624,0.02,0.25,0.39
frdm,ho203,203Ho,67,136,203,67203,0.00673,0.0066627,0.66627,100.0,0.0,0.0,0.0,0.0,0.0,0.04,0.036000000000000004,0.36000000000000004,0.13,0.117,1.17,0.72,0.648,6.4799999999999995,0.00673,0.04,0.13,0.72
frdm,ho204,204Ho,67,137,204,67204,0.00502,0.0049698,0.49698,100.0,0.0,0.0,0.0,0.0,0.0,0.02,0.018000000000000002,0.18000000000000002,0.3,0.27,2.7,0.37,0.333,3.33,0.00502,0.02,0.3,0.37
frdm,ho205,205Ho,67,138,205,67205,0.00484,0.0047916,0.47916,100.0,0.0,0.0,0.0,0.0,0.0,0.05,0.045000000000000005,0.45,0.17,0.15300000000000002,1.5300000000000002,0.67,0.603,6.03,0.00484,0.05,0.17,0.67
frdm,ho206,206Ho,67,139,206,67206,0.0042,0.004157999999999999,0.4158,100.0,0.0,0.0,0.0,0.0,0.0,0.01,0.009000000000000001,0.09000000000000001,0.28,0.252,2.5200000000000005,0.39,0.35100000000000003,3.5100000000000002,0.0042,0.01,0.28,0.39
frdm,ho207,207Ho,67,140,207,67207,0.0039,0.003861,0.38609999999999994,100.0,0.0,0.0,0.0,0.0,0.0,0.04,0.036000000000000004,0.36000000000000004,0.11,0.099,0.9900000000000001,0.74,0.666,6.66,0.0039,0.04,0.11,0.74
frdm,ho208,208Ho,67,141,208,67208,0.0036,0.003564,0.3564,100.0,0.0,0.0,0.0,0.0,0.0,0.01,0.009000000000000001,0.09000000000000001,0.15,0.135,1.35,0.35,0.315,3.15,0.0036,0.01,0.15,0.35
frdm,ho209,209Ho,67,142,209,67209,0.0032,0.0031680000000000002,0.3168,100.0,0.0,0.0,0.0,0.0,0.0,0.03,0.027,0.27,0.09,0.081,0.8099999999999999,0.66,0.5940000000000001,5.94,0.0032,0.03,0.09,0.66
frdm,ho210,210Ho,67,143,210,67210,0.00286,0.0028314,0.28314000000000006,100.0,0.0,0.0,0.0,0.0,0.0,0.02,0.018000000000000002,0.18000000000000002,0.14,0.126,1.2600000000000002,0.25,0.225,2.25,0.00286,0.02,0.14,0.25
frdm,ho211,211Ho,67,144,211,67211,0.00241,0.0023859,0.23859,100.0,0.0,0.0,0.0,0.0,0.0,0.03,0.027,0.27,0.08,0.07200000000000001,0.7200000000000001,0.58,0.522,5.22,0.00241,0.03,0.08,0.58
frdm,ho212,212Ho,67,145,212,67212,0.00212,0.0020988,0.20987999999999998,100.0,0.0,0.0,0.0,0.0,0.0,0.01,0.009000000000000001,0.09000000000000001,0.1,0.09000000000000001,0.9,0.19,0.171,1.71,0.00212,0.01,0.1,0.19
frdm,ho213,213Ho,67,146,213,67213,0.00197,0.0019502999999999999,0.19503,100.0,0.0,0.0,0.0,0.0,0.0,0.02,0.018000000000000002,0.18000000000000002,0.04,0.036000000000000004,0.36000000000000004,0.43,0.387,3.8699999999999997,0.00197,0.02,0.04,0.43
frdm,ho214,214Ho,67,147,214,67214,0.00185,0.0018315,0.18315,100.0,0.0,0.0,0.0,0.0,0.0,0.01,0.009000000000000001,0.09000000000000001,0.07,0.063,0.6300000000000001,0.1,0.09000000000000001,0.9,0.00185,0.01,0.07,0.1
frdm,ho215,215Ho,67,148,215,67215,0.00172,0.0017028,0.17028,100.0,0.0,0.0,0.0,0.0,0.0,0.02,0.018000000000000002,0.18000000000000002,0.02,0.018000000000000002,0.18000000000000002,0.26,0.234,2.34,0.00172,0.02,0.02,0.26
frdm,ho217,217Ho,67,150,217,67217,0.0014,0.001386,0.13859999999999997,100.0,0.0,0.0,0.0,0.0,0.0,0.01,0.009000000000000001,0.09000000000000001,0.01,0.009000000000000001,0.09000000000000001,0.14,0.126,1.2600000000000002,0.0014,0.01,0.01,0.14
frdm,ho219,219Ho,67,152,219,67219,0.00114,0.0011286,0.11285999999999999,100.0,0.0,0.0,0.0,0.0,0.0,0.01,0.009000000000000001,0.09000000000000001,0.0,0.0,0.0,0.08,0.07200000000000001,0.7200000000000001,0.00114,0.01,0.0,0.08
frdm,er176,176Er,68,108,176,68176,20.90989,20.7007911,2070.07911,100.0,0.0,0.0,0.0,0.0,0.0,0.0,0.0,0.0,0.0,0.0,0.0,0.0,0.0,0.0,20.90989,0.0,0.0,0.0
frdm,er177,177Er,68,109,177,68177,8.57189,8.4861711,848.6171099999999,100.0,0.0,0.0,0.0,0.0,0.0,0.0,0.0,0.0,0.0,0.0,0.0,0.0,0.0,0.0,8.57189,0.0,0.0,0.0
frdm,er178,178Er,68,110,178,68178,6.55281,6.4872819,648.7281899999999,100.0,0.0,0.0,0.0,0.0,0.0,0.0,0.0,0.0,0.0,0.0,0.0,0.0,0.0,0.0,6.55281,0.0,0.0,0.0
frdm,er179,179Er,68,111,179,68179,3.13205,3.1007295,310.07295,100.0,0.0,0.0,0.0,0.0,0.0,0.0,0.0,0.0,0.0,0.0,0.0,0.0,0.0,0.0,3.13205,0.0,0.0,0.0
frdm,er180,180Er,68,112,180,68180,3.20102,3.1690098,316.90098,100.0,0.0,0.0,0.0,0.0,0.0,0.0,0.0,0.0,0.0,0.0,0.0,0.0,0.0,0.0,3.20102,0.0,0.0,0.0
frdm,er181,181Er,68,113,181,68181,2.03133,2.0110167,201.10167,100.0,0.0,0.0,0.0,0.0,0.0,0.0,0.0,0.0,0.0,0.0,0.0,0.0,0.0,0.0,2.03133,0.0,0.0,0.0
frdm,er182,182Er,68,114,182,68182,1.53062,1.5153138000000002,151.53138,100.0,0.0,0.0,0.0,0.0,0.0,0.0,0.0,0.0,0.0,0.0,0.0,0.0,0.0,0.0,1.53062,0.0,0.0,0.0
frdm,er183,183Er,68,115,183,68183,0.74007,0.7326693,73.26693,100.0,0.0,0.0,0.0,0.0,0.0,0.02,0.018000000000000002,0.18000000000000002,0.0,0.0,0.0,0.0,0.0,0.0,0.74007,0.02,0.0,0.0
frdm,er184,184Er,68,116,184,68184,0.79456,0.7866144,78.66144,100.0,0.0,0.0,0.0,0.0,0.0,0.03,0.027,0.27,0.0,0.0,0.0,0.0,0.0,0.0,0.79456,0.03,0.0,0.0
frdm,er185,185Er,68,117,185,68185,0.13067,0.12936330000000001,12.93633,100.0,0.0,0.0,0.0,0.0,0.0,0.02,0.018000000000000002,0.18000000000000002,0.0,0.0,0.0,0.0,0.0,0.0,0.13067,0.02,0.0,0.0
frdm,er186,186Er,68,118,186,68186,0.16964,0.16794360000000003,16.79436,100.0,0.0,0.0,0.0,0.0,0.0,0.05,0.045000000000000005,0.45,0.0,0.0,0.0,0.0,0.0,0.0,0.16964,0.05,0.0,0.0
frdm,er187,187Er,68,119,187,68187,0.15835,0.1567665,15.676649999999999,100.0,0.0,0.0,0.0,0.0,0.0,0.14,0.126,1.2600000000000002,0.0,0.0,0.0,0.0,0.0,0.0,0.15835,0.14,0.0,0.0
frdm,er188,188Er,68,120,188,68188,0.15479,0.15324210000000002,15.32421,100.0,0.0,0.0,0.0,0.0,0.0,0.07,0.063,0.6300000000000001,0.0,0.0,0.0,0.0,0.0,0.0,0.15479,0.07,0.0,0.0
frdm,er189,189Er,68,121,189,68189,0.10122,0.1002078,10.02078,100.0,0.0,0.0,0.0,0.0,0.0,0.15,0.135,1.35,0.0,0.0,0.0,0.0,0.0,0.0,0.10122,0.15,0.0,0.0
frdm,er190,190Er,68,122,190,68190,0.13009,0.12878910000000002,12.878910000000001,100.0,0.0,0.0,0.0,0.0,0.0,0.35,0.315,3.15,0.0,0.0,0.0,0.0,0.0,0.0,0.13009,0.35,0.0,0.0
frdm,er191,191Er,68,123,191,68191,0.092,0.09108,9.107999999999999,100.0,0.0,0.0,0.0,0.0,0.0,0.18,0.162,1.6199999999999999,0.0,0.0,0.0,0.0,0.0,0.0,0.092,0.18,0.0,0.0
frdm,er192,192Er,68,124,192,68192,0.08317,0.08233829999999999,8.23383,100.0,0.0,0.0,0.0,0.0,0.0,0.14,0.126,1.2600000000000002,0.0,0.0,0.0,0.0,0.0,0.0,0.08317,0.14,0.0,0.0
frdm,er193,193Er,68,125,193,68193,0.05229,0.0517671,5.17671,100.0,0.0,0.0,0.0,0.0,0.0,0.27,0.24300000000000002,2.43,0.0,0.0,0.0,0.0,0.0,0.0,0.05229,0.27,0.0,0.0
frdm,er194,194Er,68,126,194,68194,0.04987,0.0493713,4.93713,100.0,0.0,0.0,0.0,0.0,0.0,0.45,0.405,4.05,0.0,0.0,0.0,0.0,0.0,0.0,0.04987,0.45,0.0,0.0
frdm,er195,195Er,68,127,195,68195,0.02419,0.0239481,2.39481,100.0,0.0,0.0,0.0,0.0,0.0,0.91,0.8190000000000001,8.19,0.03,0.027,0.27,0.0,0.0,0.0,0.02419,0.91,0.03,0.0
frdm,er196,196Er,68,128,196,68196,0.05018,0.049678200000000006,4.967820000000001,100.0,0.0,0.0,0.0,0.0,0.0,0.82,0.738,7.379999999999999,0.11,0.099,0.9900000000000001,0.0,0.0,0.0,0.05018,0.82,0.11,0.0
frdm,er197,197Er,68,129,197,68197,0.0397,0.039303,3.9303,100.0,0.0,0.0,0.0,0.0,0.0,0.08,0.07200000000000001,0.7200000000000001,0.83,0.747,7.469999999999999,0.02,0.018000000000000002,0.18000000000000002,0.0397,0.08,0.83,0.02
frdm,er198,198Er,68,130,198,68198,0.0329,0.032570999999999996,3.2571,100.0,0.0,0.0,0.0,0.0,0.0,0.18,0.162,1.6199999999999999,0.58,0.522,5.22,0.2,0.18000000000000002,1.8,0.0329,0.18,0.58,0.2
frdm,er199,199Er,68,131,199,68199,0.01847,0.0182853,1.82853,100.0,0.0,0.0,0.0,0.0,0.0,0.1,0.09000000000000001,0.9,0.71,0.639,6.39,0.15,0.135,1.35,0.01847,0.1,0.71,0.15
frdm,er200,200Er,68,132,200,68200,0.01712,0.0169488,1.69488,100.0,0.0,0.0,0.0,0.0,0.0,0.25,0.225,2.25,0.57,0.5129999999999999,5.129999999999999,0.15,0.135,1.35,0.01712,0.25,0.57,0.15
frdm,er201,201Er,68,133,201,68201,0.0115,0.011385,1.1384999999999998,100.0,0.0,0.0,0.0,0.0,0.0,0.22,0.198,1.9800000000000002,0.64,0.5760000000000001,5.760000000000001,0.1,0.09000000000000001,0.9,0.0115,0.22,0.64,0.1
frdm,er202,202Er,68,134,202,68202,0.01299,0.0128601,1.2860099999999999,100.0,0.0,0.0,0.0,0.0,0.0,0.26,0.234,2.34,0.59,0.5309999999999999,5.31,0.11,0.099,0.9900000000000001,0.01299,0.26,0.59,0.11
frdm,er203,203Er,68,135,203,68203,0.00962,0.0095238,0.95238,100.0,0.0,0.0,0.0,0.0,0.0,0.07,0.063,0.6300000000000001,0.79,0.7110000000000001,7.11,0.1,0.09000000000000001,0.9,0.00962,0.07,0.79,0.1
frdm,er204,204Er,68,136,204,68204,0.00942,0.0093258,0.93258,100.0,0.0,0.0,0.0,0.0,0.0,0.38,0.342,3.42,0.5,0.45,4.5,0.09,0.081,0.8099999999999999,0.00942,0.38,0.5,0.09
frdm,er205,205Er,68,137,205,68205,0.00731,0.007236899999999999,0.7236899999999999,100.0,0.0,0.0,0.0,0.0,0.0,0.19,0.171,1.71,0.67,0.603,6.03,0.08,0.07200000000000001,0.7200000000000001,0.00731,0.19,0.67,0.08
frdm,er206,206Er,68,138,206,68206,0.00636,0.006296400000000001,0.62964,100.0,0.0,0.0,0.0,0.0,0.0,0.46,0.41400000000000003,4.140000000000001,0.44,0.396,3.9600000000000004,0.07,0.063,0.6300000000000001,0.00636,0.46,0.44,0.07
frdm,er207,207Er,68,139,207,68207,0.00541,0.0053559,0.53559,100.0,0.0,0.0,0.0,0.0,0.0,0.15,0.135,1.35,0.74,0.666,6.66,0.08,0.07200000000000001,0.7200000000000001,0.00541,0.15,0.74,0.08
frdm,er208,208Er,68,140,208,68208,0.00511,0.0050589,0.5058900000000001,100.0,0.0,0.0,0.0,0.0,0.0,0.3,0.27,2.7,0.55,0.49500000000000005,4.95,0.12,0.108,1.08,0.00511,0.3,0.55,0.12
frdm,er209,209Er,68,141,209,68209,0.00481,0.0047619,0.47619,100.0,0.0,0.0,0.0,0.0,0.0,0.07,0.063,0.6300000000000001,0.68,0.6120000000000001,6.120000000000001,0.2,0.18000000000000002,1.8,0.00481,0.07,0.68,0.2
frdm,er210,210Er,68,142,210,68210,0.00418,0.0041382,0.41381999999999997,100.0,0.0,0.0,0.0,0.0,0.0,0.25,0.225,2.25,0.52,0.468,4.68,0.2,0.18000000000000002,1.8,0.00418,0.25,0.52,0.2
frdm,er211,211Er,68,143,211,68211,0.00364,0.0036036,0.36036,100.0,0.0,0.0,0.0,0.0,0.0,0.07,0.063,0.6300000000000001,0.56,0.504,5.040000000000001,0.27,0.24300000000000002,2.43,0.00364,0.07,0.56,0.27
frdm,er212,212Er,68,144,212,68212,0.00349,0.0034551,0.34551,100.0,0.0,0.0,0.0,0.0,0.0,0.16,0.14400000000000002,1.4400000000000002,0.43,0.387,3.8699999999999997,0.36,0.324,3.2399999999999998,0.00349,0.16,0.43,0.36
frdm,er213,213Er,68,145,213,68213,0.00307,0.0030393,0.30393,100.0,0.0,0.0,0.0,0.0,0.0,0.04,0.036000000000000004,0.36000000000000004,0.44,0.396,3.9600000000000004,0.37,0.333,3.33,0.00307,0.04,0.44,0.37
frdm,er214,214Er,68,146,214,68214,0.00281,0.0027819,0.27819000000000005,100.0,0.0,0.0,0.0,0.0,0.0,0.11,0.099,0.9900000000000001,0.3,0.27,2.7,0.51,0.459,4.59,0.00281,0.11,0.3,0.51
frdm,er215,215Er,68,147,215,68215,0.00245,0.0024254999999999997,0.24255,100.0,0.0,0.0,0.0,0.0,0.0,0.04,0.036000000000000004,0.36000000000000004,0.3,0.27,2.7,0.38,0.342,3.42,0.00245,0.04,0.3,0.38
frdm,er216,216Er,68,148,216,68216,0.00234,0.0023166000000000003,0.23166,100.0,0.0,0.0,0.0,0.0,0.0,0.08,0.07200000000000001,0.7200000000000001,0.16,0.14400000000000002,1.4400000000000002,0.61,0.5489999999999999,5.489999999999999,0.00234,0.08,0.16,0.61
frdm,er217,217Er,68,149,217,68217,0.00193,0.0019107,0.19107000000000002,100.0,0.0,0.0,0.0,0.0,0.0,0.02,0.018000000000000002,0.18000000000000002,0.21,0.189,1.8900000000000001,0.3,0.27,2.7,0.00193,0.02,0.21,0.3
frdm,er218,218Er,68,150,218,68218,0.00191,0.0018909,0.18909,100.0,0.0,0.0,0.0,0.0,0.0,0.05,0.045000000000000005,0.45,0.11,0.099,0.9900000000000001,0.53,0.47700000000000004,4.7700000000000005,0.00191,0.05,0.11,0.53
frdm,er220,220Er,68,152,220,68220,0.00154,0.0015245999999999999,0.15245999999999998,100.0,0.0,0.0,0.0,0.0,0.0,0.03,0.027,0.27,0.05,0.045000000000000005,0.45,0.38,0.342,3.42,0.00154,0.03,0.05,0.38
frdm,er222,222Er,68,154,222,68222,0.0013,0.001287,0.1287,100.0,0.0,0.0,0.0,0.0,0.0,0.03,0.027,0.27,0.02,0.018000000000000002,0.18000000000000002,0.19,0.171,1.71,0.0013,0.03,0.02,0.19
frdm,tm178,178Tm,69,109,178,69178,30.76993,30.4622307,3046.22307,100.0,0.0,0.0,0.0,0.0,0.0,0.0,0.0,0.0,0.0,0.0,0.0,0.0,0.0,0.0,30.76993,0.0,0.0,0.0
frdm,tm179,179Tm,69,110,179,69179,22.4082,22.184118,2218.4118000000003,100.0,0.0,0.0,0.0,0.0,0.0,0.0,0.0,0.0,0.0,0.0,0.0,0.0,0.0,0.0,22.4082,0.0,0.0,0.0
frdm,tm180,180Tm,69,111,180,69180,9.56489,9.4692411,946.92411,100.0,0.0,0.0,0.0,0.0,0.0,0.0,0.0,0.0,0.0,0.0,0.0,0.0,0.0,0.0,9.56489,0.0,0.0,0.0
frdm,tm181,181Tm,69,112,181,69181,8.27376,8.1910224,819.1022399999999,100.0,0.0,0.0,0.0,0.0,0.0,0.01,0.009000000000000001,0.09000000000000001,0.0,0.0,0.0,0.0,0.0,0.0,8.27376,0.01,0.0,0.0
frdm,tm182,182Tm,69,113,182,69182,6.41819,6.3540081,635.40081,100.0,0.0,0.0,0.0,0.0,0.0,0.03,0.027,0.27,0.0,0.0,0.0,0.0,0.0,0.0,6.41819,0.03,0.0,0.0
frdm,tm183,183Tm,69,114,183,69183,4.06097,4.0203603,402.03603000000004,100.0,0.0,0.0,0.0,0.0,0.0,0.19,0.171,1.71,0.0,0.0,0.0,0.0,0.0,0.0,4.06097,0.19,0.0,0.0
frdm,tm184,184Tm,69,115,184,69184,1.59036,1.5744564,157.44564,100.0,0.0,0.0,0.0,0.0,0.0,0.18,0.162,1.6199999999999999,0.0,0.0,0.0,0.0,0.0,0.0,1.59036,0.18,0.0,0.0
frdm,tm185,185Tm,69,116,185,69185,1.43742,1.4230458,142.30458,100.0,0.0,0.0,0.0,0.0,0.0,0.45,0.405,4.05,0.0,0.0,0.0,0.0,0.0,0.0,1.43742,0.45,0.0,0.0
frdm,tm186,186Tm,69,117,186,69186,0.19465,0.1927035,19.27035,100.0,0.0,0.0,0.0,0.0,0.0,0.12,0.108,1.08,0.0,0.0,0.0,0.0,0.0,0.0,0.19465,0.12,0.0,0.0
frdm,tm187,187Tm,69,118,187,69187,0.25809,0.2555091,25.55091,100.0,0.0,0.0,0.0,0.0,0.0,0.52,0.468,4.68,0.0,0.0,0.0,0.0,0.0,0.0,0.25809,0.52,0.0,0.0
frdm,tm188,188Tm,69,119,188,69188,0.11497,0.1138203,11.38203,100.0,0.0,0.0,0.0,0.0,0.0,0.25,0.225,2.25,0.0,0.0,0.0,0.0,0.0,0.0,0.11497,0.25,0.0,0.0
frdm,tm189,189Tm,69,120,189,69189,0.1232,0.12196800000000001,12.1968,100.0,0.0,0.0,0.0,0.0,0.0,0.25,0.225,2.25,0.0,0.0,0.0,0.0,0.0,0.0,0.1232,0.25,0.0,0.0
frdm,tm190,190Tm,69,121,190,69190,0.08655,0.0856845,8.568449999999999,100.0,0.0,0.0,0.0,0.0,0.0,0.25,0.225,2.25,0.0,0.0,0.0,0.0,0.0,0.0,0.08655,0.25,0.0,0.0
frdm,tm191,191Tm,69,122,191,69191,0.10021,0.09920789999999999,9.920789999999998,100.0,0.0,0.0,0.0,0.0,0.0,0.48,0.432,4.32,0.0,0.0,0.0,0.0,0.0,0.0,0.10021,0.48,0.0,0.0
frdm,tm192,192Tm,69,123,192,69192,0.0821,0.081279,8.1279,100.0,0.0,0.0,0.0,0.0,0.0,0.32,0.28800000000000003,2.8800000000000003,0.0,0.0,0.0,0.0,0.0,0.0,0.0821,0.32,0.0,0.0
frdm,tm193,193Tm,69,124,193,69193,0.06705,0.0663795,6.63795,100.0,0.0,0.0,0.0,0.0,0.0,0.38,0.342,3.42,0.0,0.0,0.0,0.0,0.0,0.0,0.06705,0.38,0.0,0.0
frdm,tm194,194Tm,69,125,194,69194,0.04262,0.0421938,4.219379999999999,100.0,0.0,0.0,0.0,0.0,0.0,0.35,0.315,3.15,0.0,0.0,0.0,0.0,0.0,0.0,0.04262,0.35,0.0,0.0
frdm,tm195,195Tm,69,126,195,69195,0.04357,0.0431343,4.313429999999999,100.0,0.0,0.0,0.0,0.0,0.0,0.49,0.441,4.41,0.0,0.0,0.0,0.0,0.0,0.0,0.04357,0.49,0.0,0.0
frdm,tm196,196Tm,69,127,196,69196,0.02145,0.0212355,2.12355,100.0,0.0,0.0,0.0,0.0,0.0,0.81,0.7290000000000001,7.290000000000001,0.08,0.07200000000000001,0.7200000000000001,0.0,0.0,0.0,0.02145,0.81,0.08,0.0
frdm,tm197,197Tm,69,128,197,69197,0.0419,0.041481,4.1481,100.0,0.0,0.0,0.0,0.0,0.0,0.73,0.657,6.57,0.25,0.225,2.25,0.0,0.0,0.0,0.0419,0.73,0.25,0.0
frdm,tm198,198Tm,69,129,198,69198,0.03983,0.0394317,3.94317,100.0,0.0,0.0,0.0,0.0,0.0,0.08,0.07200000000000001,0.7200000000000001,0.83,0.747,7.469999999999999,0.05,0.045000000000000005,0.45,0.03983,0.08,0.83,0.05
frdm,tm199,199Tm,69,130,199,69199,0.02887,0.0285813,2.85813,100.0,0.0,0.0,0.0,0.0,0.0,0.17,0.15300000000000002,1.5300000000000002,0.43,0.387,3.8699999999999997,0.38,0.342,3.42,0.02887,0.17,0.43,0.38
frdm,tm200,200Tm,69,131,200,69200,0.02645,0.0261855,2.61855,100.0,0.0,0.0,0.0,0.0,0.0,0.03,0.027,0.27,0.5,0.45,4.5,0.4,0.36000000000000004,3.6,0.02645,0.03,0.5,0.4
frdm,tm201,201Tm,69,132,201,69201,0.02293,0.022700699999999997,2.2700699999999996,100.0,0.0,0.0,0.0,0.0,0.0,0.09,0.081,0.8099999999999999,0.31,0.279,2.79,0.57,0.5129999999999999,5.129999999999999,0.02293,0.09,0.31,0.57
frdm,tm202,202Tm,69,133,202,69202,0.01458,0.0144342,1.44342,100.0,0.0,0.0,0.0,0.0,0.0,0.04,0.036000000000000004,0.36000000000000004,0.59,0.5309999999999999,5.31,0.29,0.261,2.61,0.01458,0.04,0.59,0.29
frdm,tm203,203Tm,69,134,203,69203,0.01355,0.0134145,1.34145,100.0,0.0,0.0,0.0,0.0,0.0,0.09,0.081,0.8099999999999999,0.48,0.432,4.32,0.41,0.369,3.6899999999999995,0.01355,0.09,0.48,0.41
frdm,tm204,204Tm,69,135,204,69204,0.01241,0.012285899999999999,1.2285899999999998,100.0,0.0,0.0,0.0,0.0,0.0,0.03,0.027,0.27,0.57,0.5129999999999999,5.129999999999999,0.33,0.29700000000000004,2.97,0.01241,0.03,0.57,0.33
frdm,tm205,205Tm,69,136,205,69205,0.00907,0.008979299999999999,0.89793,100.0,0.0,0.0,0.0,0.0,0.0,0.15,0.135,1.35,0.47,0.423,4.2299999999999995,0.36,0.324,3.2399999999999998,0.00907,0.15,0.47,0.36
frdm,tm206,206Tm,69,137,206,69206,0.00767,0.0075933,0.7593300000000001,100.0,0.0,0.0,0.0,0.0,0.0,0.07,0.063,0.6300000000000001,0.66,0.5940000000000001,5.94,0.23,0.20700000000000002,2.0700000000000003,0.00767,0.07,0.66,0.23
frdm,tm207,207Tm,69,138,207,69207,0.00654,0.0064746,0.64746,100.0,0.0,0.0,0.0,0.0,0.0,0.22,0.198,1.9800000000000002,0.47,0.423,4.2299999999999995,0.29,0.261,2.61,0.00654,0.22,0.47,0.29
frdm,tm208,208Tm,69,139,208,69208,0.00595,0.005890500000000001,0.5890500000000001,100.0,0.0,0.0,0.0,0.0,0.0,0.04,0.036000000000000004,0.36000000000000004,0.7,0.63,6.3,0.21,0.189,1.8900000000000001,0.00595,0.04,0.7,0.21
frdm,tm209,209Tm,69,140,209,69209,0.00582,0.0057618,0.5761799999999999,100.0,0.0,0.0,0.0,0.0,0.0,0.11,0.099,0.9900000000000001,0.49,0.441,4.41,0.38,0.342,3.42,0.00582,0.11,0.49,0.38
frdm,tm210,210Tm,69,141,210,69210,0.00512,0.0050688,0.50688,100.0,0.0,0.0,0.0,0.0,0.0,0.02,0.018000000000000002,0.18000000000000002,0.51,0.459,4.59,0.4,0.36000000000000004,3.6,0.00512,0.02,0.51,0.4
frdm,tm211,211Tm,69,142,211,69211,0.00431,0.0042669,0.42668999999999996,100.0,0.0,0.0,0.0,0.0,0.0,0.11,0.099,0.9900000000000001,0.36,0.324,3.2399999999999998,0.48,0.432,4.32,0.00431,0.11,0.36,0.48
frdm,tm212,212Tm,69,143,212,69212,0.00401,0.003969899999999999,0.39698999999999995,100.0,0.0,0.0,0.0,0.0,0.0,0.05,0.045000000000000005,0.45,0.39,0.35100000000000003,3.5100000000000002,0.42,0.378,3.7800000000000002,0.00401,0.05,0.39,0.42
frdm,tm213,213Tm,69,144,213,69213,0.00384,0.0038016,0.38016,100.0,0.0,0.0,0.0,0.0,0.0,0.08,0.07200000000000001,0.7200000000000001,0.24,0.216,2.16,0.61,0.5489999999999999,5.489999999999999,0.00384,0.08,0.24,0.61
frdm,tm214,214Tm,69,145,214,69214,0.004,0.00396,0.396,100.0,0.0,0.0,0.0,0.0,0.0,0.01,0.009000000000000001,0.09000000000000001,0.24,0.216,2.16,0.46,0.41400000000000003,4.140000000000001,0.004,0.01,0.24,0.46
frdm,tm215,215Tm,69,146,215,69215,0.00324,0.0032075999999999997,0.32075999999999993,100.0,0.0,0.0,0.0,0.0,0.0,0.05,0.045000000000000005,0.45,0.15,0.135,1.35,0.7,0.63,6.3,0.00324,0.05,0.15,0.7
frdm,tm216,216Tm,69,147,216,69216,0.00296,0.0029304,0.29303999999999997,100.0,0.0,0.0,0.0,0.0,0.0,0.01,0.009000000000000001,0.09000000000000001,0.19,0.171,1.71,0.33,0.29700000000000004,2.97,0.00296,0.01,0.19,0.33
frdm,tm217,217Tm,69,148,217,69217,0.00275,0.0027224999999999997,0.27225,100.0,0.0,0.0,0.0,0.0,0.0,0.03,0.027,0.27,0.09,0.081,0.8099999999999999,0.61,0.5489999999999999,5.489999999999999,0.00275,0.03,0.09,0.61
frdm,tm218,218Tm,69,149,218,69218,0.00225,0.0022275,0.22274999999999998,100.0,0.0,0.0,0.0,0.0,0.0,0.01,0.009000000000000001,0.09000000000000001,0.13,0.117,1.17,0.25,0.225,2.25,0.00225,0.01,0.13,0.25
frdm,tm219,219Tm,69,150,219,69219,0.00221,0.0021879,0.21879000000000004,100.0,0.0,0.0,0.0,0.0,0.0,0.03,0.027,0.27,0.05,0.045000000000000005,0.45,0.46,0.41400000000000003,4.140000000000001,0.00221,0.03,0.05,0.46
frdm,tm220,220Tm,69,151,220,69220,0.00202,0.0019998,0.19998000000000002,100.0,0.0,0.0,0.0,0.0,0.0,0.01,0.009000000000000001,0.09000000000000001,0.06,0.054,0.54,0.12,0.108,1.08,0.00202,0.01,0.06,0.12
frdm,tm221,221Tm,69,152,221,69221,0.00187,0.0018513,0.18513,100.0,0.0,0.0,0.0,0.0,0.0,0.03,0.027,0.27,0.02,0.018000000000000002,0.18000000000000002,0.29,0.261,2.61,0.00187,0.03,0.02,0.29
frdm,tm223,223Tm,69,154,223,69223,0.00149,0.0014751,0.14751,100.0,0.0,0.0,0.0,0.0,0.0,0.03,0.027,0.27,0.01,0.009000000000000001,0.09000000000000001,0.13,0.117,1.17,0.00149,0.03,0.01,0.13
frdm,tm225,225Tm,69,156,225,69225,0.00127,0.0012573,0.12573,100.0,0.0,0.0,0.0,0.0,0.0,0.03,0.027,0.27,0.01,0.009000000000000001,0.09000000000000001,0.06,0.054,0.54,0.00127,0.03,0.01,0.06
frdm,yb181,181Yb,70,111,181,70181,60.40762,59.8035438,5980.35438,100.0,0.0,0.0,0.0,0.0,0.0,0.0,0.0,0.0,0.0,0.0,0.0,0.0,0.0,0.0,60.40762,0.0,0.0,0.0
frdm,yb182,182Yb,70,112,182,70182,83.64986,82.8133614,8281.336140000001,100.0,0.0,0.0,0.0,0.0,0.0,0.0,0.0,0.0,0.0,0.0,0.0,0.0,0.0,0.0,83.64986,0.0,0.0,0.0
frdm,yb183,183Yb,70,113,183,70183,28.91876,28.6295724,2862.9572399999997,100.0,0.0,0.0,0.0,0.0,0.0,0.0,0.0,0.0,0.0,0.0,0.0,0.0,0.0,0.0,28.91876,0.0,0.0,0.0
frdm,yb184,184Yb,70,114,184,70184,18.05159,17.8710741,1787.10741,100.0,0.0,0.0,0.0,0.0,0.0,0.0,0.0,0.0,0.0,0.0,0.0,0.0,0.0,0.0,18.05159,0.0,0.0,0.0
frdm,yb185,185Yb,70,115,185,70185,4.22367,4.1814333,418.14333,100.0,0.0,0.0,0.0,0.0,0.0,0.0,0.0,0.0,0.0,0.0,0.0,0.0,0.0,0.0,4.22367,0.0,0.0,0.0
frdm,yb186,186Yb,70,116,186,70186,3.71869,3.6815031,368.15031000000005,100.0,0.0,0.0,0.0,0.0,0.0,0.0,0.0,0.0,0.0,0.0,0.0,0.0,0.0,0.0,3.71869,0.0,0.0,0.0
frdm,yb187,187Yb,70,117,187,70187,0.32382,0.3205818,32.05818,100.0,0.0,0.0,0.0,0.0,0.0,0.0,0.0,0.0,0.0,0.0,0.0,0.0,0.0,0.0,0.32382,0.0,0.0,0.0
frdm,yb188,188Yb,70,118,188,70188,0.50583,0.5007717,50.077169999999995,100.0,0.0,0.0,0.0,0.0,0.0,0.0,0.0,0.0,0.0,0.0,0.0,0.0,0.0,0.0,0.50583,0.0,0.0,0.0
frdm,yb189,189Yb,70,119,189,70189,0.47375,0.4690125,46.90125,100.0,0.0,0.0,0.0,0.0,0.0,0.01,0.009000000000000001,0.09000000000000001,0.0,0.0,0.0,0.0,0.0,0.0,0.47375,0.01,0.0,0.0
frdm,yb190,190Yb,70,120,190,70190,0.63715,0.6307785,63.07785,100.0,0.0,0.0,0.0,0.0,0.0,0.01,0.009000000000000001,0.09000000000000001,0.0,0.0,0.0,0.0,0.0,0.0,0.63715,0.01,0.0,0.0
frdm,yb191,191Yb,70,121,191,70191,0.35976,0.35616240000000005,35.61624,100.0,0.0,0.0,0.0,0.0,0.0,0.01,0.009000000000000001,0.09000000000000001,0.0,0.0,0.0,0.0,0.0,0.0,0.35976,0.01,0.0,0.0
frdm,yb192,192Yb,70,122,192,70192,0.49221,0.4872879,48.72879,100.0,0.0,0.0,0.0,0.0,0.0,0.04,0.036000000000000004,0.36000000000000004,0.0,0.0,0.0,0.0,0.0,0.0,0.49221,0.04,0.0,0.0
frdm,yb193,193Yb,70,123,193,70193,0.39871,0.3947229,39.47229,100.0,0.0,0.0,0.0,0.0,0.0,0.04,0.036000000000000004,0.36000000000000004,0.0,0.0,0.0,0.0,0.0,0.0,0.39871,0.04,0.0,0.0
frdm,yb194,194Yb,70,124,194,70194,0.3776,0.373824,37.3824,100.0,0.0,0.0,0.0,0.0,0.0,0.03,0.027,0.27,0.0,0.0,0.0,0.0,0.0,0.0,0.3776,0.03,0.0,0.0
frdm,yb195,195Yb,70,125,195,70195,0.18335,0.18151650000000003,18.15165,100.0,0.0,0.0,0.0,0.0,0.0,0.07,0.063,0.6300000000000001,0.0,0.0,0.0,0.0,0.0,0.0,0.18335,0.07,0.0,0.0
frdm,yb196,196Yb,70,126,196,70196,0.19495,0.19300050000000002,19.300050000000002,100.0,0.0,0.0,0.0,0.0,0.0,0.16,0.14400000000000002,1.4400000000000002,0.0,0.0,0.0,0.0,0.0,0.0,0.19495,0.16,0.0,0.0
frdm,yb197,197Yb,70,127,197,70197,0.078,0.07722,7.7219999999999995,100.0,0.0,0.0,0.0,0.0,0.0,0.86,0.774,7.739999999999999,0.0,0.0,0.0,0.0,0.0,0.0,0.078,0.86,0.0,0.0
frdm,yb198,198Yb,70,128,198,70198,0.15405,0.1525095,15.25095,100.0,0.0,0.0,0.0,0.0,0.0,0.82,0.738,7.379999999999999,0.02,0.018000000000000002,0.18000000000000002,0.0,0.0,0.0,0.15405,0.82,0.02,0.0
frdm,yb199,199Yb,70,129,199,70199,0.12701,0.12573990000000002,12.57399,100.0,0.0,0.0,0.0,0.0,0.0,0.19,0.171,1.71,0.64,0.5760000000000001,5.760000000000001,0.0,0.0,0.0,0.12701,0.19,0.64,0.0
frdm,yb200,200Yb,70,130,200,70200,0.07734,0.07656660000000001,7.6566600000000005,100.0,0.0,0.0,0.0,0.0,0.0,0.46,0.41400000000000003,4.140000000000001,0.44,0.396,3.9600000000000004,0.02,0.018000000000000002,0.18000000000000002,0.07734,0.46,0.44,0.02
frdm,yb201,201Yb,70,131,201,70201,0.0281,0.027819,2.7819000000000003,100.0,0.0,0.0,0.0,0.0,0.0,0.45,0.405,4.05,0.51,0.459,4.59,0.01,0.009000000000000001,0.09000000000000001,0.0281,0.45,0.51,0.01
frdm,yb202,202Yb,70,132,202,70202,0.0365,0.036135,3.6134999999999997,100.0,0.0,0.0,0.0,0.0,0.0,0.65,0.585,5.85,0.28,0.252,2.5200000000000005,0.02,0.018000000000000002,0.18000000000000002,0.0365,0.65,0.28,0.02
frdm,yb203,203Yb,70,133,203,70203,0.01941,0.0192159,1.9215900000000001,100.0,0.0,0.0,0.0,0.0,0.0,0.47,0.423,4.2299999999999995,0.48,0.432,4.32,0.01,0.009000000000000001,0.09000000000000001,0.01941,0.47,0.48,0.01
frdm,yb204,204Yb,70,134,204,70204,0.024,0.02376,2.376,100.0,0.0,0.0,0.0,0.0,0.0,0.69,0.621,6.209999999999999,0.26,0.234,2.34,0.01,0.009000000000000001,0.09000000000000001,0.024,0.69,0.26,0.01
frdm,yb205,205Yb,70,135,205,70205,0.013,0.01287,1.2870000000000001,100.0,0.0,0.0,0.0,0.0,0.0,0.39,0.35100000000000003,3.5100000000000002,0.54,0.48600000000000004,4.86,0.02,0.018000000000000002,0.18000000000000002,0.013,0.39,0.54,0.02
frdm,yb206,206Yb,70,136,206,70206,0.01619,0.0160281,1.60281,100.0,0.0,0.0,0.0,0.0,0.0,0.66,0.5940000000000001,5.94,0.29,0.261,2.61,0.02,0.018000000000000002,0.18000000000000002,0.01619,0.66,0.29,0.02
frdm,yb207,207Yb,70,137,207,70207,0.01352,0.0133848,1.3384800000000001,100.0,0.0,0.0,0.0,0.0,0.0,0.33,0.29700000000000004,2.97,0.56,0.504,5.040000000000001,0.02,0.018000000000000002,0.18000000000000002,0.01352,0.33,0.56,0.02
frdm,yb208,208Yb,70,138,208,70208,0.01097,0.0108603,1.08603,100.0,0.0,0.0,0.0,0.0,0.0,0.77,0.6930000000000001,6.93,0.17,0.15300000000000002,1.5300000000000002,0.02,0.018000000000000002,0.18000000000000002,0.01097,0.77,0.17,0.02
frdm,yb209,209Yb,70,139,209,70209,0.00881,0.0087219,0.87219,100.0,0.0,0.0,0.0,0.0,0.0,0.42,0.378,3.7800000000000002,0.53,0.47700000000000004,4.7700000000000005,0.02,0.018000000000000002,0.18000000000000002,0.00881,0.42,0.53,0.02
frdm,yb210,210Yb,70,140,210,70210,0.00852,0.0084348,0.84348,100.0,0.0,0.0,0.0,0.0,0.0,0.62,0.558,5.58,0.34,0.30600000000000005,3.0600000000000005,0.02,0.018000000000000002,0.18000000000000002,0.00852,0.62,0.34,0.02
frdm,yb211,211Yb,70,141,211,70211,0.00824,0.008157600000000001,0.81576,100.0,0.0,0.0,0.0,0.0,0.0,0.17,0.15300000000000002,1.5300000000000002,0.76,0.684,6.84,0.04,0.036000000000000004,0.36000000000000004,0.00824,0.17,0.76,0.04
frdm,yb212,212Yb,70,142,212,70212,0.00652,0.0064548,0.64548,100.0,0.0,0.0,0.0,0.0,0.0,0.55,0.49500000000000005,4.95,0.39,0.35100000000000003,3.5100000000000002,0.04,0.036000000000000004,0.36000000000000004,0.00652,0.55,0.39,0.04
frdm,yb213,213Yb,70,143,213,70213,0.00579,0.0057321,0.57321,100.0,0.0,0.0,0.0,0.0,0.0,0.15,0.135,1.35,0.72,0.648,6.4799999999999995,0.05,0.045000000000000005,0.45,0.00579,0.15,0.72,0.05
frdm,yb214,214Yb,70,144,214,70214,0.00536,0.0053064,0.53064,100.0,0.0,0.0,0.0,0.0,0.0,0.41,0.369,3.6899999999999995,0.49,0.441,4.41,0.07,0.063,0.6300000000000001,0.00536,0.41,0.49,0.07
frdm,yb215,215Yb,70,145,215,70215,0.00508,0.0050292,0.50292,100.0,0.0,0.0,0.0,0.0,0.0,0.11,0.099,0.9900000000000001,0.75,0.675,6.75,0.11,0.099,0.9900000000000001,0.00508,0.11,0.75,0.11
frdm,yb216,216Yb,70,146,216,70216,0.00435,0.0043064999999999996,0.4306499999999999,100.0,0.0,0.0,0.0,0.0,0.0,0.3,0.27,2.7,0.55,0.49500000000000005,4.95,0.13,0.117,1.17,0.00435,0.3,0.55,0.13
frdm,yb217,217Yb,70,147,217,70217,0.00369,0.0036531000000000003,0.36530999999999997,100.0,0.0,0.0,0.0,0.0,0.0,0.1,0.09000000000000001,0.9,0.65,0.585,5.85,0.19,0.171,1.71,0.00369,0.1,0.65,0.19
frdm,yb218,218Yb,70,148,218,70218,0.00352,0.0034848,0.34848,100.0,0.0,0.0,0.0,0.0,0.0,0.19,0.171,1.71,0.48,0.432,4.32,0.29,0.261,2.61,0.00352,0.19,0.48,0.29
frdm,yb219,219Yb,70,149,219,70219,0.00284,0.0028116,0.28116,100.0,0.0,0.0,0.0,0.0,0.0,0.07,0.063,0.6300000000000001,0.53,0.47700000000000004,4.7700000000000005,0.32,0.28800000000000003,2.8800000000000003,0.00284,0.07,0.53,0.32
frdm,yb220,220Yb,70,150,220,70220,0.00287,0.0028413,0.28413000000000005,100.0,0.0,0.0,0.0,0.0,0.0,0.12,0.108,1.08,0.34,0.30600000000000005,3.0600000000000005,0.48,0.432,4.32,0.00287,0.12,0.34,0.48
frdm,yb221,221Yb,70,151,221,70221,0.00255,0.0025245000000000003,0.25245,100.0,0.0,0.0,0.0,0.0,0.0,0.03,0.027,0.27,0.31,0.279,2.79,0.42,0.378,3.7800000000000002,0.00255,0.03,0.31,0.42
frdm,yb222,222Yb,70,152,222,70222,0.00228,0.0022572,0.22571999999999998,100.0,0.0,0.0,0.0,0.0,0.0,0.07,0.063,0.6300000000000001,0.2,0.18000000000000002,1.8,0.61,0.5489999999999999,5.489999999999999,0.00228,0.07,0.2,0.61
frdm,yb224,224Yb,70,154,224,70224,0.00197,0.0019502999999999999,0.19503,100.0,0.0,0.0,0.0,0.0,0.0,0.04,0.036000000000000004,0.36000000000000004,0.09,0.081,0.8099999999999999,0.52,0.468,4.68,0.00197,0.04,0.09,0.52
frdm,yb226,226Yb,70,156,226,70226,0.00163,0.0016137,0.16137,100.0,0.0,0.0,0.0,0.0,0.0,0.04,0.036000000000000004,0.36000000000000004,0.02,0.018000000000000002,0.18000000000000002,0.3,0.27,2.7,0.00163,0.04,0.02,0.3
frdm,yb228,228Yb,70,158,228,70228,0.00136,0.0013464000000000002,0.13464,100.0,0.0,0.0,0.0,0.0,0.0,0.03,0.027,0.27,0.0,0.0,0.0,0.18,0.162,1.6199999999999999,0.00136,0.03,0.0,0.18
frdm,lu185,185Lu,71,114,185,71185,4.01851,3.9783249,397.83249,100.0,0.0,0.0,0.0,0.0,0.0,0.0,0.0,0.0,0.0,0.0,0.0,0.0,0.0,0.0,4.01851,0.0,0.0,0.0
frdm,lu186,186Lu,71,115,186,71186,1.65606,1.6394994,163.94994,100.0,0.0,0.0,0.0,0.0,0.0,0.0,0.0,0.0,0.0,0.0,0.0,0.0,0.0,0.0,1.65606,0.0,0.0,0.0
frdm,lu187,187Lu,71,116,187,71187,1.29805,1.2850694999999999,128.50695000000002,100.0,0.0,0.0,0.0,0.0,0.0,0.0,0.0,0.0,0.0,0.0,0.0,0.0,0.0,0.0,1.29805,0.0,0.0,0.0
frdm,lu188,188Lu,71,117,188,71188,0.34813,0.3446487,34.464870000000005,100.0,0.0,0.0,0.0,0.0,0.0,0.0,0.0,0.0,0.0,0.0,0.0,0.0,0.0,0.0,0.34813,0.0,0.0,0.0
frdm,lu189,189Lu,71,118,189,71189,0.94337,0.9339363,93.39363,100.0,0.0,0.0,0.0,0.0,0.0,0.03,0.027,0.27,0.0,0.0,0.0,0.0,0.0,0.0,0.94337,0.03,0.0,0.0
frdm,lu190,190Lu,71,119,190,71190,0.26357,0.2609343,26.09343,100.0,0.0,0.0,0.0,0.0,0.0,0.06,0.054,0.54,0.0,0.0,0.0,0.0,0.0,0.0,0.26357,0.06,0.0,0.0
frdm,lu191,191Lu,71,120,191,71191,0.37725,0.37347749999999996,37.34775,100.0,0.0,0.0,0.0,0.0,0.0,0.07,0.063,0.6300000000000001,0.0,0.0,0.0,0.0,0.0,0.0,0.37725,0.07,0.0,0.0
frdm,lu192,192Lu,71,121,192,71192,0.2804,0.277596,27.7596,100.0,0.0,0.0,0.0,0.0,0.0,0.07,0.063,0.6300000000000001,0.0,0.0,0.0,0.0,0.0,0.0,0.2804,0.07,0.0,0.0
frdm,lu193,193Lu,71,122,193,71193,0.28815,0.28526850000000004,28.52685,100.0,0.0,0.0,0.0,0.0,0.0,0.12,0.108,1.08,0.0,0.0,0.0,0.0,0.0,0.0,0.28815,0.12,0.0,0.0
frdm,lu194,194Lu,71,123,194,71194,0.21783,0.2156517,21.565170000000002,100.0,0.0,0.0,0.0,0.0,0.0,0.11,0.099,0.9900000000000001,0.0,0.0,0.0,0.0,0.0,0.0,0.21783,0.11,0.0,0.0
frdm,lu195,195Lu,71,124,195,71195,0.19584,0.1938816,19.38816,100.0,0.0,0.0,0.0,0.0,0.0,0.13,0.117,1.17,0.0,0.0,0.0,0.0,0.0,0.0,0.19584,0.13,0.0,0.0
frdm,lu196,196Lu,71,125,196,71196,0.11919,0.11799810000000001,11.79981,100.0,0.0,0.0,0.0,0.0,0.0,0.15,0.135,1.35,0.0,0.0,0.0,0.0,0.0,0.0,0.11919,0.15,0.0,0.0
frdm,lu197,197Lu,71,126,197,71197,0.09949,0.0984951,9.84951,100.0,0.0,0.0,0.0,0.0,0.0,0.24,0.216,2.16,0.0,0.0,0.0,0.0,0.0,0.0,0.09949,0.24,0.0,0.0
frdm,lu198,198Lu,71,127,198,71198,0.07139,0.07067609999999999,7.067609999999999,100.0,0.0,0.0,0.0,0.0,0.0,0.83,0.747,7.469999999999999,0.02,0.018000000000000002,0.18000000000000002,0.0,0.0,0.0,0.07139,0.83,0.02,0.0
frdm,lu199,199Lu,71,128,199,71199,0.0942,0.09325800000000001,9.3258,100.0,0.0,0.0,0.0,0.0,0.0,0.89,0.801,8.01,0.06,0.054,0.54,0.0,0.0,0.0,0.0942,0.89,0.06,0.0
frdm,lu200,200Lu,71,129,200,71200,0.0736,0.072864,7.2863999999999995,100.0,0.0,0.0,0.0,0.0,0.0,0.24,0.216,2.16,0.7,0.63,6.3,0.0,0.0,0.0,0.0736,0.24,0.7,0.0
frdm,lu201,201Lu,71,130,201,71201,0.05005,0.049549499999999996,4.95495,100.0,0.0,0.0,0.0,0.0,0.0,0.48,0.432,4.32,0.45,0.405,4.05,0.05,0.045000000000000005,0.45,0.05005,0.48,0.45,0.05
frdm,lu202,202Lu,71,131,202,71202,0.02397,0.023730300000000003,2.3730300000000004,100.0,0.0,0.0,0.0,0.0,0.0,0.12,0.108,1.08,0.83,0.747,7.469999999999999,0.03,0.027,0.27,0.02397,0.12,0.83,0.03
frdm,lu203,203Lu,71,132,203,71203,0.03577,0.0354123,3.5412300000000005,100.0,0.0,0.0,0.0,0.0,0.0,0.3,0.27,2.7,0.56,0.504,5.040000000000001,0.12,0.108,1.08,0.03577,0.3,0.56,0.12
frdm,lu204,204Lu,71,133,204,71204,0.02034,0.0201366,2.0136600000000002,100.0,0.0,0.0,0.0,0.0,0.0,0.14,0.126,1.2600000000000002,0.79,0.7110000000000001,7.11,0.05,0.045000000000000005,0.45,0.02034,0.14,0.79,0.05
frdm,lu205,205Lu,71,134,205,71205,0.02548,0.0252252,2.52252,100.0,0.0,0.0,0.0,0.0,0.0,0.36,0.324,3.2399999999999998,0.54,0.48600000000000004,4.86,0.09,0.081,0.8099999999999999,0.02548,0.36,0.54,0.09
frdm,lu206,206Lu,71,135,206,71206,0.01561,0.015453900000000001,1.5453900000000003,100.0,0.0,0.0,0.0,0.0,0.0,0.2,0.18000000000000002,1.8,0.75,0.675,6.75,0.03,0.027,0.27,0.01561,0.2,0.75,0.03
frdm,lu207,207Lu,71,136,207,71207,0.01892,0.0187308,1.8730799999999999,100.0,0.0,0.0,0.0,0.0,0.0,0.29,0.261,2.61,0.62,0.558,5.58,0.08,0.07200000000000001,0.7200000000000001,0.01892,0.29,0.62,0.08
frdm,lu208,208Lu,71,137,208,71208,0.01733,0.0171567,1.71567,100.0,0.0,0.0,0.0,0.0,0.0,0.19,0.171,1.71,0.74,0.666,6.66,0.05,0.045000000000000005,0.45,0.01733,0.19,0.74,0.05
frdm,lu209,209Lu,71,138,209,71209,0.01653,0.0163647,1.63647,100.0,0.0,0.0,0.0,0.0,0.0,0.34,0.30600000000000005,3.0600000000000005,0.55,0.49500000000000005,4.95,0.1,0.09000000000000001,0.9,0.01653,0.34,0.55,0.1
frdm,lu210,210Lu,71,139,210,71210,0.01182,0.0117018,1.1701800000000002,100.0,0.0,0.0,0.0,0.0,0.0,0.14,0.126,1.2600000000000002,0.79,0.7110000000000001,7.11,0.04,0.036000000000000004,0.36000000000000004,0.01182,0.14,0.79,0.04
frdm,lu211,211Lu,71,140,211,71211,0.01033,0.0102267,1.0226700000000002,100.0,0.0,0.0,0.0,0.0,0.0,0.34,0.30600000000000005,3.0600000000000005,0.58,0.522,5.22,0.07,0.063,0.6300000000000001,0.01033,0.34,0.58,0.07
frdm,lu212,212Lu,71,141,212,71212,0.01017,0.0100683,1.0068300000000001,100.0,0.0,0.0,0.0,0.0,0.0,0.06,0.054,0.54,0.84,0.756,7.5600000000000005,0.07,0.063,0.6300000000000001,0.01017,0.06,0.84,0.07
frdm,lu213,213Lu,71,142,213,71213,0.00777,0.0076923,0.76923,100.0,0.0,0.0,0.0,0.0,0.0,0.22,0.198,1.9800000000000002,0.63,0.567,5.67,0.14,0.126,1.2600000000000002,0.00777,0.22,0.63,0.14
frdm,lu214,214Lu,71,143,214,71214,0.00682,0.0067518,0.6751799999999999,100.0,0.0,0.0,0.0,0.0,0.0,0.1,0.09000000000000001,0.9,0.71,0.639,6.39,0.15,0.135,1.35,0.00682,0.1,0.71,0.15
frdm,lu215,215Lu,71,144,215,71215,0.00664,0.0065736,0.65736,100.0,0.0,0.0,0.0,0.0,0.0,0.16,0.14400000000000002,1.4400000000000002,0.53,0.47700000000000004,4.7700000000000005,0.29,0.261,2.61,0.00664,0.16,0.53,0.29
frdm,lu216,216Lu,71,145,216,71216,0.00614,0.0060786,0.60786,100.0,0.0,0.0,0.0,0.0,0.0,0.03,0.027,0.27,0.64,0.5760000000000001,5.760000000000001,0.28,0.252,2.5200000000000005,0.00614,0.03,0.64,0.28
frdm,lu217,217Lu,71,146,217,71217,0.00545,0.0053955,0.5395500000000001,100.0,0.0,0.0,0.0,0.0,0.0,0.12,0.108,1.08,0.43,0.387,3.8699999999999997,0.42,0.378,3.7800000000000002,0.00545,0.12,0.43,0.42
frdm,lu218,218Lu,71,147,218,71218,0.00489,0.0048411,0.48411000000000004,100.0,0.0,0.0,0.0,0.0,0.0,0.04,0.036000000000000004,0.36000000000000004,0.48,0.432,4.32,0.4,0.36000000000000004,3.6,0.00489,0.04,0.48,0.4
frdm,lu219,219Lu,71,148,219,71219,0.00427,0.004227300000000001,0.42273000000000005,100.0,0.0,0.0,0.0,0.0,0.0,0.08,0.07200000000000001,0.7200000000000001,0.29,0.261,2.61,0.58,0.522,5.22,0.00427,0.08,0.29,0.58
frdm,lu220,220Lu,71,149,220,71220,0.00351,0.0034749,0.34749,100.0,0.0,0.0,0.0,0.0,0.0,0.02,0.018000000000000002,0.18000000000000002,0.38,0.342,3.42,0.44,0.396,3.9600000000000004,0.00351,0.02,0.38,0.44
frdm,lu221,221Lu,71,150,221,71221,0.00343,0.0033956999999999998,0.33957,100.0,0.0,0.0,0.0,0.0,0.0,0.05,0.045000000000000005,0.45,0.18,0.162,1.6199999999999999,0.69,0.621,6.209999999999999,0.00343,0.05,0.18,0.69
frdm,lu222,222Lu,71,151,222,71222,0.00304,0.0030096000000000003,0.30096,100.0,0.0,0.0,0.0,0.0,0.0,0.01,0.009000000000000001,0.09000000000000001,0.19,0.171,1.71,0.43,0.387,3.8699999999999997,0.00304,0.01,0.19,0.43
frdm,lu223,223Lu,71,152,223,71223,0.00265,0.0026235,0.26235,100.0,0.0,0.0,0.0,0.0,0.0,0.03,0.027,0.27,0.1,0.09000000000000001,0.9,0.67,0.603,6.03,0.00265,0.03,0.1,0.67
frdm,lu224,224Lu,71,153,224,71224,0.00236,0.0023364,0.23364000000000001,100.0,0.0,0.0,0.0,0.0,0.0,0.02,0.018000000000000002,0.18000000000000002,0.11,0.099,0.9900000000000001,0.24,0.216,2.16,0.00236,0.02,0.11,0.24
frdm,lu225,225Lu,71,154,225,71225,0.0023,0.002277,0.22769999999999999,100.0,0.0,0.0,0.0,0.0,0.0,0.03,0.027,0.27,0.04,0.036000000000000004,0.36000000000000004,0.46,0.41400000000000003,4.140000000000001,0.0023,0.03,0.04,0.46
frdm,lu226,226Lu,71,155,226,71226,0.0019,0.001881,0.1881,100.0,0.0,0.0,0.0,0.0,0.0,0.01,0.009000000000000001,0.09000000000000001,0.06,0.054,0.54,0.11,0.099,0.9900000000000001,0.0019,0.01,0.06,0.11
frdm,lu227,227Lu,71,156,227,71227,0.00193,0.0019107,0.19107000000000002,100.0,0.0,0.0,0.0,0.0,0.0,0.03,0.027,0.27,0.02,0.018000000000000002,0.18000000000000002,0.2,0.18000000000000002,1.8,0.00193,0.03,0.02,0.2
frdm,lu228,228Lu,71,157,228,71228,0.00175,0.0017325,0.17325000000000002,100.0,0.0,0.0,0.0,0.0,0.0,0.01,0.009000000000000001,0.09000000000000001,0.05,0.045000000000000005,0.45,0.04,0.036000000000000004,0.36000000000000004,0.00175,0.01,0.05,0.04
frdm,lu229,229Lu,71,158,229,71229,0.0016,0.0015840000000000001,0.1584,100.0,0.0,0.0,0.0,0.0,0.0,0.02,0.018000000000000002,0.18000000000000002,0.01,0.009000000000000001,0.09000000000000001,0.12,0.108,1.08,0.0016,0.02,0.01,0.12
frdm,lu230,230Lu,71,159,230,71230,0.0016,0.0015840000000000001,0.1584,100.0,0.0,0.0,0.0,0.0,0.0,0.01,0.009000000000000001,0.09000000000000001,0.03,0.027,0.27,0.01,0.009000000000000001,0.09000000000000001,0.0016,0.01,0.03,0.01
frdm,lu231,231Lu,71,160,231,71231,0.00139,0.0013761,0.13760999999999998,100.0,0.0,0.0,0.0,0.0,0.0,0.02,0.018000000000000002,0.18000000000000002,0.01,0.009000000000000001,0.09000000000000001,0.1,0.09000000000000001,0.9,0.00139,0.02,0.01,0.1
frdm,hf187,187Hf,72,115,187,72187,51.34565,50.8321935,5083.219349999999,100.0,0.0,0.0,0.0,0.0,0.0,0.0,0.0,0.0,0.0,0.0,0.0,0.0,0.0,0.0,51.34565,0.0,0.0,0.0
frdm,hf188,188Hf,72,116,188,72188,47.73491,47.2575609,4725.75609,100.0,0.0,0.0,0.0,0.0,0.0,0.0,0.0,0.0,0.0,0.0,0.0,0.0,0.0,0.0,47.73491,0.0,0.0,0.0
frdm,hf189,189Hf,72,117,189,72189,1.5434,1.5279660000000002,152.7966,100.0,0.0,0.0,0.0,0.0,0.0,0.0,0.0,0.0,0.0,0.0,0.0,0.0,0.0,0.0,1.5434,0.0,0.0,0.0
frdm,hf190,190Hf,72,118,190,72190,4.04228,4.0018572,400.18572,100.0,0.0,0.0,0.0,0.0,0.0,0.0,0.0,0.0,0.0,0.0,0.0,0.0,0.0,0.0,4.04228,0.0,0.0,0.0
frdm,hf191,191Hf,72,119,191,72191,2.09473,2.0737827,207.37827000000001,100.0,0.0,0.0,0.0,0.0,0.0,0.0,0.0,0.0,0.0,0.0,0.0,0.0,0.0,0.0,2.09473,0.0,0.0,0.0
frdm,hf192,192Hf,72,120,192,72192,2.95377,2.9242323,292.42323,100.0,0.0,0.0,0.0,0.0,0.0,0.0,0.0,0.0,0.0,0.0,0.0,0.0,0.0,0.0,2.95377,0.0,0.0,0.0
frdm,hf193,193Hf,72,121,193,72193,2.14083,2.1194216999999997,211.94216999999998,100.0,0.0,0.0,0.0,0.0,0.0,0.0,0.0,0.0,0.0,0.0,0.0,0.0,0.0,0.0,2.14083,0.0,0.0,0.0
frdm,hf194,194Hf,72,122,194,72194,3.46106,3.4264493999999996,342.64494,100.0,0.0,0.0,0.0,0.0,0.0,0.0,0.0,0.0,0.0,0.0,0.0,0.0,0.0,0.0,3.46106,0.0,0.0,0.0
frdm,hf195,195Hf,72,123,195,72195,2.14191,2.1204909,212.04909000000004,100.0,0.0,0.0,0.0,0.0,0.0,0.0,0.0,0.0,0.0,0.0,0.0,0.0,0.0,0.0,2.14191,0.0,0.0,0.0
frdm,hf196,196Hf,72,124,196,72196,2.39482,2.3708718,237.08718000000002,100.0,0.0,0.0,0.0,0.0,0.0,0.0,0.0,0.0,0.0,0.0,0.0,0.0,0.0,0.0,2.39482,0.0,0.0,0.0
frdm,hf197,197Hf,72,125,197,72197,1.38023,1.3664277,136.64276999999998,100.0,0.0,0.0,0.0,0.0,0.0,0.02,0.018000000000000002,0.18000000000000002,0.0,0.0,0.0,0.0,0.0,0.0,1.38023,0.02,0.0,0.0
frdm,hf198,198Hf,72,126,198,72198,1.70361,1.6865739,168.65739000000002,100.0,0.0,0.0,0.0,0.0,0.0,0.11,0.099,0.9900000000000001,0.0,0.0,0.0,0.0,0.0,0.0,1.70361,0.11,0.0,0.0
frdm,hf199,199Hf,72,127,199,72199,0.50438,0.49933620000000006,49.933620000000005,100.0,0.0,0.0,0.0,0.0,0.0,0.61,0.5489999999999999,5.489999999999999,0.0,0.0,0.0,0.0,0.0,0.0,0.50438,0.61,0.0,0.0
frdm,hf200,200Hf,72,128,200,72200,0.60323,0.5971977,59.719770000000004,100.0,0.0,0.0,0.0,0.0,0.0,0.6,0.54,5.4,0.0,0.0,0.0,0.0,0.0,0.0,0.60323,0.6,0.0,0.0
frdm,hf201,201Hf,72,129,201,72201,0.46567,0.46101329999999996,46.10133,100.0,0.0,0.0,0.0,0.0,0.0,0.33,0.29700000000000004,2.97,0.26,0.234,2.34,0.0,0.0,0.0,0.46567,0.33,0.26,0.0
frdm,hf202,202Hf,72,130,202,72202,0.32355,0.3203145,32.03145000000001,100.0,0.0,0.0,0.0,0.0,0.0,0.57,0.5129999999999999,5.129999999999999,0.14,0.126,1.2600000000000002,0.0,0.0,0.0,0.32355,0.57,0.14,0.0
frdm,hf203,203Hf,72,131,203,72203,0.04296,0.042530399999999996,4.2530399999999995,100.0,0.0,0.0,0.0,0.0,0.0,0.74,0.666,6.66,0.18,0.162,1.6199999999999999,0.0,0.0,0.0,0.04296,0.74,0.18,0.0
frdm,hf204,204Hf,72,132,204,72204,0.07665,0.07588349999999999,7.588349999999999,100.0,0.0,0.0,0.0,0.0,0.0,0.85,0.765,7.65,0.08,0.07200000000000001,0.7200000000000001,0.0,0.0,0.0,0.07665,0.85,0.08,0.0
frdm,hf205,205Hf,72,133,205,72205,0.03473,0.034382699999999995,3.4382699999999997,100.0,0.0,0.0,0.0,0.0,0.0,0.65,0.585,5.85,0.22,0.198,1.9800000000000002,0.0,0.0,0.0,0.03473,0.65,0.22,0.0
frdm,hf206,206Hf,72,134,206,72206,0.04674,0.0462726,4.62726,100.0,0.0,0.0,0.0,0.0,0.0,0.91,0.8190000000000001,8.19,0.04,0.036000000000000004,0.36000000000000004,0.0,0.0,0.0,0.04674,0.91,0.04,0.0
frdm,hf207,207Hf,72,135,207,72207,0.02272,0.0224928,2.24928,100.0,0.0,0.0,0.0,0.0,0.0,0.63,0.567,5.67,0.21,0.189,1.8900000000000001,0.0,0.0,0.0,0.02272,0.63,0.21,0.0
frdm,hf208,208Hf,72,136,208,72208,0.02659,0.0263241,2.6324099999999997,100.0,0.0,0.0,0.0,0.0,0.0,0.91,0.8190000000000001,8.19,0.05,0.045000000000000005,0.45,0.0,0.0,0.0,0.02659,0.91,0.05,0.0
frdm,hf209,209Hf,72,137,209,72209,0.02014,0.0199386,1.9938600000000002,100.0,0.0,0.0,0.0,0.0,0.0,0.53,0.47700000000000004,4.7700000000000005,0.32,0.28800000000000003,2.8800000000000003,0.0,0.0,0.0,0.02014,0.53,0.32,0.0
frdm,hf210,210Hf,72,138,210,72210,0.02412,0.0238788,2.38788,100.0,0.0,0.0,0.0,0.0,0.0,0.9,0.81,8.1,0.06,0.054,0.54,0.0,0.0,0.0,0.02412,0.9,0.06,0.0
frdm,hf211,211Hf,72,139,211,72211,0.01768,0.0175032,1.7503200000000003,100.0,0.0,0.0,0.0,0.0,0.0,0.62,0.558,5.58,0.3,0.27,2.7,0.0,0.0,0.0,0.01768,0.62,0.3,0.0
frdm,hf212,212Hf,72,140,212,72212,0.01504,0.0148896,1.48896,100.0,0.0,0.0,0.0,0.0,0.0,0.89,0.801,8.01,0.05,0.045000000000000005,0.45,0.0,0.0,0.0,0.01504,0.89,0.05,0.0
frdm,hf213,213Hf,72,141,213,72213,0.01343,0.013295699999999999,1.32957,100.0,0.0,0.0,0.0,0.0,0.0,0.58,0.522,5.22,0.37,0.333,3.33,0.01,0.009000000000000001,0.09000000000000001,0.01343,0.58,0.37,0.01
frdm,hf214,214Hf,72,142,214,72214,0.01114,0.011028600000000001,1.1028600000000002,100.0,0.0,0.0,0.0,0.0,0.0,0.85,0.765,7.65,0.11,0.099,0.9900000000000001,0.01,0.009000000000000001,0.09000000000000001,0.01114,0.85,0.11,0.01
frdm,hf215,215Hf,72,143,215,72215,0.00933,0.0092367,0.92367,100.0,0.0,0.0,0.0,0.0,0.0,0.36,0.324,3.2399999999999998,0.53,0.47700000000000004,4.7700000000000005,0.01,0.009000000000000001,0.09000000000000001,0.00933,0.36,0.53,0.01
frdm,hf216,216Hf,72,144,216,72216,0.00874,0.0086526,0.86526,100.0,0.0,0.0,0.0,0.0,0.0,0.75,0.675,6.75,0.19,0.171,1.71,0.02,0.018000000000000002,0.18000000000000002,0.00874,0.75,0.19,0.02
frdm,hf217,217Hf,72,145,217,72217,0.00845,0.0083655,0.83655,100.0,0.0,0.0,0.0,0.0,0.0,0.28,0.252,2.5200000000000005,0.67,0.603,6.03,0.02,0.018000000000000002,0.18000000000000002,0.00845,0.28,0.67,0.02
frdm,hf218,218Hf,72,146,218,72218,0.00696,0.0068904,0.68904,100.0,0.0,0.0,0.0,0.0,0.0,0.63,0.567,5.67,0.31,0.279,2.79,0.03,0.027,0.27,0.00696,0.63,0.31,0.03
frdm,hf219,219Hf,72,147,219,72219,0.00649,0.0064251,0.64251,100.0,0.0,0.0,0.0,0.0,0.0,0.23,0.20700000000000002,2.0700000000000003,0.69,0.621,6.209999999999999,0.03,0.027,0.27,0.00649,0.23,0.69,0.03
frdm,hf220,220Hf,72,148,220,72220,0.00577,0.0057123,0.5712299999999999,100.0,0.0,0.0,0.0,0.0,0.0,0.44,0.396,3.9600000000000004,0.49,0.441,4.41,0.05,0.045000000000000005,0.45,0.00577,0.44,0.49,0.05
frdm,hf221,221Hf,72,149,221,72221,0.00431,0.0042669,0.42668999999999996,100.0,0.0,0.0,0.0,0.0,0.0,0.19,0.171,1.71,0.72,0.648,6.4799999999999995,0.06,0.054,0.54,0.00431,0.19,0.72,0.06
frdm,hf222,222Hf,72,150,222,72222,0.00437,0.0043263,0.43263,100.0,0.0,0.0,0.0,0.0,0.0,0.34,0.30600000000000005,3.0600000000000005,0.55,0.49500000000000005,4.95,0.09,0.081,0.8099999999999999,0.00437,0.34,0.55,0.09
frdm,hf223,223Hf,72,151,223,72223,0.0038,0.003762,0.3762,100.0,0.0,0.0,0.0,0.0,0.0,0.09,0.081,0.8099999999999999,0.73,0.657,6.57,0.14,0.126,1.2600000000000002,0.0038,0.09,0.73,0.14
frdm,hf224,224Hf,72,152,224,72224,0.00332,0.0032868,0.32868,100.0,0.0,0.0,0.0,0.0,0.0,0.2,0.18000000000000002,1.8,0.53,0.47700000000000004,4.7700000000000005,0.24,0.216,2.16,0.00332,0.2,0.53,0.24
frdm,hf225,225Hf,72,153,225,72225,0.00295,0.0029205,0.29205,100.0,0.0,0.0,0.0,0.0,0.0,0.05,0.045000000000000005,0.45,0.49,0.441,4.41,0.37,0.333,3.33,0.00295,0.05,0.49,0.37
frdm,hf226,226Hf,72,154,226,72226,0.00286,0.0028314,0.28314000000000006,100.0,0.0,0.0,0.0,0.0,0.0,0.09,0.081,0.8099999999999999,0.32,0.28800000000000003,2.8800000000000003,0.54,0.48600000000000004,4.86,0.00286,0.09,0.32,0.54
frdm,hf227,227Hf,72,155,227,72227,0.00254,0.0025146,0.25146,100.0,0.0,0.0,0.0,0.0,0.0,0.04,0.036000000000000004,0.36000000000000004,0.21,0.189,1.8900000000000001,0.44,0.396,3.9600000000000004,0.00254,0.04,0.21,0.44
frdm,hf228,228Hf,72,156,228,72228,0.00245,0.0024254999999999997,0.24255,100.0,0.0,0.0,0.0,0.0,0.0,0.06,0.054,0.54,0.14,0.126,1.2600000000000002,0.62,0.558,5.58,0.00245,0.06,0.14,0.62
frdm,hf229,229Hf,72,157,229,72229,0.0022,0.0021780000000000002,0.2178,100.0,0.0,0.0,0.0,0.0,0.0,0.03,0.027,0.27,0.13,0.117,1.17,0.26,0.234,2.34,0.0022,0.03,0.13,0.26
frdm,hf230,230Hf,72,158,230,72230,0.00208,0.0020591999999999997,0.20592,100.0,0.0,0.0,0.0,0.0,0.0,0.05,0.045000000000000005,0.45,0.08,0.07200000000000001,0.7200000000000001,0.51,0.459,4.59,0.00208,0.05,0.08,0.51
frdm,hf231,231Hf,72,159,231,72231,0.00207,0.0020493,0.20493,100.0,0.0,0.0,0.0,0.0,0.0,0.01,0.009000000000000001,0.09000000000000001,0.1,0.09000000000000001,0.9,0.16,0.14400000000000002,1.4400000000000002,0.00207,0.01,0.1,0.16
frdm,hf232,232Hf,72,160,232,72232,0.00191,0.0018909,0.18909,100.0,0.0,0.0,0.0,0.0,0.0,0.04,0.036000000000000004,0.36000000000000004,0.06,0.054,0.54,0.43,0.387,3.8699999999999997,0.00191,0.04,0.06,0.43
frdm,hf234,234Hf,72,162,234,72234,0.00144,0.0014256000000000002,0.14256000000000002,100.0,0.0,0.0,0.0,0.0,0.0,0.05,0.045000000000000005,0.45,0.06,0.054,0.54,0.37,0.333,3.33,0.00144,0.05,0.06,0.37
frdm,ta189,189Ta,73,116,189,73189,72.70932,71.9822268,7198.222680000001,100.0,0.0,0.0,0.0,0.0,0.0,0.0,0.0,0.0,0.0,0.0,0.0,0.0,0.0,0.0,72.70932,0.0,0.0,0.0
frdm,ta191,191Ta,73,118,191,73191,1.77089,1.7531811000000002,175.31811,100.0,0.0,0.0,0.0,0.0,0.0,0.0,0.0,0.0,0.0,0.0,0.0,0.0,0.0,0.0,1.77089,0.0,0.0,0.0
frdm,ta193,193Ta,73,120,193,73193,0.82782,0.8195418,81.95418,100.0,0.0,0.0,0.0,0.0,0.0,0.0,0.0,0.0,0.0,0.0,0.0,0.0,0.0,0.0,0.82782,0.0,0.0,0.0
frdm,ta194,194Ta,73,121,194,73194,0.917,0.90783,90.783,100.0,0.0,0.0,0.0,0.0,0.0,0.0,0.0,0.0,0.0,0.0,0.0,0.0,0.0,0.0,0.917,0.0,0.0,0.0
frdm,ta195,195Ta,73,122,195,73195,0.89048,0.8815752,88.15752,100.0,0.0,0.0,0.0,0.0,0.0,0.01,0.009000000000000001,0.09000000000000001,0.0,0.0,0.0,0.0,0.0,0.0,0.89048,0.01,0.0,0.0
frdm,ta196,196Ta,73,123,196,73196,0.6496,0.643104,64.31039999999999,100.0,0.0,0.0,0.0,0.0,0.0,0.01,0.009000000000000001,0.09000000000000001,0.0,0.0,0.0,0.0,0.0,0.0,0.6496,0.01,0.0,0.0
frdm,ta197,197Ta,73,124,197,73197,0.574,0.56826,56.826,100.0,0.0,0.0,0.0,0.0,0.0,0.02,0.018000000000000002,0.18000000000000002,0.0,0.0,0.0,0.0,0.0,0.0,0.574,0.02,0.0,0.0
frdm,ta198,198Ta,73,125,198,73198,0.33399,0.3306501,33.06501,100.0,0.0,0.0,0.0,0.0,0.0,0.02,0.018000000000000002,0.18000000000000002,0.0,0.0,0.0,0.0,0.0,0.0,0.33399,0.02,0.0,0.0
frdm,ta199,199Ta,73,126,199,73199,0.38224,0.3784176,37.84176,100.0,0.0,0.0,0.0,0.0,0.0,0.1,0.09000000000000001,0.9,0.0,0.0,0.0,0.0,0.0,0.0,0.38224,0.1,0.0,0.0
frdm,ta200,200Ta,73,127,200,73200,0.16908,0.16738920000000002,16.73892,100.0,0.0,0.0,0.0,0.0,0.0,0.61,0.5489999999999999,5.489999999999999,0.0,0.0,0.0,0.0,0.0,0.0,0.16908,0.61,0.0,0.0
frdm,ta201,201Ta,73,128,201,73201,0.23417,0.2318283,23.18283,100.0,0.0,0.0,0.0,0.0,0.0,0.91,0.8190000000000001,8.19,0.0,0.0,0.0,0.0,0.0,0.0,0.23417,0.91,0.0,0.0
frdm,ta202,202Ta,73,129,202,73202,0.16332,0.1616868,16.168680000000002,100.0,0.0,0.0,0.0,0.0,0.0,0.65,0.585,5.85,0.25,0.225,2.25,0.0,0.0,0.0,0.16332,0.65,0.25,0.0
frdm,ta203,203Ta,73,130,203,73203,0.16416,0.1625184,16.25184,100.0,0.0,0.0,0.0,0.0,0.0,0.83,0.747,7.469999999999999,0.1,0.09000000000000001,0.9,0.0,0.0,0.0,0.16416,0.83,0.1,0.0
frdm,ta204,204Ta,73,131,204,73204,0.03647,0.0361053,3.6105300000000002,100.0,0.0,0.0,0.0,0.0,0.0,0.55,0.49500000000000005,4.95,0.43,0.387,3.8699999999999997,0.0,0.0,0.0,0.03647,0.55,0.43,0.0
frdm,ta205,205Ta,73,132,205,73205,0.07021,0.0695079,6.950789999999999,100.0,0.0,0.0,0.0,0.0,0.0,0.69,0.621,6.209999999999999,0.28,0.252,2.5200000000000005,0.01,0.009000000000000001,0.09000000000000001,0.07021,0.69,0.28,0.01
frdm,ta206,206Ta,73,133,206,73206,0.04319,0.0427581,4.27581,100.0,0.0,0.0,0.0,0.0,0.0,0.44,0.396,3.9600000000000004,0.53,0.47700000000000004,4.7700000000000005,0.0,0.0,0.0,0.04319,0.44,0.53,0.0
frdm,ta207,207Ta,73,134,207,73207,0.06524,0.06458760000000001,6.458760000000001,100.0,0.0,0.0,0.0,0.0,0.0,0.69,0.621,6.209999999999999,0.26,0.234,2.34,0.01,0.009000000000000001,0.09000000000000001,0.06524,0.69,0.26,0.01
frdm,ta208,208Ta,73,135,208,73208,0.04579,0.0453321,4.5332099999999995,100.0,0.0,0.0,0.0,0.0,0.0,0.27,0.24300000000000002,2.43,0.69,0.621,6.209999999999999,0.0,0.0,0.0,0.04579,0.27,0.69,0.0
frdm,ta209,209Ta,73,136,209,73209,0.03072,0.0304128,3.04128,100.0,0.0,0.0,0.0,0.0,0.0,0.72,0.648,6.4799999999999995,0.25,0.225,2.25,0.01,0.009000000000000001,0.09000000000000001,0.03072,0.72,0.25,0.01
frdm,ta210,210Ta,73,137,210,73210,0.02992,0.0296208,2.96208,100.0,0.0,0.0,0.0,0.0,0.0,0.19,0.171,1.71,0.77,0.6930000000000001,6.93,0.01,0.009000000000000001,0.09000000000000001,0.02992,0.19,0.77,0.01
frdm,ta211,211Ta,73,138,211,73211,0.02505,0.0247995,2.47995,100.0,0.0,0.0,0.0,0.0,0.0,0.64,0.5760000000000001,5.760000000000001,0.33,0.29700000000000004,2.97,0.01,0.009000000000000001,0.09000000000000001,0.02505,0.64,0.33,0.01
frdm,ta212,212Ta,73,139,212,73212,0.02214,0.0219186,2.19186,100.0,0.0,0.0,0.0,0.0,0.0,0.33,0.29700000000000004,2.97,0.64,0.5760000000000001,5.760000000000001,0.01,0.009000000000000001,0.09000000000000001,0.02214,0.33,0.64,0.01
frdm,ta213,213Ta,73,140,213,73213,0.0219,0.021681,2.1681,100.0,0.0,0.0,0.0,0.0,0.0,0.62,0.558,5.58,0.35,0.315,3.15,0.01,0.009000000000000001,0.09000000000000001,0.0219,0.62,0.35,0.01
frdm,ta214,214Ta,73,141,214,73214,0.01719,0.0170181,1.70181,100.0,0.0,0.0,0.0,0.0,0.0,0.2,0.18000000000000002,1.8,0.77,0.6930000000000001,6.93,0.01,0.009000000000000001,0.09000000000000001,0.01719,0.2,0.77,0.01
frdm,ta215,215Ta,73,142,215,73215,0.01418,0.0140382,1.4038199999999998,100.0,0.0,0.0,0.0,0.0,0.0,0.6,0.54,5.4,0.37,0.333,3.33,0.02,0.018000000000000002,0.18000000000000002,0.01418,0.6,0.37,0.02
frdm,ta216,216Ta,73,143,216,73216,0.01194,0.011820599999999999,1.1820599999999999,100.0,0.0,0.0,0.0,0.0,0.0,0.17,0.15300000000000002,1.5300000000000002,0.76,0.684,6.84,0.02,0.018000000000000002,0.18000000000000002,0.01194,0.17,0.76,0.02
frdm,ta217,217Ta,73,144,217,73217,0.01036,0.010256399999999999,1.02564,100.0,0.0,0.0,0.0,0.0,0.0,0.42,0.378,3.7800000000000002,0.52,0.468,4.68,0.04,0.036000000000000004,0.36000000000000004,0.01036,0.42,0.52,0.04
frdm,ta218,218Ta,73,145,218,73218,0.01029,0.010187100000000001,1.0187100000000002,100.0,0.0,0.0,0.0,0.0,0.0,0.1,0.09000000000000001,0.9,0.84,0.756,7.5600000000000005,0.04,0.036000000000000004,0.36000000000000004,0.01029,0.1,0.84,0.04
frdm,ta219,219Ta,73,146,219,73219,0.00839,0.0083061,0.83061,100.0,0.0,0.0,0.0,0.0,0.0,0.3,0.27,2.7,0.6,0.54,5.4,0.09,0.081,0.8099999999999999,0.00839,0.3,0.6,0.09
frdm,ta220,220Ta,73,147,220,73220,0.00649,0.0064251,0.64251,100.0,0.0,0.0,0.0,0.0,0.0,0.13,0.117,1.17,0.77,0.6930000000000001,6.93,0.08,0.07200000000000001,0.7200000000000001,0.00649,0.13,0.77,0.08
frdm,ta221,221Ta,73,148,221,73221,0.00598,0.0059202000000000005,0.59202,100.0,0.0,0.0,0.0,0.0,0.0,0.23,0.20700000000000002,2.0700000000000003,0.61,0.5489999999999999,5.489999999999999,0.15,0.135,1.35,0.00598,0.23,0.61,0.15
frdm,ta222,222Ta,73,149,222,73222,0.0047,0.004653,0.46530000000000005,100.0,0.0,0.0,0.0,0.0,0.0,0.08,0.07200000000000001,0.7200000000000001,0.75,0.675,6.75,0.14,0.126,1.2600000000000002,0.0047,0.08,0.75,0.14
frdm,ta223,223Ta,73,150,223,73223,0.00492,0.0048708,0.48708,100.0,0.0,0.0,0.0,0.0,0.0,0.17,0.15300000000000002,1.5300000000000002,0.53,0.47700000000000004,4.7700000000000005,0.29,0.261,2.61,0.00492,0.17,0.53,0.29
frdm,ta224,224Ta,73,151,224,73224,0.0042,0.004157999999999999,0.4158,100.0,0.0,0.0,0.0,0.0,0.0,0.03,0.027,0.27,0.65,0.585,5.85,0.28,0.252,2.5200000000000005,0.0042,0.03,0.65,0.28
frdm,ta225,225Ta,73,152,225,73225,0.00383,0.0037917000000000003,0.37917,100.0,0.0,0.0,0.0,0.0,0.0,0.1,0.09000000000000001,0.9,0.36,0.324,3.2399999999999998,0.52,0.468,4.68,0.00383,0.1,0.36,0.52
frdm,ta226,226Ta,73,153,226,73226,0.00332,0.0032868,0.32868,100.0,0.0,0.0,0.0,0.0,0.0,0.04,0.036000000000000004,0.36000000000000004,0.36,0.324,3.2399999999999998,0.46,0.41400000000000003,4.140000000000001,0.00332,0.04,0.36,0.46
frdm,ta227,227Ta,73,154,227,73227,0.00319,0.0031581,0.31581,100.0,0.0,0.0,0.0,0.0,0.0,0.04,0.036000000000000004,0.36000000000000004,0.17,0.15300000000000002,1.5300000000000002,0.72,0.648,6.4799999999999995,0.00319,0.04,0.17,0.72
frdm,ta228,228Ta,73,155,228,73228,0.00283,0.0028017,0.28017000000000003,100.0,0.0,0.0,0.0,0.0,0.0,0.02,0.018000000000000002,0.18000000000000002,0.17,0.15300000000000002,1.5300000000000002,0.37,0.333,3.33,0.00283,0.02,0.17,0.37
frdm,ta229,229Ta,73,156,229,73229,0.00274,0.0027126,0.27125999999999995,100.0,0.0,0.0,0.0,0.0,0.0,0.03,0.027,0.27,0.07,0.063,0.6300000000000001,0.63,0.567,5.67,0.00274,0.03,0.07,0.63
frdm,ta230,230Ta,73,157,230,73230,0.00251,0.0024849,0.24849,100.0,0.0,0.0,0.0,0.0,0.0,0.01,0.009000000000000001,0.09000000000000001,0.11,0.099,0.9900000000000001,0.17,0.15300000000000002,1.5300000000000002,0.00251,0.01,0.11,0.17
frdm,ta231,231Ta,73,158,231,73231,0.00233,0.0023067,0.23067000000000001,100.0,0.0,0.0,0.0,0.0,0.0,0.03,0.027,0.27,0.04,0.036000000000000004,0.36000000000000004,0.47,0.423,4.2299999999999995,0.00233,0.03,0.04,0.47
frdm,ta232,232Ta,73,159,232,73232,0.00216,0.0021384,0.21384,100.0,0.0,0.0,0.0,0.0,0.0,0.01,0.009000000000000001,0.09000000000000001,0.07,0.063,0.6300000000000001,0.12,0.108,1.08,0.00216,0.01,0.07,0.12
frdm,ta233,233Ta,73,160,233,73233,0.00195,0.0019305,0.19304999999999997,100.0,0.0,0.0,0.0,0.0,0.0,0.03,0.027,0.27,0.04,0.036000000000000004,0.36000000000000004,0.36,0.324,3.2399999999999998,0.00195,0.03,0.04,0.36
frdm,ta234,234Ta,73,161,234,73234,0.00165,0.0016335,0.16335,100.0,0.0,0.0,0.0,0.0,0.0,0.01,0.009000000000000001,0.09000000000000001,0.09,0.081,0.8099999999999999,0.11,0.099,0.9900000000000001,0.00165,0.01,0.09,0.11
frdm,ta235,235Ta,73,162,235,73235,0.00159,0.0015741000000000002,0.15741,100.0,0.0,0.0,0.0,0.0,0.0,0.02,0.018000000000000002,0.18000000000000002,0.04,0.036000000000000004,0.36000000000000004,0.33,0.29700000000000004,2.97,0.00159,0.02,0.04,0.33
frdm,ta237,237Ta,73,164,237,73237,0.00138,0.0013662,0.13662,100.0,0.0,0.0,0.0,0.0,0.0,0.03,0.027,0.27,0.02,0.018000000000000002,0.18000000000000002,0.14,0.126,1.2600000000000002,0.00138,0.03,0.02,0.14
frdm,w191,191W,74,117,191,74191,10.35545,10.2518955,1025.1895499999998,100.0,0.0,0.0,0.0,0.0,0.0,0.0,0.0,0.0,0.0,0.0,0.0,0.0,0.0,0.0,10.35545,0.0,0.0,0.0
frdm,w192,192W,74,118,192,74192,54.57875,54.0329625,5403.29625,100.0,0.0,0.0,0.0,0.0,0.0,0.0,0.0,0.0,0.0,0.0,0.0,0.0,0.0,0.0,54.57875,0.0,0.0,0.0
frdm,w193,193W,74,119,193,74193,22.20663,21.9845637,2198.45637,100.0,0.0,0.0,0.0,0.0,0.0,0.0,0.0,0.0,0.0,0.0,0.0,0.0,0.0,0.0,22.20663,0.0,0.0,0.0
frdm,w194,194W,74,120,194,74194,27.55526,27.2797074,2727.9707399999998,100.0,0.0,0.0,0.0,0.0,0.0,0.0,0.0,0.0,0.0,0.0,0.0,0.0,0.0,0.0,27.55526,0.0,0.0,0.0
frdm,w195,195W,74,121,195,74195,19.72801,19.5307299,1953.0729900000001,100.0,0.0,0.0,0.0,0.0,0.0,0.0,0.0,0.0,0.0,0.0,0.0,0.0,0.0,0.0,19.72801,0.0,0.0,0.0
frdm,w196,196W,74,122,196,74196,32.44747,32.1229953,3212.2995300000002,100.0,0.0,0.0,0.0,0.0,0.0,0.0,0.0,0.0,0.0,0.0,0.0,0.0,0.0,0.0,32.44747,0.0,0.0,0.0
frdm,w197,197W,74,123,197,74197,18.61059,18.424484099999997,1842.4484099999997,100.0,0.0,0.0,0.0,0.0,0.0,0.0,0.0,0.0,0.0,0.0,0.0,0.0,0.0,0.0,18.61059,0.0,0.0,0.0
frdm,w198,198W,74,124,198,74198,20.46721,20.2625379,2026.2537900000002,100.0,0.0,0.0,0.0,0.0,0.0,0.0,0.0,0.0,0.0,0.0,0.0,0.0,0.0,0.0,20.46721,0.0,0.0,0.0
frdm,w199,199W,74,125,199,74199,11.26523,11.1525777,1115.2577700000002,100.0,0.0,0.0,0.0,0.0,0.0,0.0,0.0,0.0,0.0,0.0,0.0,0.0,0.0,0.0,11.26523,0.0,0.0,0.0
frdm,w200,200W,74,126,200,74200,13.4719,13.337181,1333.7181,100.0,0.0,0.0,0.0,0.0,0.0,0.0,0.0,0.0,0.0,0.0,0.0,0.0,0.0,0.0,13.4719,0.0,0.0,0.0
frdm,w201,201W,74,127,201,74201,2.46766,2.4429834,244.29834,100.0,0.0,0.0,0.0,0.0,0.0,0.15,0.135,1.35,0.0,0.0,0.0,0.0,0.0,0.0,2.46766,0.15,0.0,0.0
frdm,w202,202W,74,128,202,74202,2.26393,2.2412907000000004,224.12907000000004,100.0,0.0,0.0,0.0,0.0,0.0,0.23,0.20700000000000002,2.0700000000000003,0.0,0.0,0.0,0.0,0.0,0.0,2.26393,0.23,0.0,0.0
frdm,w203,203W,74,129,203,74203,1.55241,1.5368859000000001,153.68859,100.0,0.0,0.0,0.0,0.0,0.0,0.25,0.225,2.25,0.01,0.009000000000000001,0.09000000000000001,0.0,0.0,0.0,1.55241,0.25,0.01,0.0
frdm,w204,204W,74,130,204,74204,1.15044,1.1389356,113.89356,100.0,0.0,0.0,0.0,0.0,0.0,0.42,0.378,3.7800000000000002,0.0,0.0,0.0,0.0,0.0,0.0,1.15044,0.42,0.0,0.0
frdm,w205,205W,74,131,205,74205,0.82824,0.8199576,81.99576,100.0,0.0,0.0,0.0,0.0,0.0,0.35,0.315,3.15,0.12,0.108,1.08,0.0,0.0,0.0,0.82824,0.35,0.12,0.0
frdm,w206,206W,74,132,206,74206,0.26736,0.2646864,26.468639999999997,100.0,0.0,0.0,0.0,0.0,0.0,0.82,0.738,7.379999999999999,0.01,0.009000000000000001,0.09000000000000001,0.0,0.0,0.0,0.26736,0.82,0.01,0.0
frdm,w207,207W,74,133,207,74207,0.06345,0.06281550000000001,6.281550000000001,100.0,0.0,0.0,0.0,0.0,0.0,0.6,0.54,5.4,0.03,0.027,0.27,0.0,0.0,0.0,0.06345,0.6,0.03,0.0
frdm,w208,208W,74,134,208,74208,0.0983,0.097317,9.7317,100.0,0.0,0.0,0.0,0.0,0.0,0.91,0.8190000000000001,8.19,0.0,0.0,0.0,0.0,0.0,0.0,0.0983,0.91,0.0,0.0
frdm,w209,209W,74,135,209,74209,0.06728,0.0666072,6.66072,100.0,0.0,0.0,0.0,0.0,0.0,0.82,0.738,7.379999999999999,0.05,0.045000000000000005,0.45,0.0,0.0,0.0,0.06728,0.82,0.05,0.0
frdm,w210,210W,74,136,210,74210,0.06228,0.0616572,6.165719999999999,100.0,0.0,0.0,0.0,0.0,0.0,0.93,0.8370000000000001,8.370000000000001,0.01,0.009000000000000001,0.09000000000000001,0.0,0.0,0.0,0.06228,0.93,0.01,0.0
frdm,w211,211W,74,137,211,74211,0.04616,0.0456984,4.569839999999999,100.0,0.0,0.0,0.0,0.0,0.0,0.85,0.765,7.65,0.08,0.07200000000000001,0.7200000000000001,0.0,0.0,0.0,0.04616,0.85,0.08,0.0
frdm,w212,212W,74,138,212,74212,0.03715,0.036778500000000006,3.6778500000000003,100.0,0.0,0.0,0.0,0.0,0.0,0.93,0.8370000000000001,8.370000000000001,0.01,0.009000000000000001,0.09000000000000001,0.0,0.0,0.0,0.03715,0.93,0.01,0.0
frdm,w213,213W,74,139,213,74213,0.02793,0.0276507,2.76507,100.0,0.0,0.0,0.0,0.0,0.0,0.73,0.657,6.57,0.09,0.081,0.8099999999999999,0.0,0.0,0.0,0.02793,0.73,0.09,0.0
frdm,w214,214W,74,140,214,74214,0.03087,0.030561300000000003,3.05613,100.0,0.0,0.0,0.0,0.0,0.0,0.9,0.81,8.1,0.01,0.009000000000000001,0.09000000000000001,0.0,0.0,0.0,0.03087,0.9,0.01,0.0
frdm,w215,215W,74,141,215,74215,0.02728,0.0270072,2.7007199999999996,100.0,0.0,0.0,0.0,0.0,0.0,0.82,0.738,7.379999999999999,0.11,0.099,0.9900000000000001,0.0,0.0,0.0,0.02728,0.82,0.11,0.0
frdm,w216,216W,74,142,216,74216,0.01989,0.019691100000000003,1.9691100000000001,100.0,0.0,0.0,0.0,0.0,0.0,0.87,0.783,7.829999999999999,0.02,0.018000000000000002,0.18000000000000002,0.0,0.0,0.0,0.01989,0.87,0.02,0.0
frdm,w217,217W,74,143,217,74217,0.01599,0.0158301,1.58301,100.0,0.0,0.0,0.0,0.0,0.0,0.72,0.648,6.4799999999999995,0.15,0.135,1.35,0.0,0.0,0.0,0.01599,0.72,0.15,0.0
frdm,w218,218W,74,144,218,74218,0.01467,0.014523300000000001,1.4523300000000001,100.0,0.0,0.0,0.0,0.0,0.0,0.9,0.81,8.1,0.04,0.036000000000000004,0.36000000000000004,0.0,0.0,0.0,0.01467,0.9,0.04,0.0
frdm,w219,219W,74,145,219,74219,0.01384,0.0137016,1.3701599999999998,100.0,0.0,0.0,0.0,0.0,0.0,0.61,0.5489999999999999,5.489999999999999,0.33,0.29700000000000004,2.97,0.0,0.0,0.0,0.01384,0.61,0.33,0.0
frdm,w220,220W,74,146,220,74220,0.01184,0.0117216,1.1721599999999999,100.0,0.0,0.0,0.0,0.0,0.0,0.86,0.774,7.739999999999999,0.07,0.063,0.6300000000000001,0.0,0.0,0.0,0.01184,0.86,0.07,0.0
frdm,w221,221W,74,147,221,74221,0.01027,0.010167299999999999,1.01673,100.0,0.0,0.0,0.0,0.0,0.0,0.47,0.423,4.2299999999999995,0.43,0.387,3.8699999999999997,0.01,0.009000000000000001,0.09000000000000001,0.01027,0.47,0.43,0.01
frdm,w222,222W,74,148,222,74222,0.00927,0.009177300000000001,0.91773,100.0,0.0,0.0,0.0,0.0,0.0,0.8,0.7200000000000001,7.2,0.12,0.108,1.08,0.01,0.009000000000000001,0.09000000000000001,0.00927,0.8,0.12,0.01
frdm,w223,223W,74,149,223,74223,0.00676,0.0066924,0.6692400000000001,100.0,0.0,0.0,0.0,0.0,0.0,0.45,0.405,4.05,0.48,0.432,4.32,0.01,0.009000000000000001,0.09000000000000001,0.00676,0.45,0.48,0.01
frdm,w224,224W,74,150,224,74224,0.00743,0.0073557,0.73557,100.0,0.0,0.0,0.0,0.0,0.0,0.69,0.621,6.209999999999999,0.27,0.24300000000000002,2.43,0.02,0.018000000000000002,0.18000000000000002,0.00743,0.69,0.27,0.02
frdm,w225,225W,74,151,225,74225,0.00656,0.0064944,0.64944,100.0,0.0,0.0,0.0,0.0,0.0,0.24,0.216,2.16,0.71,0.639,6.39,0.03,0.027,0.27,0.00656,0.24,0.71,0.03
frdm,w226,226W,74,152,226,74226,0.00551,0.0054549,0.54549,100.0,0.0,0.0,0.0,0.0,0.0,0.51,0.459,4.59,0.43,0.387,3.8699999999999997,0.04,0.036000000000000004,0.36000000000000004,0.00551,0.51,0.43,0.04
frdm,w227,227W,74,153,227,74227,0.00445,0.0044055,0.44055,100.0,0.0,0.0,0.0,0.0,0.0,0.16,0.14400000000000002,1.4400000000000002,0.76,0.684,6.84,0.05,0.045000000000000005,0.45,0.00445,0.16,0.76,0.05
frdm,w228,228W,74,154,228,74228,0.00446,0.004415400000000001,0.44154000000000004,100.0,0.0,0.0,0.0,0.0,0.0,0.24,0.216,2.16,0.62,0.558,5.58,0.12,0.108,1.08,0.00446,0.24,0.62,0.12
frdm,w229,229W,74,155,229,74229,0.00401,0.003969899999999999,0.39698999999999995,100.0,0.0,0.0,0.0,0.0,0.0,0.05,0.045000000000000005,0.45,0.61,0.5489999999999999,5.489999999999999,0.28,0.252,2.5200000000000005,0.00401,0.05,0.61,0.28
frdm,w230,230W,74,156,230,74230,0.00368,0.0036432,0.36432,100.0,0.0,0.0,0.0,0.0,0.0,0.16,0.14400000000000002,1.4400000000000002,0.43,0.387,3.8699999999999997,0.38,0.342,3.42,0.00368,0.16,0.43,0.38
frdm,w231,231W,74,157,231,74231,0.00323,0.0031977,0.31976999999999994,100.0,0.0,0.0,0.0,0.0,0.0,0.05,0.045000000000000005,0.45,0.44,0.396,3.9600000000000004,0.39,0.35100000000000003,3.5100000000000002,0.00323,0.05,0.44,0.39
frdm,w232,232W,74,158,232,74232,0.00299,0.0029601000000000002,0.29601,100.0,0.0,0.0,0.0,0.0,0.0,0.13,0.117,1.17,0.33,0.29700000000000004,2.97,0.49,0.441,4.41,0.00299,0.13,0.33,0.49
frdm,w233,233W,74,159,233,74233,0.0026,0.002574,0.2574,100.0,0.0,0.0,0.0,0.0,0.0,0.05,0.045000000000000005,0.45,0.4,0.36000000000000004,3.6,0.4,0.36000000000000004,3.6,0.0026,0.05,0.4,0.4
frdm,w234,234W,74,160,234,74234,0.00251,0.0024849,0.24849,100.0,0.0,0.0,0.0,0.0,0.0,0.11,0.099,0.9900000000000001,0.32,0.28800000000000003,2.8800000000000003,0.51,0.459,4.59,0.00251,0.11,0.32,0.51
frdm,w235,235W,74,161,235,74235,0.00234,0.0023166000000000003,0.23166,100.0,0.0,0.0,0.0,0.0,0.0,0.03,0.027,0.27,0.31,0.279,2.79,0.43,0.387,3.8699999999999997,0.00234,0.03,0.31,0.43
frdm,w236,236W,74,162,236,74236,0.0021,0.0020789999999999997,0.2079,100.0,0.0,0.0,0.0,0.0,0.0,0.09,0.081,0.8099999999999999,0.25,0.225,2.25,0.58,0.522,5.22,0.0021,0.09,0.25,0.58
frdm,w238,238W,74,164,238,74238,0.00172,0.0017028,0.17028,100.0,0.0,0.0,0.0,0.0,0.0,0.05,0.045000000000000005,0.45,0.09,0.081,0.8099999999999999,0.55,0.49500000000000005,4.95,0.00172,0.05,0.09,0.55
frdm,w240,240W,74,166,240,74240,0.00148,0.0014652,0.14651999999999998,100.0,0.0,0.0,0.0,0.0,0.0,0.03,0.027,0.27,0.02,0.018000000000000002,0.18000000000000002,0.22,0.198,1.9800000000000002,0.00148,0.03,0.02,0.22
frdm,w242,242W,74,168,242,74242,0.00133,0.0013167,0.13167,100.0,0.0,0.0,0.0,0.0,0.0,0.02,0.018000000000000002,0.18000000000000002,0.0,0.0,0.0,0.09,0.081,0.8099999999999999,0.00133,0.02,0.0,0.09
frdm,re193,193Re,75,118,193,75193,531.93805,526.6186695,52661.86695,100.0,0.0,0.0,0.0,0.0,0.0,0.0,0.0,0.0,0.0,0.0,0.0,0.0,0.0,0.0,531.93805,0.0,0.0,0.0
frdm,re197,197Re,75,122,197,75197,4.03764,3.9972635999999997,399.72635999999994,100.0,0.0,0.0,0.0,0.0,0.0,0.0,0.0,0.0,0.0,0.0,0.0,0.0,0.0,0.0,4.03764,0.0,0.0,0.0
frdm,re198,198Re,75,123,198,75198,2.57274,2.5470126,254.70126,100.0,0.0,0.0,0.0,0.0,0.0,0.0,0.0,0.0,0.0,0.0,0.0,0.0,0.0,0.0,2.57274,0.0,0.0,0.0
frdm,re199,199Re,75,124,199,75199,2.36981,2.3461119000000004,234.61119000000002,100.0,0.0,0.0,0.0,0.0,0.0,0.0,0.0,0.0,0.0,0.0,0.0,0.0,0.0,0.0,2.36981,0.0,0.0,0.0
frdm,re200,200Re,75,125,200,75200,1.00196,0.9919403999999999,99.19404,100.0,0.0,0.0,0.0,0.0,0.0,0.0,0.0,0.0,0.0,0.0,0.0,0.0,0.0,0.0,1.00196,0.0,0.0,0.0
frdm,re201,201Re,75,126,201,75201,1.21019,1.1980881,119.80881000000001,100.0,0.0,0.0,0.0,0.0,0.0,0.01,0.009000000000000001,0.09000000000000001,0.0,0.0,0.0,0.0,0.0,0.0,1.21019,0.01,0.0,0.0
frdm,re202,202Re,75,127,202,75202,0.44747,0.4429953,44.29953,100.0,0.0,0.0,0.0,0.0,0.0,0.24,0.216,2.16,0.0,0.0,0.0,0.0,0.0,0.0,0.44747,0.24,0.0,0.0
frdm,re203,203Re,75,128,203,75203,0.54846,0.5429754,54.29754,100.0,0.0,0.0,0.0,0.0,0.0,0.84,0.756,7.5600000000000005,0.0,0.0,0.0,0.0,0.0,0.0,0.54846,0.84,0.0,0.0
frdm,re204,204Re,75,129,204,75204,0.36808,0.36439920000000003,36.43992,100.0,0.0,0.0,0.0,0.0,0.0,0.81,0.7290000000000001,7.290000000000001,0.02,0.018000000000000002,0.18000000000000002,0.0,0.0,0.0,0.36808,0.81,0.02,0.0
frdm,re205,205Re,75,130,205,75205,0.34105,0.33763950000000004,33.76395,100.0,0.0,0.0,0.0,0.0,0.0,0.87,0.783,7.829999999999999,0.01,0.009000000000000001,0.09000000000000001,0.0,0.0,0.0,0.34105,0.87,0.01,0.0
frdm,re206,206Re,75,131,206,75206,0.07603,0.0752697,7.5269699999999995,100.0,0.0,0.0,0.0,0.0,0.0,0.88,0.792,7.920000000000001,0.08,0.07200000000000001,0.7200000000000001,0.0,0.0,0.0,0.07603,0.88,0.08,0.0
frdm,re207,207Re,75,132,207,75207,0.32696,0.3236904,32.36904,100.0,0.0,0.0,0.0,0.0,0.0,0.83,0.747,7.469999999999999,0.06,0.054,0.54,0.0,0.0,0.0,0.32696,0.83,0.06,0.0
frdm,re208,208Re,75,133,208,75208,0.0796,0.078804,7.880400000000001,100.0,0.0,0.0,0.0,0.0,0.0,0.78,0.7020000000000001,7.0200000000000005,0.18,0.162,1.6199999999999999,0.0,0.0,0.0,0.0796,0.78,0.18,0.0
frdm,re209,209Re,75,134,209,75209,0.13479,0.13344209999999998,13.344209999999999,100.0,0.0,0.0,0.0,0.0,0.0,0.9,0.81,8.1,0.04,0.036000000000000004,0.36000000000000004,0.0,0.0,0.0,0.13479,0.9,0.04,0.0
frdm,re210,210Re,75,135,210,75210,0.06218,0.0615582,6.15582,100.0,0.0,0.0,0.0,0.0,0.0,0.73,0.657,6.57,0.23,0.20700000000000002,2.0700000000000003,0.0,0.0,0.0,0.06218,0.73,0.23,0.0
frdm,re211,211Re,75,136,211,75211,0.06136,0.0607464,6.0746400000000005,100.0,0.0,0.0,0.0,0.0,0.0,0.94,0.846,8.459999999999999,0.03,0.027,0.27,0.0,0.0,0.0,0.06136,0.94,0.03,0.0
frdm,re212,212Re,75,137,212,75212,0.03537,0.0350163,3.50163,100.0,0.0,0.0,0.0,0.0,0.0,0.69,0.621,6.209999999999999,0.28,0.252,2.5200000000000005,0.0,0.0,0.0,0.03537,0.69,0.28,0.0
frdm,re213,213Re,75,138,213,75213,0.03713,0.036758700000000005,3.6758700000000006,100.0,0.0,0.0,0.0,0.0,0.0,0.93,0.8370000000000001,8.370000000000001,0.05,0.045000000000000005,0.45,0.0,0.0,0.0,0.03713,0.93,0.05,0.0
frdm,re214,214Re,75,139,214,75214,0.0279,0.027621,2.7621,100.0,0.0,0.0,0.0,0.0,0.0,0.63,0.567,5.67,0.34,0.30600000000000005,3.0600000000000005,0.0,0.0,0.0,0.0279,0.63,0.34,0.0
frdm,re215,215Re,75,140,215,75215,0.02947,0.0291753,2.91753,100.0,0.0,0.0,0.0,0.0,0.0,0.91,0.8190000000000001,8.19,0.07,0.063,0.6300000000000001,0.0,0.0,0.0,0.02947,0.91,0.07,0.0
frdm,re216,216Re,75,141,216,75216,0.03148,0.0311652,3.11652,100.0,0.0,0.0,0.0,0.0,0.0,0.53,0.47700000000000004,4.7700000000000005,0.44,0.396,3.9600000000000004,0.0,0.0,0.0,0.03148,0.53,0.44,0.0
frdm,re217,217Re,75,142,217,75217,0.02197,0.0217503,2.17503,100.0,0.0,0.0,0.0,0.0,0.0,0.91,0.8190000000000001,8.19,0.07,0.063,0.6300000000000001,0.0,0.0,0.0,0.02197,0.91,0.07,0.0
frdm,re218,218Re,75,143,218,75218,0.01709,0.0169191,1.69191,100.0,0.0,0.0,0.0,0.0,0.0,0.55,0.49500000000000005,4.95,0.42,0.378,3.7800000000000002,0.0,0.0,0.0,0.01709,0.55,0.42,0.0
frdm,re219,219Re,75,144,219,75219,0.0167,0.016533,1.6533,100.0,0.0,0.0,0.0,0.0,0.0,0.8,0.7200000000000001,7.2,0.19,0.171,1.71,0.0,0.0,0.0,0.0167,0.8,0.19,0.0
frdm,re220,220Re,75,145,220,75220,0.014,0.01386,1.3860000000000001,100.0,0.0,0.0,0.0,0.0,0.0,0.3,0.27,2.7,0.62,0.558,5.58,0.01,0.009000000000000001,0.09000000000000001,0.014,0.3,0.62,0.01
frdm,re221,221Re,75,146,221,75221,0.01269,0.0125631,1.2563099999999998,100.0,0.0,0.0,0.0,0.0,0.0,0.68,0.6120000000000001,6.120000000000001,0.3,0.27,2.7,0.01,0.009000000000000001,0.09000000000000001,0.01269,0.68,0.3,0.01
frdm,re222,222Re,75,147,222,75222,0.01155,0.0114345,1.14345,100.0,0.0,0.0,0.0,0.0,0.0,0.29,0.261,2.61,0.68,0.6120000000000001,6.120000000000001,0.01,0.009000000000000001,0.09000000000000001,0.01155,0.29,0.68,0.01
frdm,re223,223Re,75,148,223,75223,0.01166,0.0115434,1.15434,100.0,0.0,0.0,0.0,0.0,0.0,0.5,0.45,4.5,0.46,0.41400000000000003,4.140000000000001,0.02,0.018000000000000002,0.18000000000000002,0.01166,0.5,0.46,0.02
frdm,re224,224Re,75,149,224,75224,0.0082,0.008118,0.8118000000000001,100.0,0.0,0.0,0.0,0.0,0.0,0.23,0.20700000000000002,2.0700000000000003,0.73,0.657,6.57,0.02,0.018000000000000002,0.18000000000000002,0.0082,0.23,0.73,0.02
frdm,re225,225Re,75,150,225,75225,0.00832,0.008236799999999999,0.82368,100.0,0.0,0.0,0.0,0.0,0.0,0.36,0.324,3.2399999999999998,0.59,0.5309999999999999,5.31,0.04,0.036000000000000004,0.36000000000000004,0.00832,0.36,0.59,0.04
frdm,re226,226Re,75,151,226,75226,0.0078,0.007722,0.7721999999999999,100.0,0.0,0.0,0.0,0.0,0.0,0.1,0.09000000000000001,0.9,0.83,0.747,7.469999999999999,0.05,0.045000000000000005,0.45,0.0078,0.1,0.83,0.05
frdm,re227,227Re,75,152,227,75227,0.00677,0.0067023,0.67023,100.0,0.0,0.0,0.0,0.0,0.0,0.24,0.216,2.16,0.63,0.567,5.67,0.12,0.108,1.08,0.00677,0.24,0.63,0.12
frdm,re228,228Re,75,153,228,75228,0.00546,0.0054053999999999994,0.5405399999999999,100.0,0.0,0.0,0.0,0.0,0.0,0.06,0.054,0.54,0.76,0.684,6.84,0.15,0.135,1.35,0.00546,0.06,0.76,0.15
frdm,re229,229Re,75,154,229,75229,0.00546,0.0054053999999999994,0.5405399999999999,100.0,0.0,0.0,0.0,0.0,0.0,0.11,0.099,0.9900000000000001,0.45,0.405,4.05,0.42,0.378,3.7800000000000002,0.00546,0.11,0.45,0.42
frdm,re230,230Re,75,155,230,75230,0.00463,0.0045837,0.45836999999999994,100.0,0.0,0.0,0.0,0.0,0.0,0.05,0.045000000000000005,0.45,0.43,0.387,3.8699999999999997,0.45,0.405,4.05,0.00463,0.05,0.43,0.45
frdm,re231,231Re,75,156,231,75231,0.00435,0.0043064999999999996,0.4306499999999999,100.0,0.0,0.0,0.0,0.0,0.0,0.07,0.063,0.6300000000000001,0.25,0.225,2.25,0.64,0.5760000000000001,5.760000000000001,0.00435,0.07,0.25,0.64
frdm,re232,232Re,75,157,232,75232,0.00396,0.0039204,0.39204,100.0,0.0,0.0,0.0,0.0,0.0,0.03,0.027,0.27,0.29,0.261,2.61,0.49,0.441,4.41,0.00396,0.03,0.29,0.49
frdm,re233,233Re,75,158,233,75233,0.00367,0.0036333,0.36333,100.0,0.0,0.0,0.0,0.0,0.0,0.06,0.054,0.54,0.17,0.15300000000000002,1.5300000000000002,0.7,0.63,6.3,0.00367,0.06,0.17,0.7
frdm,re234,234Re,75,159,234,75234,0.00296,0.0029304,0.29303999999999997,100.0,0.0,0.0,0.0,0.0,0.0,0.02,0.018000000000000002,0.18000000000000002,0.31,0.279,2.79,0.41,0.369,3.6899999999999995,0.00296,0.02,0.31,0.41
frdm,re235,235Re,75,160,235,75235,0.00301,0.0029799,0.29799,100.0,0.0,0.0,0.0,0.0,0.0,0.06,0.054,0.54,0.15,0.135,1.35,0.7,0.63,6.3,0.00301,0.06,0.15,0.7
frdm,re236,236Re,75,161,236,75236,0.00276,0.0027324,0.27324,100.0,0.0,0.0,0.0,0.0,0.0,0.01,0.009000000000000001,0.09000000000000001,0.22,0.198,1.9800000000000002,0.4,0.36000000000000004,3.6,0.00276,0.01,0.22,0.4
frdm,re237,237Re,75,162,237,75237,0.00244,0.0024156,0.24156,100.0,0.0,0.0,0.0,0.0,0.0,0.05,0.045000000000000005,0.45,0.12,0.108,1.08,0.69,0.621,6.209999999999999,0.00244,0.05,0.12,0.69
frdm,re238,238Re,75,163,238,75238,0.00219,0.0021681,0.21681,100.0,0.0,0.0,0.0,0.0,0.0,0.01,0.009000000000000001,0.09000000000000001,0.14,0.126,1.2600000000000002,0.3,0.27,2.7,0.00219,0.01,0.14,0.3
frdm,re239,239Re,75,164,239,75239,0.00214,0.0021186,0.21186,100.0,0.0,0.0,0.0,0.0,0.0,0.03,0.027,0.27,0.05,0.045000000000000005,0.45,0.49,0.441,4.41,0.00214,0.03,0.05,0.49
frdm,re241,241Re,75,166,241,75241,0.0018,0.001782,0.1782,100.0,0.0,0.0,0.0,0.0,0.0,0.02,0.018000000000000002,0.18000000000000002,0.02,0.018000000000000002,0.18000000000000002,0.17,0.15300000000000002,1.5300000000000002,0.0018,0.02,0.02,0.17
frdm,re243,243Re,75,168,243,75243,0.00155,0.0015344999999999998,0.15345,100.0,0.0,0.0,0.0,0.0,0.0,0.02,0.018000000000000002,0.18000000000000002,0.01,0.009000000000000001,0.09000000000000001,0.08,0.07200000000000001,0.7200000000000001,0.00155,0.02,0.01,0.08
frdm,re245,245Re,75,170,245,75245,0.0015,0.001485,0.1485,100.0,0.0,0.0,0.0,0.0,0.0,0.01,0.009000000000000001,0.09000000000000001,0.01,0.009000000000000001,0.09000000000000001,0.05,0.045000000000000005,0.45,0.0015,0.01,0.01,0.05
frdm,os201,201Os,76,125,201,76201,56.08576,55.5249024,5552.49024,100.0,0.0,0.0,0.0,0.0,0.0,0.0,0.0,0.0,0.0,0.0,0.0,0.0,0.0,0.0,56.08576,0.0,0.0,0.0
frdm,os202,202Os,76,126,202,76202,50.61697,50.1108003,5011.08003,100.0,0.0,0.0,0.0,0.0,0.0,0.0,0.0,0.0,0.0,0.0,0.0,0.0,0.0,0.0,50.61697,0.0,0.0,0.0
frdm,os203,203Os,76,127,203,76203,6.61546,6.5493054,654.93054,100.0,0.0,0.0,0.0,0.0,0.0,0.0,0.0,0.0,0.0,0.0,0.0,0.0,0.0,0.0,6.61546,0.0,0.0,0.0
frdm,os204,204Os,76,128,204,76204,5.92264,5.8634136,586.34136,100.0,0.0,0.0,0.0,0.0,0.0,0.05,0.045000000000000005,0.45,0.0,0.0,0.0,0.0,0.0,0.0,5.92264,0.05,0.0,0.0
frdm,os205,205Os,76,129,205,76205,3.26105,3.2284395,322.84395,100.0,0.0,0.0,0.0,0.0,0.0,0.09,0.081,0.8099999999999999,0.0,0.0,0.0,0.0,0.0,0.0,3.26105,0.09,0.0,0.0
frdm,os206,206Os,76,130,206,76206,2.63277,2.6064423,260.64423,100.0,0.0,0.0,0.0,0.0,0.0,0.22,0.198,1.9800000000000002,0.0,0.0,0.0,0.0,0.0,0.0,2.63277,0.22,0.0,0.0
frdm,os207,207Os,76,131,207,76207,1.75575,1.7381925,173.81924999999998,100.0,0.0,0.0,0.0,0.0,0.0,0.27,0.24300000000000002,2.43,0.0,0.0,0.0,0.0,0.0,0.0,1.75575,0.27,0.0,0.0
frdm,os208,208Os,76,132,208,76208,0.88561,0.8767539,87.67539000000001,100.0,0.0,0.0,0.0,0.0,0.0,0.66,0.5940000000000001,5.94,0.0,0.0,0.0,0.0,0.0,0.0,0.88561,0.66,0.0,0.0
frdm,os209,209Os,76,133,209,76209,0.10151,0.1004949,10.04949,100.0,0.0,0.0,0.0,0.0,0.0,0.29,0.261,2.61,0.0,0.0,0.0,0.0,0.0,0.0,0.10151,0.29,0.0,0.0
frdm,os210,210Os,76,134,210,76210,0.22412,0.22187880000000001,22.187880000000003,100.0,0.0,0.0,0.0,0.0,0.0,0.84,0.756,7.5600000000000005,0.0,0.0,0.0,0.0,0.0,0.0,0.22412,0.84,0.0,0.0
frdm,os211,211Os,76,135,211,76211,0.12592,0.1246608,12.46608,100.0,0.0,0.0,0.0,0.0,0.0,0.7,0.63,6.3,0.01,0.009000000000000001,0.09000000000000001,0.0,0.0,0.0,0.12592,0.7,0.01,0.0
frdm,os212,212Os,76,136,212,76212,0.12435,0.12310650000000001,12.31065,100.0,0.0,0.0,0.0,0.0,0.0,0.81,0.7290000000000001,7.290000000000001,0.0,0.0,0.0,0.0,0.0,0.0,0.12435,0.81,0.0,0.0
frdm,os213,213Os,76,137,213,76213,0.11539,0.11423610000000001,11.423610000000002,100.0,0.0,0.0,0.0,0.0,0.0,0.88,0.792,7.920000000000001,0.01,0.009000000000000001,0.09000000000000001,0.0,0.0,0.0,0.11539,0.88,0.01,0.0
frdm,os214,214Os,76,138,214,76214,0.06895,0.0682605,6.8260499999999995,100.0,0.0,0.0,0.0,0.0,0.0,0.84,0.756,7.5600000000000005,0.0,0.0,0.0,0.0,0.0,0.0,0.06895,0.84,0.0,0.0
frdm,os215,215Os,76,139,215,76215,0.0631,0.062469000000000004,6.2469,100.0,0.0,0.0,0.0,0.0,0.0,0.84,0.756,7.5600000000000005,0.01,0.009000000000000001,0.09000000000000001,0.0,0.0,0.0,0.0631,0.84,0.01,0.0
frdm,os216,216Os,76,140,216,76216,0.05074,0.0502326,5.02326,100.0,0.0,0.0,0.0,0.0,0.0,0.82,0.738,7.379999999999999,0.0,0.0,0.0,0.0,0.0,0.0,0.05074,0.82,0.0,0.0
frdm,os217,217Os,76,141,217,76217,0.05317,0.0526383,5.2638300000000005,100.0,0.0,0.0,0.0,0.0,0.0,0.82,0.738,7.379999999999999,0.02,0.018000000000000002,0.18000000000000002,0.0,0.0,0.0,0.05317,0.82,0.02,0.0
frdm,os218,218Os,76,142,218,76218,0.04281,0.0423819,4.2381899999999995,100.0,0.0,0.0,0.0,0.0,0.0,0.79,0.7110000000000001,7.11,0.0,0.0,0.0,0.0,0.0,0.0,0.04281,0.79,0.0,0.0
frdm,os219,219Os,76,143,219,76219,0.02896,0.0286704,2.86704,100.0,0.0,0.0,0.0,0.0,0.0,0.68,0.6120000000000001,6.120000000000001,0.02,0.018000000000000002,0.18000000000000002,0.0,0.0,0.0,0.02896,0.68,0.02,0.0
frdm,os220,220Os,76,144,220,76220,0.02813,0.027848699999999997,2.7848699999999997,100.0,0.0,0.0,0.0,0.0,0.0,0.82,0.738,7.379999999999999,0.0,0.0,0.0,0.0,0.0,0.0,0.02813,0.82,0.0,0.0
frdm,os221,221Os,76,145,221,76221,0.02194,0.0217206,2.17206,100.0,0.0,0.0,0.0,0.0,0.0,0.74,0.666,6.66,0.06,0.054,0.54,0.0,0.0,0.0,0.02194,0.74,0.06,0.0
frdm,os222,222Os,76,146,222,76222,0.02005,0.0198495,1.98495,100.0,0.0,0.0,0.0,0.0,0.0,0.82,0.738,7.379999999999999,0.01,0.009000000000000001,0.09000000000000001,0.0,0.0,0.0,0.02005,0.82,0.01,0.0
frdm,os223,223Os,76,147,223,76223,0.01808,0.0178992,1.7899199999999997,100.0,0.0,0.0,0.0,0.0,0.0,0.7,0.63,6.3,0.12,0.108,1.08,0.0,0.0,0.0,0.01808,0.7,0.12,0.0
frdm,os224,224Os,76,148,224,76224,0.01623,0.0160677,1.6067700000000003,100.0,0.0,0.0,0.0,0.0,0.0,0.86,0.774,7.739999999999999,0.02,0.018000000000000002,0.18000000000000002,0.0,0.0,0.0,0.01623,0.86,0.02,0.0
frdm,os225,225Os,76,149,225,76225,0.01128,0.0111672,1.1167200000000002,100.0,0.0,0.0,0.0,0.0,0.0,0.71,0.639,6.39,0.15,0.135,1.35,0.0,0.0,0.0,0.01128,0.71,0.15,0.0
frdm,os226,226Os,76,150,226,76226,0.01197,0.0118503,1.18503,100.0,0.0,0.0,0.0,0.0,0.0,0.87,0.783,7.829999999999999,0.04,0.036000000000000004,0.36000000000000004,0.0,0.0,0.0,0.01197,0.87,0.04,0.0
frdm,os227,227Os,76,151,227,76227,0.01021,0.0101079,1.01079,100.0,0.0,0.0,0.0,0.0,0.0,0.59,0.5309999999999999,5.31,0.35,0.315,3.15,0.0,0.0,0.0,0.01021,0.59,0.35,0.0
frdm,os228,228Os,76,152,228,76228,0.00861,0.0085239,0.85239,100.0,0.0,0.0,0.0,0.0,0.0,0.85,0.765,7.65,0.1,0.09000000000000001,0.9,0.01,0.009000000000000001,0.09000000000000001,0.00861,0.85,0.1,0.01
frdm,os229,229Os,76,153,229,76229,0.0074,0.007326,0.7326,100.0,0.0,0.0,0.0,0.0,0.0,0.35,0.315,3.15,0.6,0.54,5.4,0.01,0.009000000000000001,0.09000000000000001,0.0074,0.35,0.6,0.01
frdm,os230,230Os,76,154,230,76230,0.00712,0.007048799999999999,0.70488,100.0,0.0,0.0,0.0,0.0,0.0,0.56,0.504,5.040000000000001,0.39,0.35100000000000003,3.5100000000000002,0.02,0.018000000000000002,0.18000000000000002,0.00712,0.56,0.39,0.02
frdm,os231,231Os,76,155,231,76231,0.00615,0.0060885,0.60885,100.0,0.0,0.0,0.0,0.0,0.0,0.14,0.126,1.2600000000000002,0.77,0.6930000000000001,6.93,0.04,0.036000000000000004,0.36000000000000004,0.00615,0.14,0.77,0.04
frdm,os232,232Os,76,156,232,76232,0.00589,0.0058311000000000005,0.5831100000000001,100.0,0.0,0.0,0.0,0.0,0.0,0.36,0.324,3.2399999999999998,0.57,0.5129999999999999,5.129999999999999,0.05,0.045000000000000005,0.45,0.00589,0.36,0.57,0.05
frdm,os233,233Os,76,157,233,76233,0.00481,0.0047619,0.47619,100.0,0.0,0.0,0.0,0.0,0.0,0.14,0.126,1.2600000000000002,0.76,0.684,6.84,0.08,0.07200000000000001,0.7200000000000001,0.00481,0.14,0.76,0.08
frdm,os234,234Os,76,158,234,76234,0.00504,0.0049896,0.49896,100.0,0.0,0.0,0.0,0.0,0.0,0.32,0.28800000000000003,2.8800000000000003,0.57,0.5129999999999999,5.129999999999999,0.09,0.081,0.8099999999999999,0.00504,0.32,0.57,0.09
frdm,os235,235Os,76,159,235,76235,0.00475,0.0047025,0.47025,100.0,0.0,0.0,0.0,0.0,0.0,0.08,0.07200000000000001,0.7200000000000001,0.75,0.675,6.75,0.12,0.108,1.08,0.00475,0.08,0.75,0.12
frdm,os236,236Os,76,160,236,76236,0.00442,0.0043758,0.4375800000000001,100.0,0.0,0.0,0.0,0.0,0.0,0.24,0.216,2.16,0.61,0.5489999999999999,5.489999999999999,0.12,0.108,1.08,0.00442,0.24,0.61,0.12
frdm,os237,237Os,76,161,237,76237,0.00413,0.0040887,0.40886999999999996,100.0,0.0,0.0,0.0,0.0,0.0,0.08,0.07200000000000001,0.7200000000000001,0.71,0.639,6.39,0.17,0.15300000000000002,1.5300000000000002,0.00413,0.08,0.71,0.17
frdm,os238,238Os,76,162,238,76238,0.00358,0.0035442,0.35441999999999996,100.0,0.0,0.0,0.0,0.0,0.0,0.21,0.189,1.8900000000000001,0.54,0.48600000000000004,4.86,0.22,0.198,1.9800000000000002,0.00358,0.21,0.54,0.22
frdm,os239,239Os,76,163,239,76239,0.00319,0.0031581,0.31581,100.0,0.0,0.0,0.0,0.0,0.0,0.05,0.045000000000000005,0.45,0.53,0.47700000000000004,4.7700000000000005,0.35,0.315,3.15,0.00319,0.05,0.53,0.35
frdm,os240,240Os,76,164,240,76240,0.00287,0.0028413,0.28413000000000005,100.0,0.0,0.0,0.0,0.0,0.0,0.1,0.09000000000000001,0.9,0.3,0.27,2.7,0.55,0.49500000000000005,4.95,0.00287,0.1,0.3,0.55
frdm,os241,241Os,76,165,241,76241,0.00253,0.0025047000000000003,0.25047,100.0,0.0,0.0,0.0,0.0,0.0,0.03,0.027,0.27,0.22,0.198,1.9800000000000002,0.5,0.45,4.5,0.00253,0.03,0.22,0.5
frdm,os242,242Os,76,166,242,76242,0.00259,0.0025640999999999997,0.25641,100.0,0.0,0.0,0.0,0.0,0.0,0.05,0.045000000000000005,0.45,0.09,0.081,0.8099999999999999,0.63,0.567,5.67,0.00259,0.05,0.09,0.63
frdm,os244,244Os,76,168,244,76244,0.00202,0.0019998,0.19998000000000002,100.0,0.0,0.0,0.0,0.0,0.0,0.05,0.045000000000000005,0.45,0.02,0.018000000000000002,0.18000000000000002,0.37,0.333,3.33,0.00202,0.05,0.02,0.37
frdm,os246,246Os,76,170,246,76246,0.00191,0.0018909,0.18909,100.0,0.0,0.0,0.0,0.0,0.0,0.04,0.036000000000000004,0.36000000000000004,0.02,0.018000000000000002,0.18000000000000002,0.27,0.24300000000000002,2.43,0.00191,0.04,0.02,0.27
frdm,os248,248Os,76,172,248,76248,0.00142,0.0014058,0.14058,100.0,0.0,0.0,0.0,0.0,0.0,0.04,0.036000000000000004,0.36000000000000004,0.0,0.0,0.0,0.2,0.18000000000000002,1.8,0.00142,0.04,0.0,0.2
frdm,ir203,203Ir,77,126,203,77203,43.37479,42.9410421,4294.1042099999995,100.0,0.0,0.0,0.0,0.0,0.0,0.0,0.0,0.0,0.0,0.0,0.0,0.0,0.0,0.0,43.37479,0.0,0.0,0.0
frdm,ir204,204Ir,77,127,204,77204,7.04392,6.9734808,697.3480800000001,100.0,0.0,0.0,0.0,0.0,0.0,0.01,0.009000000000000001,0.09000000000000001,0.0,0.0,0.0,0.0,0.0,0.0,7.04392,0.01,0.0,0.0
frdm,ir205,205Ir,77,128,205,77205,6.29535,6.2323965,623.23965,100.0,0.0,0.0,0.0,0.0,0.0,0.19,0.171,1.71,0.0,0.0,0.0,0.0,0.0,0.0,6.29535,0.19,0.0,0.0
frdm,ir206,206Ir,77,129,206,77206,3.60775,3.5716724999999996,357.16724999999997,100.0,0.0,0.0,0.0,0.0,0.0,0.18,0.162,1.6199999999999999,0.0,0.0,0.0,0.0,0.0,0.0,3.60775,0.18,0.0,0.0
frdm,ir207,207Ir,77,130,207,77207,3.07093,3.0402207000000003,304.02207000000004,100.0,0.0,0.0,0.0,0.0,0.0,0.39,0.35100000000000003,3.5100000000000002,0.0,0.0,0.0,0.0,0.0,0.0,3.07093,0.39,0.0,0.0
frdm,ir208,208Ir,77,131,208,77208,2.15158,2.1300642,213.00642000000002,100.0,0.0,0.0,0.0,0.0,0.0,0.34,0.30600000000000005,3.0600000000000005,0.02,0.018000000000000002,0.18000000000000002,0.0,0.0,0.0,2.15158,0.34,0.02,0.0
frdm,ir209,209Ir,77,132,209,77209,1.60374,1.5877025999999999,158.77026,100.0,0.0,0.0,0.0,0.0,0.0,0.65,0.585,5.85,0.0,0.0,0.0,0.0,0.0,0.0,1.60374,0.65,0.0,0.0
frdm,ir210,210Ir,77,133,210,77210,0.69647,0.6895053,68.95053,100.0,0.0,0.0,0.0,0.0,0.0,0.68,0.6120000000000001,6.120000000000001,0.04,0.036000000000000004,0.36000000000000004,0.0,0.0,0.0,0.69647,0.68,0.04,0.0
frdm,ir211,211Ir,77,134,211,77211,0.1624,0.160776,16.077599999999997,100.0,0.0,0.0,0.0,0.0,0.0,0.95,0.855,8.55,0.0,0.0,0.0,0.0,0.0,0.0,0.1624,0.95,0.0,0.0
frdm,ir212,212Ir,77,135,212,77212,0.11373,0.1125927,11.259269999999999,100.0,0.0,0.0,0.0,0.0,0.0,0.9,0.81,8.1,0.03,0.027,0.27,0.0,0.0,0.0,0.11373,0.9,0.03,0.0
frdm,ir213,213Ir,77,136,213,77213,0.11218,0.1110582,11.10582,100.0,0.0,0.0,0.0,0.0,0.0,0.97,0.873,8.729999999999999,0.0,0.0,0.0,0.0,0.0,0.0,0.11218,0.97,0.0,0.0
frdm,ir214,214Ir,77,137,214,77214,0.10615,0.1050885,10.50885,100.0,0.0,0.0,0.0,0.0,0.0,0.89,0.801,8.01,0.06,0.054,0.54,0.0,0.0,0.0,0.10615,0.89,0.06,0.0
frdm,ir215,215Ir,77,138,215,77215,0.08457,0.0837243,8.372430000000001,100.0,0.0,0.0,0.0,0.0,0.0,0.97,0.873,8.729999999999999,0.0,0.0,0.0,0.0,0.0,0.0,0.08457,0.97,0.0,0.0
frdm,ir216,216Ir,77,139,216,77216,0.06784,0.0671616,6.7161599999999995,100.0,0.0,0.0,0.0,0.0,0.0,0.89,0.801,8.01,0.07,0.063,0.6300000000000001,0.0,0.0,0.0,0.06784,0.89,0.07,0.0
frdm,ir217,217Ir,77,140,217,77217,0.05447,0.053925299999999995,5.39253,100.0,0.0,0.0,0.0,0.0,0.0,0.97,0.873,8.729999999999999,0.01,0.009000000000000001,0.09000000000000001,0.0,0.0,0.0,0.05447,0.97,0.01,0.0
frdm,ir218,218Ir,77,141,218,77218,0.04766,0.0471834,4.71834,100.0,0.0,0.0,0.0,0.0,0.0,0.85,0.765,7.65,0.12,0.108,1.08,0.0,0.0,0.0,0.04766,0.85,0.12,0.0
frdm,ir219,219Ir,77,142,219,77219,0.04941,0.048915900000000005,4.89159,100.0,0.0,0.0,0.0,0.0,0.0,0.97,0.873,8.729999999999999,0.01,0.009000000000000001,0.09000000000000001,0.0,0.0,0.0,0.04941,0.97,0.01,0.0
frdm,ir220,220Ir,77,143,220,77220,0.03776,0.0373824,3.7382400000000002,100.0,0.0,0.0,0.0,0.0,0.0,0.72,0.648,6.4799999999999995,0.14,0.126,1.2600000000000002,0.0,0.0,0.0,0.03776,0.72,0.14,0.0
frdm,ir221,221Ir,77,144,221,77221,0.03854,0.0381546,3.81546,100.0,0.0,0.0,0.0,0.0,0.0,0.94,0.846,8.459999999999999,0.02,0.018000000000000002,0.18000000000000002,0.0,0.0,0.0,0.03854,0.94,0.02,0.0
frdm,ir222,222Ir,77,145,222,77222,0.02992,0.0296208,2.96208,100.0,0.0,0.0,0.0,0.0,0.0,0.59,0.5309999999999999,5.31,0.28,0.252,2.5200000000000005,0.0,0.0,0.0,0.02992,0.59,0.28,0.0
frdm,ir223,223Ir,77,146,223,77223,0.02497,0.0247203,2.4720299999999997,100.0,0.0,0.0,0.0,0.0,0.0,0.92,0.8280000000000001,8.280000000000001,0.05,0.045000000000000005,0.45,0.0,0.0,0.0,0.02497,0.92,0.05,0.0
frdm,ir224,224Ir,77,147,224,77224,0.02405,0.023809499999999997,2.38095,100.0,0.0,0.0,0.0,0.0,0.0,0.51,0.459,4.59,0.43,0.387,3.8699999999999997,0.0,0.0,0.0,0.02405,0.51,0.43,0.0
frdm,ir225,225Ir,77,148,225,77225,0.02103,0.0208197,2.08197,100.0,0.0,0.0,0.0,0.0,0.0,0.84,0.756,7.5600000000000005,0.14,0.126,1.2600000000000002,0.0,0.0,0.0,0.02103,0.84,0.14,0.0
frdm,ir226,226Ir,77,149,226,77226,0.01493,0.0147807,1.47807,100.0,0.0,0.0,0.0,0.0,0.0,0.51,0.459,4.59,0.46,0.41400000000000003,4.140000000000001,0.0,0.0,0.0,0.01493,0.51,0.46,0.0
frdm,ir227,227Ir,77,150,227,77227,0.0158,0.015642000000000003,1.5642,100.0,0.0,0.0,0.0,0.0,0.0,0.7,0.63,6.3,0.28,0.252,2.5200000000000005,0.01,0.009000000000000001,0.09000000000000001,0.0158,0.7,0.28,0.01
frdm,ir228,228Ir,77,151,228,77228,0.01321,0.0130779,1.30779,100.0,0.0,0.0,0.0,0.0,0.0,0.26,0.234,2.34,0.71,0.639,6.39,0.01,0.009000000000000001,0.09000000000000001,0.01321,0.26,0.71,0.01
frdm,ir229,229Ir,77,152,229,77229,0.01159,0.0114741,1.14741,100.0,0.0,0.0,0.0,0.0,0.0,0.49,0.441,4.41,0.48,0.432,4.32,0.02,0.018000000000000002,0.18000000000000002,0.01159,0.49,0.48,0.02
frdm,ir230,230Ir,77,153,230,77230,0.00937,0.0092763,0.92763,100.0,0.0,0.0,0.0,0.0,0.0,0.17,0.15300000000000002,1.5300000000000002,0.79,0.7110000000000001,7.11,0.02,0.018000000000000002,0.18000000000000002,0.00937,0.17,0.79,0.02
frdm,ir231,231Ir,77,154,231,77231,0.00934,0.009246599999999999,0.9246599999999999,100.0,0.0,0.0,0.0,0.0,0.0,0.27,0.24300000000000002,2.43,0.63,0.567,5.67,0.09,0.081,0.8099999999999999,0.00934,0.27,0.63,0.09
frdm,ir232,232Ir,77,155,232,77232,0.00749,0.0074151,0.74151,100.0,0.0,0.0,0.0,0.0,0.0,0.08,0.07200000000000001,0.7200000000000001,0.75,0.675,6.75,0.13,0.117,1.17,0.00749,0.08,0.75,0.13
frdm,ir233,233Ir,77,156,233,77233,0.00684,0.0067716,0.67716,100.0,0.0,0.0,0.0,0.0,0.0,0.16,0.14400000000000002,1.4400000000000002,0.56,0.504,5.040000000000001,0.26,0.234,2.34,0.00684,0.16,0.56,0.26
frdm,ir234,234Ir,77,157,234,77234,0.00645,0.0063855,0.6385500000000001,100.0,0.0,0.0,0.0,0.0,0.0,0.06,0.054,0.54,0.63,0.567,5.67,0.27,0.24300000000000002,2.43,0.00645,0.06,0.63,0.27
frdm,ir235,235Ir,77,158,235,77235,0.0058,0.005742,0.5741999999999999,100.0,0.0,0.0,0.0,0.0,0.0,0.13,0.117,1.17,0.47,0.423,4.2299999999999995,0.39,0.35100000000000003,3.5100000000000002,0.0058,0.13,0.47,0.39
frdm,ir236,236Ir,77,159,236,77236,0.00514,0.0050885999999999995,0.50886,100.0,0.0,0.0,0.0,0.0,0.0,0.05,0.045000000000000005,0.45,0.58,0.522,5.22,0.32,0.28800000000000003,2.8800000000000003,0.00514,0.05,0.58,0.32
frdm,ir237,237Ir,77,160,237,77237,0.00432,0.0042768,0.42768,100.0,0.0,0.0,0.0,0.0,0.0,0.11,0.099,0.9900000000000001,0.48,0.432,4.32,0.4,0.36000000000000004,3.6,0.00432,0.11,0.48,0.4
frdm,ir238,238Ir,77,161,238,77238,0.00398,0.0039402,0.39402000000000004,100.0,0.0,0.0,0.0,0.0,0.0,0.03,0.027,0.27,0.57,0.5129999999999999,5.129999999999999,0.35,0.315,3.15,0.00398,0.03,0.57,0.35
frdm,ir239,239Ir,77,162,239,77239,0.00361,0.0035739,0.35739,100.0,0.0,0.0,0.0,0.0,0.0,0.09,0.081,0.8099999999999999,0.36,0.324,3.2399999999999998,0.52,0.468,4.68,0.00361,0.09,0.36,0.52
frdm,ir240,240Ir,77,163,240,77240,0.00328,0.0032472,0.32472,100.0,0.0,0.0,0.0,0.0,0.0,0.02,0.018000000000000002,0.18000000000000002,0.38,0.342,3.42,0.47,0.423,4.2299999999999995,0.00328,0.02,0.38,0.47
frdm,ir241,241Ir,77,164,241,77241,0.00316,0.0031284,0.31284,100.0,0.0,0.0,0.0,0.0,0.0,0.05,0.045000000000000005,0.45,0.16,0.14400000000000002,1.4400000000000002,0.72,0.648,6.4799999999999995,0.00316,0.05,0.16,0.72
frdm,ir242,242Ir,77,165,242,77242,0.0025,0.002475,0.2475,100.0,0.0,0.0,0.0,0.0,0.0,0.02,0.018000000000000002,0.18000000000000002,0.14,0.126,1.2600000000000002,0.4,0.36000000000000004,3.6,0.0025,0.02,0.14,0.4
frdm,ir243,243Ir,77,166,243,77243,0.00277,0.0027423,0.27423,100.0,0.0,0.0,0.0,0.0,0.0,0.03,0.027,0.27,0.04,0.036000000000000004,0.36000000000000004,0.56,0.504,5.040000000000001,0.00277,0.03,0.04,0.56
frdm,ir244,244Ir,77,167,244,77244,0.0025,0.002475,0.2475,100.0,0.0,0.0,0.0,0.0,0.0,0.0,0.0,0.0,0.06,0.054,0.54,0.13,0.117,1.17,0.0025,0.0,0.06,0.13
frdm,ir245,245Ir,77,168,245,77245,0.00227,0.0022473,0.22472999999999999,100.0,0.0,0.0,0.0,0.0,0.0,0.03,0.027,0.27,0.02,0.018000000000000002,0.18000000000000002,0.31,0.279,2.79,0.00227,0.03,0.02,0.31
frdm,ir246,246Ir,77,169,246,77246,0.00215,0.0021285,0.21284999999999998,100.0,0.0,0.0,0.0,0.0,0.0,0.01,0.009000000000000001,0.09000000000000001,0.05,0.045000000000000005,0.45,0.03,0.027,0.27,0.00215,0.01,0.05,0.03
frdm,ir247,247Ir,77,170,247,77247,0.00181,0.0017919,0.17919,100.0,0.0,0.0,0.0,0.0,0.0,0.02,0.018000000000000002,0.18000000000000002,0.02,0.018000000000000002,0.18000000000000002,0.22,0.198,1.9800000000000002,0.00181,0.02,0.02,0.22
frdm,ir248,248Ir,77,171,248,77248,0.00183,0.0018117,0.18117,100.0,0.0,0.0,0.0,0.0,0.0,0.01,0.009000000000000001,0.09000000000000001,0.04,0.036000000000000004,0.36000000000000004,0.05,0.045000000000000005,0.45,0.00183,0.01,0.04,0.05
frdm,ir249,249Ir,77,172,249,77249,0.00175,0.0017325,0.17325000000000002,100.0,0.0,0.0,0.0,0.0,0.0,0.03,0.027,0.27,0.02,0.018000000000000002,0.18000000000000002,0.17,0.15300000000000002,1.5300000000000002,0.00175,0.03,0.02,0.17
frdm,ir250,250Ir,77,173,250,77250,0.00152,0.0015048000000000001,0.15048,100.0,0.0,0.0,0.0,0.0,0.0,0.01,0.009000000000000001,0.09000000000000001,0.05,0.045000000000000005,0.45,0.05,0.045000000000000005,0.45,0.00152,0.01,0.05,0.05
frdm,ir251,251Ir,77,174,251,77251,0.00121,0.0011979,0.11979,100.0,0.0,0.0,0.0,0.0,0.0,0.08,0.07200000000000001,0.7200000000000001,0.02,0.018000000000000002,0.18000000000000002,0.13,0.117,1.17,0.00121,0.08,0.02,0.13
frdm,ir252,252Ir,77,175,252,77252,0.00114,0.0011286,0.11285999999999999,100.0,0.0,0.0,0.0,0.0,0.0,0.04,0.036000000000000004,0.36000000000000004,0.06,0.054,0.54,0.03,0.027,0.27,0.00114,0.04,0.06,0.03
frdm,pt205,205Pt,78,127,205,78205,21.35204,21.1385196,2113.8519599999995,100.0,0.0,0.0,0.0,0.0,0.0,0.0,0.0,0.0,0.0,0.0,0.0,0.0,0.0,0.0,21.35204,0.0,0.0,0.0
frdm,pt206,206Pt,78,128,206,78206,20.73779,20.5304121,2053.04121,100.0,0.0,0.0,0.0,0.0,0.0,0.0,0.0,0.0,0.0,0.0,0.0,0.0,0.0,0.0,20.73779,0.0,0.0,0.0
frdm,pt207,207Pt,78,129,207,78207,9.15089,9.0593811,905.93811,100.0,0.0,0.0,0.0,0.0,0.0,0.01,0.009000000000000001,0.09000000000000001,0.0,0.0,0.0,0.0,0.0,0.0,9.15089,0.01,0.0,0.0
frdm,pt208,208Pt,78,130,208,78208,9.24788,9.1554012,915.54012,100.0,0.0,0.0,0.0,0.0,0.0,0.05,0.045000000000000005,0.45,0.0,0.0,0.0,0.0,0.0,0.0,9.24788,0.05,0.0,0.0
frdm,pt209,209Pt,78,131,209,78209,5.1191,5.067909,506.7909,100.0,0.0,0.0,0.0,0.0,0.0,0.07,0.063,0.6300000000000001,0.0,0.0,0.0,0.0,0.0,0.0,5.1191,0.07,0.0,0.0
frdm,pt210,210Pt,78,132,210,78210,4.02553,3.9852746999999997,398.52747,100.0,0.0,0.0,0.0,0.0,0.0,0.34,0.30600000000000005,3.0600000000000005,0.0,0.0,0.0,0.0,0.0,0.0,4.02553,0.34,0.0,0.0
frdm,pt211,211Pt,78,133,211,78211,2.29281,2.2698818999999997,226.98818999999997,100.0,0.0,0.0,0.0,0.0,0.0,0.42,0.378,3.7800000000000002,0.0,0.0,0.0,0.0,0.0,0.0,2.29281,0.42,0.0,0.0
frdm,pt212,212Pt,78,134,212,78212,0.97044,0.9607356,96.07356,100.0,0.0,0.0,0.0,0.0,0.0,0.46,0.41400000000000003,4.140000000000001,0.0,0.0,0.0,0.0,0.0,0.0,0.97044,0.46,0.0,0.0
frdm,pt213,213Pt,78,135,213,78213,0.24586,0.2434014,24.340139999999998,100.0,0.0,0.0,0.0,0.0,0.0,0.36,0.324,3.2399999999999998,0.0,0.0,0.0,0.0,0.0,0.0,0.24586,0.36,0.0,0.0
frdm,pt214,214Pt,78,136,214,78214,0.30113,0.2981187,29.81187,100.0,0.0,0.0,0.0,0.0,0.0,0.61,0.5489999999999999,5.489999999999999,0.0,0.0,0.0,0.0,0.0,0.0,0.30113,0.61,0.0,0.0
frdm,pt215,215Pt,78,137,215,78215,0.19196,0.1900404,19.004039999999996,100.0,0.0,0.0,0.0,0.0,0.0,0.49,0.441,4.41,0.0,0.0,0.0,0.0,0.0,0.0,0.19196,0.49,0.0,0.0
frdm,pt216,216Pt,78,138,216,78216,0.15444,0.1528956,15.28956,100.0,0.0,0.0,0.0,0.0,0.0,0.51,0.459,4.59,0.0,0.0,0.0,0.0,0.0,0.0,0.15444,0.51,0.0,0.0
frdm,pt217,217Pt,78,139,217,78217,0.14321,0.1417779,14.17779,100.0,0.0,0.0,0.0,0.0,0.0,0.69,0.621,6.209999999999999,0.0,0.0,0.0,0.0,0.0,0.0,0.14321,0.69,0.0,0.0
frdm,pt218,218Pt,78,140,218,78218,0.09539,0.09443610000000001,9.44361,100.0,0.0,0.0,0.0,0.0,0.0,0.54,0.48600000000000004,4.86,0.0,0.0,0.0,0.0,0.0,0.0,0.09539,0.54,0.0,0.0
frdm,pt219,219Pt,78,141,219,78219,0.08218,0.0813582,8.13582,100.0,0.0,0.0,0.0,0.0,0.0,0.54,0.48600000000000004,4.86,0.0,0.0,0.0,0.0,0.0,0.0,0.08218,0.54,0.0,0.0
frdm,pt220,220Pt,78,142,220,78220,0.09223,0.0913077,9.13077,100.0,0.0,0.0,0.0,0.0,0.0,0.55,0.49500000000000005,4.95,0.0,0.0,0.0,0.0,0.0,0.0,0.09223,0.55,0.0,0.0
frdm,pt221,221Pt,78,143,221,78221,0.06597,0.0653103,6.53103,100.0,0.0,0.0,0.0,0.0,0.0,0.44,0.396,3.9600000000000004,0.0,0.0,0.0,0.0,0.0,0.0,0.06597,0.44,0.0,0.0
frdm,pt222,222Pt,78,144,222,78222,0.05578,0.055222200000000006,5.52222,100.0,0.0,0.0,0.0,0.0,0.0,0.52,0.468,4.68,0.0,0.0,0.0,0.0,0.0,0.0,0.05578,0.52,0.0,0.0
frdm,pt223,223Pt,78,145,223,78223,0.0443,0.043857,4.3857,100.0,0.0,0.0,0.0,0.0,0.0,0.62,0.558,5.58,0.0,0.0,0.0,0.0,0.0,0.0,0.0443,0.62,0.0,0.0
frdm,pt224,224Pt,78,146,224,78224,0.03808,0.0376992,3.7699200000000004,100.0,0.0,0.0,0.0,0.0,0.0,0.64,0.5760000000000001,5.760000000000001,0.0,0.0,0.0,0.0,0.0,0.0,0.03808,0.64,0.0,0.0
frdm,pt225,225Pt,78,147,225,78225,0.03193,0.0316107,3.16107,100.0,0.0,0.0,0.0,0.0,0.0,0.64,0.5760000000000001,5.760000000000001,0.01,0.009000000000000001,0.09000000000000001,0.0,0.0,0.0,0.03193,0.64,0.01,0.0
frdm,pt226,226Pt,78,148,226,78226,0.03234,0.0320166,3.20166,100.0,0.0,0.0,0.0,0.0,0.0,0.71,0.639,6.39,0.0,0.0,0.0,0.0,0.0,0.0,0.03234,0.71,0.0,0.0
frdm,pt227,227Pt,78,149,227,78227,0.01955,0.0193545,1.9354500000000001,100.0,0.0,0.0,0.0,0.0,0.0,0.65,0.585,5.85,0.02,0.018000000000000002,0.18000000000000002,0.0,0.0,0.0,0.01955,0.65,0.02,0.0
frdm,pt228,228Pt,78,150,228,78228,0.02036,0.020156399999999998,2.01564,100.0,0.0,0.0,0.0,0.0,0.0,0.79,0.7110000000000001,7.11,0.01,0.009000000000000001,0.09000000000000001,0.0,0.0,0.0,0.02036,0.79,0.01,0.0
frdm,pt229,229Pt,78,151,229,78229,0.01792,0.017740799999999998,1.7740799999999999,100.0,0.0,0.0,0.0,0.0,0.0,0.79,0.7110000000000001,7.11,0.06,0.054,0.54,0.0,0.0,0.0,0.01792,0.79,0.06,0.0
frdm,pt230,230Pt,78,152,230,78230,0.01453,0.0143847,1.43847,100.0,0.0,0.0,0.0,0.0,0.0,0.85,0.765,7.65,0.01,0.009000000000000001,0.09000000000000001,0.0,0.0,0.0,0.01453,0.85,0.01,0.0
frdm,pt231,231Pt,78,153,231,78231,0.01244,0.0123156,1.23156,100.0,0.0,0.0,0.0,0.0,0.0,0.64,0.5760000000000001,5.760000000000001,0.26,0.234,2.34,0.0,0.0,0.0,0.01244,0.64,0.26,0.0
frdm,pt232,232Pt,78,154,232,78232,0.01219,0.0120681,1.20681,100.0,0.0,0.0,0.0,0.0,0.0,0.83,0.747,7.469999999999999,0.11,0.099,0.9900000000000001,0.0,0.0,0.0,0.01219,0.83,0.11,0.0
frdm,pt233,233Pt,78,155,233,78233,0.0099,0.009801,0.9801000000000001,100.0,0.0,0.0,0.0,0.0,0.0,0.37,0.333,3.33,0.54,0.48600000000000004,4.86,0.01,0.009000000000000001,0.09000000000000001,0.0099,0.37,0.54,0.01
frdm,pt234,234Pt,78,156,234,78234,0.00871,0.008622900000000001,0.8622900000000001,100.0,0.0,0.0,0.0,0.0,0.0,0.76,0.684,6.84,0.2,0.18000000000000002,1.8,0.01,0.009000000000000001,0.09000000000000001,0.00871,0.76,0.2,0.01
frdm,pt235,235Pt,78,157,235,78235,0.00762,0.0075438,0.75438,100.0,0.0,0.0,0.0,0.0,0.0,0.33,0.29700000000000004,2.97,0.62,0.558,5.58,0.01,0.009000000000000001,0.09000000000000001,0.00762,0.33,0.62,0.01
frdm,pt236,236Pt,78,158,236,78236,0.00772,0.0076428,0.7642800000000001,100.0,0.0,0.0,0.0,0.0,0.0,0.63,0.567,5.67,0.31,0.279,2.79,0.02,0.018000000000000002,0.18000000000000002,0.00772,0.63,0.31,0.02
frdm,pt237,237Pt,78,159,237,78237,0.00684,0.0067716,0.67716,100.0,0.0,0.0,0.0,0.0,0.0,0.24,0.216,2.16,0.69,0.621,6.209999999999999,0.02,0.018000000000000002,0.18000000000000002,0.00684,0.24,0.69,0.02
frdm,pt238,238Pt,78,160,238,78238,0.00614,0.0060786,0.60786,100.0,0.0,0.0,0.0,0.0,0.0,0.62,0.558,5.58,0.33,0.29700000000000004,2.97,0.02,0.018000000000000002,0.18000000000000002,0.00614,0.62,0.33,0.02
frdm,pt239,239Pt,78,161,239,78239,0.00569,0.005633099999999999,0.56331,100.0,0.0,0.0,0.0,0.0,0.0,0.21,0.189,1.8900000000000001,0.74,0.666,6.66,0.02,0.018000000000000002,0.18000000000000002,0.00569,0.21,0.74,0.02
frdm,pt240,240Pt,78,162,240,78240,0.0053,0.005247,0.5247,100.0,0.0,0.0,0.0,0.0,0.0,0.47,0.423,4.2299999999999995,0.48,0.432,4.32,0.03,0.027,0.27,0.0053,0.47,0.48,0.03
frdm,pt241,241Pt,78,163,241,78241,0.00469,0.0046431,0.46431,100.0,0.0,0.0,0.0,0.0,0.0,0.11,0.099,0.9900000000000001,0.81,0.7290000000000001,7.290000000000001,0.06,0.054,0.54,0.00469,0.11,0.81,0.06
frdm,pt242,242Pt,78,164,242,78242,0.00437,0.0043263,0.43263,100.0,0.0,0.0,0.0,0.0,0.0,0.21,0.189,1.8900000000000001,0.61,0.5489999999999999,5.489999999999999,0.16,0.14400000000000002,1.4400000000000002,0.00437,0.21,0.61,0.16
frdm,pt243,243Pt,78,165,243,78243,0.00352,0.0034848,0.34848,100.0,0.0,0.0,0.0,0.0,0.0,0.04,0.036000000000000004,0.36000000000000004,0.6,0.54,5.4,0.3,0.27,2.7,0.00352,0.04,0.6,0.3
frdm,pt244,244Pt,78,166,244,78244,0.00392,0.0038808,0.38808000000000004,100.0,0.0,0.0,0.0,0.0,0.0,0.08,0.07200000000000001,0.7200000000000001,0.32,0.28800000000000003,2.8800000000000003,0.55,0.49500000000000005,4.95,0.00392,0.08,0.32,0.55
frdm,pt245,245Pt,78,167,245,78245,0.00407,0.0040292999999999995,0.40292999999999995,100.0,0.0,0.0,0.0,0.0,0.0,0.02,0.018000000000000002,0.18000000000000002,0.24,0.216,2.16,0.48,0.432,4.32,0.00407,0.02,0.24,0.48
frdm,pt246,246Pt,78,168,246,78246,0.003,0.00297,0.297,100.0,0.0,0.0,0.0,0.0,0.0,0.06,0.054,0.54,0.14,0.126,1.2600000000000002,0.7,0.63,6.3,0.003,0.06,0.14,0.7
frdm,pt247,247Pt,78,169,247,78247,0.00244,0.0024156,0.24156,100.0,0.0,0.0,0.0,0.0,0.0,0.03,0.027,0.27,0.28,0.252,2.5200000000000005,0.31,0.279,2.79,0.00244,0.03,0.28,0.31
frdm,pt248,248Pt,78,170,248,78248,0.00208,0.0020591999999999997,0.20592,100.0,0.0,0.0,0.0,0.0,0.0,0.06,0.054,0.54,0.26,0.234,2.34,0.58,0.522,5.22,0.00208,0.06,0.26,0.58
frdm,pt249,249Pt,78,171,249,78249,0.00192,0.0019008,0.19008,100.0,0.0,0.0,0.0,0.0,0.0,0.02,0.018000000000000002,0.18000000000000002,0.29,0.261,2.61,0.42,0.378,3.7800000000000002,0.00192,0.02,0.29,0.42
frdm,pt250,250Pt,78,172,250,78250,0.00182,0.0018018,0.18018,100.0,0.0,0.0,0.0,0.0,0.0,0.05,0.045000000000000005,0.45,0.2,0.18000000000000002,1.8,0.65,0.585,5.85,0.00182,0.05,0.2,0.65
frdm,pt251,251Pt,78,173,251,78251,0.00169,0.0016731,0.16731000000000001,100.0,0.0,0.0,0.0,0.0,0.0,0.03,0.027,0.27,0.18,0.162,1.6199999999999999,0.42,0.378,3.7800000000000002,0.00169,0.03,0.18,0.42
frdm,pt252,252Pt,78,174,252,78252,0.00167,0.0016533000000000001,0.16533,100.0,0.0,0.0,0.0,0.0,0.0,0.05,0.045000000000000005,0.45,0.09,0.081,0.8099999999999999,0.65,0.585,5.85,0.00167,0.05,0.09,0.65
frdm,pt253,253Pt,78,175,253,78253,0.00155,0.0015344999999999998,0.15345,100.0,0.0,0.0,0.0,0.0,0.0,0.03,0.027,0.27,0.1,0.09000000000000001,0.9,0.25,0.225,2.25,0.00155,0.03,0.1,0.25
frdm,pt254,254Pt,78,176,254,78254,0.00147,0.0014552999999999999,0.14553,100.0,0.0,0.0,0.0,0.0,0.0,0.05,0.045000000000000005,0.45,0.04,0.036000000000000004,0.36000000000000004,0.52,0.468,4.68,0.00147,0.05,0.04,0.52
frdm,au207,207Au,79,128,207,79207,23.42289,23.188661099999997,2318.86611,100.0,0.0,0.0,0.0,0.0,0.0,0.03,0.027,0.27,0.0,0.0,0.0,0.0,0.0,0.0,23.42289,0.03,0.0,0.0
frdm,au208,208Au,79,129,208,79208,9.47298,9.3782502,937.82502,100.0,0.0,0.0,0.0,0.0,0.0,0.04,0.036000000000000004,0.36000000000000004,0.0,0.0,0.0,0.0,0.0,0.0,9.47298,0.04,0.0,0.0
frdm,au209,209Au,79,130,209,79209,10.41022,10.3061178,1030.6117800000002,100.0,0.0,0.0,0.0,0.0,0.0,0.16,0.14400000000000002,1.4400000000000002,0.0,0.0,0.0,0.0,0.0,0.0,10.41022,0.16,0.0,0.0
frdm,au210,210Au,79,131,210,79210,5.8317,5.773383,577.3383,100.0,0.0,0.0,0.0,0.0,0.0,0.12,0.108,1.08,0.0,0.0,0.0,0.0,0.0,0.0,5.8317,0.12,0.0,0.0
frdm,au211,211Au,79,132,211,79211,5.01377,4.9636323,496.36323,100.0,0.0,0.0,0.0,0.0,0.0,0.38,0.342,3.42,0.0,0.0,0.0,0.0,0.0,0.0,5.01377,0.38,0.0,0.0
frdm,au212,212Au,79,133,212,79212,0.33967,0.33627330000000005,33.62733000000001,100.0,0.0,0.0,0.0,0.0,0.0,0.36,0.324,3.2399999999999998,0.0,0.0,0.0,0.0,0.0,0.0,0.33967,0.36,0.0,0.0
frdm,au213,213Au,79,134,213,79213,1.53912,1.5237288,152.37288,100.0,0.0,0.0,0.0,0.0,0.0,0.78,0.7020000000000001,7.0200000000000005,0.0,0.0,0.0,0.0,0.0,0.0,1.53912,0.78,0.0,0.0
frdm,au214,214Au,79,135,214,79214,0.42249,0.4182651,41.82650999999999,100.0,0.0,0.0,0.0,0.0,0.0,0.68,0.6120000000000001,6.120000000000001,0.0,0.0,0.0,0.0,0.0,0.0,0.42249,0.68,0.0,0.0
frdm,au215,215Au,79,136,215,79215,0.39855,0.39456450000000004,39.456450000000004,100.0,0.0,0.0,0.0,0.0,0.0,0.93,0.8370000000000001,8.370000000000001,0.0,0.0,0.0,0.0,0.0,0.0,0.39855,0.93,0.0,0.0
frdm,au216,216Au,79,137,216,79216,0.3002,0.297198,29.719800000000003,100.0,0.0,0.0,0.0,0.0,0.0,0.9,0.81,8.1,0.0,0.0,0.0,0.0,0.0,0.0,0.3002,0.9,0.0,0.0
frdm,au217,217Au,79,138,217,79217,0.18921,0.18731789999999998,18.73179,100.0,0.0,0.0,0.0,0.0,0.0,0.95,0.855,8.55,0.0,0.0,0.0,0.0,0.0,0.0,0.18921,0.95,0.0,0.0
frdm,au218,218Au,79,139,218,79218,0.16808,0.1663992,16.63992,100.0,0.0,0.0,0.0,0.0,0.0,0.92,0.8280000000000001,8.280000000000001,0.0,0.0,0.0,0.0,0.0,0.0,0.16808,0.92,0.0,0.0
frdm,au219,219Au,79,140,219,79219,0.14101,0.1395999,13.95999,100.0,0.0,0.0,0.0,0.0,0.0,0.96,0.864,8.64,0.0,0.0,0.0,0.0,0.0,0.0,0.14101,0.96,0.0,0.0
frdm,au220,220Au,79,141,220,79220,0.12334,0.12210660000000001,12.210659999999999,100.0,0.0,0.0,0.0,0.0,0.0,0.87,0.783,7.829999999999999,0.01,0.009000000000000001,0.09000000000000001,0.0,0.0,0.0,0.12334,0.87,0.01,0.0
frdm,au221,221Au,79,142,221,79221,0.11336,0.1122264,11.22264,100.0,0.0,0.0,0.0,0.0,0.0,0.92,0.8280000000000001,8.280000000000001,0.0,0.0,0.0,0.0,0.0,0.0,0.11336,0.92,0.0,0.0
frdm,au222,222Au,79,143,222,79222,0.06907,0.0683793,6.837930000000001,100.0,0.0,0.0,0.0,0.0,0.0,0.77,0.6930000000000001,6.93,0.01,0.009000000000000001,0.09000000000000001,0.0,0.0,0.0,0.06907,0.77,0.01,0.0
frdm,au223,223Au,79,144,223,79223,0.07096,0.07025039999999999,7.025039999999999,100.0,0.0,0.0,0.0,0.0,0.0,0.94,0.846,8.459999999999999,0.0,0.0,0.0,0.0,0.0,0.0,0.07096,0.94,0.0,0.0
frdm,au224,224Au,79,145,224,79224,0.05245,0.0519255,5.192549999999999,100.0,0.0,0.0,0.0,0.0,0.0,0.79,0.7110000000000001,7.11,0.04,0.036000000000000004,0.36000000000000004,0.0,0.0,0.0,0.05245,0.79,0.04,0.0
frdm,au225,225Au,79,146,225,79225,0.04988,0.0493812,4.9381200000000005,100.0,0.0,0.0,0.0,0.0,0.0,0.94,0.846,8.459999999999999,0.0,0.0,0.0,0.0,0.0,0.0,0.04988,0.94,0.0,0.0
frdm,au226,226Au,79,147,226,79226,0.03851,0.0381249,3.8124900000000004,100.0,0.0,0.0,0.0,0.0,0.0,0.77,0.6930000000000001,6.93,0.1,0.09000000000000001,0.9,0.0,0.0,0.0,0.03851,0.77,0.1,0.0
frdm,au227,227Au,79,148,227,79227,0.04485,0.0444015,4.44015,100.0,0.0,0.0,0.0,0.0,0.0,0.91,0.8190000000000001,8.19,0.01,0.009000000000000001,0.09000000000000001,0.0,0.0,0.0,0.04485,0.91,0.01,0.0
frdm,au228,228Au,79,149,228,79228,0.0274,0.027126,2.7126,100.0,0.0,0.0,0.0,0.0,0.0,0.7,0.63,6.3,0.17,0.15300000000000002,1.5300000000000002,0.0,0.0,0.0,0.0274,0.7,0.17,0.0
frdm,au229,229Au,79,150,229,79229,0.03138,0.0310662,3.10662,100.0,0.0,0.0,0.0,0.0,0.0,0.91,0.8190000000000001,8.19,0.04,0.036000000000000004,0.36000000000000004,0.0,0.0,0.0,0.03138,0.91,0.04,0.0
frdm,au230,230Au,79,151,230,79230,0.02524,0.0249876,2.49876,100.0,0.0,0.0,0.0,0.0,0.0,0.6,0.54,5.4,0.36,0.324,3.2399999999999998,0.0,0.0,0.0,0.02524,0.6,0.36,0.0
frdm,au231,231Au,79,152,231,79231,0.01944,0.019245599999999998,1.92456,100.0,0.0,0.0,0.0,0.0,0.0,0.85,0.765,7.65,0.13,0.117,1.17,0.0,0.0,0.0,0.01944,0.85,0.13,0.0
frdm,au232,232Au,79,153,232,79232,0.01614,0.015978600000000003,1.59786,100.0,0.0,0.0,0.0,0.0,0.0,0.39,0.35100000000000003,3.5100000000000002,0.58,0.522,5.22,0.0,0.0,0.0,0.01614,0.39,0.58,0.0
frdm,au233,233Au,79,154,233,79233,0.01609,0.0159291,1.59291,100.0,0.0,0.0,0.0,0.0,0.0,0.54,0.48600000000000004,4.86,0.44,0.396,3.9600000000000004,0.01,0.009000000000000001,0.09000000000000001,0.01609,0.54,0.44,0.01
frdm,au234,234Au,79,155,234,79234,0.01396,0.0138204,1.38204,100.0,0.0,0.0,0.0,0.0,0.0,0.17,0.15300000000000002,1.5300000000000002,0.76,0.684,6.84,0.01,0.009000000000000001,0.09000000000000001,0.01396,0.17,0.76,0.01
frdm,au235,235Au,79,156,235,79235,0.01,0.0099,0.99,100.0,0.0,0.0,0.0,0.0,0.0,0.4,0.36000000000000004,3.6,0.56,0.504,5.040000000000001,0.03,0.027,0.27,0.01,0.4,0.56,0.03
frdm,au236,236Au,79,157,236,79236,0.00835,0.0082665,0.82665,100.0,0.0,0.0,0.0,0.0,0.0,0.14,0.126,1.2600000000000002,0.82,0.738,7.379999999999999,0.03,0.027,0.27,0.00835,0.14,0.82,0.03
frdm,au237,237Au,79,158,237,79237,0.0094,0.009306,0.9306000000000001,100.0,0.0,0.0,0.0,0.0,0.0,0.28,0.252,2.5200000000000005,0.65,0.585,5.85,0.06,0.054,0.54,0.0094,0.28,0.65,0.06
frdm,au238,238Au,79,159,238,79238,0.00835,0.0082665,0.82665,100.0,0.0,0.0,0.0,0.0,0.0,0.09,0.081,0.8099999999999999,0.84,0.756,7.5600000000000005,0.05,0.045000000000000005,0.45,0.00835,0.09,0.84,0.05
frdm,au239,239Au,79,160,239,79239,0.00708,0.0070092,0.7009200000000001,100.0,0.0,0.0,0.0,0.0,0.0,0.29,0.261,2.61,0.62,0.558,5.58,0.08,0.07200000000000001,0.7200000000000001,0.00708,0.29,0.62,0.08
frdm,au240,240Au,79,161,240,79240,0.00703,0.0069597,0.69597,100.0,0.0,0.0,0.0,0.0,0.0,0.08,0.07200000000000001,0.7200000000000001,0.81,0.7290000000000001,7.290000000000001,0.08,0.07200000000000001,0.7200000000000001,0.00703,0.08,0.81,0.08
frdm,au241,241Au,79,162,241,79241,0.00593,0.0058707,0.5870700000000001,100.0,0.0,0.0,0.0,0.0,0.0,0.22,0.198,1.9800000000000002,0.61,0.5489999999999999,5.489999999999999,0.16,0.14400000000000002,1.4400000000000002,0.00593,0.22,0.61,0.16
frdm,au242,242Au,79,163,242,79242,0.0058,0.005742,0.5741999999999999,100.0,0.0,0.0,0.0,0.0,0.0,0.05,0.045000000000000005,0.45,0.69,0.621,6.209999999999999,0.23,0.20700000000000002,2.0700000000000003,0.0058,0.05,0.69,0.23
frdm,au243,243Au,79,164,243,79243,0.00517,0.0051183,0.51183,100.0,0.0,0.0,0.0,0.0,0.0,0.1,0.09000000000000001,0.9,0.43,0.387,3.8699999999999997,0.46,0.41400000000000003,4.140000000000001,0.00517,0.1,0.43,0.46
frdm,au244,244Au,79,165,244,79244,0.00403,0.0039897,0.39897,100.0,0.0,0.0,0.0,0.0,0.0,0.03,0.027,0.27,0.38,0.342,3.42,0.5,0.45,4.5,0.00403,0.03,0.38,0.5
frdm,au245,245Au,79,166,245,79245,0.00339,0.0033561,0.33560999999999996,100.0,0.0,0.0,0.0,0.0,0.0,0.04,0.036000000000000004,0.36000000000000004,0.18,0.162,1.6199999999999999,0.73,0.657,6.57,0.00339,0.04,0.18,0.73
frdm,au246,246Au,79,167,246,79246,0.00307,0.0030393,0.30393,100.0,0.0,0.0,0.0,0.0,0.0,0.01,0.009000000000000001,0.09000000000000001,0.19,0.171,1.71,0.52,0.468,4.68,0.00307,0.01,0.19,0.52
frdm,au247,247Au,79,168,247,79247,0.00261,0.0025839,0.25839,100.0,0.0,0.0,0.0,0.0,0.0,0.04,0.036000000000000004,0.36000000000000004,0.13,0.117,1.17,0.73,0.657,6.57,0.00261,0.04,0.13,0.73
frdm,au248,248Au,79,169,248,79248,0.00251,0.0024849,0.24849,100.0,0.0,0.0,0.0,0.0,0.0,0.02,0.018000000000000002,0.18000000000000002,0.25,0.225,2.25,0.38,0.342,3.42,0.00251,0.02,0.25,0.38
frdm,au249,249Au,79,170,249,79249,0.00232,0.0022968,0.22968000000000002,100.0,0.0,0.0,0.0,0.0,0.0,0.04,0.036000000000000004,0.36000000000000004,0.17,0.15300000000000002,1.5300000000000002,0.71,0.639,6.39,0.00232,0.04,0.17,0.71
frdm,au250,250Au,79,171,250,79250,0.00214,0.0021186,0.21186,100.0,0.0,0.0,0.0,0.0,0.0,0.02,0.018000000000000002,0.18000000000000002,0.2,0.18000000000000002,1.8,0.47,0.423,4.2299999999999995,0.00214,0.02,0.2,0.47
frdm,au251,251Au,79,172,251,79251,0.00207,0.0020493,0.20493,100.0,0.0,0.0,0.0,0.0,0.0,0.04,0.036000000000000004,0.36000000000000004,0.09,0.081,0.8099999999999999,0.73,0.657,6.57,0.00207,0.04,0.09,0.73
frdm,au252,252Au,79,173,252,79252,0.00188,0.0018612,0.18612,100.0,0.0,0.0,0.0,0.0,0.0,0.02,0.018000000000000002,0.18000000000000002,0.11,0.099,0.9900000000000001,0.36,0.324,3.2399999999999998,0.00188,0.02,0.11,0.36
frdm,au253,253Au,79,174,253,79253,0.00181,0.0017919,0.17919,100.0,0.0,0.0,0.0,0.0,0.0,0.04,0.036000000000000004,0.36000000000000004,0.05,0.045000000000000005,0.45,0.58,0.522,5.22,0.00181,0.04,0.05,0.58
frdm,au254,254Au,79,175,254,79254,0.00172,0.0017028,0.17028,100.0,0.0,0.0,0.0,0.0,0.0,0.02,0.018000000000000002,0.18000000000000002,0.07,0.063,0.6300000000000001,0.18,0.162,1.6199999999999999,0.00172,0.02,0.07,0.18
frdm,au255,255Au,79,176,255,79255,0.0016,0.0015840000000000001,0.1584,100.0,0.0,0.0,0.0,0.0,0.0,0.06,0.054,0.54,0.03,0.027,0.27,0.4,0.36000000000000004,3.6,0.0016,0.06,0.03,0.4
frdm,au256,256Au,79,177,256,79256,0.00144,0.0014256000000000002,0.14256000000000002,100.0,0.0,0.0,0.0,0.0,0.0,0.03,0.027,0.27,0.05,0.045000000000000005,0.45,0.1,0.09000000000000001,0.9,0.00144,0.03,0.05,0.1
frdm,au257,257Au,79,178,257,79257,0.00135,0.0013365,0.13365000000000002,100.0,0.0,0.0,0.0,0.0,0.0,0.09,0.081,0.8099999999999999,0.03,0.027,0.27,0.21,0.189,1.8900000000000001,0.00135,0.09,0.03,0.21
frdm,hg212,212Hg,80,132,212,80212,20.599,20.39301,2039.3010000000002,100.0,0.0,0.0,0.0,0.0,0.0,0.02,0.018000000000000002,0.18000000000000002,0.0,0.0,0.0,0.0,0.0,0.0,20.599,0.02,0.0,0.0
frdm,hg213,213Hg,80,133,213,80213,9.90717,9.808098300000001,980.8098300000001,100.0,0.0,0.0,0.0,0.0,0.0,0.04,0.036000000000000004,0.36000000000000004,0.0,0.0,0.0,0.0,0.0,0.0,9.90717,0.04,0.0,0.0
frdm,hg214,214Hg,80,134,214,80214,5.47294,5.4182106,541.82106,100.0,0.0,0.0,0.0,0.0,0.0,0.1,0.09000000000000001,0.9,0.0,0.0,0.0,0.0,0.0,0.0,5.47294,0.1,0.0,0.0
frdm,hg215,215Hg,80,135,215,80215,0.39519,0.3912381,39.12381,100.0,0.0,0.0,0.0,0.0,0.0,0.04,0.036000000000000004,0.36000000000000004,0.0,0.0,0.0,0.0,0.0,0.0,0.39519,0.04,0.0,0.0
frdm,hg216,216Hg,80,136,216,80216,1.29798,1.2850001999999998,128.50002,100.0,0.0,0.0,0.0,0.0,0.0,0.2,0.18000000000000002,1.8,0.0,0.0,0.0,0.0,0.0,0.0,1.29798,0.2,0.0,0.0
frdm,hg217,217Hg,80,137,217,80217,0.3026,0.299574,29.9574,100.0,0.0,0.0,0.0,0.0,0.0,0.09,0.081,0.8099999999999999,0.0,0.0,0.0,0.0,0.0,0.0,0.3026,0.09,0.0,0.0
frdm,hg218,218Hg,80,138,218,80218,0.4794,0.474606,47.4606,100.0,0.0,0.0,0.0,0.0,0.0,0.15,0.135,1.35,0.0,0.0,0.0,0.0,0.0,0.0,0.4794,0.15,0.0,0.0
frdm,hg219,219Hg,80,139,219,80219,0.18903,0.1871397,18.71397,100.0,0.0,0.0,0.0,0.0,0.0,0.14,0.126,1.2600000000000002,0.0,0.0,0.0,0.0,0.0,0.0,0.18903,0.14,0.0,0.0
frdm,hg220,220Hg,80,140,220,80220,0.24239,0.2399661,23.99661,100.0,0.0,0.0,0.0,0.0,0.0,0.23,0.20700000000000002,2.0700000000000003,0.0,0.0,0.0,0.0,0.0,0.0,0.24239,0.23,0.0,0.0
frdm,hg221,221Hg,80,141,221,80221,0.16999,0.1682901,16.82901,100.0,0.0,0.0,0.0,0.0,0.0,0.21,0.189,1.8900000000000001,0.0,0.0,0.0,0.0,0.0,0.0,0.16999,0.21,0.0,0.0
frdm,hg222,222Hg,80,142,222,80222,0.23987,0.2374713,23.74713,100.0,0.0,0.0,0.0,0.0,0.0,0.23,0.20700000000000002,2.0700000000000003,0.0,0.0,0.0,0.0,0.0,0.0,0.23987,0.23,0.0,0.0
frdm,hg223,223Hg,80,143,223,80223,0.13527,0.1339173,13.39173,100.0,0.0,0.0,0.0,0.0,0.0,0.16,0.14400000000000002,1.4400000000000002,0.0,0.0,0.0,0.0,0.0,0.0,0.13527,0.16,0.0,0.0
frdm,hg224,224Hg,80,144,224,80224,0.12787,0.12659130000000002,12.659130000000001,100.0,0.0,0.0,0.0,0.0,0.0,0.2,0.18000000000000002,1.8,0.0,0.0,0.0,0.0,0.0,0.0,0.12787,0.2,0.0,0.0
frdm,hg225,225Hg,80,145,225,80225,0.09499,0.0940401,9.404010000000001,100.0,0.0,0.0,0.0,0.0,0.0,0.31,0.279,2.79,0.0,0.0,0.0,0.0,0.0,0.0,0.09499,0.31,0.0,0.0
frdm,hg226,226Hg,80,146,226,80226,0.09391,0.0929709,9.29709,100.0,0.0,0.0,0.0,0.0,0.0,0.4,0.36000000000000004,3.6,0.0,0.0,0.0,0.0,0.0,0.0,0.09391,0.4,0.0,0.0
frdm,hg227,227Hg,80,147,227,80227,0.07522,0.0744678,7.4467799999999995,100.0,0.0,0.0,0.0,0.0,0.0,0.44,0.396,3.9600000000000004,0.0,0.0,0.0,0.0,0.0,0.0,0.07522,0.44,0.0,0.0
frdm,hg228,228Hg,80,148,228,80228,0.06883,0.0681417,6.81417,100.0,0.0,0.0,0.0,0.0,0.0,0.46,0.41400000000000003,4.140000000000001,0.0,0.0,0.0,0.0,0.0,0.0,0.06883,0.46,0.0,0.0
frdm,hg229,229Hg,80,149,229,80229,0.04307,0.0426393,4.263929999999999,100.0,0.0,0.0,0.0,0.0,0.0,0.42,0.378,3.7800000000000002,0.0,0.0,0.0,0.0,0.0,0.0,0.04307,0.42,0.0,0.0
frdm,hg230,230Hg,80,150,230,80230,0.0473,0.046827,4.6827000000000005,100.0,0.0,0.0,0.0,0.0,0.0,0.56,0.504,5.040000000000001,0.0,0.0,0.0,0.0,0.0,0.0,0.0473,0.56,0.0,0.0
frdm,hg231,231Hg,80,151,231,80231,0.03688,0.0365112,3.65112,100.0,0.0,0.0,0.0,0.0,0.0,0.69,0.621,6.209999999999999,0.0,0.0,0.0,0.0,0.0,0.0,0.03688,0.69,0.0,0.0
frdm,hg232,232Hg,80,152,232,80232,0.03107,0.0307593,3.07593,100.0,0.0,0.0,0.0,0.0,0.0,0.71,0.639,6.39,0.0,0.0,0.0,0.0,0.0,0.0,0.03107,0.71,0.0,0.0
frdm,hg233,233Hg,80,153,233,80233,0.02232,0.0220968,2.2096799999999996,100.0,0.0,0.0,0.0,0.0,0.0,0.75,0.675,6.75,0.03,0.027,0.27,0.0,0.0,0.0,0.02232,0.75,0.03,0.0
frdm,hg234,234Hg,80,154,234,80234,0.02373,0.023492700000000002,2.34927,100.0,0.0,0.0,0.0,0.0,0.0,0.84,0.756,7.5600000000000005,0.01,0.009000000000000001,0.09000000000000001,0.0,0.0,0.0,0.02373,0.84,0.01,0.0
frdm,hg235,235Hg,80,155,235,80235,0.019,0.01881,1.881,100.0,0.0,0.0,0.0,0.0,0.0,0.62,0.558,5.58,0.23,0.20700000000000002,2.0700000000000003,0.0,0.0,0.0,0.019,0.62,0.23,0.0
frdm,hg236,236Hg,80,156,236,80236,0.01603,0.0158697,1.58697,100.0,0.0,0.0,0.0,0.0,0.0,0.89,0.801,8.01,0.03,0.027,0.27,0.0,0.0,0.0,0.01603,0.89,0.03,0.0
frdm,hg237,237Hg,80,157,237,80237,0.01176,0.011642399999999999,1.16424,100.0,0.0,0.0,0.0,0.0,0.0,0.6,0.54,5.4,0.29,0.261,2.61,0.0,0.0,0.0,0.01176,0.6,0.29,0.0
frdm,hg238,238Hg,80,158,238,80238,0.01335,0.0132165,1.32165,100.0,0.0,0.0,0.0,0.0,0.0,0.88,0.792,7.920000000000001,0.05,0.045000000000000005,0.45,0.0,0.0,0.0,0.01335,0.88,0.05,0.0
frdm,hg239,239Hg,80,159,239,80239,0.01283,0.0127017,1.27017,100.0,0.0,0.0,0.0,0.0,0.0,0.5,0.45,4.5,0.45,0.405,4.05,0.0,0.0,0.0,0.01283,0.5,0.45,0.0
frdm,hg240,240Hg,80,160,240,80240,0.01032,0.0102168,1.02168,100.0,0.0,0.0,0.0,0.0,0.0,0.87,0.783,7.829999999999999,0.07,0.063,0.6300000000000001,0.0,0.0,0.0,0.01032,0.87,0.07,0.0
frdm,hg241,241Hg,80,161,241,80241,0.00907,0.008979299999999999,0.89793,100.0,0.0,0.0,0.0,0.0,0.0,0.45,0.405,4.05,0.46,0.41400000000000003,4.140000000000001,0.01,0.009000000000000001,0.09000000000000001,0.00907,0.45,0.46,0.01
frdm,hg242,242Hg,80,162,242,80242,0.00854,0.008454600000000001,0.8454600000000001,100.0,0.0,0.0,0.0,0.0,0.0,0.78,0.7020000000000001,7.0200000000000005,0.16,0.14400000000000002,1.4400000000000002,0.01,0.009000000000000001,0.09000000000000001,0.00854,0.78,0.16,0.01
frdm,hg243,243Hg,80,163,243,80243,0.00719,0.0071181000000000005,0.7118099999999999,100.0,0.0,0.0,0.0,0.0,0.0,0.28,0.252,2.5200000000000005,0.68,0.6120000000000001,6.120000000000001,0.01,0.009000000000000001,0.09000000000000001,0.00719,0.28,0.68,0.01
frdm,hg244,244Hg,80,164,244,80244,0.00659,0.0065241000000000006,0.65241,100.0,0.0,0.0,0.0,0.0,0.0,0.55,0.49500000000000005,4.95,0.41,0.369,3.6899999999999995,0.02,0.018000000000000002,0.18000000000000002,0.00659,0.55,0.41,0.02
frdm,hg245,245Hg,80,165,245,80245,0.00581,0.0057519,0.57519,100.0,0.0,0.0,0.0,0.0,0.0,0.12,0.108,1.08,0.82,0.738,7.379999999999999,0.04,0.036000000000000004,0.36000000000000004,0.00581,0.12,0.82,0.04
frdm,hg246,246Hg,80,166,246,80246,0.00427,0.004227300000000001,0.42273000000000005,100.0,0.0,0.0,0.0,0.0,0.0,0.34,0.30600000000000005,3.0600000000000005,0.6,0.54,5.4,0.05,0.045000000000000005,0.45,0.00427,0.34,0.6,0.05
frdm,hg247,247Hg,80,167,247,80247,0.00406,0.0040194,0.40194,100.0,0.0,0.0,0.0,0.0,0.0,0.1,0.09000000000000001,0.9,0.81,0.7290000000000001,7.290000000000001,0.06,0.054,0.54,0.00406,0.1,0.81,0.06
frdm,hg248,248Hg,80,168,248,80248,0.00368,0.0036432,0.36432,100.0,0.0,0.0,0.0,0.0,0.0,0.44,0.396,3.9600000000000004,0.5,0.45,4.5,0.04,0.036000000000000004,0.36000000000000004,0.00368,0.44,0.5,0.04
frdm,hg249,249Hg,80,169,249,80249,0.00343,0.0033956999999999998,0.33957,100.0,0.0,0.0,0.0,0.0,0.0,0.07,0.063,0.6300000000000001,0.85,0.765,7.65,0.05,0.045000000000000005,0.45,0.00343,0.07,0.85,0.05
frdm,hg250,250Hg,80,170,250,80250,0.00317,0.0031383,0.31383,100.0,0.0,0.0,0.0,0.0,0.0,0.28,0.252,2.5200000000000005,0.61,0.5489999999999999,5.489999999999999,0.08,0.07200000000000001,0.7200000000000001,0.00317,0.28,0.61,0.08
frdm,hg251,251Hg,80,171,251,80251,0.00288,0.0028512000000000003,0.28512000000000004,100.0,0.0,0.0,0.0,0.0,0.0,0.06,0.054,0.54,0.81,0.7290000000000001,7.290000000000001,0.1,0.09000000000000001,0.9,0.00288,0.06,0.81,0.1
frdm,hg252,252Hg,80,172,252,80252,0.00267,0.0026433,0.26433,100.0,0.0,0.0,0.0,0.0,0.0,0.16,0.14400000000000002,1.4400000000000002,0.65,0.585,5.85,0.17,0.15300000000000002,1.5300000000000002,0.00267,0.16,0.65,0.17
frdm,hg253,253Hg,80,173,253,80253,0.00253,0.0025047000000000003,0.25047,100.0,0.0,0.0,0.0,0.0,0.0,0.04,0.036000000000000004,0.36000000000000004,0.63,0.567,5.67,0.27,0.24300000000000002,2.43,0.00253,0.04,0.63,0.27
frdm,hg254,254Hg,80,174,254,80254,0.00223,0.0022077000000000004,0.22077000000000002,100.0,0.0,0.0,0.0,0.0,0.0,0.09,0.081,0.8099999999999999,0.52,0.468,4.68,0.35,0.315,3.15,0.00223,0.09,0.52,0.35
frdm,hg255,255Hg,80,175,255,80255,0.00218,0.0021582,0.21582,100.0,0.0,0.0,0.0,0.0,0.0,0.03,0.027,0.27,0.44,0.396,3.9600000000000004,0.43,0.387,3.8699999999999997,0.00218,0.03,0.44,0.43
frdm,hg256,256Hg,80,176,256,80256,0.00213,0.0021087,0.21087,100.0,0.0,0.0,0.0,0.0,0.0,0.06,0.054,0.54,0.33,0.29700000000000004,2.97,0.55,0.49500000000000005,4.95,0.00213,0.06,0.33,0.55
frdm,hg257,257Hg,80,177,257,80257,0.00191,0.0018909,0.18909,100.0,0.0,0.0,0.0,0.0,0.0,0.03,0.027,0.27,0.3,0.27,2.7,0.46,0.41400000000000003,4.140000000000001,0.00191,0.03,0.3,0.46
frdm,hg258,258Hg,80,178,258,80258,0.00183,0.0018117,0.18117,100.0,0.0,0.0,0.0,0.0,0.0,0.05,0.045000000000000005,0.45,0.17,0.15300000000000002,1.5300000000000002,0.65,0.585,5.85,0.00183,0.05,0.17,0.65
frdm,hg260,260Hg,80,180,260,80260,0.00168,0.0016632,0.16632000000000002,100.0,0.0,0.0,0.0,0.0,0.0,0.04,0.036000000000000004,0.36000000000000004,0.04,0.036000000000000004,0.36000000000000004,0.5,0.45,4.5,0.00168,0.04,0.04,0.5
frdm,hg262,262Hg,80,182,262,80262,0.00145,0.0014355,0.14354999999999998,100.0,0.0,0.0,0.0,0.0,0.0,0.06,0.054,0.54,0.01,0.009000000000000001,0.09000000000000001,0.2,0.18000000000000002,1.8,0.00145,0.06,0.01,0.2
frdm,tl217,217Tl,81,136,217,81217,3.10764,3.0765636,307.65636,100.0,0.0,0.0,0.0,0.0,0.0,0.72,0.648,6.4799999999999995,0.0,0.0,0.0,0.0,0.0,0.0,3.10764,0.72,0.0,0.0
frdm,tl218,218Tl,81,137,218,81218,1.4366,1.422234,142.2234,100.0,0.0,0.0,0.0,0.0,0.0,0.59,0.5309999999999999,5.31,0.0,0.0,0.0,0.0,0.0,0.0,1.4366,0.59,0.0,0.0
frdm,tl219,219Tl,81,138,219,81219,0.77118,0.7634681999999999,76.34682,100.0,0.0,0.0,0.0,0.0,0.0,0.87,0.783,7.829999999999999,0.0,0.0,0.0,0.0,0.0,0.0,0.77118,0.87,0.0,0.0
frdm,tl220,220Tl,81,139,220,81220,0.40299,0.39896010000000004,39.89601,100.0,0.0,0.0,0.0,0.0,0.0,0.56,0.504,5.040000000000001,0.0,0.0,0.0,0.0,0.0,0.0,0.40299,0.56,0.0,0.0
frdm,tl221,221Tl,81,140,221,81221,0.38259,0.3787641,37.87641,100.0,0.0,0.0,0.0,0.0,0.0,0.93,0.8370000000000001,8.370000000000001,0.0,0.0,0.0,0.0,0.0,0.0,0.38259,0.93,0.0,0.0
frdm,tl222,222Tl,81,141,222,81222,0.29138,0.28846619999999995,28.846619999999998,100.0,0.0,0.0,0.0,0.0,0.0,0.66,0.5940000000000001,5.94,0.0,0.0,0.0,0.0,0.0,0.0,0.29138,0.66,0.0,0.0
frdm,tl223,223Tl,81,142,223,81223,0.33131,0.3279969,32.79969,100.0,0.0,0.0,0.0,0.0,0.0,0.8,0.7200000000000001,7.2,0.0,0.0,0.0,0.0,0.0,0.0,0.33131,0.8,0.0,0.0
frdm,tl224,224Tl,81,143,224,81224,0.24461,0.2421639,24.216389999999997,100.0,0.0,0.0,0.0,0.0,0.0,0.47,0.423,4.2299999999999995,0.0,0.0,0.0,0.0,0.0,0.0,0.24461,0.47,0.0,0.0
frdm,tl225,225Tl,81,144,225,81225,0.27952,0.2767248,27.672479999999997,100.0,0.0,0.0,0.0,0.0,0.0,0.76,0.684,6.84,0.0,0.0,0.0,0.0,0.0,0.0,0.27952,0.76,0.0,0.0
frdm,tl226,226Tl,81,145,226,81226,0.17676,0.1749924,17.499239999999997,100.0,0.0,0.0,0.0,0.0,0.0,0.74,0.666,6.66,0.0,0.0,0.0,0.0,0.0,0.0,0.17676,0.74,0.0,0.0
frdm,tl227,227Tl,81,146,227,81227,0.13957,0.1381743,13.81743,100.0,0.0,0.0,0.0,0.0,0.0,0.84,0.756,7.5600000000000005,0.0,0.0,0.0,0.0,0.0,0.0,0.13957,0.84,0.0,0.0
frdm,tl228,228Tl,81,147,228,81228,0.10838,0.10729620000000001,10.72962,100.0,0.0,0.0,0.0,0.0,0.0,0.67,0.603,6.03,0.01,0.009000000000000001,0.09000000000000001,0.0,0.0,0.0,0.10838,0.67,0.01,0.0
frdm,tl229,229Tl,81,148,229,81229,0.09767,0.09669330000000001,9.66933,100.0,0.0,0.0,0.0,0.0,0.0,0.84,0.756,7.5600000000000005,0.0,0.0,0.0,0.0,0.0,0.0,0.09767,0.84,0.0,0.0
frdm,tl230,230Tl,81,149,230,81230,0.05163,0.051113700000000005,5.11137,100.0,0.0,0.0,0.0,0.0,0.0,0.76,0.684,6.84,0.02,0.018000000000000002,0.18000000000000002,0.0,0.0,0.0,0.05163,0.76,0.02,0.0
frdm,tl231,231Tl,81,150,231,81231,0.05667,0.056103299999999995,5.610329999999999,100.0,0.0,0.0,0.0,0.0,0.0,0.9,0.81,8.1,0.0,0.0,0.0,0.0,0.0,0.0,0.05667,0.9,0.0,0.0
frdm,tl232,232Tl,81,151,232,81232,0.04889,0.0484011,4.84011,100.0,0.0,0.0,0.0,0.0,0.0,0.85,0.765,7.65,0.07,0.063,0.6300000000000001,0.0,0.0,0.0,0.04889,0.85,0.07,0.0
frdm,tl233,233Tl,81,152,233,81233,0.03707,0.0366993,3.66993,100.0,0.0,0.0,0.0,0.0,0.0,0.94,0.846,8.459999999999999,0.01,0.009000000000000001,0.09000000000000001,0.0,0.0,0.0,0.03707,0.94,0.01,0.0
frdm,tl234,234Tl,81,153,234,81234,0.02625,0.0259875,2.59875,100.0,0.0,0.0,0.0,0.0,0.0,0.71,0.639,6.39,0.24,0.216,2.16,0.0,0.0,0.0,0.02625,0.71,0.24,0.0
frdm,tl235,235Tl,81,154,235,81235,0.02739,0.0271161,2.7116100000000003,100.0,0.0,0.0,0.0,0.0,0.0,0.85,0.765,7.65,0.13,0.117,1.17,0.0,0.0,0.0,0.02739,0.85,0.13,0.0
frdm,tl236,236Tl,81,155,236,81236,0.02277,0.022542299999999998,2.2542299999999997,100.0,0.0,0.0,0.0,0.0,0.0,0.39,0.35100000000000003,3.5100000000000002,0.54,0.48600000000000004,4.86,0.0,0.0,0.0,0.02277,0.39,0.54,0.0
frdm,tl237,237Tl,81,156,237,81237,0.02321,0.022977900000000002,2.29779,100.0,0.0,0.0,0.0,0.0,0.0,0.64,0.5760000000000001,5.760000000000001,0.34,0.30600000000000005,3.0600000000000005,0.0,0.0,0.0,0.02321,0.64,0.34,0.0
frdm,tl238,238Tl,81,157,238,81238,0.02109,0.0208791,2.08791,100.0,0.0,0.0,0.0,0.0,0.0,0.21,0.189,1.8900000000000001,0.73,0.657,6.57,0.0,0.0,0.0,0.02109,0.21,0.73,0.0
frdm,tl239,239Tl,81,158,239,81239,0.01656,0.0163944,1.63944,100.0,0.0,0.0,0.0,0.0,0.0,0.59,0.5309999999999999,5.31,0.39,0.35100000000000003,3.5100000000000002,0.01,0.009000000000000001,0.09000000000000001,0.01656,0.59,0.39,0.01
frdm,tl240,240Tl,81,159,240,81240,0.01804,0.0178596,1.78596,100.0,0.0,0.0,0.0,0.0,0.0,0.21,0.189,1.8900000000000001,0.76,0.684,6.84,0.01,0.009000000000000001,0.09000000000000001,0.01804,0.21,0.76,0.01
frdm,tl241,241Tl,81,160,241,81241,0.01447,0.014325300000000001,1.43253,100.0,0.0,0.0,0.0,0.0,0.0,0.54,0.48600000000000004,4.86,0.44,0.396,3.9600000000000004,0.01,0.009000000000000001,0.09000000000000001,0.01447,0.54,0.44,0.01
frdm,tl242,242Tl,81,161,242,81242,0.01234,0.012216600000000001,1.22166,100.0,0.0,0.0,0.0,0.0,0.0,0.18,0.162,1.6199999999999999,0.78,0.7020000000000001,7.0200000000000005,0.01,0.009000000000000001,0.09000000000000001,0.01234,0.18,0.78,0.01
frdm,tl243,243Tl,81,162,243,81243,0.01129,0.011177099999999999,1.11771,100.0,0.0,0.0,0.0,0.0,0.0,0.42,0.378,3.7800000000000002,0.55,0.49500000000000005,4.95,0.02,0.018000000000000002,0.18000000000000002,0.01129,0.42,0.55,0.02
frdm,tl244,244Tl,81,163,244,81244,0.00954,0.0094446,0.94446,100.0,0.0,0.0,0.0,0.0,0.0,0.11,0.099,0.9900000000000001,0.86,0.774,7.739999999999999,0.02,0.018000000000000002,0.18000000000000002,0.00954,0.11,0.86,0.02
frdm,tl245,245Tl,81,164,245,81245,0.00763,0.0075537,0.75537,100.0,0.0,0.0,0.0,0.0,0.0,0.22,0.198,1.9800000000000002,0.69,0.621,6.209999999999999,0.08,0.07200000000000001,0.7200000000000001,0.00763,0.22,0.69,0.08
frdm,tl246,246Tl,81,165,246,81246,0.0053,0.005247,0.5247,100.0,0.0,0.0,0.0,0.0,0.0,0.03,0.027,0.27,0.88,0.792,7.920000000000001,0.07,0.063,0.6300000000000001,0.0053,0.03,0.88,0.07
frdm,tl247,247Tl,81,166,247,81247,0.00464,0.0045936,0.45936000000000005,100.0,0.0,0.0,0.0,0.0,0.0,0.19,0.171,1.71,0.7,0.63,6.3,0.1,0.09000000000000001,0.9,0.00464,0.19,0.7,0.1
frdm,tl248,248Tl,81,167,248,81248,0.00465,0.0046035,0.46035,100.0,0.0,0.0,0.0,0.0,0.0,0.04,0.036000000000000004,0.36000000000000004,0.84,0.756,7.5600000000000005,0.1,0.09000000000000001,0.9,0.00465,0.04,0.84,0.1
frdm,tl249,249Tl,81,168,249,81249,0.00463,0.0045837,0.45836999999999994,100.0,0.0,0.0,0.0,0.0,0.0,0.13,0.117,1.17,0.71,0.639,6.39,0.16,0.14400000000000002,1.4400000000000002,0.00463,0.13,0.71,0.16
frdm,tl250,250Tl,81,169,250,81250,0.0045,0.004455,0.44549999999999995,100.0,0.0,0.0,0.0,0.0,0.0,0.03,0.027,0.27,0.75,0.675,6.75,0.19,0.171,1.71,0.0045,0.03,0.75,0.19
frdm,tl251,251Tl,81,170,251,81251,0.00396,0.0039204,0.39204,100.0,0.0,0.0,0.0,0.0,0.0,0.11,0.099,0.9900000000000001,0.59,0.5309999999999999,5.31,0.29,0.261,2.61,0.00396,0.11,0.59,0.29
frdm,tl252,252Tl,81,171,252,81252,0.00354,0.0035046,0.35046000000000005,100.0,0.0,0.0,0.0,0.0,0.0,0.03,0.027,0.27,0.7,0.63,6.3,0.23,0.20700000000000002,2.0700000000000003,0.00354,0.03,0.7,0.23
frdm,tl253,253Tl,81,172,253,81253,0.0033,0.003267,0.3267,100.0,0.0,0.0,0.0,0.0,0.0,0.07,0.063,0.6300000000000001,0.5,0.45,4.5,0.42,0.378,3.7800000000000002,0.0033,0.07,0.5,0.42
frdm,tl254,254Tl,81,173,254,81254,0.00305,0.0030195,0.30195,100.0,0.0,0.0,0.0,0.0,0.0,0.02,0.018000000000000002,0.18000000000000002,0.47,0.423,4.2299999999999995,0.45,0.405,4.05,0.00305,0.02,0.47,0.45
frdm,tl255,255Tl,81,174,255,81255,0.00302,0.0029898,0.29897999999999997,100.0,0.0,0.0,0.0,0.0,0.0,0.04,0.036000000000000004,0.36000000000000004,0.22,0.198,1.9800000000000002,0.7,0.63,6.3,0.00302,0.04,0.22,0.7
frdm,tl256,256Tl,81,175,256,81256,0.00282,0.0027918,0.27918000000000004,100.0,0.0,0.0,0.0,0.0,0.0,0.02,0.018000000000000002,0.18000000000000002,0.22,0.198,1.9800000000000002,0.55,0.49500000000000005,4.95,0.00282,0.02,0.22,0.55
frdm,tl257,257Tl,81,176,257,81257,0.00264,0.0026135999999999998,0.26136000000000004,100.0,0.0,0.0,0.0,0.0,0.0,0.04,0.036000000000000004,0.36000000000000004,0.12,0.108,1.08,0.75,0.675,6.75,0.00264,0.04,0.12,0.75
frdm,tl258,258Tl,81,177,258,81258,0.00242,0.0023958,0.23958,100.0,0.0,0.0,0.0,0.0,0.0,0.01,0.009000000000000001,0.09000000000000001,0.14,0.126,1.2600000000000002,0.44,0.396,3.9600000000000004,0.00242,0.01,0.14,0.44
frdm,tl259,259Tl,81,178,259,81259,0.00223,0.0022077000000000004,0.22077000000000002,100.0,0.0,0.0,0.0,0.0,0.0,0.03,0.027,0.27,0.06,0.054,0.54,0.68,0.6120000000000001,6.120000000000001,0.00223,0.03,0.06,0.68
frdm,tl260,260Tl,81,179,260,81260,0.00199,0.0019701,0.19701000000000002,100.0,0.0,0.0,0.0,0.0,0.0,0.02,0.018000000000000002,0.18000000000000002,0.06,0.054,0.54,0.26,0.234,2.34,0.00199,0.02,0.06,0.26
frdm,tl261,261Tl,81,180,261,81261,0.00178,0.0017621999999999998,0.17622,100.0,0.0,0.0,0.0,0.0,0.0,0.03,0.027,0.27,0.03,0.027,0.27,0.38,0.342,3.42,0.00178,0.03,0.03,0.38
frdm,tl262,262Tl,81,181,262,81262,0.00173,0.0017127,0.17126999999999998,100.0,0.0,0.0,0.0,0.0,0.0,0.01,0.009000000000000001,0.09000000000000001,0.04,0.036000000000000004,0.36000000000000004,0.08,0.07200000000000001,0.7200000000000001,0.00173,0.01,0.04,0.08
frdm,tl263,263Tl,81,182,263,81263,0.00161,0.0015939,0.15939,100.0,0.0,0.0,0.0,0.0,0.0,0.05,0.045000000000000005,0.45,0.03,0.027,0.27,0.22,0.198,1.9800000000000002,0.00161,0.05,0.03,0.22
frdm,tl264,264Tl,81,183,264,81264,0.0015,0.001485,0.1485,100.0,0.0,0.0,0.0,0.0,0.0,0.04,0.036000000000000004,0.36000000000000004,0.04,0.036000000000000004,0.36000000000000004,0.04,0.036000000000000004,0.36000000000000004,0.0015,0.04,0.04,0.04
frdm,tl265,265Tl,81,184,265,81265,0.00115,0.0011385,0.11384999999999999,100.0,0.0,0.0,0.0,0.0,0.0,0.07,0.063,0.6300000000000001,0.03,0.027,0.27,0.13,0.117,1.17,0.00115,0.07,0.03,0.13
frdm,pb219,219Pb,82,137,219,82219,16.79196,16.6240404,1662.40404,100.0,0.0,0.0,0.0,0.0,0.0,0.0,0.0,0.0,0.0,0.0,0.0,0.0,0.0,0.0,16.79196,0.0,0.0,0.0
frdm,pb220,220Pb,82,138,220,82220,6.92232,6.8530968,685.30968,100.0,0.0,0.0,0.0,0.0,0.0,0.0,0.0,0.0,0.0,0.0,0.0,0.0,0.0,0.0,6.92232,0.0,0.0,0.0
frdm,pb221,221Pb,82,139,221,82221,0.5312,0.525888,52.5888,100.0,0.0,0.0,0.0,0.0,0.0,0.0,0.0,0.0,0.0,0.0,0.0,0.0,0.0,0.0,0.5312,0.0,0.0,0.0
frdm,pb222,222Pb,82,140,222,82222,1.51068,1.4955732,149.55732,100.0,0.0,0.0,0.0,0.0,0.0,0.0,0.0,0.0,0.0,0.0,0.0,0.0,0.0,0.0,1.51068,0.0,0.0,0.0
frdm,pb223,223Pb,82,141,223,82223,0.93147,0.9221553,92.21553,100.0,0.0,0.0,0.0,0.0,0.0,0.01,0.009000000000000001,0.09000000000000001,0.0,0.0,0.0,0.0,0.0,0.0,0.93147,0.01,0.0,0.0
frdm,pb224,224Pb,82,142,224,82224,0.72916,0.7218684000000001,72.18684,100.0,0.0,0.0,0.0,0.0,0.0,0.01,0.009000000000000001,0.09000000000000001,0.0,0.0,0.0,0.0,0.0,0.0,0.72916,0.01,0.0,0.0
frdm,pb225,225Pb,82,143,225,82225,0.36648,0.36281519999999995,36.28151999999999,100.0,0.0,0.0,0.0,0.0,0.0,0.02,0.018000000000000002,0.18000000000000002,0.0,0.0,0.0,0.0,0.0,0.0,0.36648,0.02,0.0,0.0
frdm,pb226,226Pb,82,144,226,82226,0.57998,0.5741802,57.418020000000006,100.0,0.0,0.0,0.0,0.0,0.0,0.04,0.036000000000000004,0.36000000000000004,0.0,0.0,0.0,0.0,0.0,0.0,0.57998,0.04,0.0,0.0
frdm,pb227,227Pb,82,145,227,82227,0.31545,0.3122955,31.229550000000003,100.0,0.0,0.0,0.0,0.0,0.0,0.06,0.054,0.54,0.0,0.0,0.0,0.0,0.0,0.0,0.31545,0.06,0.0,0.0
frdm,pb228,228Pb,82,146,228,82228,0.26082,0.2582118,25.821180000000002,100.0,0.0,0.0,0.0,0.0,0.0,0.1,0.09000000000000001,0.9,0.0,0.0,0.0,0.0,0.0,0.0,0.26082,0.1,0.0,0.0
frdm,pb229,229Pb,82,147,229,82229,0.17703,0.1752597,17.52597,100.0,0.0,0.0,0.0,0.0,0.0,0.15,0.135,1.35,0.0,0.0,0.0,0.0,0.0,0.0,0.17703,0.15,0.0,0.0
frdm,pb230,230Pb,82,148,230,82230,0.18814,0.1862586,18.62586,100.0,0.0,0.0,0.0,0.0,0.0,0.2,0.18000000000000002,1.8,0.0,0.0,0.0,0.0,0.0,0.0,0.18814,0.2,0.0,0.0
frdm,pb231,231Pb,82,149,231,82231,0.09102,0.0901098,9.01098,100.0,0.0,0.0,0.0,0.0,0.0,0.18,0.162,1.6199999999999999,0.0,0.0,0.0,0.0,0.0,0.0,0.09102,0.18,0.0,0.0
frdm,pb232,232Pb,82,150,232,82232,0.11401,0.1128699,11.28699,100.0,0.0,0.0,0.0,0.0,0.0,0.32,0.28800000000000003,2.8800000000000003,0.0,0.0,0.0,0.0,0.0,0.0,0.11401,0.32,0.0,0.0
frdm,pb233,233Pb,82,151,233,82233,0.09386,0.0929214,9.29214,100.0,0.0,0.0,0.0,0.0,0.0,0.47,0.423,4.2299999999999995,0.0,0.0,0.0,0.0,0.0,0.0,0.09386,0.47,0.0,0.0
frdm,pb234,234Pb,82,152,234,82234,0.0676,0.066924,6.6924,100.0,0.0,0.0,0.0,0.0,0.0,0.49,0.441,4.41,0.0,0.0,0.0,0.0,0.0,0.0,0.0676,0.49,0.0,0.0
frdm,pb235,235Pb,82,153,235,82235,0.05047,0.049965300000000004,4.99653,100.0,0.0,0.0,0.0,0.0,0.0,0.58,0.522,5.22,0.0,0.0,0.0,0.0,0.0,0.0,0.05047,0.58,0.0,0.0
frdm,pb236,236Pb,82,154,236,82236,0.04753,0.047054700000000005,4.70547,100.0,0.0,0.0,0.0,0.0,0.0,0.69,0.621,6.209999999999999,0.0,0.0,0.0,0.0,0.0,0.0,0.04753,0.69,0.0,0.0
frdm,pb237,237Pb,82,155,237,82237,0.03696,0.0365904,3.65904,100.0,0.0,0.0,0.0,0.0,0.0,0.72,0.648,6.4799999999999995,0.03,0.027,0.27,0.0,0.0,0.0,0.03696,0.72,0.03,0.0
frdm,pb238,238Pb,82,156,238,82238,0.03168,0.0313632,3.13632,100.0,0.0,0.0,0.0,0.0,0.0,0.84,0.756,7.5600000000000005,0.0,0.0,0.0,0.0,0.0,0.0,0.03168,0.84,0.0,0.0
frdm,pb239,239Pb,82,157,239,82239,0.0286,0.028314,2.8314,100.0,0.0,0.0,0.0,0.0,0.0,0.77,0.6930000000000001,6.93,0.08,0.07200000000000001,0.7200000000000001,0.0,0.0,0.0,0.0286,0.77,0.08,0.0
frdm,pb240,240Pb,82,158,240,82240,0.02406,0.0238194,2.38194,100.0,0.0,0.0,0.0,0.0,0.0,0.86,0.774,7.739999999999999,0.01,0.009000000000000001,0.09000000000000001,0.0,0.0,0.0,0.02406,0.86,0.01,0.0
frdm,pb241,241Pb,82,159,241,82241,0.02268,0.0224532,2.24532,100.0,0.0,0.0,0.0,0.0,0.0,0.8,0.7200000000000001,7.2,0.08,0.07200000000000001,0.7200000000000001,0.0,0.0,0.0,0.02268,0.8,0.08,0.0
frdm,pb242,242Pb,82,160,242,82242,0.02024,0.020037600000000003,2.00376,100.0,0.0,0.0,0.0,0.0,0.0,0.87,0.783,7.829999999999999,0.01,0.009000000000000001,0.09000000000000001,0.0,0.0,0.0,0.02024,0.87,0.01,0.0
frdm,pb243,243Pb,82,161,243,82243,0.0161,0.015939,1.5938999999999999,100.0,0.0,0.0,0.0,0.0,0.0,0.77,0.6930000000000001,6.93,0.12,0.108,1.08,0.0,0.0,0.0,0.0161,0.77,0.12,0.0
frdm,pb244,244Pb,82,162,244,82244,0.01492,0.014770799999999999,1.47708,100.0,0.0,0.0,0.0,0.0,0.0,0.88,0.792,7.920000000000001,0.02,0.018000000000000002,0.18000000000000002,0.0,0.0,0.0,0.01492,0.88,0.02,0.0
frdm,pb245,245Pb,82,163,245,82245,0.01276,0.0126324,1.26324,100.0,0.0,0.0,0.0,0.0,0.0,0.61,0.5489999999999999,5.489999999999999,0.33,0.29700000000000004,2.97,0.0,0.0,0.0,0.01276,0.61,0.33,0.0
frdm,pb246,246Pb,82,164,246,82246,0.00456,0.0045144,0.45143999999999995,100.0,0.0,0.0,0.0,0.0,0.0,0.98,0.882,8.82,0.01,0.009000000000000001,0.09000000000000001,0.0,0.0,0.0,0.00456,0.98,0.01,0.0
frdm,pb247,247Pb,82,165,247,82247,0.00642,0.0063558,0.63558,100.0,0.0,0.0,0.0,0.0,0.0,0.53,0.47700000000000004,4.7700000000000005,0.46,0.41400000000000003,4.140000000000001,0.0,0.0,0.0,0.00642,0.53,0.46,0.0
frdm,pb248,248Pb,82,166,248,82248,0.00581,0.0057519,0.57519,100.0,0.0,0.0,0.0,0.0,0.0,0.97,0.873,8.729999999999999,0.02,0.018000000000000002,0.18000000000000002,0.0,0.0,0.0,0.00581,0.97,0.02,0.0
frdm,pb249,249Pb,82,167,249,82249,0.00534,0.0052866,0.52866,100.0,0.0,0.0,0.0,0.0,0.0,0.57,0.5129999999999999,5.129999999999999,0.4,0.36000000000000004,3.6,0.01,0.009000000000000001,0.09000000000000001,0.00534,0.57,0.4,0.01
frdm,pb250,250Pb,82,168,250,82250,0.00524,0.0051876,0.51876,100.0,0.0,0.0,0.0,0.0,0.0,0.94,0.846,8.459999999999999,0.03,0.027,0.27,0.01,0.009000000000000001,0.09000000000000001,0.00524,0.94,0.03,0.01
frdm,pb251,251Pb,82,169,251,82251,0.00654,0.0064746,0.64746,100.0,0.0,0.0,0.0,0.0,0.0,0.26,0.234,2.34,0.71,0.639,6.39,0.01,0.009000000000000001,0.09000000000000001,0.00654,0.26,0.71,0.01
frdm,pb252,252Pb,82,170,252,82252,0.00584,0.0057816,0.57816,100.0,0.0,0.0,0.0,0.0,0.0,0.76,0.684,6.84,0.21,0.189,1.8900000000000001,0.01,0.009000000000000001,0.09000000000000001,0.00584,0.76,0.21,0.01
frdm,pb253,253Pb,82,171,253,82253,0.00532,0.0052668,0.52668,100.0,0.0,0.0,0.0,0.0,0.0,0.19,0.171,1.71,0.77,0.6930000000000001,6.93,0.02,0.018000000000000002,0.18000000000000002,0.00532,0.19,0.77,0.02
frdm,pb254,254Pb,82,172,254,82254,0.00488,0.0048312,0.48312,100.0,0.0,0.0,0.0,0.0,0.0,0.47,0.423,4.2299999999999995,0.48,0.432,4.32,0.03,0.027,0.27,0.00488,0.47,0.48,0.03
frdm,pb255,255Pb,82,173,255,82255,0.00429,0.0042471,0.42471000000000003,100.0,0.0,0.0,0.0,0.0,0.0,0.1,0.09000000000000001,0.9,0.83,0.747,7.469999999999999,0.04,0.036000000000000004,0.36000000000000004,0.00429,0.1,0.83,0.04
frdm,pb256,256Pb,82,174,256,82256,0.00301,0.0029799,0.29799,100.0,0.0,0.0,0.0,0.0,0.0,0.36,0.324,3.2399999999999998,0.58,0.522,5.22,0.04,0.036000000000000004,0.36000000000000004,0.00301,0.36,0.58,0.04
frdm,pb257,257Pb,82,175,257,82257,0.00385,0.0038115000000000002,0.38115,100.0,0.0,0.0,0.0,0.0,0.0,0.07,0.063,0.6300000000000001,0.75,0.675,6.75,0.15,0.135,1.35,0.00385,0.07,0.75,0.15
frdm,pb258,258Pb,82,176,258,82258,0.00281,0.0027819,0.27819000000000005,100.0,0.0,0.0,0.0,0.0,0.0,0.16,0.14400000000000002,1.4400000000000002,0.71,0.639,6.39,0.1,0.09000000000000001,0.9,0.00281,0.16,0.71,0.1
frdm,pb259,259Pb,82,177,259,82259,0.00286,0.0028314,0.28314000000000006,100.0,0.0,0.0,0.0,0.0,0.0,0.03,0.027,0.27,0.67,0.603,6.03,0.25,0.225,2.25,0.00286,0.03,0.67,0.25
frdm,pb260,260Pb,82,178,260,82260,0.00229,0.0022670999999999998,0.22671,100.0,0.0,0.0,0.0,0.0,0.0,0.08,0.07200000000000001,0.7200000000000001,0.61,0.5489999999999999,5.489999999999999,0.27,0.24300000000000002,2.43,0.00229,0.08,0.61,0.27
frdm,pb261,261Pb,82,179,261,82261,0.00238,0.0023562,0.23562000000000002,100.0,0.0,0.0,0.0,0.0,0.0,0.02,0.018000000000000002,0.18000000000000002,0.46,0.41400000000000003,4.140000000000001,0.44,0.396,3.9600000000000004,0.00238,0.02,0.46,0.44
frdm,pb262,262Pb,82,180,262,82262,0.00266,0.0026334,0.26334,100.0,0.0,0.0,0.0,0.0,0.0,0.04,0.036000000000000004,0.36000000000000004,0.25,0.225,2.25,0.64,0.5760000000000001,5.760000000000001,0.00266,0.04,0.25,0.64
frdm,pb263,263Pb,82,181,263,82263,0.00268,0.0026532,0.26532,100.0,0.0,0.0,0.0,0.0,0.0,0.02,0.018000000000000002,0.18000000000000002,0.19,0.171,1.71,0.49,0.441,4.41,0.00268,0.02,0.19,0.49
frdm,pb264,264Pb,82,182,264,82264,0.00259,0.0025640999999999997,0.25641,100.0,0.0,0.0,0.0,0.0,0.0,0.04,0.036000000000000004,0.36000000000000004,0.11,0.099,0.9900000000000001,0.71,0.639,6.39,0.00259,0.04,0.11,0.71
frdm,pb265,265Pb,82,183,265,82265,0.0024,0.0023759999999999996,0.23759999999999998,100.0,0.0,0.0,0.0,0.0,0.0,0.02,0.018000000000000002,0.18000000000000002,0.11,0.099,0.9900000000000001,0.33,0.29700000000000004,2.97,0.0024,0.02,0.11,0.33
frdm,pb266,266Pb,82,184,266,82266,0.00178,0.0017621999999999998,0.17622,100.0,0.0,0.0,0.0,0.0,0.0,0.05,0.045000000000000005,0.45,0.07,0.063,0.6300000000000001,0.65,0.585,5.85,0.00178,0.05,0.07,0.65
frdm,bi221,221Bi,83,138,221,83221,4.97564,4.925883600000001,492.58836,100.0,0.0,0.0,0.0,0.0,0.0,0.02,0.018000000000000002,0.18000000000000002,0.0,0.0,0.0,0.0,0.0,0.0,4.97564,0.02,0.0,0.0
frdm,bi222,222Bi,83,139,222,83222,3.93335,3.8940164999999998,389.40164999999996,100.0,0.0,0.0,0.0,0.0,0.0,0.07,0.063,0.6300000000000001,0.0,0.0,0.0,0.0,0.0,0.0,3.93335,0.07,0.0,0.0
frdm,bi223,223Bi,83,140,223,83223,3.4066,3.372534,337.2534,100.0,0.0,0.0,0.0,0.0,0.0,0.17,0.15300000000000002,1.5300000000000002,0.0,0.0,0.0,0.0,0.0,0.0,3.4066,0.17,0.0,0.0
frdm,bi224,224Bi,83,141,224,83224,2.27951,2.2567149,225.67149000000003,100.0,0.0,0.0,0.0,0.0,0.0,0.12,0.108,1.08,0.0,0.0,0.0,0.0,0.0,0.0,2.27951,0.12,0.0,0.0
frdm,bi225,225Bi,83,142,225,83225,1.44616,1.4316984,143.16984,100.0,0.0,0.0,0.0,0.0,0.0,0.26,0.234,2.34,0.0,0.0,0.0,0.0,0.0,0.0,1.44616,0.26,0.0,0.0
frdm,bi226,226Bi,83,143,226,83226,0.65074,0.6442325999999999,64.42326,100.0,0.0,0.0,0.0,0.0,0.0,0.16,0.14400000000000002,1.4400000000000002,0.0,0.0,0.0,0.0,0.0,0.0,0.65074,0.16,0.0,0.0
frdm,bi227,227Bi,83,144,227,83227,1.18082,1.1690118,116.90118,100.0,0.0,0.0,0.0,0.0,0.0,0.4,0.36000000000000004,3.6,0.0,0.0,0.0,0.0,0.0,0.0,1.18082,0.4,0.0,0.0
frdm,bi228,228Bi,83,145,228,83228,0.45633,0.4517667,45.17667,100.0,0.0,0.0,0.0,0.0,0.0,0.22,0.198,1.9800000000000002,0.0,0.0,0.0,0.0,0.0,0.0,0.45633,0.22,0.0,0.0
frdm,bi229,229Bi,83,146,229,83229,0.48209,0.4772691,47.726910000000004,100.0,0.0,0.0,0.0,0.0,0.0,0.54,0.48600000000000004,4.86,0.0,0.0,0.0,0.0,0.0,0.0,0.48209,0.54,0.0,0.0
frdm,bi230,230Bi,83,147,230,83230,0.29502,0.2920698,29.206979999999998,100.0,0.0,0.0,0.0,0.0,0.0,0.42,0.378,3.7800000000000002,0.0,0.0,0.0,0.0,0.0,0.0,0.29502,0.42,0.0,0.0
frdm,bi231,231Bi,83,148,231,83231,0.15598,0.1544202,15.442020000000001,100.0,0.0,0.0,0.0,0.0,0.0,0.44,0.396,3.9600000000000004,0.0,0.0,0.0,0.0,0.0,0.0,0.15598,0.44,0.0,0.0
frdm,bi232,232Bi,83,149,232,83232,0.09735,0.0963765,9.63765,100.0,0.0,0.0,0.0,0.0,0.0,0.42,0.378,3.7800000000000002,0.0,0.0,0.0,0.0,0.0,0.0,0.09735,0.42,0.0,0.0
frdm,bi233,233Bi,83,150,233,83233,0.10334,0.1023066,10.23066,100.0,0.0,0.0,0.0,0.0,0.0,0.6,0.54,5.4,0.0,0.0,0.0,0.0,0.0,0.0,0.10334,0.6,0.0,0.0
frdm,bi234,234Bi,83,151,234,83234,0.13805,0.1366695,13.66695,100.0,0.0,0.0,0.0,0.0,0.0,0.78,0.7020000000000001,7.0200000000000005,0.01,0.009000000000000001,0.09000000000000001,0.0,0.0,0.0,0.13805,0.78,0.01,0.0
frdm,bi235,235Bi,83,152,235,83235,0.10055,0.0995445,9.95445,100.0,0.0,0.0,0.0,0.0,0.0,0.84,0.756,7.5600000000000005,0.0,0.0,0.0,0.0,0.0,0.0,0.10055,0.84,0.0,0.0
frdm,bi236,236Bi,83,153,236,83236,0.07044,0.06973560000000001,6.973560000000001,100.0,0.0,0.0,0.0,0.0,0.0,0.8,0.7200000000000001,7.2,0.05,0.045000000000000005,0.45,0.0,0.0,0.0,0.07044,0.8,0.05,0.0
frdm,bi237,237Bi,83,154,237,83237,0.07363,0.0728937,7.289370000000001,100.0,0.0,0.0,0.0,0.0,0.0,0.92,0.8280000000000001,8.280000000000001,0.02,0.018000000000000002,0.18000000000000002,0.0,0.0,0.0,0.07363,0.92,0.02,0.0
frdm,bi238,238Bi,83,155,238,83238,0.05091,0.0504009,5.040089999999999,100.0,0.0,0.0,0.0,0.0,0.0,0.61,0.5489999999999999,5.489999999999999,0.28,0.252,2.5200000000000005,0.0,0.0,0.0,0.05091,0.61,0.28,0.0
frdm,bi239,239Bi,83,156,239,83239,0.04068,0.0402732,4.0273200000000005,100.0,0.0,0.0,0.0,0.0,0.0,0.92,0.8280000000000001,8.280000000000001,0.05,0.045000000000000005,0.45,0.0,0.0,0.0,0.04068,0.92,0.05,0.0
frdm,bi240,240Bi,83,157,240,83240,0.03662,0.0362538,3.62538,100.0,0.0,0.0,0.0,0.0,0.0,0.42,0.378,3.7800000000000002,0.5,0.45,4.5,0.0,0.0,0.0,0.03662,0.42,0.5,0.0
frdm,bi241,241Bi,83,158,241,83241,0.03305,0.032719500000000006,3.2719500000000004,100.0,0.0,0.0,0.0,0.0,0.0,0.89,0.801,8.01,0.08,0.07200000000000001,0.7200000000000001,0.0,0.0,0.0,0.03305,0.89,0.08,0.0
frdm,bi242,242Bi,83,159,242,83242,0.02913,0.0288387,2.88387,100.0,0.0,0.0,0.0,0.0,0.0,0.39,0.35100000000000003,3.5100000000000002,0.54,0.48600000000000004,4.86,0.0,0.0,0.0,0.02913,0.39,0.54,0.0
frdm,bi243,243Bi,83,160,243,83243,0.02594,0.0256806,2.5680600000000005,100.0,0.0,0.0,0.0,0.0,0.0,0.85,0.765,7.65,0.12,0.108,1.08,0.0,0.0,0.0,0.02594,0.85,0.12,0.0
frdm,bi244,244Bi,83,161,244,83244,0.02087,0.0206613,2.06613,100.0,0.0,0.0,0.0,0.0,0.0,0.39,0.35100000000000003,3.5100000000000002,0.55,0.49500000000000005,4.95,0.0,0.0,0.0,0.02087,0.39,0.55,0.0
frdm,bi245,245Bi,83,162,245,83245,0.01912,0.018928800000000003,1.8928800000000001,100.0,0.0,0.0,0.0,0.0,0.0,0.77,0.6930000000000001,6.93,0.21,0.189,1.8900000000000001,0.0,0.0,0.0,0.01912,0.77,0.21,0.0
frdm,bi246,246Bi,83,163,246,83246,0.01664,0.016473599999999998,1.64736,100.0,0.0,0.0,0.0,0.0,0.0,0.23,0.20700000000000002,2.0700000000000003,0.74,0.666,6.66,0.0,0.0,0.0,0.01664,0.23,0.74,0.0
frdm,bi247,247Bi,83,164,247,83247,0.01423,0.0140877,1.40877,100.0,0.0,0.0,0.0,0.0,0.0,0.45,0.405,4.05,0.53,0.47700000000000004,4.7700000000000005,0.01,0.009000000000000001,0.09000000000000001,0.01423,0.45,0.53,0.01
frdm,bi248,248Bi,83,165,248,83248,0.00646,0.0063954,0.6395399999999999,100.0,0.0,0.0,0.0,0.0,0.0,0.1,0.09000000000000001,0.9,0.88,0.792,7.920000000000001,0.01,0.009000000000000001,0.09000000000000001,0.00646,0.1,0.88,0.01
frdm,bi249,249Bi,83,166,249,83249,0.00677,0.0067023,0.67023,100.0,0.0,0.0,0.0,0.0,0.0,0.58,0.522,5.22,0.4,0.36000000000000004,3.6,0.01,0.009000000000000001,0.09000000000000001,0.00677,0.58,0.4,0.01
frdm,bi250,250Bi,83,167,250,83250,0.00646,0.0063954,0.6395399999999999,100.0,0.0,0.0,0.0,0.0,0.0,0.1,0.09000000000000001,0.9,0.88,0.792,7.920000000000001,0.01,0.009000000000000001,0.09000000000000001,0.00646,0.1,0.88,0.01
frdm,bi251,251Bi,83,168,251,83251,0.00711,0.0070389,0.70389,100.0,0.0,0.0,0.0,0.0,0.0,0.49,0.441,4.41,0.49,0.441,4.41,0.01,0.009000000000000001,0.09000000000000001,0.00711,0.49,0.49,0.01
frdm,bi252,252Bi,83,169,252,83252,0.0074,0.007326,0.7326,100.0,0.0,0.0,0.0,0.0,0.0,0.07,0.063,0.6300000000000001,0.91,0.8190000000000001,8.19,0.01,0.009000000000000001,0.09000000000000001,0.0074,0.07,0.91,0.01
frdm,bi253,253Bi,83,170,253,83253,0.00636,0.006296400000000001,0.62964,100.0,0.0,0.0,0.0,0.0,0.0,0.3,0.27,2.7,0.66,0.5940000000000001,5.94,0.03,0.027,0.27,0.00636,0.3,0.66,0.03
frdm,bi254,254Bi,83,171,254,83254,0.00609,0.0060291,0.60291,100.0,0.0,0.0,0.0,0.0,0.0,0.07,0.063,0.6300000000000001,0.89,0.801,8.01,0.03,0.027,0.27,0.00609,0.07,0.89,0.03
frdm,bi255,255Bi,83,172,255,83255,0.00557,0.005514300000000001,0.5514300000000001,100.0,0.0,0.0,0.0,0.0,0.0,0.17,0.15300000000000002,1.5300000000000002,0.73,0.657,6.57,0.09,0.081,0.8099999999999999,0.00557,0.17,0.73,0.09
frdm,bi256,256Bi,83,173,256,83256,0.00509,0.0050390999999999995,0.50391,100.0,0.0,0.0,0.0,0.0,0.0,0.04,0.036000000000000004,0.36000000000000004,0.83,0.747,7.469999999999999,0.11,0.099,0.9900000000000001,0.00509,0.04,0.83,0.11
frdm,bi257,257Bi,83,174,257,83257,0.00403,0.0039897,0.39897,100.0,0.0,0.0,0.0,0.0,0.0,0.07,0.063,0.6300000000000001,0.7,0.63,6.3,0.22,0.198,1.9800000000000002,0.00403,0.07,0.7,0.22
frdm,bi258,258Bi,83,175,258,83258,0.00441,0.0043659,0.43659,100.0,0.0,0.0,0.0,0.0,0.0,0.03,0.027,0.27,0.57,0.5129999999999999,5.129999999999999,0.36,0.324,3.2399999999999998,0.00441,0.03,0.57,0.36
frdm,bi259,259Bi,83,176,259,83259,0.00415,0.0041085,0.41085,100.0,0.0,0.0,0.0,0.0,0.0,0.05,0.045000000000000005,0.45,0.39,0.35100000000000003,3.5100000000000002,0.54,0.48600000000000004,4.86,0.00415,0.05,0.39,0.54
frdm,bi260,260Bi,83,177,260,83260,0.00362,0.0035838,0.35838,100.0,0.0,0.0,0.0,0.0,0.0,0.02,0.018000000000000002,0.18000000000000002,0.36,0.324,3.2399999999999998,0.55,0.49500000000000005,4.95,0.00362,0.02,0.36,0.55
frdm,bi261,261Bi,83,178,261,83261,0.00318,0.0031482000000000003,0.31482,100.0,0.0,0.0,0.0,0.0,0.0,0.03,0.027,0.27,0.22,0.198,1.9800000000000002,0.71,0.639,6.39,0.00318,0.03,0.22,0.71
frdm,bi262,262Bi,83,179,262,83262,0.00298,0.0029502,0.29502,100.0,0.0,0.0,0.0,0.0,0.0,0.01,0.009000000000000001,0.09000000000000001,0.18,0.162,1.6199999999999999,0.58,0.522,5.22,0.00298,0.01,0.18,0.58
frdm,bi263,263Bi,83,180,263,83263,0.00317,0.0031383,0.31383,100.0,0.0,0.0,0.0,0.0,0.0,0.03,0.027,0.27,0.07,0.063,0.6300000000000001,0.77,0.6930000000000001,6.93,0.00317,0.03,0.07,0.77
frdm,bi264,264Bi,83,181,264,83264,0.00302,0.0029898,0.29897999999999997,100.0,0.0,0.0,0.0,0.0,0.0,0.01,0.009000000000000001,0.09000000000000001,0.07,0.063,0.6300000000000001,0.35,0.315,3.15,0.00302,0.01,0.07,0.35
frdm,bi265,265Bi,83,182,265,83265,0.00279,0.0027621,0.27620999999999996,100.0,0.0,0.0,0.0,0.0,0.0,0.03,0.027,0.27,0.03,0.027,0.27,0.61,0.5489999999999999,5.489999999999999,0.00279,0.03,0.03,0.61
frdm,bi266,266Bi,83,183,266,83266,0.00255,0.0025245000000000003,0.25245,100.0,0.0,0.0,0.0,0.0,0.0,0.01,0.009000000000000001,0.09000000000000001,0.06,0.054,0.54,0.17,0.15300000000000002,1.5300000000000002,0.00255,0.01,0.06,0.17
frdm,bi267,267Bi,83,184,267,83267,0.00207,0.0020493,0.20493,100.0,0.0,0.0,0.0,0.0,0.0,0.03,0.027,0.27,0.03,0.027,0.27,0.44,0.396,3.9600000000000004,0.00207,0.03,0.03,0.44
frdm,po220,220Po,84,136,220,84220,421.17444,416.9626956,41696.26956,100.0,0.0,0.0,0.0,0.0,0.0,0.0,0.0,0.0,0.0,0.0,0.0,0.0,0.0,0.0,421.17444,0.0,0.0,0.0
frdm,po223,223Po,84,139,223,84223,4.00515,3.9650985000000003,396.50985000000003,100.0,0.0,0.0,0.0,0.0,0.0,0.0,0.0,0.0,0.0,0.0,0.0,0.0,0.0,0.0,4.00515,0.0,0.0,0.0
frdm,po224,224Po,84,140,224,84224,12.26569,12.143033099999998,1214.30331,100.0,0.0,0.0,0.0,0.0,0.0,0.0,0.0,0.0,0.0,0.0,0.0,0.0,0.0,0.0,12.26569,0.0,0.0,0.0
frdm,po225,225Po,84,141,225,84225,6.78719,6.7193181,671.9318099999999,100.0,0.0,0.0,0.0,0.0,0.0,0.0,0.0,0.0,0.0,0.0,0.0,0.0,0.0,0.0,6.78719,0.0,0.0,0.0
frdm,po226,226Po,84,142,226,84226,4.05044,4.0099356,400.99356,100.0,0.0,0.0,0.0,0.0,0.0,0.0,0.0,0.0,0.0,0.0,0.0,0.0,0.0,0.0,4.05044,0.0,0.0,0.0
frdm,po227,227Po,84,143,227,84227,1.3363,1.322937,132.2937,100.0,0.0,0.0,0.0,0.0,0.0,0.0,0.0,0.0,0.0,0.0,0.0,0.0,0.0,0.0,1.3363,0.0,0.0,0.0
frdm,po228,228Po,84,144,228,84228,2.08545,2.0645955,206.45954999999998,100.0,0.0,0.0,0.0,0.0,0.0,0.0,0.0,0.0,0.0,0.0,0.0,0.0,0.0,0.0,2.08545,0.0,0.0,0.0
frdm,po229,229Po,84,145,229,84229,0.91533,0.9061767,90.61767,100.0,0.0,0.0,0.0,0.0,0.0,0.0,0.0,0.0,0.0,0.0,0.0,0.0,0.0,0.0,0.91533,0.0,0.0,0.0
frdm,po230,230Po,84,146,230,84230,0.8705,0.8617950000000001,86.1795,100.0,0.0,0.0,0.0,0.0,0.0,0.0,0.0,0.0,0.0,0.0,0.0,0.0,0.0,0.0,0.8705,0.0,0.0,0.0
frdm,po231,231Po,84,147,231,84231,0.54236,0.5369364,53.693639999999995,100.0,0.0,0.0,0.0,0.0,0.0,0.01,0.009000000000000001,0.09000000000000001,0.0,0.0,0.0,0.0,0.0,0.0,0.54236,0.01,0.0,0.0
frdm,po232,232Po,84,148,232,84232,0.57917,0.5733783,57.33783,100.0,0.0,0.0,0.0,0.0,0.0,0.02,0.018000000000000002,0.18000000000000002,0.0,0.0,0.0,0.0,0.0,0.0,0.57917,0.02,0.0,0.0
frdm,po233,233Po,84,149,233,84233,0.22652,0.2242548,22.42548,100.0,0.0,0.0,0.0,0.0,0.0,0.04,0.036000000000000004,0.36000000000000004,0.0,0.0,0.0,0.0,0.0,0.0,0.22652,0.04,0.0,0.0
frdm,po234,234Po,84,150,234,84234,0.27573,0.27297269999999996,27.297269999999997,100.0,0.0,0.0,0.0,0.0,0.0,0.08,0.07200000000000001,0.7200000000000001,0.0,0.0,0.0,0.0,0.0,0.0,0.27573,0.08,0.0,0.0
frdm,po235,235Po,84,151,235,84235,0.23904,0.23664960000000002,23.66496,100.0,0.0,0.0,0.0,0.0,0.0,0.17,0.15300000000000002,1.5300000000000002,0.0,0.0,0.0,0.0,0.0,0.0,0.23904,0.17,0.0,0.0
frdm,po236,236Po,84,152,236,84236,0.15821,0.1566279,15.66279,100.0,0.0,0.0,0.0,0.0,0.0,0.22,0.198,1.9800000000000002,0.0,0.0,0.0,0.0,0.0,0.0,0.15821,0.22,0.0,0.0
frdm,po237,237Po,84,153,237,84237,0.10837,0.1072863,10.728629999999999,100.0,0.0,0.0,0.0,0.0,0.0,0.37,0.333,3.33,0.0,0.0,0.0,0.0,0.0,0.0,0.10837,0.37,0.0,0.0
frdm,po238,238Po,84,154,238,84238,0.11444,0.1132956,11.32956,100.0,0.0,0.0,0.0,0.0,0.0,0.45,0.405,4.05,0.0,0.0,0.0,0.0,0.0,0.0,0.11444,0.45,0.0,0.0
frdm,po239,239Po,84,155,239,84239,0.07429,0.07354709999999999,7.354709999999999,100.0,0.0,0.0,0.0,0.0,0.0,0.59,0.5309999999999999,5.31,0.0,0.0,0.0,0.0,0.0,0.0,0.07429,0.59,0.0,0.0
frdm,po240,240Po,84,156,240,84240,0.06967,0.0689733,6.897329999999999,100.0,0.0,0.0,0.0,0.0,0.0,0.7,0.63,6.3,0.0,0.0,0.0,0.0,0.0,0.0,0.06967,0.7,0.0,0.0
frdm,po241,241Po,84,157,241,84241,0.06377,0.06313229999999999,6.313229999999999,100.0,0.0,0.0,0.0,0.0,0.0,0.72,0.648,6.4799999999999995,0.01,0.009000000000000001,0.09000000000000001,0.0,0.0,0.0,0.06377,0.72,0.01,0.0
frdm,po242,242Po,84,158,242,84242,0.04865,0.0481635,4.81635,100.0,0.0,0.0,0.0,0.0,0.0,0.7,0.63,6.3,0.0,0.0,0.0,0.0,0.0,0.0,0.04865,0.7,0.0,0.0
frdm,po243,243Po,84,159,243,84243,0.04498,0.0445302,4.45302,100.0,0.0,0.0,0.0,0.0,0.0,0.8,0.7200000000000001,7.2,0.0,0.0,0.0,0.0,0.0,0.0,0.04498,0.8,0.0,0.0
frdm,po244,244Po,84,160,244,84244,0.04322,0.0427878,4.27878,100.0,0.0,0.0,0.0,0.0,0.0,0.75,0.675,6.75,0.0,0.0,0.0,0.0,0.0,0.0,0.04322,0.75,0.0,0.0
frdm,po245,245Po,84,161,245,84245,0.02904,0.0287496,2.8749599999999997,100.0,0.0,0.0,0.0,0.0,0.0,0.77,0.6930000000000001,6.93,0.01,0.009000000000000001,0.09000000000000001,0.0,0.0,0.0,0.02904,0.77,0.01,0.0
frdm,po246,246Po,84,162,246,84246,0.02871,0.0284229,2.84229,100.0,0.0,0.0,0.0,0.0,0.0,0.82,0.738,7.379999999999999,0.0,0.0,0.0,0.0,0.0,0.0,0.02871,0.82,0.0,0.0
frdm,po247,247Po,84,163,247,84247,0.02386,0.0236214,2.36214,100.0,0.0,0.0,0.0,0.0,0.0,0.82,0.738,7.379999999999999,0.07,0.063,0.6300000000000001,0.0,0.0,0.0,0.02386,0.82,0.07,0.0
frdm,po248,248Po,84,164,248,84248,0.01909,0.0188991,1.88991,100.0,0.0,0.0,0.0,0.0,0.0,0.9,0.81,8.1,0.01,0.009000000000000001,0.09000000000000001,0.0,0.0,0.0,0.01909,0.9,0.01,0.0
frdm,po249,249Po,84,165,249,84249,0.01274,0.0126126,1.26126,100.0,0.0,0.0,0.0,0.0,0.0,0.8,0.7200000000000001,7.2,0.17,0.15300000000000002,1.5300000000000002,0.0,0.0,0.0,0.01274,0.8,0.17,0.0
frdm,po250,250Po,84,166,250,84250,0.01117,0.0110583,1.10583,100.0,0.0,0.0,0.0,0.0,0.0,0.97,0.873,8.729999999999999,0.01,0.009000000000000001,0.09000000000000001,0.0,0.0,0.0,0.01117,0.97,0.01,0.0
frdm,po251,251Po,84,167,251,84251,0.01102,0.0109098,1.09098,100.0,0.0,0.0,0.0,0.0,0.0,0.81,0.7290000000000001,7.290000000000001,0.15,0.135,1.35,0.0,0.0,0.0,0.01102,0.81,0.15,0.0
frdm,po252,252Po,84,168,252,84252,0.00956,0.009464400000000001,0.9464400000000001,100.0,0.0,0.0,0.0,0.0,0.0,0.96,0.864,8.64,0.01,0.009000000000000001,0.09000000000000001,0.0,0.0,0.0,0.00956,0.96,0.01,0.0
frdm,po253,253Po,84,169,253,84253,0.00951,0.009414899999999999,0.9414899999999999,100.0,0.0,0.0,0.0,0.0,0.0,0.74,0.666,6.66,0.23,0.20700000000000002,2.0700000000000003,0.0,0.0,0.0,0.00951,0.74,0.23,0.0
frdm,po254,254Po,84,170,254,84254,0.00829,0.0082071,0.82071,100.0,0.0,0.0,0.0,0.0,0.0,0.95,0.855,8.55,0.02,0.018000000000000002,0.18000000000000002,0.0,0.0,0.0,0.00829,0.95,0.02,0.0
frdm,po255,255Po,84,171,255,84255,0.00819,0.0081081,0.8108099999999999,100.0,0.0,0.0,0.0,0.0,0.0,0.5,0.45,4.5,0.47,0.423,4.2299999999999995,0.0,0.0,0.0,0.00819,0.5,0.47,0.0
frdm,po256,256Po,84,172,256,84256,0.00703,0.0069597,0.69597,100.0,0.0,0.0,0.0,0.0,0.0,0.86,0.774,7.739999999999999,0.11,0.099,0.9900000000000001,0.01,0.009000000000000001,0.09000000000000001,0.00703,0.86,0.11,0.01
frdm,po257,257Po,84,173,257,84257,0.00682,0.0067518,0.6751799999999999,100.0,0.0,0.0,0.0,0.0,0.0,0.26,0.234,2.34,0.7,0.63,6.3,0.01,0.009000000000000001,0.09000000000000001,0.00682,0.26,0.7,0.01
frdm,po258,258Po,84,174,258,84258,0.00649,0.0064251,0.64251,100.0,0.0,0.0,0.0,0.0,0.0,0.59,0.5309999999999999,5.31,0.38,0.342,3.42,0.01,0.009000000000000001,0.09000000000000001,0.00649,0.59,0.38,0.01
frdm,po259,259Po,84,175,259,84259,0.00583,0.0057717,0.57717,100.0,0.0,0.0,0.0,0.0,0.0,0.12,0.108,1.08,0.83,0.747,7.469999999999999,0.02,0.018000000000000002,0.18000000000000002,0.00583,0.12,0.83,0.02
frdm,po260,260Po,84,176,260,84260,0.00477,0.0047223,0.47223,100.0,0.0,0.0,0.0,0.0,0.0,0.45,0.405,4.05,0.51,0.459,4.59,0.03,0.027,0.27,0.00477,0.45,0.51,0.03
frdm,po261,261Po,84,177,261,84261,0.00493,0.0048807,0.48807000000000006,100.0,0.0,0.0,0.0,0.0,0.0,0.06,0.054,0.54,0.86,0.774,7.739999999999999,0.05,0.045000000000000005,0.45,0.00493,0.06,0.86,0.05
frdm,po262,262Po,84,178,262,84262,0.00389,0.0038510999999999997,0.38510999999999995,100.0,0.0,0.0,0.0,0.0,0.0,0.24,0.216,2.16,0.69,0.621,6.209999999999999,0.05,0.045000000000000005,0.45,0.00389,0.24,0.69,0.05
frdm,po263,263Po,84,179,263,84263,0.00316,0.0031284,0.31284,100.0,0.0,0.0,0.0,0.0,0.0,0.03,0.027,0.27,0.84,0.756,7.5600000000000005,0.09,0.081,0.8099999999999999,0.00316,0.03,0.84,0.09
frdm,po264,264Po,84,180,264,84264,0.00356,0.0035243999999999996,0.35244,100.0,0.0,0.0,0.0,0.0,0.0,0.08,0.07200000000000001,0.7200000000000001,0.64,0.5760000000000001,5.760000000000001,0.25,0.225,2.25,0.00356,0.08,0.64,0.25
frdm,po265,265Po,84,181,265,84265,0.00343,0.0033956999999999998,0.33957,100.0,0.0,0.0,0.0,0.0,0.0,0.02,0.018000000000000002,0.18000000000000002,0.6,0.54,5.4,0.33,0.29700000000000004,2.97,0.00343,0.02,0.6,0.33
frdm,po266,266Po,84,182,266,84266,0.00327,0.0032373,0.32373,100.0,0.0,0.0,0.0,0.0,0.0,0.06,0.054,0.54,0.43,0.387,3.8699999999999997,0.46,0.41400000000000003,4.140000000000001,0.00327,0.06,0.43,0.46
frdm,po267,267Po,84,183,267,84267,0.00311,0.0030789,0.30789,100.0,0.0,0.0,0.0,0.0,0.0,0.02,0.018000000000000002,0.18000000000000002,0.41,0.369,3.6899999999999995,0.45,0.405,4.05,0.00311,0.02,0.41,0.45
frdm,po268,268Po,84,184,268,84268,0.00255,0.0025245000000000003,0.25245,100.0,0.0,0.0,0.0,0.0,0.0,0.04,0.036000000000000004,0.36000000000000004,0.32,0.28800000000000003,2.8800000000000003,0.56,0.504,5.040000000000001,0.00255,0.04,0.32,0.56
frdm,at225,225At,85,140,225,85225,4.70464,4.6575936,465.7593600000001,100.0,0.0,0.0,0.0,0.0,0.0,0.0,0.0,0.0,0.0,0.0,0.0,0.0,0.0,0.0,4.70464,0.0,0.0,0.0
frdm,at226,226At,85,141,226,85226,14.15695,14.015380500000001,1401.5380499999999,100.0,0.0,0.0,0.0,0.0,0.0,0.0,0.0,0.0,0.0,0.0,0.0,0.0,0.0,0.0,14.15695,0.0,0.0,0.0
frdm,at227,227At,85,142,227,85227,8.89936,8.8103664,881.0366399999999,100.0,0.0,0.0,0.0,0.0,0.0,0.0,0.0,0.0,0.0,0.0,0.0,0.0,0.0,0.0,8.89936,0.0,0.0,0.0
frdm,at228,228At,85,143,228,85228,2.30294,2.2799106,227.99106,100.0,0.0,0.0,0.0,0.0,0.0,0.0,0.0,0.0,0.0,0.0,0.0,0.0,0.0,0.0,2.30294,0.0,0.0,0.0
frdm,at229,229At,85,144,229,85229,2.40203,2.3780097,237.80096999999998,100.0,0.0,0.0,0.0,0.0,0.0,0.03,0.027,0.27,0.0,0.0,0.0,0.0,0.0,0.0,2.40203,0.03,0.0,0.0
frdm,at230,230At,85,145,230,85230,0.77255,0.7648244999999999,76.48245,100.0,0.0,0.0,0.0,0.0,0.0,0.02,0.018000000000000002,0.18000000000000002,0.0,0.0,0.0,0.0,0.0,0.0,0.77255,0.02,0.0,0.0
frdm,at231,231At,85,146,231,85231,1.84227,1.8238473000000002,182.38473,100.0,0.0,0.0,0.0,0.0,0.0,0.12,0.108,1.08,0.0,0.0,0.0,0.0,0.0,0.0,1.84227,0.12,0.0,0.0
frdm,at232,232At,85,147,232,85232,0.99072,0.9808128,98.08128,100.0,0.0,0.0,0.0,0.0,0.0,0.09,0.081,0.8099999999999999,0.0,0.0,0.0,0.0,0.0,0.0,0.99072,0.09,0.0,0.0
frdm,at233,233At,85,148,233,85233,1.01848,1.0082952,100.82952,100.0,0.0,0.0,0.0,0.0,0.0,0.29,0.261,2.61,0.0,0.0,0.0,0.0,0.0,0.0,1.01848,0.29,0.0,0.0
frdm,at234,234At,85,149,234,85234,0.36878,0.3650922,36.50922,100.0,0.0,0.0,0.0,0.0,0.0,0.22,0.198,1.9800000000000002,0.0,0.0,0.0,0.0,0.0,0.0,0.36878,0.22,0.0,0.0
frdm,at235,235At,85,150,235,85235,0.55165,0.5461334999999999,54.61335,100.0,0.0,0.0,0.0,0.0,0.0,0.46,0.41400000000000003,4.140000000000001,0.0,0.0,0.0,0.0,0.0,0.0,0.55165,0.46,0.0,0.0
frdm,at236,236At,85,151,236,85236,0.21679,0.2146221,21.462210000000002,100.0,0.0,0.0,0.0,0.0,0.0,0.35,0.315,3.15,0.0,0.0,0.0,0.0,0.0,0.0,0.21679,0.35,0.0,0.0
frdm,at237,237At,85,152,237,85237,0.1536,0.15206399999999998,15.206399999999999,100.0,0.0,0.0,0.0,0.0,0.0,0.56,0.504,5.040000000000001,0.0,0.0,0.0,0.0,0.0,0.0,0.1536,0.56,0.0,0.0
frdm,at238,238At,85,153,238,85238,0.11305,0.11191949999999999,11.19195,100.0,0.0,0.0,0.0,0.0,0.0,0.59,0.5309999999999999,5.31,0.0,0.0,0.0,0.0,0.0,0.0,0.11305,0.59,0.0,0.0
frdm,at239,239At,85,154,239,85239,0.11581,0.1146519,11.46519,100.0,0.0,0.0,0.0,0.0,0.0,0.77,0.6930000000000001,6.93,0.0,0.0,0.0,0.0,0.0,0.0,0.11581,0.77,0.0,0.0
frdm,at240,240At,85,155,240,85240,0.08633,0.0854667,8.54667,100.0,0.0,0.0,0.0,0.0,0.0,0.71,0.639,6.39,0.04,0.036000000000000004,0.36000000000000004,0.0,0.0,0.0,0.08633,0.71,0.04,0.0
frdm,at241,241At,85,156,241,85241,0.08499,0.0841401,8.41401,100.0,0.0,0.0,0.0,0.0,0.0,0.93,0.8370000000000001,8.370000000000001,0.0,0.0,0.0,0.0,0.0,0.0,0.08499,0.93,0.0,0.0
frdm,at242,242At,85,157,242,85242,0.09268,0.0917532,9.175320000000001,100.0,0.0,0.0,0.0,0.0,0.0,0.69,0.621,6.209999999999999,0.18,0.162,1.6199999999999999,0.0,0.0,0.0,0.09268,0.69,0.18,0.0
frdm,at243,243At,85,158,243,85243,0.06538,0.0647262,6.472619999999999,100.0,0.0,0.0,0.0,0.0,0.0,0.93,0.8370000000000001,8.370000000000001,0.0,0.0,0.0,0.0,0.0,0.0,0.06538,0.93,0.0,0.0
frdm,at244,244At,85,159,244,85244,0.05372,0.053182799999999995,5.31828,100.0,0.0,0.0,0.0,0.0,0.0,0.72,0.648,6.4799999999999995,0.17,0.15300000000000002,1.5300000000000002,0.0,0.0,0.0,0.05372,0.72,0.17,0.0
frdm,at245,245At,85,160,245,85245,0.05882,0.0582318,5.82318,100.0,0.0,0.0,0.0,0.0,0.0,0.93,0.8370000000000001,8.370000000000001,0.01,0.009000000000000001,0.09000000000000001,0.0,0.0,0.0,0.05882,0.93,0.01,0.0
frdm,at246,246At,85,161,246,85246,0.04707,0.0465993,4.65993,100.0,0.0,0.0,0.0,0.0,0.0,0.61,0.5489999999999999,5.489999999999999,0.28,0.252,2.5200000000000005,0.0,0.0,0.0,0.04707,0.61,0.28,0.0
frdm,at247,247At,85,162,247,85247,0.03915,0.038758499999999994,3.87585,100.0,0.0,0.0,0.0,0.0,0.0,0.91,0.8190000000000001,8.19,0.03,0.027,0.27,0.0,0.0,0.0,0.03915,0.91,0.03,0.0
frdm,at248,248At,85,163,248,85248,0.03262,0.032293800000000004,3.2293800000000004,100.0,0.0,0.0,0.0,0.0,0.0,0.49,0.441,4.41,0.45,0.405,4.05,0.0,0.0,0.0,0.03262,0.49,0.45,0.0
frdm,at249,249At,85,164,249,85249,0.02587,0.0256113,2.5611300000000004,100.0,0.0,0.0,0.0,0.0,0.0,0.76,0.684,6.84,0.2,0.18000000000000002,1.8,0.0,0.0,0.0,0.02587,0.76,0.2,0.0
frdm,at250,250At,85,165,250,85250,0.01564,0.015483600000000002,1.54836,100.0,0.0,0.0,0.0,0.0,0.0,0.36,0.324,3.2399999999999998,0.62,0.558,5.58,0.0,0.0,0.0,0.01564,0.36,0.62,0.0
frdm,at251,251At,85,166,251,85251,0.01391,0.0137709,1.37709,100.0,0.0,0.0,0.0,0.0,0.0,0.81,0.7290000000000001,7.290000000000001,0.18,0.162,1.6199999999999999,0.0,0.0,0.0,0.01391,0.81,0.18,0.0
frdm,at252,252At,85,167,252,85252,0.01625,0.0160875,1.60875,100.0,0.0,0.0,0.0,0.0,0.0,0.22,0.198,1.9800000000000002,0.73,0.657,6.57,0.0,0.0,0.0,0.01625,0.22,0.73,0.0
frdm,at253,253At,85,168,253,85253,0.01402,0.0138798,1.38798,100.0,0.0,0.0,0.0,0.0,0.0,0.84,0.756,7.5600000000000005,0.15,0.135,1.35,0.0,0.0,0.0,0.01402,0.84,0.15,0.0
frdm,at254,254At,85,169,254,85254,0.01354,0.0134046,1.34046,100.0,0.0,0.0,0.0,0.0,0.0,0.28,0.252,2.5200000000000005,0.7,0.63,6.3,0.0,0.0,0.0,0.01354,0.28,0.7,0.0
frdm,at255,255At,85,170,255,85255,0.01032,0.0102168,1.02168,100.0,0.0,0.0,0.0,0.0,0.0,0.73,0.657,6.57,0.26,0.234,2.34,0.0,0.0,0.0,0.01032,0.73,0.26,0.0
frdm,at256,256At,85,171,256,85256,0.01062,0.010513799999999998,1.0513799999999998,100.0,0.0,0.0,0.0,0.0,0.0,0.17,0.15300000000000002,1.5300000000000002,0.8,0.7200000000000001,7.2,0.01,0.009000000000000001,0.09000000000000001,0.01062,0.17,0.8,0.01
frdm,at257,257At,85,172,257,85257,0.00999,0.0098901,0.9890100000000001,100.0,0.0,0.0,0.0,0.0,0.0,0.37,0.333,3.33,0.61,0.5489999999999999,5.489999999999999,0.01,0.009000000000000001,0.09000000000000001,0.00999,0.37,0.61,0.01
frdm,at258,258At,85,173,258,85258,0.00912,0.0090288,0.9028799999999999,100.0,0.0,0.0,0.0,0.0,0.0,0.07,0.063,0.6300000000000001,0.9,0.81,8.1,0.02,0.018000000000000002,0.18000000000000002,0.00912,0.07,0.9,0.02
frdm,at259,259At,85,174,259,85259,0.00806,0.0079794,0.79794,100.0,0.0,0.0,0.0,0.0,0.0,0.2,0.18000000000000002,1.8,0.74,0.666,6.66,0.05,0.045000000000000005,0.45,0.00806,0.2,0.74,0.05
frdm,at260,260At,85,175,260,85260,0.00738,0.0073062000000000005,0.7306199999999999,100.0,0.0,0.0,0.0,0.0,0.0,0.06,0.054,0.54,0.87,0.783,7.829999999999999,0.06,0.054,0.54,0.00738,0.06,0.87,0.06
frdm,at261,261At,85,176,261,85261,0.00697,0.0069003,0.6900299999999999,100.0,0.0,0.0,0.0,0.0,0.0,0.11,0.099,0.9900000000000001,0.74,0.666,6.66,0.14,0.126,1.2600000000000002,0.00697,0.11,0.74,0.14
frdm,at262,262At,85,177,262,85262,0.00595,0.005890500000000001,0.5890500000000001,100.0,0.0,0.0,0.0,0.0,0.0,0.04,0.036000000000000004,0.36000000000000004,0.74,0.666,6.66,0.2,0.18000000000000002,1.8,0.00595,0.04,0.74,0.2
frdm,at263,263At,85,178,263,85263,0.0059,0.005841,0.5841,100.0,0.0,0.0,0.0,0.0,0.0,0.07,0.063,0.6300000000000001,0.47,0.423,4.2299999999999995,0.44,0.396,3.9600000000000004,0.0059,0.07,0.47,0.44
frdm,at264,264At,85,179,264,85264,0.00455,0.0045045,0.45045,100.0,0.0,0.0,0.0,0.0,0.0,0.02,0.018000000000000002,0.18000000000000002,0.46,0.41400000000000003,4.140000000000001,0.47,0.423,4.2299999999999995,0.00455,0.02,0.46,0.47
frdm,at265,265At,85,180,265,85265,0.00431,0.0042669,0.42668999999999996,100.0,0.0,0.0,0.0,0.0,0.0,0.04,0.036000000000000004,0.36000000000000004,0.22,0.198,1.9800000000000002,0.7,0.63,6.3,0.00431,0.04,0.22,0.7
frdm,at266,266At,85,181,266,85266,0.00469,0.0046431,0.46431,100.0,0.0,0.0,0.0,0.0,0.0,0.01,0.009000000000000001,0.09000000000000001,0.16,0.14400000000000002,1.4400000000000002,0.61,0.5489999999999999,5.489999999999999,0.00469,0.01,0.16,0.61
frdm,at267,267At,85,182,267,85267,0.00433,0.0042867,0.42866999999999994,100.0,0.0,0.0,0.0,0.0,0.0,0.03,0.027,0.27,0.07,0.063,0.6300000000000001,0.81,0.7290000000000001,7.290000000000001,0.00433,0.03,0.07,0.81
frdm,at268,268At,85,183,268,85268,0.00422,0.0041778,0.41778,100.0,0.0,0.0,0.0,0.0,0.0,0.01,0.009000000000000001,0.09000000000000001,0.08,0.07200000000000001,0.7200000000000001,0.39,0.35100000000000003,3.5100000000000002,0.00422,0.01,0.08,0.39
frdm,at269,269At,85,184,269,85269,0.00315,0.0031185,0.31185,100.0,0.0,0.0,0.0,0.0,0.0,0.04,0.036000000000000004,0.36000000000000004,0.05,0.045000000000000005,0.45,0.71,0.639,6.39,0.00315,0.04,0.05,0.71
frdm,rn230,230Rn,86,144,230,86230,13.55239,13.4168661,1341.68661,100.0,0.0,0.0,0.0,0.0,0.0,0.0,0.0,0.0,0.0,0.0,0.0,0.0,0.0,0.0,13.55239,0.0,0.0,0.0
frdm,rn231,231Rn,86,145,231,86231,4.74237,4.6949463,469.49463000000003,100.0,0.0,0.0,0.0,0.0,0.0,0.0,0.0,0.0,0.0,0.0,0.0,0.0,0.0,0.0,4.74237,0.0,0.0,0.0
frdm,rn232,232Rn,86,146,232,86232,5.54486,5.4894114,548.94114,100.0,0.0,0.0,0.0,0.0,0.0,0.0,0.0,0.0,0.0,0.0,0.0,0.0,0.0,0.0,5.54486,0.0,0.0,0.0
frdm,rn233,233Rn,86,147,233,86233,1.98134,1.9615266,196.15266000000003,100.0,0.0,0.0,0.0,0.0,0.0,0.0,0.0,0.0,0.0,0.0,0.0,0.0,0.0,0.0,1.98134,0.0,0.0,0.0
frdm,rn234,234Rn,86,148,234,86234,2.29003,2.2671297,226.71296999999998,100.0,0.0,0.0,0.0,0.0,0.0,0.0,0.0,0.0,0.0,0.0,0.0,0.0,0.0,0.0,2.29003,0.0,0.0,0.0
frdm,rn235,235Rn,86,149,235,86235,0.66676,0.6600924,66.00924,100.0,0.0,0.0,0.0,0.0,0.0,0.0,0.0,0.0,0.0,0.0,0.0,0.0,0.0,0.0,0.66676,0.0,0.0,0.0
frdm,rn236,236Rn,86,150,236,86236,1.09194,1.0810206,108.10206,100.0,0.0,0.0,0.0,0.0,0.0,0.0,0.0,0.0,0.0,0.0,0.0,0.0,0.0,0.0,1.09194,0.0,0.0,0.0
frdm,rn237,237Rn,86,151,237,86237,0.72722,0.7199478,71.99477999999999,100.0,0.0,0.0,0.0,0.0,0.0,0.01,0.009000000000000001,0.09000000000000001,0.0,0.0,0.0,0.0,0.0,0.0,0.72722,0.01,0.0,0.0
frdm,rn238,238Rn,86,152,238,86238,0.52231,0.5170869,51.70869000000001,100.0,0.0,0.0,0.0,0.0,0.0,0.03,0.027,0.27,0.0,0.0,0.0,0.0,0.0,0.0,0.52231,0.03,0.0,0.0
frdm,rn239,239Rn,86,153,239,86239,0.26195,0.2593305,25.93305,100.0,0.0,0.0,0.0,0.0,0.0,0.12,0.108,1.08,0.0,0.0,0.0,0.0,0.0,0.0,0.26195,0.12,0.0,0.0
frdm,rn240,240Rn,86,154,240,86240,0.31517,0.3120183,31.20183,100.0,0.0,0.0,0.0,0.0,0.0,0.25,0.225,2.25,0.0,0.0,0.0,0.0,0.0,0.0,0.31517,0.25,0.0,0.0
frdm,rn241,241Rn,86,155,241,86241,0.21058,0.2084742,20.84742,100.0,0.0,0.0,0.0,0.0,0.0,0.34,0.30600000000000005,3.0600000000000005,0.0,0.0,0.0,0.0,0.0,0.0,0.21058,0.34,0.0,0.0
frdm,rn242,242Rn,86,156,242,86242,0.17509,0.1733391,17.33391,100.0,0.0,0.0,0.0,0.0,0.0,0.42,0.378,3.7800000000000002,0.0,0.0,0.0,0.0,0.0,0.0,0.17509,0.42,0.0,0.0
frdm,rn243,243Rn,86,157,243,86243,0.15282,0.1512918,15.129180000000002,100.0,0.0,0.0,0.0,0.0,0.0,0.49,0.441,4.41,0.0,0.0,0.0,0.0,0.0,0.0,0.15282,0.49,0.0,0.0
frdm,rn244,244Rn,86,158,244,86244,0.11026,0.1091574,10.91574,100.0,0.0,0.0,0.0,0.0,0.0,0.48,0.432,4.32,0.0,0.0,0.0,0.0,0.0,0.0,0.11026,0.48,0.0,0.0
frdm,rn245,245Rn,86,159,245,86245,0.09027,0.0893673,8.93673,100.0,0.0,0.0,0.0,0.0,0.0,0.59,0.5309999999999999,5.31,0.0,0.0,0.0,0.0,0.0,0.0,0.09027,0.59,0.0,0.0
frdm,rn246,246Rn,86,160,246,86246,0.0847,0.083853,8.385299999999999,100.0,0.0,0.0,0.0,0.0,0.0,0.58,0.522,5.22,0.0,0.0,0.0,0.0,0.0,0.0,0.0847,0.58,0.0,0.0
frdm,rn247,247Rn,86,161,247,86247,0.0721,0.071379,7.1379,100.0,0.0,0.0,0.0,0.0,0.0,0.63,0.567,5.67,0.0,0.0,0.0,0.0,0.0,0.0,0.0721,0.63,0.0,0.0
frdm,rn248,248Rn,86,162,248,86248,0.05951,0.0589149,5.891489999999999,100.0,0.0,0.0,0.0,0.0,0.0,0.66,0.5940000000000001,5.94,0.0,0.0,0.0,0.0,0.0,0.0,0.05951,0.66,0.0,0.0
frdm,rn249,249Rn,86,163,249,86249,0.0498,0.049302,4.930199999999999,100.0,0.0,0.0,0.0,0.0,0.0,0.77,0.6930000000000001,6.93,0.0,0.0,0.0,0.0,0.0,0.0,0.0498,0.77,0.0,0.0
frdm,rn250,250Rn,86,164,250,86250,0.04155,0.0411345,4.113449999999999,100.0,0.0,0.0,0.0,0.0,0.0,0.82,0.738,7.379999999999999,0.0,0.0,0.0,0.0,0.0,0.0,0.04155,0.82,0.0,0.0
frdm,rn251,251Rn,86,165,251,86251,0.03419,0.0338481,3.3848099999999994,100.0,0.0,0.0,0.0,0.0,0.0,0.79,0.7110000000000001,7.11,0.05,0.045000000000000005,0.45,0.0,0.0,0.0,0.03419,0.79,0.05,0.0
frdm,rn252,252Rn,86,166,252,86252,0.0272,0.026927999999999997,2.6927999999999996,100.0,0.0,0.0,0.0,0.0,0.0,0.92,0.8280000000000001,8.280000000000001,0.0,0.0,0.0,0.0,0.0,0.0,0.0272,0.92,0.0,0.0
frdm,rn253,253Rn,86,167,253,86253,0.0311,0.030789,3.0789,100.0,0.0,0.0,0.0,0.0,0.0,0.85,0.765,7.65,0.07,0.063,0.6300000000000001,0.0,0.0,0.0,0.0311,0.85,0.07,0.0
frdm,rn254,254Rn,86,168,254,86254,0.02073,0.020522699999999998,2.05227,100.0,0.0,0.0,0.0,0.0,0.0,0.91,0.8190000000000001,8.19,0.0,0.0,0.0,0.0,0.0,0.0,0.02073,0.91,0.0,0.0
frdm,rn255,255Rn,86,169,255,86255,0.01983,0.019631700000000002,1.96317,100.0,0.0,0.0,0.0,0.0,0.0,0.89,0.801,8.01,0.02,0.018000000000000002,0.18000000000000002,0.0,0.0,0.0,0.01983,0.89,0.02,0.0
frdm,rn256,256Rn,86,170,256,86256,0.01626,0.0160974,1.6097400000000002,100.0,0.0,0.0,0.0,0.0,0.0,0.9,0.81,8.1,0.01,0.009000000000000001,0.09000000000000001,0.0,0.0,0.0,0.01626,0.9,0.01,0.0
frdm,rn257,257Rn,86,171,257,86257,0.01421,0.014067900000000001,1.40679,100.0,0.0,0.0,0.0,0.0,0.0,0.81,0.7290000000000001,7.290000000000001,0.1,0.09000000000000001,0.9,0.0,0.0,0.0,0.01421,0.81,0.1,0.0
frdm,rn258,258Rn,86,172,258,86258,0.01264,0.0125136,1.25136,100.0,0.0,0.0,0.0,0.0,0.0,0.91,0.8190000000000001,8.19,0.02,0.018000000000000002,0.18000000000000002,0.0,0.0,0.0,0.01264,0.91,0.02,0.0
frdm,rn259,259Rn,86,173,259,86259,0.0115,0.011385,1.1384999999999998,100.0,0.0,0.0,0.0,0.0,0.0,0.65,0.585,5.85,0.3,0.27,2.7,0.0,0.0,0.0,0.0115,0.65,0.3,0.0
frdm,rn260,260Rn,86,174,260,86260,0.01133,0.0112167,1.12167,100.0,0.0,0.0,0.0,0.0,0.0,0.9,0.81,8.1,0.06,0.054,0.54,0.0,0.0,0.0,0.01133,0.9,0.06,0.0
frdm,rn261,261Rn,86,175,261,86261,0.01071,0.0106029,1.0602900000000002,100.0,0.0,0.0,0.0,0.0,0.0,0.31,0.279,2.79,0.64,0.5760000000000001,5.760000000000001,0.0,0.0,0.0,0.01071,0.31,0.64,0.0
frdm,rn262,262Rn,86,176,262,86262,0.00969,0.0095931,0.9593100000000001,100.0,0.0,0.0,0.0,0.0,0.0,0.76,0.684,6.84,0.19,0.171,1.71,0.01,0.009000000000000001,0.09000000000000001,0.00969,0.76,0.19,0.01
frdm,rn263,263Rn,86,177,263,86263,0.00886,0.0087714,0.87714,100.0,0.0,0.0,0.0,0.0,0.0,0.18,0.162,1.6199999999999999,0.78,0.7020000000000001,7.0200000000000005,0.01,0.009000000000000001,0.09000000000000001,0.00886,0.18,0.78,0.01
frdm,rn264,264Rn,86,178,264,86264,0.00788,0.0078011999999999995,0.78012,100.0,0.0,0.0,0.0,0.0,0.0,0.48,0.432,4.32,0.48,0.432,4.32,0.02,0.018000000000000002,0.18000000000000002,0.00788,0.48,0.48,0.02
frdm,rn265,265Rn,86,179,265,86265,0.00678,0.0067122,0.6712199999999999,100.0,0.0,0.0,0.0,0.0,0.0,0.07,0.063,0.6300000000000001,0.88,0.792,7.920000000000001,0.03,0.027,0.27,0.00678,0.07,0.88,0.03
frdm,rn266,266Rn,86,180,266,86266,0.00554,0.0054846,0.54846,100.0,0.0,0.0,0.0,0.0,0.0,0.19,0.171,1.71,0.74,0.666,6.66,0.05,0.045000000000000005,0.45,0.00554,0.19,0.74,0.05
frdm,rn267,267Rn,86,181,267,86267,0.00476,0.0047124,0.47124000000000005,100.0,0.0,0.0,0.0,0.0,0.0,0.03,0.027,0.27,0.85,0.765,7.65,0.09,0.081,0.8099999999999999,0.00476,0.03,0.85,0.09
frdm,rn268,268Rn,86,182,268,86268,0.00521,0.0051579,0.51579,100.0,0.0,0.0,0.0,0.0,0.0,0.09,0.081,0.8099999999999999,0.68,0.6120000000000001,6.120000000000001,0.21,0.189,1.8900000000000001,0.00521,0.09,0.68,0.21
frdm,rn269,269Rn,86,183,269,86269,0.00473,0.0046827,0.46826999999999996,100.0,0.0,0.0,0.0,0.0,0.0,0.03,0.027,0.27,0.63,0.567,5.67,0.3,0.27,2.7,0.00473,0.03,0.63,0.3
frdm,rn270,270Rn,86,184,270,86270,0.0038,0.003762,0.3762,100.0,0.0,0.0,0.0,0.0,0.0,0.07,0.063,0.6300000000000001,0.59,0.5309999999999999,5.31,0.3,0.27,2.7,0.0038,0.07,0.59,0.3
frdm,rn276,276Rn,86,190,276,86276,0.00305,0.0030195,0.30195,100.0,0.0,0.0,0.0,0.0,0.0,0.12,0.108,1.08,0.01,0.009000000000000001,0.09000000000000001,0.02,0.018000000000000002,0.18000000000000002,0.00305,0.12,0.01,0.02
frdm,rn278,278Rn,86,192,278,86278,0.00234,0.0023166000000000003,0.23166,100.0,0.0,0.0,0.0,0.0,0.0,0.12,0.108,1.08,0.0,0.0,0.0,0.03,0.027,0.27,0.00234,0.12,0.0,0.03
frdm,fr234,234Fr,87,147,234,87234,1.51834,1.5031566,150.31566,100.0,0.0,0.0,0.0,0.0,0.0,0.0,0.0,0.0,0.0,0.0,0.0,0.0,0.0,0.0,1.51834,0.0,0.0,0.0
frdm,fr235,235Fr,87,148,235,87235,1.50644,1.4913756,149.13756,100.0,0.0,0.0,0.0,0.0,0.0,0.01,0.009000000000000001,0.09000000000000001,0.0,0.0,0.0,0.0,0.0,0.0,1.50644,0.01,0.0,0.0
frdm,fr236,236Fr,87,149,236,87236,0.68654,0.6796746,67.96746000000002,100.0,0.0,0.0,0.0,0.0,0.0,0.01,0.009000000000000001,0.09000000000000001,0.0,0.0,0.0,0.0,0.0,0.0,0.68654,0.01,0.0,0.0
frdm,fr237,237Fr,87,150,237,87237,0.86735,0.8586765,85.86765,100.0,0.0,0.0,0.0,0.0,0.0,0.08,0.07200000000000001,0.7200000000000001,0.0,0.0,0.0,0.0,0.0,0.0,0.86735,0.08,0.0,0.0
frdm,fr238,238Fr,87,151,238,87238,0.56568,0.5600231999999999,56.00232,100.0,0.0,0.0,0.0,0.0,0.0,0.09,0.081,0.8099999999999999,0.0,0.0,0.0,0.0,0.0,0.0,0.56568,0.09,0.0,0.0
frdm,fr239,239Fr,87,152,239,87239,0.49075,0.4858425,48.584250000000004,100.0,0.0,0.0,0.0,0.0,0.0,0.23,0.20700000000000002,2.0700000000000003,0.0,0.0,0.0,0.0,0.0,0.0,0.49075,0.23,0.0,0.0
frdm,fr240,240Fr,87,153,240,87240,0.26184,0.2592216,25.92216,100.0,0.0,0.0,0.0,0.0,0.0,0.3,0.27,2.7,0.0,0.0,0.0,0.0,0.0,0.0,0.26184,0.3,0.0,0.0
frdm,fr241,241Fr,87,154,241,87241,0.2862,0.28333800000000003,28.3338,100.0,0.0,0.0,0.0,0.0,0.0,0.58,0.522,5.22,0.0,0.0,0.0,0.0,0.0,0.0,0.2862,0.58,0.0,0.0
frdm,fr242,242Fr,87,155,242,87242,0.20115,0.1991385,19.91385,100.0,0.0,0.0,0.0,0.0,0.0,0.59,0.5309999999999999,5.31,0.0,0.0,0.0,0.0,0.0,0.0,0.20115,0.59,0.0,0.0
frdm,fr243,243Fr,87,156,243,87243,0.1592,0.157608,15.760800000000001,100.0,0.0,0.0,0.0,0.0,0.0,0.74,0.666,6.66,0.0,0.0,0.0,0.0,0.0,0.0,0.1592,0.74,0.0,0.0
frdm,fr244,244Fr,87,157,244,87244,0.25821,0.2556279,25.56279,100.0,0.0,0.0,0.0,0.0,0.0,0.74,0.666,6.66,0.02,0.018000000000000002,0.18000000000000002,0.0,0.0,0.0,0.25821,0.74,0.02,0.0
frdm,fr245,245Fr,87,158,245,87245,0.11623,0.1150677,11.50677,100.0,0.0,0.0,0.0,0.0,0.0,0.78,0.7020000000000001,7.0200000000000005,0.0,0.0,0.0,0.0,0.0,0.0,0.11623,0.78,0.0,0.0
frdm,fr246,246Fr,87,159,246,87246,0.15658,0.1550142,15.50142,100.0,0.0,0.0,0.0,0.0,0.0,0.8,0.7200000000000001,7.2,0.02,0.018000000000000002,0.18000000000000002,0.0,0.0,0.0,0.15658,0.8,0.02,0.0
frdm,fr247,247Fr,87,160,247,87247,0.134,0.13266,13.266,100.0,0.0,0.0,0.0,0.0,0.0,0.88,0.792,7.920000000000001,0.0,0.0,0.0,0.0,0.0,0.0,0.134,0.88,0.0,0.0
frdm,fr248,248Fr,87,161,248,87248,0.10549,0.1044351,10.44351,100.0,0.0,0.0,0.0,0.0,0.0,0.77,0.6930000000000001,6.93,0.04,0.036000000000000004,0.36000000000000004,0.0,0.0,0.0,0.10549,0.77,0.04,0.0
frdm,fr249,249Fr,87,162,249,87249,0.08802,0.0871398,8.71398,100.0,0.0,0.0,0.0,0.0,0.0,0.87,0.783,7.829999999999999,0.0,0.0,0.0,0.0,0.0,0.0,0.08802,0.87,0.0,0.0
frdm,fr250,250Fr,87,163,250,87250,0.07322,0.07248779999999999,7.248779999999999,100.0,0.0,0.0,0.0,0.0,0.0,0.76,0.684,6.84,0.15,0.135,1.35,0.0,0.0,0.0,0.07322,0.76,0.15,0.0
frdm,fr251,251Fr,87,164,251,87251,0.06165,0.061033500000000004,6.10335,100.0,0.0,0.0,0.0,0.0,0.0,0.92,0.8280000000000001,8.280000000000001,0.02,0.018000000000000002,0.18000000000000002,0.0,0.0,0.0,0.06165,0.92,0.02,0.0
frdm,fr252,252Fr,87,165,252,87252,0.04746,0.046985400000000004,4.69854,100.0,0.0,0.0,0.0,0.0,0.0,0.49,0.441,4.41,0.45,0.405,4.05,0.0,0.0,0.0,0.04746,0.49,0.45,0.0
frdm,fr253,253Fr,87,166,253,87253,0.03277,0.0324423,3.24423,100.0,0.0,0.0,0.0,0.0,0.0,0.92,0.8280000000000001,8.280000000000001,0.06,0.054,0.54,0.0,0.0,0.0,0.03277,0.92,0.06,0.0
frdm,fr254,254Fr,87,167,254,87254,0.04097,0.0405603,4.05603,100.0,0.0,0.0,0.0,0.0,0.0,0.37,0.333,3.33,0.59,0.5309999999999999,5.31,0.0,0.0,0.0,0.04097,0.37,0.59,0.0
frdm,fr255,255Fr,87,168,255,87255,0.03072,0.0304128,3.04128,100.0,0.0,0.0,0.0,0.0,0.0,0.91,0.8190000000000001,8.19,0.05,0.045000000000000005,0.45,0.0,0.0,0.0,0.03072,0.91,0.05,0.0
frdm,fr256,256Fr,87,169,256,87256,0.02893,0.0286407,2.8640700000000003,100.0,0.0,0.0,0.0,0.0,0.0,0.59,0.5309999999999999,5.31,0.36,0.324,3.2399999999999998,0.0,0.0,0.0,0.02893,0.59,0.36,0.0
frdm,fr257,257Fr,87,170,257,87257,0.01757,0.017394299999999998,1.7394299999999998,100.0,0.0,0.0,0.0,0.0,0.0,0.94,0.846,8.459999999999999,0.04,0.036000000000000004,0.36000000000000004,0.0,0.0,0.0,0.01757,0.94,0.04,0.0
frdm,fr258,258Fr,87,171,258,87258,0.01543,0.0152757,1.5275699999999999,100.0,0.0,0.0,0.0,0.0,0.0,0.51,0.459,4.59,0.46,0.41400000000000003,4.140000000000001,0.0,0.0,0.0,0.01543,0.51,0.46,0.0
frdm,fr259,259Fr,87,172,259,87259,0.01538,0.015226199999999999,1.52262,100.0,0.0,0.0,0.0,0.0,0.0,0.77,0.6930000000000001,6.93,0.22,0.198,1.9800000000000002,0.0,0.0,0.0,0.01538,0.77,0.22,0.0
frdm,fr260,260Fr,87,173,260,87260,0.01402,0.0138798,1.38798,100.0,0.0,0.0,0.0,0.0,0.0,0.27,0.24300000000000002,2.43,0.71,0.639,6.39,0.0,0.0,0.0,0.01402,0.27,0.71,0.0
frdm,fr261,261Fr,87,174,261,87261,0.01319,0.0130581,1.30581,100.0,0.0,0.0,0.0,0.0,0.0,0.49,0.441,4.41,0.49,0.441,4.41,0.01,0.009000000000000001,0.09000000000000001,0.01319,0.49,0.49,0.01
frdm,fr262,262Fr,87,175,262,87262,0.01223,0.012107699999999999,1.21077,100.0,0.0,0.0,0.0,0.0,0.0,0.15,0.135,1.35,0.82,0.738,7.379999999999999,0.01,0.009000000000000001,0.09000000000000001,0.01223,0.15,0.82,0.01
frdm,fr263,263Fr,87,176,263,87263,0.01145,0.0113355,1.13355,100.0,0.0,0.0,0.0,0.0,0.0,0.32,0.28800000000000003,2.8800000000000003,0.64,0.5760000000000001,5.760000000000001,0.03,0.027,0.27,0.01145,0.32,0.64,0.03
frdm,fr264,264Fr,87,177,264,87264,0.01081,0.0107019,1.07019,100.0,0.0,0.0,0.0,0.0,0.0,0.07,0.063,0.6300000000000001,0.89,0.801,8.01,0.03,0.027,0.27,0.01081,0.07,0.89,0.03
frdm,fr265,265Fr,87,178,265,87265,0.01018,0.010078199999999999,1.00782,100.0,0.0,0.0,0.0,0.0,0.0,0.11,0.099,0.9900000000000001,0.78,0.7020000000000001,7.0200000000000005,0.1,0.09000000000000001,0.9,0.01018,0.11,0.78,0.1
frdm,fr266,266Fr,87,179,266,87266,0.00864,0.0085536,0.85536,100.0,0.0,0.0,0.0,0.0,0.0,0.04,0.036000000000000004,0.36000000000000004,0.79,0.7110000000000001,7.11,0.15,0.135,1.35,0.00864,0.04,0.79,0.15
frdm,fr267,267Fr,87,180,267,87267,0.00729,0.0072171,0.72171,100.0,0.0,0.0,0.0,0.0,0.0,0.06,0.054,0.54,0.49,0.441,4.41,0.43,0.387,3.8699999999999997,0.00729,0.06,0.49,0.43
frdm,fr268,268Fr,87,181,268,87268,0.00667,0.0066032999999999994,0.66033,100.0,0.0,0.0,0.0,0.0,0.0,0.02,0.018000000000000002,0.18000000000000002,0.39,0.35100000000000003,3.5100000000000002,0.55,0.49500000000000005,4.95,0.00667,0.02,0.39,0.55
frdm,fr269,269Fr,87,182,269,87269,0.00694,0.0068706,0.68706,100.0,0.0,0.0,0.0,0.0,0.0,0.04,0.036000000000000004,0.36000000000000004,0.17,0.15300000000000002,1.5300000000000002,0.76,0.684,6.84,0.00694,0.04,0.17,0.76
frdm,fr270,270Fr,87,183,270,87270,0.00627,0.006207300000000001,0.62073,100.0,0.0,0.0,0.0,0.0,0.0,0.02,0.018000000000000002,0.18000000000000002,0.2,0.18000000000000002,1.8,0.61,0.5489999999999999,5.489999999999999,0.00627,0.02,0.2,0.61
frdm,fr271,271Fr,87,184,271,87271,0.00498,0.0049302,0.49302,100.0,0.0,0.0,0.0,0.0,0.0,0.05,0.045000000000000005,0.45,0.15,0.135,1.35,0.75,0.675,6.75,0.00498,0.05,0.15,0.75
frdm,fr273,273Fr,87,186,273,87273,0.00472,0.0046728,0.46728000000000003,100.0,0.0,0.0,0.0,0.0,0.0,0.05,0.045000000000000005,0.45,0.06,0.054,0.54,0.21,0.189,1.8900000000000001,0.00472,0.05,0.06,0.21
frdm,fr277,277Fr,87,190,277,87277,0.00369,0.0036531000000000003,0.36530999999999997,100.0,0.0,0.0,0.0,0.0,0.0,0.05,0.045000000000000005,0.45,0.04,0.036000000000000004,0.36000000000000004,0.06,0.054,0.54,0.00369,0.05,0.04,0.06
frdm,fr278,278Fr,87,191,278,87278,0.0035,0.003465,0.34650000000000003,100.0,0.0,0.0,0.0,0.0,0.0,0.02,0.018000000000000002,0.18000000000000002,0.11,0.099,0.9900000000000001,0.01,0.009000000000000001,0.09000000000000001,0.0035,0.02,0.11,0.01
frdm,fr279,279Fr,87,192,279,87279,0.0027,0.002673,0.26730000000000004,100.0,0.0,0.0,0.0,0.0,0.0,0.07,0.063,0.6300000000000001,0.04,0.036000000000000004,0.36000000000000004,0.06,0.054,0.54,0.0027,0.07,0.04,0.06
frdm,ra235,235Ra,88,147,235,88235,7.82696,7.7486904,774.8690399999999,100.0,0.0,0.0,0.0,0.0,0.0,0.0,0.0,0.0,0.0,0.0,0.0,0.0,0.0,0.0,7.82696,0.0,0.0,0.0
frdm,ra236,236Ra,88,148,236,88236,17.53033,17.3550267,1735.5026699999999,100.0,0.0,0.0,0.0,0.0,0.0,0.0,0.0,0.0,0.0,0.0,0.0,0.0,0.0,0.0,17.53033,0.0,0.0,0.0
frdm,ra237,237Ra,88,149,237,88237,2.28835,2.2654665,226.54664999999997,100.0,0.0,0.0,0.0,0.0,0.0,0.0,0.0,0.0,0.0,0.0,0.0,0.0,0.0,0.0,2.28835,0.0,0.0,0.0
frdm,ra238,238Ra,88,150,238,88238,4.89017,4.8412683,484.12683000000004,100.0,0.0,0.0,0.0,0.0,0.0,0.0,0.0,0.0,0.0,0.0,0.0,0.0,0.0,0.0,4.89017,0.0,0.0,0.0
frdm,ra239,239Ra,88,151,239,88239,2.99742,2.9674458,296.74458000000004,100.0,0.0,0.0,0.0,0.0,0.0,0.0,0.0,0.0,0.0,0.0,0.0,0.0,0.0,0.0,2.99742,0.0,0.0,0.0
frdm,ra240,240Ra,88,152,240,88240,1.90427,1.8852273,188.52273,100.0,0.0,0.0,0.0,0.0,0.0,0.0,0.0,0.0,0.0,0.0,0.0,0.0,0.0,0.0,1.90427,0.0,0.0,0.0
frdm,ra241,241Ra,88,153,241,88241,0.81179,0.8036721,80.36721,100.0,0.0,0.0,0.0,0.0,0.0,0.01,0.009000000000000001,0.09000000000000001,0.0,0.0,0.0,0.0,0.0,0.0,0.81179,0.01,0.0,0.0
frdm,ra242,242Ra,88,154,242,88242,0.90573,0.8966727,89.66727,100.0,0.0,0.0,0.0,0.0,0.0,0.03,0.027,0.27,0.0,0.0,0.0,0.0,0.0,0.0,0.90573,0.03,0.0,0.0
frdm,ra243,243Ra,88,155,243,88243,0.55699,0.5514201,55.14201,100.0,0.0,0.0,0.0,0.0,0.0,0.11,0.099,0.9900000000000001,0.0,0.0,0.0,0.0,0.0,0.0,0.55699,0.11,0.0,0.0
frdm,ra244,244Ra,88,156,244,88244,0.58447,0.5786253,57.86253,100.0,0.0,0.0,0.0,0.0,0.0,0.16,0.14400000000000002,1.4400000000000002,0.0,0.0,0.0,0.0,0.0,0.0,0.58447,0.16,0.0,0.0
frdm,ra245,245Ra,88,157,245,88245,0.48323,0.4783977,47.83977,100.0,0.0,0.0,0.0,0.0,0.0,0.19,0.171,1.71,0.0,0.0,0.0,0.0,0.0,0.0,0.48323,0.19,0.0,0.0
frdm,ra246,246Ra,88,158,246,88246,0.33458,0.3312342,33.123419999999996,100.0,0.0,0.0,0.0,0.0,0.0,0.19,0.171,1.71,0.0,0.0,0.0,0.0,0.0,0.0,0.33458,0.19,0.0,0.0
frdm,ra247,247Ra,88,159,247,88247,0.22542,0.2231658,22.316580000000002,100.0,0.0,0.0,0.0,0.0,0.0,0.33,0.29700000000000004,2.97,0.0,0.0,0.0,0.0,0.0,0.0,0.22542,0.33,0.0,0.0
frdm,ra248,248Ra,88,160,248,88248,0.23975,0.2373525,23.735249999999997,100.0,0.0,0.0,0.0,0.0,0.0,0.32,0.28800000000000003,2.8800000000000003,0.0,0.0,0.0,0.0,0.0,0.0,0.23975,0.32,0.0,0.0
frdm,ra249,249Ra,88,161,249,88249,0.17237,0.1706463,17.064629999999998,100.0,0.0,0.0,0.0,0.0,0.0,0.38,0.342,3.42,0.0,0.0,0.0,0.0,0.0,0.0,0.17237,0.38,0.0,0.0
frdm,ra250,250Ra,88,162,250,88250,0.13991,0.13851090000000002,13.851090000000001,100.0,0.0,0.0,0.0,0.0,0.0,0.38,0.342,3.42,0.0,0.0,0.0,0.0,0.0,0.0,0.13991,0.38,0.0,0.0
frdm,ra251,251Ra,88,163,251,88251,0.11772,0.1165428,11.65428,100.0,0.0,0.0,0.0,0.0,0.0,0.58,0.522,5.22,0.0,0.0,0.0,0.0,0.0,0.0,0.11772,0.58,0.0,0.0
frdm,ra252,252Ra,88,164,252,88252,0.09608,0.0951192,9.51192,100.0,0.0,0.0,0.0,0.0,0.0,0.65,0.585,5.85,0.0,0.0,0.0,0.0,0.0,0.0,0.09608,0.65,0.0,0.0
frdm,ra253,253Ra,88,165,253,88253,0.07297,0.0722403,7.22403,100.0,0.0,0.0,0.0,0.0,0.0,0.73,0.657,6.57,0.0,0.0,0.0,0.0,0.0,0.0,0.07297,0.73,0.0,0.0
frdm,ra254,254Ra,88,166,254,88254,0.04528,0.0448272,4.4827200000000005,100.0,0.0,0.0,0.0,0.0,0.0,0.81,0.7290000000000001,7.290000000000001,0.0,0.0,0.0,0.0,0.0,0.0,0.04528,0.81,0.0,0.0
frdm,ra255,255Ra,88,167,255,88255,0.06473,0.06408269999999999,6.40827,100.0,0.0,0.0,0.0,0.0,0.0,0.87,0.783,7.829999999999999,0.0,0.0,0.0,0.0,0.0,0.0,0.06473,0.87,0.0,0.0
frdm,ra256,256Ra,88,168,256,88256,0.04902,0.0485298,4.8529800000000005,100.0,0.0,0.0,0.0,0.0,0.0,0.79,0.7110000000000001,7.11,0.0,0.0,0.0,0.0,0.0,0.0,0.04902,0.79,0.0,0.0
frdm,ra257,257Ra,88,169,257,88257,0.04157,0.041154300000000005,4.11543,100.0,0.0,0.0,0.0,0.0,0.0,0.85,0.765,7.65,0.0,0.0,0.0,0.0,0.0,0.0,0.04157,0.85,0.0,0.0
frdm,ra258,258Ra,88,170,258,88258,0.0299,0.029601,2.9600999999999997,100.0,0.0,0.0,0.0,0.0,0.0,0.83,0.747,7.469999999999999,0.0,0.0,0.0,0.0,0.0,0.0,0.0299,0.83,0.0,0.0
frdm,ra259,259Ra,88,171,259,88259,0.02496,0.0247104,2.47104,100.0,0.0,0.0,0.0,0.0,0.0,0.86,0.774,7.739999999999999,0.01,0.009000000000000001,0.09000000000000001,0.0,0.0,0.0,0.02496,0.86,0.01,0.0
frdm,ra260,260Ra,88,172,260,88260,0.02234,0.0221166,2.21166,100.0,0.0,0.0,0.0,0.0,0.0,0.81,0.7290000000000001,7.290000000000001,0.0,0.0,0.0,0.0,0.0,0.0,0.02234,0.81,0.0,0.0
frdm,ra261,261Ra,88,173,261,88261,0.02261,0.0223839,2.2383900000000003,100.0,0.0,0.0,0.0,0.0,0.0,0.82,0.738,7.379999999999999,0.07,0.063,0.6300000000000001,0.0,0.0,0.0,0.02261,0.82,0.07,0.0
frdm,ra262,262Ra,88,174,262,88262,0.02008,0.0198792,1.98792,100.0,0.0,0.0,0.0,0.0,0.0,0.92,0.8280000000000001,8.280000000000001,0.01,0.009000000000000001,0.09000000000000001,0.0,0.0,0.0,0.02008,0.92,0.01,0.0
frdm,ra263,263Ra,88,175,263,88263,0.02038,0.0201762,2.01762,100.0,0.0,0.0,0.0,0.0,0.0,0.64,0.5760000000000001,5.760000000000001,0.28,0.252,2.5200000000000005,0.0,0.0,0.0,0.02038,0.64,0.28,0.0
frdm,ra264,264Ra,88,176,264,88264,0.01781,0.0176319,1.7631899999999998,100.0,0.0,0.0,0.0,0.0,0.0,0.89,0.801,8.01,0.03,0.027,0.27,0.0,0.0,0.0,0.01781,0.89,0.03,0.0
frdm,ra265,265Ra,88,177,265,88265,0.01471,0.0145629,1.45629,100.0,0.0,0.0,0.0,0.0,0.0,0.54,0.48600000000000004,4.86,0.38,0.342,3.42,0.0,0.0,0.0,0.01471,0.54,0.38,0.0
frdm,ra266,266Ra,88,178,266,88266,0.01385,0.0137115,1.37115,100.0,0.0,0.0,0.0,0.0,0.0,0.81,0.7290000000000001,7.290000000000001,0.13,0.117,1.17,0.0,0.0,0.0,0.01385,0.81,0.13,0.0
frdm,ra267,267Ra,88,179,267,88267,0.01117,0.0110583,1.10583,100.0,0.0,0.0,0.0,0.0,0.0,0.22,0.198,1.9800000000000002,0.74,0.666,6.66,0.01,0.009000000000000001,0.09000000000000001,0.01117,0.22,0.74,0.01
frdm,ra268,268Ra,88,180,268,88268,0.00879,0.008702099999999999,0.8702099999999999,100.0,0.0,0.0,0.0,0.0,0.0,0.51,0.459,4.59,0.45,0.405,4.05,0.02,0.018000000000000002,0.18000000000000002,0.00879,0.51,0.45,0.02
frdm,ra269,269Ra,88,181,269,88269,0.00845,0.0083655,0.83655,100.0,0.0,0.0,0.0,0.0,0.0,0.06,0.054,0.54,0.91,0.8190000000000001,8.19,0.02,0.018000000000000002,0.18000000000000002,0.00845,0.06,0.91,0.02
frdm,ra270,270Ra,88,182,270,88270,0.00886,0.0087714,0.87714,100.0,0.0,0.0,0.0,0.0,0.0,0.19,0.171,1.71,0.75,0.675,6.75,0.04,0.036000000000000004,0.36000000000000004,0.00886,0.19,0.75,0.04
frdm,ra271,271Ra,88,183,271,88271,0.00785,0.0077715,0.7771499999999999,100.0,0.0,0.0,0.0,0.0,0.0,0.06,0.054,0.54,0.86,0.774,7.739999999999999,0.05,0.045000000000000005,0.45,0.00785,0.06,0.86,0.05
frdm,ra272,272Ra,88,184,272,88272,0.00627,0.006207300000000001,0.62073,100.0,0.0,0.0,0.0,0.0,0.0,0.2,0.18000000000000002,1.8,0.72,0.648,6.4799999999999995,0.04,0.036000000000000004,0.36000000000000004,0.00627,0.2,0.72,0.04
frdm,ra274,274Ra,88,186,274,88274,0.00596,0.0059004,0.59004,100.0,0.0,0.0,0.0,0.0,0.0,0.08,0.07200000000000001,0.7200000000000001,0.08,0.07200000000000001,0.7200000000000001,0.77,0.6930000000000001,6.93,0.00596,0.08,0.08,0.77
frdm,ra276,276Ra,88,188,276,88276,0.00577,0.0057123,0.5712299999999999,100.0,0.0,0.0,0.0,0.0,0.0,0.1,0.09000000000000001,0.9,0.01,0.009000000000000001,0.09000000000000001,0.09,0.081,0.8099999999999999,0.00577,0.1,0.01,0.09
frdm,ra278,278Ra,88,190,278,88278,0.00472,0.0046728,0.46728000000000003,100.0,0.0,0.0,0.0,0.0,0.0,0.06,0.054,0.54,0.0,0.0,0.0,0.06,0.054,0.54,0.00472,0.06,0.0,0.06
frdm,ra280,280Ra,88,192,280,88280,0.00348,0.0034452,0.34452,100.0,0.0,0.0,0.0,0.0,0.0,0.08,0.07200000000000001,0.7200000000000001,0.02,0.018000000000000002,0.18000000000000002,0.1,0.09000000000000001,0.9,0.00348,0.08,0.02,0.1
frdm,ra282,282Ra,88,194,282,88282,0.00239,0.0023661000000000003,0.23661000000000001,100.0,0.0,0.0,0.0,0.0,0.0,0.05,0.045000000000000005,0.45,0.01,0.009000000000000001,0.09000000000000001,0.06,0.054,0.54,0.00239,0.05,0.01,0.06
frdm,ra284,284Ra,88,196,284,88284,0.00204,0.0020196000000000003,0.20196000000000003,100.0,0.0,0.0,0.0,0.0,0.0,0.04,0.036000000000000004,0.36000000000000004,0.01,0.009000000000000001,0.09000000000000001,0.04,0.036000000000000004,0.36000000000000004,0.00204,0.04,0.01,0.04
frdm,ac237,237Ac,89,148,237,89237,16.2685,16.105815,1610.5815,100.0,0.0,0.0,0.0,0.0,0.0,0.0,0.0,0.0,0.0,0.0,0.0,0.0,0.0,0.0,16.2685,0.0,0.0,0.0
frdm,ac238,238Ac,89,149,238,89238,4.16082,4.1192118,411.92118,100.0,0.0,0.0,0.0,0.0,0.0,0.0,0.0,0.0,0.0,0.0,0.0,0.0,0.0,0.0,4.16082,0.0,0.0,0.0
frdm,ac239,239Ac,89,150,239,89239,9.28314,9.1903086,919.03086,100.0,0.0,0.0,0.0,0.0,0.0,0.0,0.0,0.0,0.0,0.0,0.0,0.0,0.0,0.0,9.28314,0.0,0.0,0.0
frdm,ac240,240Ac,89,151,240,89240,6.51138,6.4462662,644.62662,100.0,0.0,0.0,0.0,0.0,0.0,0.01,0.009000000000000001,0.09000000000000001,0.0,0.0,0.0,0.0,0.0,0.0,6.51138,0.01,0.0,0.0
frdm,ac241,241Ac,89,152,241,89241,3.54619,3.5107281,351.07281,100.0,0.0,0.0,0.0,0.0,0.0,0.05,0.045000000000000005,0.45,0.0,0.0,0.0,0.0,0.0,0.0,3.54619,0.05,0.0,0.0
frdm,ac242,242Ac,89,153,242,89242,1.25199,1.2394701,123.94700999999999,100.0,0.0,0.0,0.0,0.0,0.0,0.08,0.07200000000000001,0.7200000000000001,0.0,0.0,0.0,0.0,0.0,0.0,1.25199,0.08,0.0,0.0
frdm,ac243,243Ac,89,154,243,89243,1.45782,1.4432417999999998,144.32417999999998,100.0,0.0,0.0,0.0,0.0,0.0,0.34,0.30600000000000005,3.0600000000000005,0.0,0.0,0.0,0.0,0.0,0.0,1.45782,0.34,0.0,0.0
frdm,ac244,244Ac,89,155,244,89244,0.88654,0.8776746,87.76746,100.0,0.0,0.0,0.0,0.0,0.0,0.38,0.342,3.42,0.0,0.0,0.0,0.0,0.0,0.0,0.88654,0.38,0.0,0.0
frdm,ac245,245Ac,89,156,245,89245,0.93707,0.9276993,92.76992999999999,100.0,0.0,0.0,0.0,0.0,0.0,0.64,0.5760000000000001,5.760000000000001,0.0,0.0,0.0,0.0,0.0,0.0,0.93707,0.64,0.0,0.0
frdm,ac246,246Ac,89,157,246,89246,0.84396,0.8355204,83.55204,100.0,0.0,0.0,0.0,0.0,0.0,0.56,0.504,5.040000000000001,0.0,0.0,0.0,0.0,0.0,0.0,0.84396,0.56,0.0,0.0
frdm,ac247,247Ac,89,158,247,89247,0.6337,0.627363,62.73630000000001,100.0,0.0,0.0,0.0,0.0,0.0,0.68,0.6120000000000001,6.120000000000001,0.0,0.0,0.0,0.0,0.0,0.0,0.6337,0.68,0.0,0.0
frdm,ac248,248Ac,89,159,248,89248,0.27234,0.26961660000000004,26.961660000000002,100.0,0.0,0.0,0.0,0.0,0.0,0.57,0.5129999999999999,5.129999999999999,0.0,0.0,0.0,0.0,0.0,0.0,0.27234,0.57,0.0,0.0
frdm,ac249,249Ac,89,160,249,89249,0.34597,0.3425103,34.25103,100.0,0.0,0.0,0.0,0.0,0.0,0.73,0.657,6.57,0.0,0.0,0.0,0.0,0.0,0.0,0.34597,0.73,0.0,0.0
frdm,ac250,250Ac,89,161,250,89250,0.32742,0.3241458,32.41458,100.0,0.0,0.0,0.0,0.0,0.0,0.65,0.585,5.85,0.0,0.0,0.0,0.0,0.0,0.0,0.32742,0.65,0.0,0.0
frdm,ac251,251Ac,89,162,251,89251,0.22965,0.2273535,22.73535,100.0,0.0,0.0,0.0,0.0,0.0,0.74,0.666,6.66,0.0,0.0,0.0,0.0,0.0,0.0,0.22965,0.74,0.0,0.0
frdm,ac252,252Ac,89,163,252,89252,0.16864,0.1669536,16.69536,100.0,0.0,0.0,0.0,0.0,0.0,0.81,0.7290000000000001,7.290000000000001,0.01,0.009000000000000001,0.09000000000000001,0.0,0.0,0.0,0.16864,0.81,0.01,0.0
frdm,ac253,253Ac,89,164,253,89253,0.14506,0.1436094,14.36094,100.0,0.0,0.0,0.0,0.0,0.0,0.89,0.801,8.01,0.0,0.0,0.0,0.0,0.0,0.0,0.14506,0.89,0.0,0.0
frdm,ac254,254Ac,89,165,254,89254,0.11476,0.1136124,11.36124,100.0,0.0,0.0,0.0,0.0,0.0,0.69,0.621,6.209999999999999,0.18,0.162,1.6199999999999999,0.0,0.0,0.0,0.11476,0.69,0.18,0.0
frdm,ac255,255Ac,89,166,255,89255,0.03843,0.0380457,3.80457,100.0,0.0,0.0,0.0,0.0,0.0,0.93,0.8370000000000001,8.370000000000001,0.0,0.0,0.0,0.0,0.0,0.0,0.03843,0.93,0.0,0.0
frdm,ac256,256Ac,89,167,256,89256,0.067,0.06633,6.633,100.0,0.0,0.0,0.0,0.0,0.0,0.72,0.648,6.4799999999999995,0.2,0.18000000000000002,1.8,0.0,0.0,0.0,0.067,0.72,0.2,0.0
frdm,ac257,257Ac,89,168,257,89257,0.06076,0.0601524,6.01524,100.0,0.0,0.0,0.0,0.0,0.0,0.9,0.81,8.1,0.01,0.009000000000000001,0.09000000000000001,0.0,0.0,0.0,0.06076,0.9,0.01,0.0
frdm,ac258,258Ac,89,169,258,89258,0.04395,0.0435105,4.351050000000001,100.0,0.0,0.0,0.0,0.0,0.0,0.75,0.675,6.75,0.06,0.054,0.54,0.0,0.0,0.0,0.04395,0.75,0.06,0.0
frdm,ac259,259Ac,89,170,259,89259,0.04877,0.0482823,4.82823,100.0,0.0,0.0,0.0,0.0,0.0,0.92,0.8280000000000001,8.280000000000001,0.01,0.009000000000000001,0.09000000000000001,0.0,0.0,0.0,0.04877,0.92,0.01,0.0
frdm,ac260,260Ac,89,171,260,89260,0.03937,0.038976300000000005,3.8976300000000004,100.0,0.0,0.0,0.0,0.0,0.0,0.72,0.648,6.4799999999999995,0.17,0.15300000000000002,1.5300000000000002,0.0,0.0,0.0,0.03937,0.72,0.17,0.0
frdm,ac261,261Ac,89,172,261,89261,0.03225,0.0319275,3.19275,100.0,0.0,0.0,0.0,0.0,0.0,0.93,0.8370000000000001,8.370000000000001,0.03,0.027,0.27,0.0,0.0,0.0,0.03225,0.93,0.03,0.0
frdm,ac262,262Ac,89,173,262,89262,0.03362,0.033283799999999995,3.3283799999999997,100.0,0.0,0.0,0.0,0.0,0.0,0.34,0.30600000000000005,3.0600000000000005,0.61,0.5489999999999999,5.489999999999999,0.0,0.0,0.0,0.03362,0.34,0.61,0.0
frdm,ac263,263Ac,89,174,263,89263,0.02996,0.0296604,2.96604,100.0,0.0,0.0,0.0,0.0,0.0,0.68,0.6120000000000001,6.120000000000001,0.29,0.261,2.61,0.0,0.0,0.0,0.02996,0.68,0.29,0.0
frdm,ac264,264Ac,89,175,264,89264,0.02815,0.0278685,2.78685,100.0,0.0,0.0,0.0,0.0,0.0,0.18,0.162,1.6199999999999999,0.77,0.6930000000000001,6.93,0.0,0.0,0.0,0.02815,0.18,0.77,0.0
frdm,ac265,265Ac,89,176,265,89265,0.02546,0.0252054,2.52054,100.0,0.0,0.0,0.0,0.0,0.0,0.5,0.45,4.5,0.48,0.432,4.32,0.0,0.0,0.0,0.02546,0.5,0.48,0.0
frdm,ac266,266Ac,89,177,266,89266,0.01941,0.0192159,1.9215900000000001,100.0,0.0,0.0,0.0,0.0,0.0,0.26,0.234,2.34,0.71,0.639,6.39,0.0,0.0,0.0,0.01941,0.26,0.71,0.0
frdm,ac267,267Ac,89,178,267,89267,0.01598,0.0158202,1.58202,100.0,0.0,0.0,0.0,0.0,0.0,0.39,0.35100000000000003,3.5100000000000002,0.59,0.5309999999999999,5.31,0.01,0.009000000000000001,0.09000000000000001,0.01598,0.39,0.59,0.01
frdm,ac268,268Ac,89,179,268,89268,0.01424,0.014097599999999998,1.40976,100.0,0.0,0.0,0.0,0.0,0.0,0.1,0.09000000000000001,0.9,0.86,0.774,7.739999999999999,0.02,0.018000000000000002,0.18000000000000002,0.01424,0.1,0.86,0.02
frdm,ac269,269Ac,89,180,269,89269,0.01219,0.0120681,1.20681,100.0,0.0,0.0,0.0,0.0,0.0,0.09,0.081,0.8099999999999999,0.78,0.7020000000000001,7.0200000000000005,0.12,0.108,1.08,0.01219,0.09,0.78,0.12
frdm,ac270,270Ac,89,181,270,89270,0.01197,0.0118503,1.18503,100.0,0.0,0.0,0.0,0.0,0.0,0.03,0.027,0.27,0.72,0.648,6.4799999999999995,0.23,0.20700000000000002,2.0700000000000003,0.01197,0.03,0.72,0.23
frdm,ac271,271Ac,89,182,271,89271,0.01365,0.013513500000000001,1.35135,100.0,0.0,0.0,0.0,0.0,0.0,0.07,0.063,0.6300000000000001,0.35,0.315,3.15,0.56,0.504,5.040000000000001,0.01365,0.07,0.35,0.56
frdm,ac272,272Ac,89,183,272,89272,0.01192,0.0118008,1.18008,100.0,0.0,0.0,0.0,0.0,0.0,0.03,0.027,0.27,0.44,0.396,3.9600000000000004,0.49,0.441,4.41,0.01192,0.03,0.44,0.49
frdm,ac273,273Ac,89,184,273,89273,0.0085,0.008415,0.8415000000000001,100.0,0.0,0.0,0.0,0.0,0.0,0.07,0.063,0.6300000000000001,0.37,0.333,3.33,0.54,0.48600000000000004,4.86,0.0085,0.07,0.37,0.54
frdm,ac275,275Ac,89,186,275,89275,0.00796,0.0078804,0.7880400000000001,100.0,0.0,0.0,0.0,0.0,0.0,0.09,0.081,0.8099999999999999,0.06,0.054,0.54,0.49,0.441,4.41,0.00796,0.09,0.06,0.49
frdm,ac277,277Ac,89,188,277,89277,0.00767,0.0075933,0.7593300000000001,100.0,0.0,0.0,0.0,0.0,0.0,0.05,0.045000000000000005,0.45,0.04,0.036000000000000004,0.36000000000000004,0.1,0.09000000000000001,0.9,0.00767,0.05,0.04,0.1
frdm,ac278,278Ac,89,189,278,89278,0.00735,0.0072765,0.72765,100.0,0.0,0.0,0.0,0.0,0.0,0.01,0.009000000000000001,0.09000000000000001,0.06,0.054,0.54,0.01,0.009000000000000001,0.09000000000000001,0.00735,0.01,0.06,0.01
frdm,ac279,279Ac,89,190,279,89279,0.0064,0.0063360000000000005,0.6336,100.0,0.0,0.0,0.0,0.0,0.0,0.08,0.07200000000000001,0.7200000000000001,0.02,0.018000000000000002,0.18000000000000002,0.06,0.054,0.54,0.0064,0.08,0.02,0.06
frdm,ac280,280Ac,89,191,280,89280,0.00637,0.0063063,0.63063,100.0,0.0,0.0,0.0,0.0,0.0,0.07,0.063,0.6300000000000001,0.11,0.099,0.9900000000000001,0.01,0.009000000000000001,0.09000000000000001,0.00637,0.07,0.11,0.01
frdm,ac281,281Ac,89,192,281,89281,0.00448,0.004435199999999999,0.44351999999999997,100.0,0.0,0.0,0.0,0.0,0.0,0.08,0.07200000000000001,0.7200000000000001,0.06,0.054,0.54,0.05,0.045000000000000005,0.45,0.00448,0.08,0.06,0.05
frdm,ac283,283Ac,89,194,283,89283,0.00305,0.0030195,0.30195,100.0,0.0,0.0,0.0,0.0,0.0,0.03,0.027,0.27,0.02,0.018000000000000002,0.18000000000000002,0.06,0.054,0.54,0.00305,0.03,0.02,0.06
frdm,ac285,285Ac,89,196,285,89285,0.00201,0.0019899,0.19899,100.0,0.0,0.0,0.0,0.0,0.0,0.01,0.009000000000000001,0.09000000000000001,0.01,0.009000000000000001,0.09000000000000001,0.07,0.063,0.6300000000000001,0.00201,0.01,0.01,0.07
frdm,ac287,287Ac,89,198,287,89287,0.00175,0.0017325,0.17325000000000002,100.0,0.0,0.0,0.0,0.0,0.0,0.02,0.018000000000000002,0.18000000000000002,0.01,0.009000000000000001,0.09000000000000001,0.07,0.063,0.6300000000000001,0.00175,0.02,0.01,0.07
frdm,ac289,289Ac,89,200,289,89289,0.00148,0.0014652,0.14651999999999998,100.0,0.0,0.0,0.0,0.0,0.0,0.01,0.009000000000000001,0.09000000000000001,0.01,0.009000000000000001,0.09000000000000001,0.06,0.054,0.54,0.00148,0.01,0.01,0.06
frdm,ac291,291Ac,89,202,291,89291,0.00178,0.0017621999999999998,0.17622,100.0,0.0,0.0,0.0,0.0,0.0,0.02,0.018000000000000002,0.18000000000000002,0.01,0.009000000000000001,0.09000000000000001,0.05,0.045000000000000005,0.45,0.00178,0.02,0.01,0.05
frdm,th239,239Th,90,149,239,90239,12.38884,12.2649516,1226.49516,100.0,0.0,0.0,0.0,0.0,0.0,0.0,0.0,0.0,0.0,0.0,0.0,0.0,0.0,0.0,12.38884,0.0,0.0,0.0
frdm,th240,240Th,90,150,240,90240,45.82229,45.3640671,4536.40671,100.0,0.0,0.0,0.0,0.0,0.0,0.0,0.0,0.0,0.0,0.0,0.0,0.0,0.0,0.0,45.82229,0.0,0.0,0.0
frdm,th241,241Th,90,151,241,90241,23.70459,23.4675441,2346.75441,100.0,0.0,0.0,0.0,0.0,0.0,0.0,0.0,0.0,0.0,0.0,0.0,0.0,0.0,0.0,23.70459,0.0,0.0,0.0
frdm,th242,242Th,90,152,242,90242,10.32738,10.2241062,1022.4106200000001,100.0,0.0,0.0,0.0,0.0,0.0,0.0,0.0,0.0,0.0,0.0,0.0,0.0,0.0,0.0,10.32738,0.0,0.0,0.0
frdm,th243,243Th,90,153,243,90243,2.98814,2.9582586,295.82586000000003,100.0,0.0,0.0,0.0,0.0,0.0,0.0,0.0,0.0,0.0,0.0,0.0,0.0,0.0,0.0,2.98814,0.0,0.0,0.0
frdm,th244,244Th,90,154,244,90244,4.50815,4.463068499999999,446.30684999999994,100.0,0.0,0.0,0.0,0.0,0.0,0.0,0.0,0.0,0.0,0.0,0.0,0.0,0.0,0.0,4.50815,0.0,0.0,0.0
frdm,th245,245Th,90,155,245,90245,1.91959,1.9003941,190.03941,100.0,0.0,0.0,0.0,0.0,0.0,0.0,0.0,0.0,0.0,0.0,0.0,0.0,0.0,0.0,1.91959,0.0,0.0,0.0
frdm,th246,246Th,90,156,246,90246,2.29531,2.2723569,227.23569,100.0,0.0,0.0,0.0,0.0,0.0,0.01,0.009000000000000001,0.09000000000000001,0.0,0.0,0.0,0.0,0.0,0.0,2.29531,0.01,0.0,0.0
frdm,th247,247Th,90,157,247,90247,0.66609,0.6594291,65.94291,100.0,0.0,0.0,0.0,0.0,0.0,0.01,0.009000000000000001,0.09000000000000001,0.0,0.0,0.0,0.0,0.0,0.0,0.66609,0.01,0.0,0.0
frdm,th248,248Th,90,158,248,90248,1.35979,1.3461921000000001,134.61921,100.0,0.0,0.0,0.0,0.0,0.0,0.02,0.018000000000000002,0.18000000000000002,0.0,0.0,0.0,0.0,0.0,0.0,1.35979,0.02,0.0,0.0
frdm,th249,249Th,90,159,249,90249,0.96897,0.9592803,95.92803,100.0,0.0,0.0,0.0,0.0,0.0,0.05,0.045000000000000005,0.45,0.0,0.0,0.0,0.0,0.0,0.0,0.96897,0.05,0.0,0.0
frdm,th250,250Th,90,160,250,90250,0.63466,0.6283134,62.831340000000004,100.0,0.0,0.0,0.0,0.0,0.0,0.07,0.063,0.6300000000000001,0.0,0.0,0.0,0.0,0.0,0.0,0.63466,0.07,0.0,0.0
frdm,th251,251Th,90,161,251,90251,0.52857,0.5232843,52.32843,100.0,0.0,0.0,0.0,0.0,0.0,0.1,0.09000000000000001,0.9,0.0,0.0,0.0,0.0,0.0,0.0,0.52857,0.1,0.0,0.0
frdm,th252,252Th,90,162,252,90252,0.42303,0.4187997,41.87997000000001,100.0,0.0,0.0,0.0,0.0,0.0,0.1,0.09000000000000001,0.9,0.0,0.0,0.0,0.0,0.0,0.0,0.42303,0.1,0.0,0.0
frdm,th253,253Th,90,163,253,90253,0.28643,0.28356570000000003,28.35657,100.0,0.0,0.0,0.0,0.0,0.0,0.31,0.279,2.79,0.0,0.0,0.0,0.0,0.0,0.0,0.28643,0.31,0.0,0.0
frdm,th254,254Th,90,164,254,90254,0.25353,0.25099469999999996,25.099469999999997,100.0,0.0,0.0,0.0,0.0,0.0,0.4,0.36000000000000004,3.6,0.0,0.0,0.0,0.0,0.0,0.0,0.25353,0.4,0.0,0.0
frdm,th255,255Th,90,165,255,90255,0.20554,0.2034846,20.34846,100.0,0.0,0.0,0.0,0.0,0.0,0.49,0.441,4.41,0.0,0.0,0.0,0.0,0.0,0.0,0.20554,0.49,0.0,0.0
frdm,th256,256Th,90,166,256,90256,0.08162,0.0808038,8.08038,100.0,0.0,0.0,0.0,0.0,0.0,0.57,0.5129999999999999,5.129999999999999,0.0,0.0,0.0,0.0,0.0,0.0,0.08162,0.57,0.0,0.0
frdm,th257,257Th,90,167,257,90257,0.09762,0.0966438,9.664380000000001,100.0,0.0,0.0,0.0,0.0,0.0,0.74,0.666,6.66,0.0,0.0,0.0,0.0,0.0,0.0,0.09762,0.74,0.0,0.0
frdm,th258,258Th,90,168,258,90258,0.11871,0.1175229,11.75229,100.0,0.0,0.0,0.0,0.0,0.0,0.65,0.585,5.85,0.0,0.0,0.0,0.0,0.0,0.0,0.11871,0.65,0.0,0.0
frdm,th259,259Th,90,169,259,90259,0.08907,0.0881793,8.81793,100.0,0.0,0.0,0.0,0.0,0.0,0.57,0.5129999999999999,5.129999999999999,0.0,0.0,0.0,0.0,0.0,0.0,0.08907,0.57,0.0,0.0
frdm,th260,260Th,90,170,260,90260,0.07996,0.0791604,7.916040000000001,100.0,0.0,0.0,0.0,0.0,0.0,0.61,0.5489999999999999,5.489999999999999,0.0,0.0,0.0,0.0,0.0,0.0,0.07996,0.61,0.0,0.0
frdm,th261,261Th,90,171,261,90261,0.05739,0.056816099999999994,5.68161,100.0,0.0,0.0,0.0,0.0,0.0,0.65,0.585,5.85,0.0,0.0,0.0,0.0,0.0,0.0,0.05739,0.65,0.0,0.0
frdm,th262,262Th,90,172,262,90262,0.04567,0.045213300000000005,4.52133,100.0,0.0,0.0,0.0,0.0,0.0,0.79,0.7110000000000001,7.11,0.0,0.0,0.0,0.0,0.0,0.0,0.04567,0.79,0.0,0.0
frdm,th263,263Th,90,173,263,90263,0.04909,0.0485991,4.85991,100.0,0.0,0.0,0.0,0.0,0.0,0.82,0.738,7.379999999999999,0.01,0.009000000000000001,0.09000000000000001,0.0,0.0,0.0,0.04909,0.82,0.01,0.0
frdm,th264,264Th,90,174,264,90264,0.04635,0.045886500000000004,4.5886499999999995,100.0,0.0,0.0,0.0,0.0,0.0,0.82,0.738,7.379999999999999,0.0,0.0,0.0,0.0,0.0,0.0,0.04635,0.82,0.0,0.0
frdm,th265,265Th,90,175,265,90265,0.04011,0.0397089,3.9708900000000003,100.0,0.0,0.0,0.0,0.0,0.0,0.84,0.756,7.5600000000000005,0.03,0.027,0.27,0.0,0.0,0.0,0.04011,0.84,0.03,0.0
frdm,th266,266Th,90,176,266,90266,0.03656,0.0361944,3.61944,100.0,0.0,0.0,0.0,0.0,0.0,0.88,0.792,7.920000000000001,0.0,0.0,0.0,0.0,0.0,0.0,0.03656,0.88,0.0,0.0
frdm,th267,267Th,90,177,267,90267,0.03089,0.0305811,3.05811,100.0,0.0,0.0,0.0,0.0,0.0,0.79,0.7110000000000001,7.11,0.09,0.081,0.8099999999999999,0.0,0.0,0.0,0.03089,0.79,0.09,0.0
frdm,th268,268Th,90,178,268,90268,0.02592,0.025660799999999998,2.5660799999999995,100.0,0.0,0.0,0.0,0.0,0.0,0.89,0.801,8.01,0.01,0.009000000000000001,0.09000000000000001,0.0,0.0,0.0,0.02592,0.89,0.01,0.0
frdm,th269,269Th,90,179,269,90269,0.02196,0.0217404,2.17404,100.0,0.0,0.0,0.0,0.0,0.0,0.49,0.441,4.41,0.45,0.405,4.05,0.0,0.0,0.0,0.02196,0.49,0.45,0.0
frdm,th270,270Th,90,180,270,90270,0.01755,0.0173745,1.73745,100.0,0.0,0.0,0.0,0.0,0.0,0.78,0.7020000000000001,7.0200000000000005,0.19,0.171,1.71,0.0,0.0,0.0,0.01755,0.78,0.19,0.0
frdm,th271,271Th,90,181,271,90271,0.01521,0.015057899999999999,1.50579,100.0,0.0,0.0,0.0,0.0,0.0,0.14,0.126,1.2600000000000002,0.83,0.747,7.469999999999999,0.01,0.009000000000000001,0.09000000000000001,0.01521,0.14,0.83,0.01
frdm,th272,272Th,90,182,272,90272,0.01535,0.0151965,1.5196500000000002,100.0,0.0,0.0,0.0,0.0,0.0,0.58,0.522,5.22,0.38,0.342,3.42,0.01,0.009000000000000001,0.09000000000000001,0.01535,0.58,0.38,0.01
frdm,th273,273Th,90,183,273,90273,0.01422,0.0140778,1.40778,100.0,0.0,0.0,0.0,0.0,0.0,0.15,0.135,1.35,0.82,0.738,7.379999999999999,0.01,0.009000000000000001,0.09000000000000001,0.01422,0.15,0.82,0.01
frdm,th274,274Th,90,184,274,90274,0.01106,0.0109494,1.09494,100.0,0.0,0.0,0.0,0.0,0.0,0.45,0.405,4.05,0.5,0.45,4.5,0.01,0.009000000000000001,0.09000000000000001,0.01106,0.45,0.5,0.01
frdm,th276,276Th,90,186,276,90276,0.01054,0.0104346,1.04346,100.0,0.0,0.0,0.0,0.0,0.0,0.09,0.081,0.8099999999999999,0.26,0.234,2.34,0.64,0.5760000000000001,5.760000000000001,0.01054,0.09,0.26,0.64
frdm,th278,278Th,90,188,278,90278,0.01003,0.009929700000000001,0.9929700000000001,100.0,0.0,0.0,0.0,0.0,0.0,0.11,0.099,0.9900000000000001,0.01,0.009000000000000001,0.09000000000000001,0.37,0.333,3.33,0.01003,0.11,0.01,0.37
frdm,th279,279Th,90,189,279,90279,0.00934,0.009246599999999999,0.9246599999999999,100.0,0.0,0.0,0.0,0.0,0.0,0.02,0.018000000000000002,0.18000000000000002,0.09,0.081,0.8099999999999999,0.01,0.009000000000000001,0.09000000000000001,0.00934,0.02,0.09,0.01
frdm,th280,280Th,90,190,280,90280,0.00794,0.007860599999999999,0.78606,100.0,0.0,0.0,0.0,0.0,0.0,0.05,0.045000000000000005,0.45,0.01,0.009000000000000001,0.09000000000000001,0.37,0.333,3.33,0.00794,0.05,0.01,0.37
frdm,th281,281Th,90,191,281,90281,0.00787,0.0077913,0.77913,100.0,0.0,0.0,0.0,0.0,0.0,0.09,0.081,0.8099999999999999,0.06,0.054,0.54,0.03,0.027,0.27,0.00787,0.09,0.06,0.03
frdm,th282,282Th,90,192,282,90282,0.00559,0.0055341,0.5534100000000001,100.0,0.0,0.0,0.0,0.0,0.0,0.06,0.054,0.54,0.04,0.036000000000000004,0.36000000000000004,0.44,0.396,3.9600000000000004,0.00559,0.06,0.04,0.44
frdm,th284,284Th,90,194,284,90284,0.00314,0.0031086,0.31086,100.0,0.0,0.0,0.0,0.0,0.0,0.06,0.054,0.54,0.07,0.063,0.6300000000000001,0.3,0.27,2.7,0.00314,0.06,0.07,0.3
frdm,th285,285Th,90,195,285,90285,0.00287,0.0028413,0.28413000000000005,100.0,0.0,0.0,0.0,0.0,0.0,0.0,0.0,0.0,0.1,0.09000000000000001,0.9,0.11,0.099,0.9900000000000001,0.00287,0.0,0.1,0.11
frdm,th286,286Th,90,196,286,90286,0.0026,0.002574,0.2574,100.0,0.0,0.0,0.0,0.0,0.0,0.08,0.07200000000000001,0.7200000000000001,0.01,0.009000000000000001,0.09000000000000001,0.23,0.20700000000000002,2.0700000000000003,0.0026,0.08,0.01,0.23
frdm,th288,288Th,90,198,288,90288,0.00225,0.0022275,0.22274999999999998,100.0,0.0,0.0,0.0,0.0,0.0,0.06,0.054,0.54,0.05,0.045000000000000005,0.45,0.2,0.18000000000000002,1.8,0.00225,0.06,0.05,0.2
frdm,th290,290Th,90,200,290,90290,0.0018,0.001782,0.1782,100.0,0.0,0.0,0.0,0.0,0.0,0.04,0.036000000000000004,0.36000000000000004,0.02,0.018000000000000002,0.18000000000000002,0.15,0.135,1.35,0.0018,0.04,0.02,0.15
frdm,th292,292Th,90,202,292,90292,0.00241,0.0023859,0.23859,100.0,0.0,0.0,0.0,0.0,0.0,0.06,0.054,0.54,0.01,0.009000000000000001,0.09000000000000001,0.05,0.045000000000000005,0.45,0.00241,0.06,0.01,0.05
frdm,th294,294Th,90,204,294,90294,0.00165,0.0016335,0.16335,100.0,0.0,0.0,0.0,0.0,0.0,0.04,0.036000000000000004,0.36000000000000004,0.0,0.0,0.0,0.04,0.036000000000000004,0.36000000000000004,0.00165,0.04,0.0,0.04
frdm,pa240,240Pa,91,149,240,91240,23.1444,22.912956,2291.2956,100.0,0.0,0.0,0.0,0.0,0.0,0.0,0.0,0.0,0.0,0.0,0.0,0.0,0.0,0.0,23.1444,0.0,0.0,0.0
frdm,pa241,241Pa,91,150,241,91241,83.97828,83.1384972,8313.84972,100.0,0.0,0.0,0.0,0.0,0.0,0.0,0.0,0.0,0.0,0.0,0.0,0.0,0.0,0.0,83.97828,0.0,0.0,0.0
frdm,pa242,242Pa,91,151,242,91242,6.60381,6.5377719,653.77719,100.0,0.0,0.0,0.0,0.0,0.0,0.0,0.0,0.0,0.0,0.0,0.0,0.0,0.0,0.0,6.60381,0.0,0.0,0.0
frdm,pa243,243Pa,91,152,243,91243,4.16877,4.1270823000000005,412.70823,100.0,0.0,0.0,0.0,0.0,0.0,0.0,0.0,0.0,0.0,0.0,0.0,0.0,0.0,0.0,4.16877,0.0,0.0,0.0
frdm,pa244,244Pa,91,153,244,91244,5.70118,5.6441682,564.4168199999999,100.0,0.0,0.0,0.0,0.0,0.0,0.0,0.0,0.0,0.0,0.0,0.0,0.0,0.0,0.0,5.70118,0.0,0.0,0.0
frdm,pa245,245Pa,91,154,245,91245,9.26872,9.1760328,917.6032799999999,100.0,0.0,0.0,0.0,0.0,0.0,0.03,0.027,0.27,0.0,0.0,0.0,0.0,0.0,0.0,9.26872,0.03,0.0,0.0
frdm,pa246,246Pa,91,155,246,91246,3.69603,3.6590697,365.90697,100.0,0.0,0.0,0.0,0.0,0.0,0.07,0.063,0.6300000000000001,0.0,0.0,0.0,0.0,0.0,0.0,3.69603,0.07,0.0,0.0
frdm,pa247,247Pa,91,156,247,91247,3.86821,3.8295279,382.95279,100.0,0.0,0.0,0.0,0.0,0.0,0.24,0.216,2.16,0.0,0.0,0.0,0.0,0.0,0.0,3.86821,0.24,0.0,0.0
frdm,pa248,248Pa,91,157,248,91248,1.0503,1.039797,103.97970000000001,100.0,0.0,0.0,0.0,0.0,0.0,0.13,0.117,1.17,0.0,0.0,0.0,0.0,0.0,0.0,1.0503,0.13,0.0,0.0
frdm,pa249,249Pa,91,158,249,91249,2.30257,2.2795443,227.95442999999997,100.0,0.0,0.0,0.0,0.0,0.0,0.33,0.29700000000000004,2.97,0.0,0.0,0.0,0.0,0.0,0.0,2.30257,0.33,0.0,0.0
frdm,pa250,250Pa,91,159,250,91250,1.67338,1.6566462000000002,165.66462,100.0,0.0,0.0,0.0,0.0,0.0,0.31,0.279,2.79,0.0,0.0,0.0,0.0,0.0,0.0,1.67338,0.31,0.0,0.0
frdm,pa251,251Pa,91,160,251,91251,0.60926,0.6031674,60.31674,100.0,0.0,0.0,0.0,0.0,0.0,0.35,0.315,3.15,0.0,0.0,0.0,0.0,0.0,0.0,0.60926,0.35,0.0,0.0
frdm,pa252,252Pa,91,161,252,91252,0.4367,0.43233299999999997,43.23329999999999,100.0,0.0,0.0,0.0,0.0,0.0,0.27,0.24300000000000002,2.43,0.0,0.0,0.0,0.0,0.0,0.0,0.4367,0.27,0.0,0.0
frdm,pa253,253Pa,91,162,253,91253,0.38868,0.3847932,38.47932,100.0,0.0,0.0,0.0,0.0,0.0,0.47,0.423,4.2299999999999995,0.0,0.0,0.0,0.0,0.0,0.0,0.38868,0.47,0.0,0.0
frdm,pa254,254Pa,91,163,254,91254,0.26671,0.2640429,26.40429,100.0,0.0,0.0,0.0,0.0,0.0,0.58,0.522,5.22,0.0,0.0,0.0,0.0,0.0,0.0,0.26671,0.58,0.0,0.0
frdm,pa255,255Pa,91,164,255,91255,0.21738,0.2152062,21.52062,100.0,0.0,0.0,0.0,0.0,0.0,0.71,0.639,6.39,0.0,0.0,0.0,0.0,0.0,0.0,0.21738,0.71,0.0,0.0
frdm,pa256,256Pa,91,165,256,91256,0.32469,0.3214431,32.144310000000004,100.0,0.0,0.0,0.0,0.0,0.0,0.74,0.666,6.66,0.01,0.009000000000000001,0.09000000000000001,0.0,0.0,0.0,0.32469,0.74,0.01,0.0
frdm,pa257,257Pa,91,166,257,91257,0.27551,0.27275489999999997,27.275489999999998,100.0,0.0,0.0,0.0,0.0,0.0,0.84,0.756,7.5600000000000005,0.0,0.0,0.0,0.0,0.0,0.0,0.27551,0.84,0.0,0.0
frdm,pa258,258Pa,91,167,258,91258,0.15609,0.1545291,15.45291,100.0,0.0,0.0,0.0,0.0,0.0,0.87,0.783,7.829999999999999,0.03,0.027,0.27,0.0,0.0,0.0,0.15609,0.87,0.03,0.0
frdm,pa259,259Pa,91,168,259,91259,0.10622,0.1051578,10.51578,100.0,0.0,0.0,0.0,0.0,0.0,0.87,0.783,7.829999999999999,0.0,0.0,0.0,0.0,0.0,0.0,0.10622,0.87,0.0,0.0
frdm,pa260,260Pa,91,169,260,91260,0.11518,0.11402820000000001,11.40282,100.0,0.0,0.0,0.0,0.0,0.0,0.76,0.684,6.84,0.02,0.018000000000000002,0.18000000000000002,0.0,0.0,0.0,0.11518,0.76,0.02,0.0
frdm,pa261,261Pa,91,170,261,91261,0.11895,0.1177605,11.77605,100.0,0.0,0.0,0.0,0.0,0.0,0.84,0.756,7.5600000000000005,0.0,0.0,0.0,0.0,0.0,0.0,0.11895,0.84,0.0,0.0
frdm,pa262,262Pa,91,171,262,91262,0.08797,0.08709030000000001,8.70903,100.0,0.0,0.0,0.0,0.0,0.0,0.76,0.684,6.84,0.02,0.018000000000000002,0.18000000000000002,0.0,0.0,0.0,0.08797,0.76,0.02,0.0
frdm,pa263,263Pa,91,172,263,91263,0.05077,0.0502623,5.02623,100.0,0.0,0.0,0.0,0.0,0.0,0.91,0.8190000000000001,8.19,0.0,0.0,0.0,0.0,0.0,0.0,0.05077,0.91,0.0,0.0
frdm,pa264,264Pa,91,173,264,91264,0.04898,0.048490200000000004,4.84902,100.0,0.0,0.0,0.0,0.0,0.0,0.76,0.684,6.84,0.16,0.14400000000000002,1.4400000000000002,0.0,0.0,0.0,0.04898,0.76,0.16,0.0
frdm,pa265,265Pa,91,174,265,91265,0.0478,0.047322,4.732200000000001,100.0,0.0,0.0,0.0,0.0,0.0,0.92,0.8280000000000001,8.280000000000001,0.04,0.036000000000000004,0.36000000000000004,0.0,0.0,0.0,0.0478,0.92,0.04,0.0
frdm,pa266,266Pa,91,175,266,91266,0.05978,0.0591822,5.91822,100.0,0.0,0.0,0.0,0.0,0.0,0.37,0.333,3.33,0.54,0.48600000000000004,4.86,0.0,0.0,0.0,0.05978,0.37,0.54,0.0
frdm,pa267,267Pa,91,176,267,91267,0.05288,0.0523512,5.23512,100.0,0.0,0.0,0.0,0.0,0.0,0.79,0.7110000000000001,7.11,0.15,0.135,1.35,0.0,0.0,0.0,0.05288,0.79,0.15,0.0
frdm,pa268,268Pa,91,177,268,91268,0.04482,0.044371799999999996,4.437180000000001,100.0,0.0,0.0,0.0,0.0,0.0,0.29,0.261,2.61,0.64,0.5760000000000001,5.760000000000001,0.0,0.0,0.0,0.04482,0.29,0.64,0.0
frdm,pa269,269Pa,91,178,269,91269,0.03777,0.037392299999999996,3.7392299999999996,100.0,0.0,0.0,0.0,0.0,0.0,0.6,0.54,5.4,0.36,0.324,3.2399999999999998,0.0,0.0,0.0,0.03777,0.6,0.36,0.0
frdm,pa270,270Pa,91,179,270,91270,0.03101,0.0306999,3.0699899999999998,100.0,0.0,0.0,0.0,0.0,0.0,0.11,0.099,0.9900000000000001,0.85,0.765,7.65,0.0,0.0,0.0,0.03101,0.11,0.85,0.0
frdm,pa271,271Pa,91,180,271,91271,0.02312,0.0228888,2.2888800000000002,100.0,0.0,0.0,0.0,0.0,0.0,0.16,0.14400000000000002,1.4400000000000002,0.81,0.7290000000000001,7.290000000000001,0.01,0.009000000000000001,0.09000000000000001,0.02312,0.16,0.81,0.01
frdm,pa272,272Pa,91,181,272,91272,0.02649,0.0262251,2.62251,100.0,0.0,0.0,0.0,0.0,0.0,0.05,0.045000000000000005,0.45,0.89,0.801,8.01,0.04,0.036000000000000004,0.36000000000000004,0.02649,0.05,0.89,0.04
frdm,pa273,273Pa,91,182,273,91273,0.02685,0.026581499999999997,2.65815,100.0,0.0,0.0,0.0,0.0,0.0,0.11,0.099,0.9900000000000001,0.65,0.585,5.85,0.22,0.198,1.9800000000000002,0.02685,0.11,0.65,0.22
frdm,pa274,274Pa,91,183,274,91274,0.02291,0.0226809,2.26809,100.0,0.0,0.0,0.0,0.0,0.0,0.06,0.054,0.54,0.75,0.675,6.75,0.16,0.14400000000000002,1.4400000000000002,0.02291,0.06,0.75,0.16
frdm,pa275,275Pa,91,184,275,91275,0.01579,0.0156321,1.5632099999999998,100.0,0.0,0.0,0.0,0.0,0.0,0.1,0.09000000000000001,0.9,0.68,0.6120000000000001,6.120000000000001,0.2,0.18000000000000002,1.8,0.01579,0.1,0.68,0.2
frdm,pa277,277Pa,91,186,277,91277,0.01457,0.0144243,1.4424299999999999,100.0,0.0,0.0,0.0,0.0,0.0,0.13,0.117,1.17,0.07,0.063,0.6300000000000001,0.74,0.666,6.66,0.01457,0.13,0.07,0.74
frdm,pa278,278Pa,91,187,278,91278,0.01407,0.013929299999999999,1.39293,100.0,0.0,0.0,0.0,0.0,0.0,0.04,0.036000000000000004,0.36000000000000004,0.18,0.162,1.6199999999999999,0.12,0.108,1.08,0.01407,0.04,0.18,0.12
frdm,pa279,279Pa,91,188,279,91279,0.01421,0.014067900000000001,1.40679,100.0,0.0,0.0,0.0,0.0,0.0,0.1,0.09000000000000001,0.9,0.03,0.027,0.27,0.16,0.14400000000000002,1.4400000000000002,0.01421,0.1,0.03,0.16
frdm,pa280,280Pa,91,189,280,91280,0.01073,0.0106227,1.06227,100.0,0.0,0.0,0.0,0.0,0.0,0.01,0.009000000000000001,0.09000000000000001,0.1,0.09000000000000001,0.9,0.01,0.009000000000000001,0.09000000000000001,0.01073,0.01,0.1,0.01
frdm,pa281,281Pa,91,190,281,91281,0.01159,0.0114741,1.14741,100.0,0.0,0.0,0.0,0.0,0.0,0.12,0.108,1.08,0.03,0.027,0.27,0.14,0.126,1.2600000000000002,0.01159,0.12,0.03,0.14
frdm,pa282,282Pa,91,191,282,91282,0.01175,0.0116325,1.1632500000000001,100.0,0.0,0.0,0.0,0.0,0.0,0.09,0.081,0.8099999999999999,0.13,0.117,1.17,0.02,0.018000000000000002,0.18000000000000002,0.01175,0.09,0.13,0.02
frdm,pa283,283Pa,91,192,283,91283,0.00809,0.0080091,0.8009099999999999,100.0,0.0,0.0,0.0,0.0,0.0,0.11,0.099,0.9900000000000001,0.04,0.036000000000000004,0.36000000000000004,0.15,0.135,1.35,0.00809,0.11,0.04,0.15
frdm,pa284,284Pa,91,193,284,91284,0.00349,0.0034551,0.34551,100.0,0.0,0.0,0.0,0.0,0.0,0.01,0.009000000000000001,0.09000000000000001,0.1,0.09000000000000001,0.9,0.14,0.126,1.2600000000000002,0.00349,0.01,0.1,0.14
frdm,pa285,285Pa,91,194,285,91285,0.00322,0.0031878,0.31878,100.0,0.0,0.0,0.0,0.0,0.0,0.04,0.036000000000000004,0.36000000000000004,0.05,0.045000000000000005,0.45,0.29,0.261,2.61,0.00322,0.04,0.05,0.29
frdm,pa286,286Pa,91,195,286,91286,0.00312,0.0030888,0.30888,100.0,0.0,0.0,0.0,0.0,0.0,0.01,0.009000000000000001,0.09000000000000001,0.08,0.07200000000000001,0.7200000000000001,0.08,0.07200000000000001,0.7200000000000001,0.00312,0.01,0.08,0.08
frdm,pa287,287Pa,91,196,287,91287,0.00271,0.0026829,0.26829000000000003,100.0,0.0,0.0,0.0,0.0,0.0,0.04,0.036000000000000004,0.36000000000000004,0.05,0.045000000000000005,0.45,0.19,0.171,1.71,0.00271,0.04,0.05,0.19
frdm,pa288,288Pa,91,197,288,91288,0.00242,0.0023958,0.23958,100.0,0.0,0.0,0.0,0.0,0.0,0.02,0.018000000000000002,0.18000000000000002,0.1,0.09000000000000001,0.9,0.07,0.063,0.6300000000000001,0.00242,0.02,0.1,0.07
frdm,pa289,289Pa,91,198,289,91289,0.00248,0.0024552,0.24552,100.0,0.0,0.0,0.0,0.0,0.0,0.03,0.027,0.27,0.03,0.027,0.27,0.14,0.126,1.2600000000000002,0.00248,0.03,0.03,0.14
frdm,pa290,290Pa,91,199,290,91290,0.00207,0.0020493,0.20493,100.0,0.0,0.0,0.0,0.0,0.0,0.0,0.0,0.0,0.07,0.063,0.6300000000000001,0.05,0.045000000000000005,0.45,0.00207,0.0,0.07,0.05
frdm,pa291,291Pa,91,200,291,91291,0.00208,0.0020591999999999997,0.20592,100.0,0.0,0.0,0.0,0.0,0.0,0.04,0.036000000000000004,0.36000000000000004,0.01,0.009000000000000001,0.09000000000000001,0.12,0.108,1.08,0.00208,0.04,0.01,0.12
frdm,pa293,293Pa,91,202,293,91293,0.00184,0.0018216,0.18216,100.0,0.0,0.0,0.0,0.0,0.0,0.01,0.009000000000000001,0.09000000000000001,0.02,0.018000000000000002,0.18000000000000002,0.06,0.054,0.54,0.00184,0.01,0.02,0.06
frdm,pa294,294Pa,91,203,294,91294,0.00226,0.0022374,0.22373999999999997,100.0,0.0,0.0,0.0,0.0,0.0,0.0,0.0,0.0,0.03,0.027,0.27,0.01,0.009000000000000001,0.09000000000000001,0.00226,0.0,0.03,0.01
frdm,pa295,295Pa,91,204,295,91295,0.00182,0.0018018,0.18018,100.0,0.0,0.0,0.0,0.0,0.0,0.02,0.018000000000000002,0.18000000000000002,0.01,0.009000000000000001,0.09000000000000001,0.06,0.054,0.54,0.00182,0.02,0.01,0.06
frdm,pa297,297Pa,91,206,297,91297,0.00158,0.0015642,0.15642,100.0,0.0,0.0,0.0,0.0,0.0,0.01,0.009000000000000001,0.09000000000000001,0.01,0.009000000000000001,0.09000000000000001,0.07,0.063,0.6300000000000001,0.00158,0.01,0.01,0.07
frdm,u241,241U,92,149,241,92241,104.67197,103.6252503,10362.52503,100.0,0.0,0.0,0.0,0.0,0.0,0.0,0.0,0.0,0.0,0.0,0.0,0.0,0.0,0.0,104.67197,0.0,0.0,0.0
frdm,u243,243U,92,151,243,92243,425.36707,421.1133993,42111.33993,100.0,0.0,0.0,0.0,0.0,0.0,0.0,0.0,0.0,0.0,0.0,0.0,0.0,0.0,0.0,425.36707,0.0,0.0,0.0
frdm,u244,244U,92,152,244,92244,115.04196,113.8915404,11389.15404,100.0,0.0,0.0,0.0,0.0,0.0,0.0,0.0,0.0,0.0,0.0,0.0,0.0,0.0,0.0,115.04196,0.0,0.0,0.0
frdm,u245,245U,92,153,245,92245,14.22685,14.0845815,1408.4581500000002,100.0,0.0,0.0,0.0,0.0,0.0,0.0,0.0,0.0,0.0,0.0,0.0,0.0,0.0,0.0,14.22685,0.0,0.0,0.0
frdm,u246,246U,92,154,246,92246,39.79034,39.3924366,3939.24366,100.0,0.0,0.0,0.0,0.0,0.0,0.0,0.0,0.0,0.0,0.0,0.0,0.0,0.0,0.0,39.79034,0.0,0.0,0.0
frdm,u247,247U,92,155,247,92247,11.81631,11.6981469,1169.81469,100.0,0.0,0.0,0.0,0.0,0.0,0.0,0.0,0.0,0.0,0.0,0.0,0.0,0.0,0.0,11.81631,0.0,0.0,0.0
frdm,u248,248U,92,156,248,92248,13.08541,12.954555899999999,1295.45559,100.0,0.0,0.0,0.0,0.0,0.0,0.0,0.0,0.0,0.0,0.0,0.0,0.0,0.0,0.0,13.08541,0.0,0.0,0.0
frdm,u249,249U,92,157,249,92249,8.05953,7.978934700000001,797.8934700000001,100.0,0.0,0.0,0.0,0.0,0.0,0.0,0.0,0.0,0.0,0.0,0.0,0.0,0.0,0.0,8.05953,0.0,0.0,0.0
frdm,u250,250U,92,158,250,92250,6.21829,6.1561071,615.6107099999999,100.0,0.0,0.0,0.0,0.0,0.0,0.0,0.0,0.0,0.0,0.0,0.0,0.0,0.0,0.0,6.21829,0.0,0.0,0.0
frdm,u251,251U,92,159,251,92251,3.66587,3.6292113,362.92113,100.0,0.0,0.0,0.0,0.0,0.0,0.0,0.0,0.0,0.0,0.0,0.0,0.0,0.0,0.0,3.66587,0.0,0.0,0.0
frdm,u252,252U,92,160,252,92252,3.76621,3.7285479,372.85479,100.0,0.0,0.0,0.0,0.0,0.0,0.0,0.0,0.0,0.0,0.0,0.0,0.0,0.0,0.0,3.76621,0.0,0.0,0.0
frdm,u253,253U,92,161,253,92253,1.87107,1.8523593,185.23593,100.0,0.0,0.0,0.0,0.0,0.0,0.0,0.0,0.0,0.0,0.0,0.0,0.0,0.0,0.0,1.87107,0.0,0.0,0.0
frdm,u254,254U,92,162,254,92254,1.46483,1.4501817000000001,145.01817,100.0,0.0,0.0,0.0,0.0,0.0,0.0,0.0,0.0,0.0,0.0,0.0,0.0,0.0,0.0,1.46483,0.0,0.0,0.0
frdm,u255,255U,92,163,255,92255,0.99426,0.9843174,98.43174,100.0,0.0,0.0,0.0,0.0,0.0,0.04,0.036000000000000004,0.36000000000000004,0.0,0.0,0.0,0.0,0.0,0.0,0.99426,0.04,0.0,0.0
frdm,u256,256U,92,164,256,92256,0.73246,0.7251354,72.51353999999999,100.0,0.0,0.0,0.0,0.0,0.0,0.12,0.108,1.08,0.0,0.0,0.0,0.0,0.0,0.0,0.73246,0.12,0.0,0.0
frdm,u257,257U,92,165,257,92257,0.52779,0.5225121,52.25120999999999,100.0,0.0,0.0,0.0,0.0,0.0,0.25,0.225,2.25,0.0,0.0,0.0,0.0,0.0,0.0,0.52779,0.25,0.0,0.0
frdm,u258,258U,92,166,258,92258,0.49276,0.4878324,48.78324,100.0,0.0,0.0,0.0,0.0,0.0,0.27,0.24300000000000002,2.43,0.0,0.0,0.0,0.0,0.0,0.0,0.49276,0.27,0.0,0.0
frdm,u259,259U,92,167,259,92259,0.21832,0.2161368,21.61368,100.0,0.0,0.0,0.0,0.0,0.0,0.22,0.198,1.9800000000000002,0.0,0.0,0.0,0.0,0.0,0.0,0.21832,0.22,0.0,0.0
frdm,u260,260U,92,168,260,92260,0.2234,0.22116599999999997,22.1166,100.0,0.0,0.0,0.0,0.0,0.0,0.39,0.35100000000000003,3.5100000000000002,0.0,0.0,0.0,0.0,0.0,0.0,0.2234,0.39,0.0,0.0
frdm,u261,261U,92,169,261,92261,0.24608,0.24361919999999998,24.36192,100.0,0.0,0.0,0.0,0.0,0.0,0.45,0.405,4.05,0.0,0.0,0.0,0.0,0.0,0.0,0.24608,0.45,0.0,0.0
frdm,u262,262U,92,170,262,92262,0.18001,0.1782099,17.820990000000002,100.0,0.0,0.0,0.0,0.0,0.0,0.31,0.279,2.79,0.0,0.0,0.0,0.0,0.0,0.0,0.18001,0.31,0.0,0.0
frdm,u263,263U,92,171,263,92263,0.14447,0.1430253,14.302529999999999,100.0,0.0,0.0,0.0,0.0,0.0,0.42,0.378,3.7800000000000002,0.0,0.0,0.0,0.0,0.0,0.0,0.14447,0.42,0.0,0.0
frdm,u264,264U,92,172,264,92264,0.11201,0.1108899,11.08899,100.0,0.0,0.0,0.0,0.0,0.0,0.48,0.432,4.32,0.0,0.0,0.0,0.0,0.0,0.0,0.11201,0.48,0.0,0.0
frdm,u265,265U,92,173,265,92265,0.10881,0.10772190000000001,10.77219,100.0,0.0,0.0,0.0,0.0,0.0,0.73,0.657,6.57,0.0,0.0,0.0,0.0,0.0,0.0,0.10881,0.73,0.0,0.0
frdm,u266,266U,92,174,266,92266,0.10382,0.10278179999999999,10.278179999999999,100.0,0.0,0.0,0.0,0.0,0.0,0.75,0.675,6.75,0.0,0.0,0.0,0.0,0.0,0.0,0.10382,0.75,0.0,0.0
frdm,u267,267U,92,175,267,92267,0.08686,0.08599140000000001,8.59914,100.0,0.0,0.0,0.0,0.0,0.0,0.81,0.7290000000000001,7.290000000000001,0.0,0.0,0.0,0.0,0.0,0.0,0.08686,0.81,0.0,0.0
frdm,u268,268U,92,176,268,92268,0.08446,0.08361539999999999,8.36154,100.0,0.0,0.0,0.0,0.0,0.0,0.83,0.747,7.469999999999999,0.0,0.0,0.0,0.0,0.0,0.0,0.08446,0.83,0.0,0.0
frdm,u269,269U,92,177,269,92269,0.06334,0.06270659999999999,6.2706599999999995,100.0,0.0,0.0,0.0,0.0,0.0,0.83,0.747,7.469999999999999,0.01,0.009000000000000001,0.09000000000000001,0.0,0.0,0.0,0.06334,0.83,0.01,0.0
frdm,u270,270U,92,178,270,92270,0.05366,0.0531234,5.31234,100.0,0.0,0.0,0.0,0.0,0.0,0.87,0.783,7.829999999999999,0.0,0.0,0.0,0.0,0.0,0.0,0.05366,0.87,0.0,0.0
frdm,u271,271U,92,179,271,92271,0.04259,0.0421641,4.216410000000001,100.0,0.0,0.0,0.0,0.0,0.0,0.78,0.7020000000000001,7.0200000000000005,0.12,0.108,1.08,0.0,0.0,0.0,0.04259,0.78,0.12,0.0
frdm,u272,272U,92,180,272,92272,0.03169,0.0313731,3.1373100000000003,100.0,0.0,0.0,0.0,0.0,0.0,0.94,0.846,8.459999999999999,0.01,0.009000000000000001,0.09000000000000001,0.0,0.0,0.0,0.03169,0.94,0.01,0.0
frdm,u273,273U,92,181,273,92273,0.02585,0.025591500000000003,2.55915,100.0,0.0,0.0,0.0,0.0,0.0,0.48,0.432,4.32,0.49,0.441,4.41,0.0,0.0,0.0,0.02585,0.48,0.49,0.0
frdm,u274,274U,92,182,274,92274,0.03108,0.0307692,3.07692,100.0,0.0,0.0,0.0,0.0,0.0,0.89,0.801,8.01,0.06,0.054,0.54,0.0,0.0,0.0,0.03108,0.89,0.06,0.0
frdm,u275,275U,92,183,275,92275,0.02969,0.029393100000000002,2.9393100000000003,100.0,0.0,0.0,0.0,0.0,0.0,0.29,0.261,2.61,0.67,0.603,6.03,0.0,0.0,0.0,0.02969,0.29,0.67,0.0
frdm,u276,276U,92,184,276,92276,0.02223,0.022007699999999998,2.20077,100.0,0.0,0.0,0.0,0.0,0.0,0.83,0.747,7.469999999999999,0.12,0.108,1.08,0.0,0.0,0.0,0.02223,0.83,0.12,0.0
frdm,u278,278U,92,186,278,92278,0.0189,0.018711,1.8711000000000002,100.0,0.0,0.0,0.0,0.0,0.0,0.09,0.081,0.8099999999999999,0.68,0.6120000000000001,6.120000000000001,0.2,0.18000000000000002,1.8,0.0189,0.09,0.68,0.2
frdm,u279,279U,92,187,279,92279,0.02145,0.0212355,2.12355,100.0,0.0,0.0,0.0,0.0,0.0,0.06,0.054,0.54,0.16,0.14400000000000002,1.4400000000000002,0.6,0.54,5.4,0.02145,0.06,0.16,0.6
frdm,u280,280U,92,188,280,92280,0.02101,0.0207999,2.07999,100.0,0.0,0.0,0.0,0.0,0.0,0.09,0.081,0.8099999999999999,0.05,0.045000000000000005,0.45,0.75,0.675,6.75,0.02101,0.09,0.05,0.75
frdm,u281,281U,92,189,281,92281,0.01477,0.0146223,1.4622300000000001,100.0,0.0,0.0,0.0,0.0,0.0,0.05,0.045000000000000005,0.45,0.3,0.27,2.7,0.23,0.20700000000000002,2.0700000000000003,0.01477,0.05,0.3,0.23
frdm,u282,282U,92,190,282,92282,0.01414,0.0139986,1.3998599999999999,100.0,0.0,0.0,0.0,0.0,0.0,0.07,0.063,0.6300000000000001,0.13,0.117,1.17,0.67,0.603,6.03,0.01414,0.07,0.13,0.67
frdm,u283,283U,92,191,283,92283,0.01572,0.015562800000000002,1.55628,100.0,0.0,0.0,0.0,0.0,0.0,0.1,0.09000000000000001,0.9,0.15,0.135,1.35,0.3,0.27,2.7,0.01572,0.1,0.15,0.3
frdm,u284,284U,92,192,284,92284,0.00549,0.0054351,0.54351,100.0,0.0,0.0,0.0,0.0,0.0,0.21,0.189,1.8900000000000001,0.25,0.225,2.25,0.48,0.432,4.32,0.00549,0.21,0.25,0.48
frdm,u285,285U,92,193,285,92285,0.00516,0.0051084,0.51084,100.0,0.0,0.0,0.0,0.0,0.0,0.07,0.063,0.6300000000000001,0.3,0.27,2.7,0.34,0.30600000000000005,3.0600000000000005,0.00516,0.07,0.3,0.34
frdm,u286,286U,92,194,286,92286,0.00444,0.0043956,0.43956000000000006,100.0,0.0,0.0,0.0,0.0,0.0,0.18,0.162,1.6199999999999999,0.21,0.189,1.8900000000000001,0.48,0.432,4.32,0.00444,0.18,0.21,0.48
frdm,u287,287U,92,195,287,92287,0.00443,0.0043857,0.43857,100.0,0.0,0.0,0.0,0.0,0.0,0.06,0.054,0.54,0.26,0.234,2.34,0.26,0.234,2.34,0.00443,0.06,0.26,0.26
frdm,u288,288U,92,196,288,92288,0.00384,0.0038016,0.38016,100.0,0.0,0.0,0.0,0.0,0.0,0.12,0.108,1.08,0.16,0.14400000000000002,1.4400000000000002,0.48,0.432,4.32,0.00384,0.12,0.16,0.48
frdm,u290,290U,92,198,290,92290,0.00334,0.0033066000000000003,0.33066,100.0,0.0,0.0,0.0,0.0,0.0,0.09,0.081,0.8099999999999999,0.11,0.099,0.9900000000000001,0.31,0.279,2.79,0.00334,0.09,0.11,0.31
frdm,u291,291U,92,199,291,92291,0.00281,0.0027819,0.27819000000000005,100.0,0.0,0.0,0.0,0.0,0.0,0.05,0.045000000000000005,0.45,0.14,0.126,1.2600000000000002,0.14,0.126,1.2600000000000002,0.00281,0.05,0.14,0.14
frdm,u292,292U,92,200,292,92292,0.00268,0.0026532,0.26532,100.0,0.0,0.0,0.0,0.0,0.0,0.06,0.054,0.54,0.03,0.027,0.27,0.22,0.198,1.9800000000000002,0.00268,0.06,0.03,0.22
frdm,u293,293U,92,201,293,92293,0.00248,0.0024552,0.24552,100.0,0.0,0.0,0.0,0.0,0.0,0.02,0.018000000000000002,0.18000000000000002,0.06,0.054,0.54,0.06,0.054,0.54,0.00248,0.02,0.06,0.06
frdm,u294,294U,92,202,294,92294,0.0023,0.002277,0.22769999999999999,100.0,0.0,0.0,0.0,0.0,0.0,0.06,0.054,0.54,0.01,0.009000000000000001,0.09000000000000001,0.19,0.171,1.71,0.0023,0.06,0.01,0.19
frdm,u295,295U,92,203,295,92295,0.00272,0.0026928000000000004,0.26928,100.0,0.0,0.0,0.0,0.0,0.0,0.02,0.018000000000000002,0.18000000000000002,0.05,0.045000000000000005,0.45,0.02,0.018000000000000002,0.18000000000000002,0.00272,0.02,0.05,0.02
frdm,u296,296U,92,204,296,92296,0.0024,0.0023759999999999996,0.23759999999999998,100.0,0.0,0.0,0.0,0.0,0.0,0.05,0.045000000000000005,0.45,0.02,0.018000000000000002,0.18000000000000002,0.12,0.108,1.08,0.0024,0.05,0.02,0.12
frdm,u298,298U,92,206,298,92298,0.00211,0.0020889,0.20889,100.0,0.0,0.0,0.0,0.0,0.0,0.07,0.063,0.6300000000000001,0.02,0.018000000000000002,0.18000000000000002,0.08,0.07200000000000001,0.7200000000000001,0.00211,0.07,0.02,0.08
frdm,u300,300U,92,208,300,92300,0.00167,0.0016533000000000001,0.16533,100.0,0.0,0.0,0.0,0.0,0.0,0.06,0.054,0.54,0.0,0.0,0.0,0.06,0.054,0.54,0.00167,0.06,0.0,0.06
frdm,np245,245Np,93,152,245,93245,249.64278,247.1463522,24714.63522,100.0,0.0,0.0,0.0,0.0,0.0,0.0,0.0,0.0,0.0,0.0,0.0,0.0,0.0,0.0,249.64278,0.0,0.0,0.0
frdm,np246,246Np,93,153,246,93246,31.07412,30.7633788,3076.33788,100.0,0.0,0.0,0.0,0.0,0.0,0.0,0.0,0.0,0.0,0.0,0.0,0.0,0.0,0.0,31.07412,0.0,0.0,0.0
frdm,np247,247Np,93,154,247,93247,11.00057,10.8905643,1089.05643,100.0,0.0,0.0,0.0,0.0,0.0,0.0,0.0,0.0,0.0,0.0,0.0,0.0,0.0,0.0,11.00057,0.0,0.0,0.0
frdm,np248,248Np,93,155,248,93248,21.05569,20.845133099999998,2084.51331,100.0,0.0,0.0,0.0,0.0,0.0,0.0,0.0,0.0,0.0,0.0,0.0,0.0,0.0,0.0,21.05569,0.0,0.0,0.0
frdm,np249,249Np,93,156,249,93249,20.78114,20.5733286,2057.33286,100.0,0.0,0.0,0.0,0.0,0.0,0.0,0.0,0.0,0.0,0.0,0.0,0.0,0.0,0.0,20.78114,0.0,0.0,0.0
frdm,np250,250Np,93,157,250,93250,3.79927,3.7612772999999997,376.12773000000004,100.0,0.0,0.0,0.0,0.0,0.0,0.0,0.0,0.0,0.0,0.0,0.0,0.0,0.0,0.0,3.79927,0.0,0.0,0.0
frdm,np251,251Np,93,158,251,93251,8.70672,8.6196528,861.96528,100.0,0.0,0.0,0.0,0.0,0.0,0.04,0.036000000000000004,0.36000000000000004,0.0,0.0,0.0,0.0,0.0,0.0,8.70672,0.04,0.0,0.0
frdm,np252,252Np,93,159,252,93252,6.73477,6.6674223,666.74223,100.0,0.0,0.0,0.0,0.0,0.0,0.04,0.036000000000000004,0.36000000000000004,0.0,0.0,0.0,0.0,0.0,0.0,6.73477,0.04,0.0,0.0
frdm,np253,253Np,93,160,253,93253,4.32812,4.2848388,428.48388,100.0,0.0,0.0,0.0,0.0,0.0,0.07,0.063,0.6300000000000001,0.0,0.0,0.0,0.0,0.0,0.0,4.32812,0.07,0.0,0.0
frdm,np254,254Np,93,161,254,93254,3.07759,3.0468140999999997,304.68140999999997,100.0,0.0,0.0,0.0,0.0,0.0,0.08,0.07200000000000001,0.7200000000000001,0.0,0.0,0.0,0.0,0.0,0.0,3.07759,0.08,0.0,0.0
frdm,np255,255Np,93,162,255,93255,2.31403,2.2908896999999997,229.08897,100.0,0.0,0.0,0.0,0.0,0.0,0.2,0.18000000000000002,1.8,0.0,0.0,0.0,0.0,0.0,0.0,2.31403,0.2,0.0,0.0
frdm,np256,256Np,93,163,256,93256,0.81565,0.8074935,80.74934999999999,100.0,0.0,0.0,0.0,0.0,0.0,0.22,0.198,1.9800000000000002,0.0,0.0,0.0,0.0,0.0,0.0,0.81565,0.22,0.0,0.0
frdm,np257,257Np,93,164,257,93257,0.58669,0.5808231,58.08231000000001,100.0,0.0,0.0,0.0,0.0,0.0,0.48,0.432,4.32,0.0,0.0,0.0,0.0,0.0,0.0,0.58669,0.48,0.0,0.0
frdm,np258,258Np,93,165,258,93258,0.44605,0.4415895,44.15895,100.0,0.0,0.0,0.0,0.0,0.0,0.48,0.432,4.32,0.0,0.0,0.0,0.0,0.0,0.0,0.44605,0.48,0.0,0.0
frdm,np259,259Np,93,166,259,93259,0.4624,0.45777599999999996,45.77759999999999,100.0,0.0,0.0,0.0,0.0,0.0,0.62,0.558,5.58,0.0,0.0,0.0,0.0,0.0,0.0,0.4624,0.62,0.0,0.0
frdm,np260,260Np,93,167,260,93260,0.24083,0.2384217,23.84217,100.0,0.0,0.0,0.0,0.0,0.0,0.61,0.5489999999999999,5.489999999999999,0.0,0.0,0.0,0.0,0.0,0.0,0.24083,0.61,0.0,0.0
frdm,np261,261Np,93,168,261,93261,0.37378,0.3700422,37.004220000000004,100.0,0.0,0.0,0.0,0.0,0.0,0.83,0.747,7.469999999999999,0.0,0.0,0.0,0.0,0.0,0.0,0.37378,0.83,0.0,0.0
frdm,np262,262Np,93,169,262,93262,0.41616,0.4119984,41.19984,100.0,0.0,0.0,0.0,0.0,0.0,0.82,0.738,7.379999999999999,0.0,0.0,0.0,0.0,0.0,0.0,0.41616,0.82,0.0,0.0
frdm,np263,263Np,93,170,263,93263,0.24618,0.2437182,24.371820000000003,100.0,0.0,0.0,0.0,0.0,0.0,0.68,0.6120000000000001,6.120000000000001,0.0,0.0,0.0,0.0,0.0,0.0,0.24618,0.68,0.0,0.0
frdm,np264,264Np,93,171,264,93264,0.21817,0.2159883,21.59883,100.0,0.0,0.0,0.0,0.0,0.0,0.62,0.558,5.58,0.0,0.0,0.0,0.0,0.0,0.0,0.21817,0.62,0.0,0.0
frdm,np265,265Np,93,172,265,93265,0.18047,0.1786653,17.86653,100.0,0.0,0.0,0.0,0.0,0.0,0.73,0.657,6.57,0.0,0.0,0.0,0.0,0.0,0.0,0.18047,0.73,0.0,0.0
frdm,np266,266Np,93,173,266,93266,0.17405,0.1723095,17.23095,100.0,0.0,0.0,0.0,0.0,0.0,0.74,0.666,6.66,0.02,0.018000000000000002,0.18000000000000002,0.0,0.0,0.0,0.17405,0.74,0.02,0.0
frdm,np267,267Np,93,174,267,93267,0.16872,0.1670328,16.70328,100.0,0.0,0.0,0.0,0.0,0.0,0.86,0.774,7.739999999999999,0.0,0.0,0.0,0.0,0.0,0.0,0.16872,0.86,0.0,0.0
frdm,np268,268Np,93,175,268,93268,0.13958,0.1381842,13.81842,100.0,0.0,0.0,0.0,0.0,0.0,0.63,0.567,5.67,0.16,0.14400000000000002,1.4400000000000002,0.0,0.0,0.0,0.13958,0.63,0.16,0.0
frdm,np269,269Np,93,176,269,93269,0.11582,0.11466180000000001,11.466180000000001,100.0,0.0,0.0,0.0,0.0,0.0,0.88,0.792,7.920000000000001,0.01,0.009000000000000001,0.09000000000000001,0.0,0.0,0.0,0.11582,0.88,0.01,0.0
frdm,np270,270Np,93,177,270,93270,0.07114,0.0704286,7.04286,100.0,0.0,0.0,0.0,0.0,0.0,0.69,0.621,6.209999999999999,0.2,0.18000000000000002,1.8,0.0,0.0,0.0,0.07114,0.69,0.2,0.0
frdm,np271,271Np,93,178,271,93271,0.08304,0.08220960000000001,8.22096,100.0,0.0,0.0,0.0,0.0,0.0,0.84,0.756,7.5600000000000005,0.07,0.063,0.6300000000000001,0.0,0.0,0.0,0.08304,0.84,0.07,0.0
frdm,np272,272Np,93,179,272,93272,0.06414,0.0634986,6.3498600000000005,100.0,0.0,0.0,0.0,0.0,0.0,0.22,0.198,1.9800000000000002,0.7,0.63,6.3,0.0,0.0,0.0,0.06414,0.22,0.7,0.0
frdm,np273,273Np,93,180,273,93273,0.06557,0.06491430000000001,6.49143,100.0,0.0,0.0,0.0,0.0,0.0,0.34,0.30600000000000005,3.0600000000000005,0.62,0.558,5.58,0.0,0.0,0.0,0.06557,0.34,0.62,0.0
frdm,np274,274Np,93,181,274,93274,0.0406,0.040194,4.019399999999999,100.0,0.0,0.0,0.0,0.0,0.0,0.24,0.216,2.16,0.73,0.657,6.57,0.0,0.0,0.0,0.0406,0.24,0.73,0.0
frdm,np275,275Np,93,182,275,93275,0.04247,0.0420453,4.20453,100.0,0.0,0.0,0.0,0.0,0.0,0.33,0.29700000000000004,2.97,0.61,0.5489999999999999,5.489999999999999,0.02,0.018000000000000002,0.18000000000000002,0.04247,0.33,0.61,0.02
frdm,np276,276Np,93,183,276,93276,0.03783,0.037451700000000004,3.7451700000000003,100.0,0.0,0.0,0.0,0.0,0.0,0.24,0.216,2.16,0.71,0.639,6.39,0.01,0.009000000000000001,0.09000000000000001,0.03783,0.24,0.71,0.01
frdm,np277,277Np,93,184,277,93277,0.02827,0.0279873,2.79873,100.0,0.0,0.0,0.0,0.0,0.0,0.3,0.27,2.7,0.65,0.585,5.85,0.02,0.018000000000000002,0.18000000000000002,0.02827,0.3,0.65,0.02
frdm,np278,278Np,93,185,278,93278,0.0165,0.016335000000000002,1.6335000000000002,100.0,0.0,0.0,0.0,0.0,0.0,0.1,0.09000000000000001,0.9,0.61,0.5489999999999999,5.489999999999999,0.22,0.198,1.9800000000000002,0.0165,0.1,0.61,0.22
frdm,np279,279Np,93,186,279,93279,0.02329,0.0230571,2.3057100000000004,100.0,0.0,0.0,0.0,0.0,0.0,0.13,0.117,1.17,0.31,0.279,2.79,0.55,0.49500000000000005,4.95,0.02329,0.13,0.31,0.55
frdm,np280,280Np,93,187,280,93280,0.02648,0.0262152,2.6215200000000003,100.0,0.0,0.0,0.0,0.0,0.0,0.07,0.063,0.6300000000000001,0.21,0.189,1.8900000000000001,0.39,0.35100000000000003,3.5100000000000002,0.02648,0.07,0.21,0.39
frdm,np281,281Np,93,188,281,93281,0.02632,0.026056799999999998,2.60568,100.0,0.0,0.0,0.0,0.0,0.0,0.14,0.126,1.2600000000000002,0.05,0.045000000000000005,0.45,0.53,0.47700000000000004,4.7700000000000005,0.02632,0.14,0.05,0.53
frdm,np282,282Np,93,189,282,93282,0.01989,0.019691100000000003,1.9691100000000001,100.0,0.0,0.0,0.0,0.0,0.0,0.04,0.036000000000000004,0.36000000000000004,0.17,0.15300000000000002,1.5300000000000002,0.17,0.15300000000000002,1.5300000000000002,0.01989,0.04,0.17,0.17
frdm,np283,283Np,93,190,283,93283,0.00691,0.0068409000000000005,0.6840900000000001,100.0,0.0,0.0,0.0,0.0,0.0,0.17,0.15300000000000002,1.5300000000000002,0.21,0.189,1.8900000000000001,0.53,0.47700000000000004,4.7700000000000005,0.00691,0.17,0.21,0.53
frdm,np284,284Np,93,191,284,93284,0.00723,0.0071577,0.7157700000000001,100.0,0.0,0.0,0.0,0.0,0.0,0.04,0.036000000000000004,0.36000000000000004,0.35,0.315,3.15,0.26,0.234,2.34,0.00723,0.04,0.35,0.26
frdm,np285,285Np,93,192,285,93285,0.00663,0.0065637,0.6563699999999999,100.0,0.0,0.0,0.0,0.0,0.0,0.1,0.09000000000000001,0.9,0.22,0.198,1.9800000000000002,0.57,0.5129999999999999,5.129999999999999,0.00663,0.1,0.22,0.57
frdm,np286,286Np,93,193,286,93286,0.00631,0.0062469,0.62469,100.0,0.0,0.0,0.0,0.0,0.0,0.03,0.027,0.27,0.25,0.225,2.25,0.28,0.252,2.5200000000000005,0.00631,0.03,0.25,0.28
frdm,np287,287Np,93,194,287,93287,0.00537,0.0053162999999999995,0.5316299999999999,100.0,0.0,0.0,0.0,0.0,0.0,0.08,0.07200000000000001,0.7200000000000001,0.17,0.15300000000000002,1.5300000000000002,0.49,0.441,4.41,0.00537,0.08,0.17,0.49
frdm,np288,288Np,93,195,288,93288,0.00516,0.0051084,0.51084,100.0,0.0,0.0,0.0,0.0,0.0,0.03,0.027,0.27,0.2,0.18000000000000002,1.8,0.23,0.20700000000000002,2.0700000000000003,0.00516,0.03,0.2,0.23
frdm,np289,289Np,93,196,289,93289,0.00472,0.0046728,0.46728000000000003,100.0,0.0,0.0,0.0,0.0,0.0,0.05,0.045000000000000005,0.45,0.1,0.09000000000000001,0.9,0.41,0.369,3.6899999999999995,0.00472,0.05,0.1,0.41
frdm,np290,290Np,93,197,290,93290,0.00386,0.0038214,0.38214000000000004,100.0,0.0,0.0,0.0,0.0,0.0,0.01,0.009000000000000001,0.09000000000000001,0.16,0.14400000000000002,1.4400000000000002,0.15,0.135,1.35,0.00386,0.01,0.16,0.15
frdm,np291,291Np,93,198,291,93291,0.00369,0.0036531000000000003,0.36530999999999997,100.0,0.0,0.0,0.0,0.0,0.0,0.06,0.054,0.54,0.06,0.054,0.54,0.32,0.28800000000000003,2.8800000000000003,0.00369,0.06,0.06,0.32
frdm,np292,292Np,93,199,292,93292,0.00296,0.0029304,0.29303999999999997,100.0,0.0,0.0,0.0,0.0,0.0,0.02,0.018000000000000002,0.18000000000000002,0.07,0.063,0.6300000000000001,0.07,0.063,0.6300000000000001,0.00296,0.02,0.07,0.07
frdm,np293,293Np,93,200,293,93293,0.00309,0.0030591,0.30591,100.0,0.0,0.0,0.0,0.0,0.0,0.05,0.045000000000000005,0.45,0.03,0.027,0.27,0.2,0.18000000000000002,1.8,0.00309,0.05,0.03,0.2
frdm,np294,294Np,93,201,294,93294,0.00287,0.0028413,0.28413000000000005,100.0,0.0,0.0,0.0,0.0,0.0,0.02,0.018000000000000002,0.18000000000000002,0.05,0.045000000000000005,0.45,0.04,0.036000000000000004,0.36000000000000004,0.00287,0.02,0.05,0.04
frdm,np295,295Np,93,202,295,93295,0.00267,0.0026433,0.26433,100.0,0.0,0.0,0.0,0.0,0.0,0.06,0.054,0.54,0.02,0.018000000000000002,0.18000000000000002,0.1,0.09000000000000001,0.9,0.00267,0.06,0.02,0.1
frdm,np296,296Np,93,203,296,93296,0.00264,0.0026135999999999998,0.26136000000000004,100.0,0.0,0.0,0.0,0.0,0.0,0.01,0.009000000000000001,0.09000000000000001,0.05,0.045000000000000005,0.45,0.02,0.018000000000000002,0.18000000000000002,0.00264,0.01,0.05,0.02
frdm,np297,297Np,93,204,297,93297,0.0026,0.002574,0.2574,100.0,0.0,0.0,0.0,0.0,0.0,0.04,0.036000000000000004,0.36000000000000004,0.02,0.018000000000000002,0.18000000000000002,0.09,0.081,0.8099999999999999,0.0026,0.04,0.02,0.09
frdm,np298,298Np,93,205,298,93298,0.00244,0.0024156,0.24156,100.0,0.0,0.0,0.0,0.0,0.0,0.0,0.0,0.0,0.05,0.045000000000000005,0.45,0.01,0.009000000000000001,0.09000000000000001,0.00244,0.0,0.05,0.01
frdm,np299,299Np,93,206,299,93299,0.00224,0.0022175999999999997,0.22175999999999998,100.0,0.0,0.0,0.0,0.0,0.0,0.05,0.045000000000000005,0.45,0.01,0.009000000000000001,0.09000000000000001,0.07,0.063,0.6300000000000001,0.00224,0.05,0.01,0.07
frdm,np300,300Np,93,207,300,93300,0.00203,0.0020097,0.20097,100.0,0.0,0.0,0.0,0.0,0.0,0.01,0.009000000000000001,0.09000000000000001,0.05,0.045000000000000005,0.45,0.01,0.009000000000000001,0.09000000000000001,0.00203,0.01,0.05,0.01
frdm,np301,301Np,93,208,301,93301,0.00193,0.0019107,0.19107000000000002,100.0,0.0,0.0,0.0,0.0,0.0,0.06,0.054,0.54,0.01,0.009000000000000001,0.09000000000000001,0.07,0.063,0.6300000000000001,0.00193,0.06,0.01,0.07
frdm,np302,302Np,93,209,302,93302,0.0019,0.001881,0.1881,100.0,0.0,0.0,0.0,0.0,0.0,0.01,0.009000000000000001,0.09000000000000001,0.07,0.063,0.6300000000000001,0.01,0.009000000000000001,0.09000000000000001,0.0019,0.01,0.07,0.01
frdm,np303,303Np,93,210,303,93303,0.00156,0.0015444,0.15444,100.0,0.0,0.0,0.0,0.0,0.0,0.06,0.054,0.54,0.0,0.0,0.0,0.07,0.063,0.6300000000000001,0.00156,0.06,0.0,0.07
frdm,pu248,248Pu,94,154,248,94248,1992.85388,1972.9253411999998,197292.53411999997,100.0,0.0,0.0,0.0,0.0,0.0,0.0,0.0,0.0,0.0,0.0,0.0,0.0,0.0,0.0,1992.85388,0.0,0.0,0.0
frdm,pu249,249Pu,94,155,249,94249,138.21167,136.8295533,13682.955329999999,100.0,0.0,0.0,0.0,0.0,0.0,0.0,0.0,0.0,0.0,0.0,0.0,0.0,0.0,0.0,138.21167,0.0,0.0,0.0
frdm,pu250,250Pu,94,156,250,94250,197.5813,195.605487,19560.5487,100.0,0.0,0.0,0.0,0.0,0.0,0.0,0.0,0.0,0.0,0.0,0.0,0.0,0.0,0.0,197.5813,0.0,0.0,0.0
frdm,pu251,251Pu,94,157,251,94251,58.95304,58.3635096,5836.35096,100.0,0.0,0.0,0.0,0.0,0.0,0.0,0.0,0.0,0.0,0.0,0.0,0.0,0.0,0.0,58.95304,0.0,0.0,0.0
frdm,pu252,252Pu,94,158,252,94252,40.51026,40.1051574,4010.5157400000003,100.0,0.0,0.0,0.0,0.0,0.0,0.0,0.0,0.0,0.0,0.0,0.0,0.0,0.0,0.0,40.51026,0.0,0.0,0.0
frdm,pu253,253Pu,94,159,253,94253,26.68738,26.420506200000002,2642.0506200000004,100.0,0.0,0.0,0.0,0.0,0.0,0.0,0.0,0.0,0.0,0.0,0.0,0.0,0.0,0.0,26.68738,0.0,0.0,0.0
frdm,pu254,254Pu,94,160,254,94254,17.29766,17.124683400000002,1712.4683400000001,100.0,0.0,0.0,0.0,0.0,0.0,0.0,0.0,0.0,0.0,0.0,0.0,0.0,0.0,0.0,17.29766,0.0,0.0,0.0
frdm,pu255,255Pu,94,161,255,94255,7.87845,7.7996655,779.96655,100.0,0.0,0.0,0.0,0.0,0.0,0.0,0.0,0.0,0.0,0.0,0.0,0.0,0.0,0.0,7.87845,0.0,0.0,0.0
frdm,pu256,256Pu,94,162,256,94256,6.99292,6.9229908,692.29908,100.0,0.0,0.0,0.0,0.0,0.0,0.0,0.0,0.0,0.0,0.0,0.0,0.0,0.0,0.0,6.99292,0.0,0.0,0.0
frdm,pu257,257Pu,94,163,257,94257,4.07899,4.0382001,403.82001,100.0,0.0,0.0,0.0,0.0,0.0,0.0,0.0,0.0,0.0,0.0,0.0,0.0,0.0,0.0,4.07899,0.0,0.0,0.0
frdm,pu258,258Pu,94,164,258,94258,3.12548,3.0942252,309.42252,100.0,0.0,0.0,0.0,0.0,0.0,0.0,0.0,0.0,0.0,0.0,0.0,0.0,0.0,0.0,3.12548,0.0,0.0,0.0
frdm,pu259,259Pu,94,165,259,94259,1.4571,1.442529,144.2529,100.0,0.0,0.0,0.0,0.0,0.0,0.03,0.027,0.27,0.0,0.0,0.0,0.0,0.0,0.0,1.4571,0.03,0.0,0.0
frdm,pu260,260Pu,94,166,260,94260,1.85264,1.8341136,183.41136,100.0,0.0,0.0,0.0,0.0,0.0,0.04,0.036000000000000004,0.36000000000000004,0.0,0.0,0.0,0.0,0.0,0.0,1.85264,0.04,0.0,0.0
frdm,pu261,261Pu,94,167,261,94261,0.62807,0.6217893,62.17893,100.0,0.0,0.0,0.0,0.0,0.0,0.04,0.036000000000000004,0.36000000000000004,0.0,0.0,0.0,0.0,0.0,0.0,0.62807,0.04,0.0,0.0
frdm,pu262,262Pu,94,168,262,94262,0.70959,0.7024941,70.24941,100.0,0.0,0.0,0.0,0.0,0.0,0.06,0.054,0.54,0.0,0.0,0.0,0.0,0.0,0.0,0.70959,0.06,0.0,0.0
frdm,pu263,263Pu,94,169,263,94263,0.65198,0.6454602,64.54602000000001,100.0,0.0,0.0,0.0,0.0,0.0,0.14,0.126,1.2600000000000002,0.0,0.0,0.0,0.0,0.0,0.0,0.65198,0.14,0.0,0.0
frdm,pu264,264Pu,94,170,264,94264,0.61922,0.6130278,61.30278,100.0,0.0,0.0,0.0,0.0,0.0,0.13,0.117,1.17,0.0,0.0,0.0,0.0,0.0,0.0,0.61922,0.13,0.0,0.0
frdm,pu265,265Pu,94,171,265,94265,0.33299,0.3296601,32.96601,100.0,0.0,0.0,0.0,0.0,0.0,0.15,0.135,1.35,0.0,0.0,0.0,0.0,0.0,0.0,0.33299,0.15,0.0,0.0
frdm,pu266,266Pu,94,172,266,94266,0.30456,0.3015144,30.15144,100.0,0.0,0.0,0.0,0.0,0.0,0.2,0.18000000000000002,1.8,0.0,0.0,0.0,0.0,0.0,0.0,0.30456,0.2,0.0,0.0
frdm,pu267,267Pu,94,173,267,94267,0.28626,0.2833974,28.339740000000003,100.0,0.0,0.0,0.0,0.0,0.0,0.44,0.396,3.9600000000000004,0.0,0.0,0.0,0.0,0.0,0.0,0.28626,0.44,0.0,0.0
frdm,pu268,268Pu,94,174,268,94268,0.29063,0.2877237,28.77237,100.0,0.0,0.0,0.0,0.0,0.0,0.54,0.48600000000000004,4.86,0.0,0.0,0.0,0.0,0.0,0.0,0.29063,0.54,0.0,0.0
frdm,pu269,269Pu,94,175,269,94269,0.23091,0.2286009,22.86009,100.0,0.0,0.0,0.0,0.0,0.0,0.62,0.558,5.58,0.0,0.0,0.0,0.0,0.0,0.0,0.23091,0.62,0.0,0.0
frdm,pu270,270Pu,94,176,270,94270,0.2414,0.238986,23.898600000000002,100.0,0.0,0.0,0.0,0.0,0.0,0.67,0.603,6.03,0.0,0.0,0.0,0.0,0.0,0.0,0.2414,0.67,0.0,0.0
frdm,pu271,271Pu,94,177,271,94271,0.1687,0.167013,16.701299999999996,100.0,0.0,0.0,0.0,0.0,0.0,0.71,0.639,6.39,0.0,0.0,0.0,0.0,0.0,0.0,0.1687,0.71,0.0,0.0
frdm,pu272,272Pu,94,178,272,94272,0.13878,0.1373922,13.739219999999998,100.0,0.0,0.0,0.0,0.0,0.0,0.75,0.675,6.75,0.0,0.0,0.0,0.0,0.0,0.0,0.13878,0.75,0.0,0.0
frdm,pu273,273Pu,94,179,273,94273,0.09774,0.09676259999999999,9.67626,100.0,0.0,0.0,0.0,0.0,0.0,0.84,0.756,7.5600000000000005,0.01,0.009000000000000001,0.09000000000000001,0.0,0.0,0.0,0.09774,0.84,0.01,0.0
frdm,pu274,274Pu,94,180,274,94274,0.07733,0.07655669999999999,7.65567,100.0,0.0,0.0,0.0,0.0,0.0,0.92,0.8280000000000001,8.280000000000001,0.0,0.0,0.0,0.0,0.0,0.0,0.07733,0.92,0.0,0.0
frdm,pu275,275Pu,94,181,275,94275,0.06841,0.0677259,6.77259,100.0,0.0,0.0,0.0,0.0,0.0,0.75,0.675,6.75,0.19,0.171,1.71,0.0,0.0,0.0,0.06841,0.75,0.19,0.0
frdm,pu276,276Pu,94,182,276,94276,0.06666,0.0659934,6.59934,100.0,0.0,0.0,0.0,0.0,0.0,0.93,0.8370000000000001,8.370000000000001,0.0,0.0,0.0,0.0,0.0,0.0,0.06666,0.93,0.0,0.0
frdm,pu277,277Pu,94,183,277,94277,0.06373,0.0630927,6.30927,100.0,0.0,0.0,0.0,0.0,0.0,0.67,0.603,6.03,0.27,0.24300000000000002,2.43,0.0,0.0,0.0,0.06373,0.67,0.27,0.0
frdm,pu278,278Pu,94,184,278,94278,0.0456,0.045144000000000004,4.5144,100.0,0.0,0.0,0.0,0.0,0.0,0.92,0.8280000000000001,8.280000000000001,0.01,0.009000000000000001,0.09000000000000001,0.0,0.0,0.0,0.0456,0.92,0.01,0.0
frdm,pu279,279Pu,94,185,279,94279,0.02875,0.0284625,2.84625,100.0,0.0,0.0,0.0,0.0,0.0,0.15,0.135,1.35,0.73,0.657,6.57,0.0,0.0,0.0,0.02875,0.15,0.73,0.0
frdm,pu280,280Pu,94,186,280,94280,0.03359,0.0332541,3.32541,100.0,0.0,0.0,0.0,0.0,0.0,0.17,0.15300000000000002,1.5300000000000002,0.77,0.6930000000000001,6.93,0.01,0.009000000000000001,0.09000000000000001,0.03359,0.17,0.77,0.01
frdm,pu281,281Pu,94,187,281,94281,0.04751,0.0470349,4.7034899999999995,100.0,0.0,0.0,0.0,0.0,0.0,0.08,0.07200000000000001,0.7200000000000001,0.36,0.324,3.2399999999999998,0.36,0.324,3.2399999999999998,0.04751,0.08,0.36,0.36
frdm,pu282,282Pu,94,188,282,94282,0.04035,0.039946499999999996,3.99465,100.0,0.0,0.0,0.0,0.0,0.0,0.12,0.108,1.08,0.28,0.252,2.5200000000000005,0.47,0.423,4.2299999999999995,0.04035,0.12,0.28,0.47
frdm,pu283,283Pu,94,189,283,94283,0.0284,0.028116000000000002,2.8116000000000003,100.0,0.0,0.0,0.0,0.0,0.0,0.08,0.07200000000000001,0.7200000000000001,0.58,0.522,5.22,0.23,0.20700000000000002,2.0700000000000003,0.0284,0.08,0.58,0.23
frdm,pu284,284Pu,94,190,284,94284,0.0113,0.011186999999999999,1.1186999999999998,100.0,0.0,0.0,0.0,0.0,0.0,0.43,0.387,3.8699999999999997,0.41,0.369,3.6899999999999995,0.1,0.09000000000000001,0.9,0.0113,0.43,0.41,0.1
frdm,pu285,285Pu,94,191,285,94285,0.01053,0.0104247,1.04247,100.0,0.0,0.0,0.0,0.0,0.0,0.25,0.225,2.25,0.53,0.47700000000000004,4.7700000000000005,0.15,0.135,1.35,0.01053,0.25,0.53,0.15
frdm,pu286,286Pu,94,192,286,94286,0.0092,0.009108,0.9107999999999999,100.0,0.0,0.0,0.0,0.0,0.0,0.39,0.35100000000000003,3.5100000000000002,0.39,0.35100000000000003,3.5100000000000002,0.17,0.15300000000000002,1.5300000000000002,0.0092,0.39,0.39,0.17
frdm,pu287,287Pu,94,193,287,94287,0.00828,0.0081972,0.81972,100.0,0.0,0.0,0.0,0.0,0.0,0.18,0.162,1.6199999999999999,0.52,0.468,4.68,0.24,0.216,2.16,0.00828,0.18,0.52,0.24
frdm,pu288,288Pu,94,194,288,94288,0.0074,0.007326,0.7326,100.0,0.0,0.0,0.0,0.0,0.0,0.32,0.28800000000000003,2.8800000000000003,0.33,0.29700000000000004,2.97,0.3,0.27,2.7,0.0074,0.32,0.33,0.3
frdm,pu289,289Pu,94,195,289,94289,0.00606,0.0059994,0.59994,100.0,0.0,0.0,0.0,0.0,0.0,0.1,0.09000000000000001,0.9,0.44,0.396,3.9600000000000004,0.36,0.324,3.2399999999999998,0.00606,0.1,0.44,0.36
frdm,pu290,290Pu,94,196,290,94290,0.00594,0.0058806,0.58806,100.0,0.0,0.0,0.0,0.0,0.0,0.24,0.216,2.16,0.25,0.225,2.25,0.46,0.41400000000000003,4.140000000000001,0.00594,0.24,0.25,0.46
frdm,pu291,291Pu,94,197,291,94291,0.00536,0.0053064,0.53064,100.0,0.0,0.0,0.0,0.0,0.0,0.12,0.108,1.08,0.31,0.279,2.79,0.32,0.28800000000000003,2.8800000000000003,0.00536,0.12,0.31,0.32
frdm,pu292,292Pu,94,198,292,94292,0.00556,0.0055044,0.5504399999999999,100.0,0.0,0.0,0.0,0.0,0.0,0.1,0.09000000000000001,0.9,0.2,0.18000000000000002,1.8,0.59,0.5309999999999999,5.31,0.00556,0.1,0.2,0.59
frdm,pu293,293Pu,94,199,293,94293,0.00405,0.0040095,0.40095,100.0,0.0,0.0,0.0,0.0,0.0,0.03,0.027,0.27,0.28,0.252,2.5200000000000005,0.35,0.315,3.15,0.00405,0.03,0.28,0.35
frdm,pu294,294Pu,94,200,294,94294,0.004,0.00396,0.396,100.0,0.0,0.0,0.0,0.0,0.0,0.09,0.081,0.8099999999999999,0.15,0.135,1.35,0.6,0.54,5.4,0.004,0.09,0.15,0.6
frdm,pu295,295Pu,94,201,295,94295,0.00366,0.0036234,0.36234,100.0,0.0,0.0,0.0,0.0,0.0,0.03,0.027,0.27,0.16,0.14400000000000002,1.4400000000000002,0.25,0.225,2.25,0.00366,0.03,0.16,0.25
frdm,pu296,296Pu,94,202,296,94296,0.00373,0.0036926999999999997,0.36927,100.0,0.0,0.0,0.0,0.0,0.0,0.06,0.054,0.54,0.09,0.081,0.8099999999999999,0.48,0.432,4.32,0.00373,0.06,0.09,0.48
frdm,pu297,297Pu,94,203,297,94297,0.00302,0.0029898,0.29897999999999997,100.0,0.0,0.0,0.0,0.0,0.0,0.03,0.027,0.27,0.09,0.081,0.8099999999999999,0.14,0.126,1.2600000000000002,0.00302,0.03,0.09,0.14
frdm,pu298,298Pu,94,204,298,94298,0.00312,0.0030888,0.30888,100.0,0.0,0.0,0.0,0.0,0.0,0.06,0.054,0.54,0.05,0.045000000000000005,0.45,0.32,0.28800000000000003,2.8800000000000003,0.00312,0.06,0.05,0.32
frdm,pu299,299Pu,94,205,299,94299,0.00323,0.0031977,0.31976999999999994,100.0,0.0,0.0,0.0,0.0,0.0,0.02,0.018000000000000002,0.18000000000000002,0.07,0.063,0.6300000000000001,0.07,0.063,0.6300000000000001,0.00323,0.02,0.07,0.07
frdm,pu300,300Pu,94,206,300,94300,0.00298,0.0029502,0.29502,100.0,0.0,0.0,0.0,0.0,0.0,0.05,0.045000000000000005,0.45,0.03,0.027,0.27,0.18,0.162,1.6199999999999999,0.00298,0.05,0.03,0.18
frdm,pu301,301Pu,94,207,301,94301,0.00279,0.0027621,0.27620999999999996,100.0,0.0,0.0,0.0,0.0,0.0,0.02,0.018000000000000002,0.18000000000000002,0.04,0.036000000000000004,0.36000000000000004,0.04,0.036000000000000004,0.36000000000000004,0.00279,0.02,0.04,0.04
frdm,pu302,302Pu,94,208,302,94302,0.00255,0.0025245000000000003,0.25245,100.0,0.0,0.0,0.0,0.0,0.0,0.06,0.054,0.54,0.02,0.018000000000000002,0.18000000000000002,0.11,0.099,0.9900000000000001,0.00255,0.06,0.02,0.11
frdm,pu303,303Pu,94,209,303,94303,0.00236,0.0023364,0.23364000000000001,100.0,0.0,0.0,0.0,0.0,0.0,0.02,0.018000000000000002,0.18000000000000002,0.05,0.045000000000000005,0.45,0.02,0.018000000000000002,0.18000000000000002,0.00236,0.02,0.05,0.02
frdm,pu304,304Pu,94,210,304,94304,0.00204,0.0020196000000000003,0.20196000000000003,100.0,0.0,0.0,0.0,0.0,0.0,0.06,0.054,0.54,0.02,0.018000000000000002,0.18000000000000002,0.09,0.081,0.8099999999999999,0.00204,0.06,0.02,0.09
frdm,pu306,306Pu,94,212,306,94306,0.00173,0.0017127,0.17126999999999998,100.0,0.0,0.0,0.0,0.0,0.0,0.06,0.054,0.54,0.02,0.018000000000000002,0.18000000000000002,0.05,0.045000000000000005,0.45,0.00173,0.06,0.02,0.05
frdm,am248,248Am,95,153,248,95248,211.88538,209.7665262,20976.65262,100.0,0.0,0.0,0.0,0.0,0.0,0.0,0.0,0.0,0.0,0.0,0.0,0.0,0.0,0.0,211.88538,0.0,0.0,0.0
frdm,am249,249Am,95,154,249,95249,543.54749,538.1120151,53811.201510000006,100.0,0.0,0.0,0.0,0.0,0.0,0.0,0.0,0.0,0.0,0.0,0.0,0.0,0.0,0.0,543.54749,0.0,0.0,0.0
frdm,am250,250Am,95,155,250,95250,113.65551,112.51895490000001,11251.89549,100.0,0.0,0.0,0.0,0.0,0.0,0.0,0.0,0.0,0.0,0.0,0.0,0.0,0.0,0.0,113.65551,0.0,0.0,0.0
frdm,am251,251Am,95,156,251,95251,128.05492,126.77437080000001,12677.43708,100.0,0.0,0.0,0.0,0.0,0.0,0.0,0.0,0.0,0.0,0.0,0.0,0.0,0.0,0.0,128.05492,0.0,0.0,0.0
frdm,am252,252Am,95,157,252,95252,56.15523,55.5936777,5559.36777,100.0,0.0,0.0,0.0,0.0,0.0,0.0,0.0,0.0,0.0,0.0,0.0,0.0,0.0,0.0,56.15523,0.0,0.0,0.0
frdm,am253,253Am,95,158,253,95253,12.54765,12.422173500000001,1242.2173500000001,100.0,0.0,0.0,0.0,0.0,0.0,0.0,0.0,0.0,0.0,0.0,0.0,0.0,0.0,0.0,12.54765,0.0,0.0,0.0
frdm,am254,254Am,95,159,254,95254,9.60469,9.5086431,950.8643099999999,100.0,0.0,0.0,0.0,0.0,0.0,0.0,0.0,0.0,0.0,0.0,0.0,0.0,0.0,0.0,9.60469,0.0,0.0,0.0
frdm,am255,255Am,95,160,255,95255,7.59042,7.5145158,751.45158,100.0,0.0,0.0,0.0,0.0,0.0,0.0,0.0,0.0,0.0,0.0,0.0,0.0,0.0,0.0,7.59042,0.0,0.0,0.0
frdm,am256,256Am,95,161,256,95256,4.18614,4.1442786,414.42785999999995,100.0,0.0,0.0,0.0,0.0,0.0,0.0,0.0,0.0,0.0,0.0,0.0,0.0,0.0,0.0,4.18614,0.0,0.0,0.0
frdm,am257,257Am,95,162,257,95257,3.47918,3.4443882,344.43882,100.0,0.0,0.0,0.0,0.0,0.0,0.0,0.0,0.0,0.0,0.0,0.0,0.0,0.0,0.0,3.47918,0.0,0.0,0.0
frdm,am258,258Am,95,163,258,95258,2.49987,2.4748713,247.48713,100.0,0.0,0.0,0.0,0.0,0.0,0.02,0.018000000000000002,0.18000000000000002,0.0,0.0,0.0,0.0,0.0,0.0,2.49987,0.02,0.0,0.0
frdm,am259,259Am,95,164,259,95259,1.98017,1.9603683,196.03683,100.0,0.0,0.0,0.0,0.0,0.0,0.12,0.108,1.08,0.0,0.0,0.0,0.0,0.0,0.0,1.98017,0.12,0.0,0.0
frdm,am260,260Am,95,165,260,95260,1.22347,1.2112353,121.12353,100.0,0.0,0.0,0.0,0.0,0.0,0.17,0.15300000000000002,1.5300000000000002,0.0,0.0,0.0,0.0,0.0,0.0,1.22347,0.17,0.0,0.0
frdm,am261,261Am,95,166,261,95261,1.20476,1.1927124,119.27124,100.0,0.0,0.0,0.0,0.0,0.0,0.34,0.30600000000000005,3.0600000000000005,0.0,0.0,0.0,0.0,0.0,0.0,1.20476,0.34,0.0,0.0
frdm,am262,262Am,95,167,262,95262,0.67143,0.6647157,66.47157,100.0,0.0,0.0,0.0,0.0,0.0,0.28,0.252,2.5200000000000005,0.0,0.0,0.0,0.0,0.0,0.0,0.67143,0.28,0.0,0.0
frdm,am263,263Am,95,168,263,95263,0.75777,0.7501923,75.01923000000001,100.0,0.0,0.0,0.0,0.0,0.0,0.42,0.378,3.7800000000000002,0.0,0.0,0.0,0.0,0.0,0.0,0.75777,0.42,0.0,0.0
frdm,am264,264Am,95,169,264,95264,0.63364,0.6273036,62.73036,100.0,0.0,0.0,0.0,0.0,0.0,0.5,0.45,4.5,0.0,0.0,0.0,0.0,0.0,0.0,0.63364,0.5,0.0,0.0
frdm,am265,265Am,95,170,265,95265,0.56333,0.5576967,55.76967,100.0,0.0,0.0,0.0,0.0,0.0,0.55,0.49500000000000005,4.95,0.0,0.0,0.0,0.0,0.0,0.0,0.56333,0.55,0.0,0.0
frdm,am266,266Am,95,171,266,95266,0.48088,0.47607119999999997,47.607119999999995,100.0,0.0,0.0,0.0,0.0,0.0,0.54,0.48600000000000004,4.86,0.0,0.0,0.0,0.0,0.0,0.0,0.48088,0.54,0.0,0.0
frdm,am267,267Am,95,172,267,95267,0.43445,0.43010550000000003,43.01055,100.0,0.0,0.0,0.0,0.0,0.0,0.49,0.441,4.41,0.0,0.0,0.0,0.0,0.0,0.0,0.43445,0.49,0.0,0.0
frdm,am268,268Am,95,173,268,95268,0.49039,0.4854861,48.548610000000004,100.0,0.0,0.0,0.0,0.0,0.0,0.54,0.48600000000000004,4.86,0.0,0.0,0.0,0.0,0.0,0.0,0.49039,0.54,0.0,0.0
frdm,am269,269Am,95,174,269,95269,0.45629,0.4517271,45.172709999999995,100.0,0.0,0.0,0.0,0.0,0.0,0.65,0.585,5.85,0.0,0.0,0.0,0.0,0.0,0.0,0.45629,0.65,0.0,0.0
frdm,am270,270Am,95,175,270,95270,0.40645,0.40238549999999995,40.23855,100.0,0.0,0.0,0.0,0.0,0.0,0.58,0.522,5.22,0.01,0.009000000000000001,0.09000000000000001,0.0,0.0,0.0,0.40645,0.58,0.01,0.0
frdm,am271,271Am,95,176,271,95271,0.43844,0.4340556,43.40556,100.0,0.0,0.0,0.0,0.0,0.0,0.69,0.621,6.209999999999999,0.0,0.0,0.0,0.0,0.0,0.0,0.43844,0.69,0.0,0.0
frdm,am272,272Am,95,177,272,95272,0.29038,0.2874762,28.747620000000005,100.0,0.0,0.0,0.0,0.0,0.0,0.63,0.567,5.67,0.03,0.027,0.27,0.0,0.0,0.0,0.29038,0.63,0.03,0.0
frdm,am273,273Am,95,178,273,95273,0.23059,0.2282841,22.828409999999998,100.0,0.0,0.0,0.0,0.0,0.0,0.76,0.684,6.84,0.0,0.0,0.0,0.0,0.0,0.0,0.23059,0.76,0.0,0.0
frdm,am274,274Am,95,179,274,95274,0.10343,0.10239569999999999,10.23957,100.0,0.0,0.0,0.0,0.0,0.0,0.66,0.5940000000000001,5.94,0.24,0.216,2.16,0.0,0.0,0.0,0.10343,0.66,0.24,0.0
frdm,am275,275Am,95,180,275,95275,0.10638,0.1053162,10.53162,100.0,0.0,0.0,0.0,0.0,0.0,0.78,0.7020000000000001,7.0200000000000005,0.16,0.14400000000000002,1.4400000000000002,0.0,0.0,0.0,0.10638,0.78,0.16,0.0
frdm,am276,276Am,95,181,276,95276,0.07271,0.0719829,7.19829,100.0,0.0,0.0,0.0,0.0,0.0,0.51,0.459,4.59,0.44,0.396,3.9600000000000004,0.0,0.0,0.0,0.07271,0.51,0.44,0.0
frdm,am277,277Am,95,182,277,95277,0.07997,0.0791703,7.91703,100.0,0.0,0.0,0.0,0.0,0.0,0.62,0.558,5.58,0.32,0.28800000000000003,2.8800000000000003,0.0,0.0,0.0,0.07997,0.62,0.32,0.0
frdm,am278,278Am,95,183,278,95278,0.07406,0.0733194,7.3319399999999995,100.0,0.0,0.0,0.0,0.0,0.0,0.48,0.432,4.32,0.46,0.41400000000000003,4.140000000000001,0.0,0.0,0.0,0.07406,0.48,0.46,0.0
frdm,am279,279Am,95,184,279,95279,0.04917,0.0486783,4.86783,100.0,0.0,0.0,0.0,0.0,0.0,0.55,0.49500000000000005,4.95,0.4,0.36000000000000004,3.6,0.0,0.0,0.0,0.04917,0.55,0.4,0.0
frdm,am280,280Am,95,185,280,95280,0.03447,0.0341253,3.4125300000000003,100.0,0.0,0.0,0.0,0.0,0.0,0.22,0.198,1.9800000000000002,0.66,0.5940000000000001,5.94,0.02,0.018000000000000002,0.18000000000000002,0.03447,0.22,0.66,0.02
frdm,am281,281Am,95,186,281,95281,0.04693,0.0464607,4.64607,100.0,0.0,0.0,0.0,0.0,0.0,0.24,0.216,2.16,0.45,0.405,4.05,0.29,0.261,2.61,0.04693,0.24,0.45,0.29
frdm,am282,282Am,95,187,282,95282,0.06502,0.06436979999999999,6.43698,100.0,0.0,0.0,0.0,0.0,0.0,0.12,0.108,1.08,0.42,0.378,3.7800000000000002,0.33,0.29700000000000004,2.97,0.06502,0.12,0.42,0.33
frdm,am283,283Am,95,188,283,95283,0.05343,0.0528957,5.28957,100.0,0.0,0.0,0.0,0.0,0.0,0.22,0.198,1.9800000000000002,0.16,0.14400000000000002,1.4400000000000002,0.58,0.522,5.22,0.05343,0.22,0.16,0.58
frdm,am284,284Am,95,189,284,95284,0.01362,0.0134838,1.3483800000000001,100.0,0.0,0.0,0.0,0.0,0.0,0.11,0.099,0.9900000000000001,0.53,0.47700000000000004,4.7700000000000005,0.24,0.216,2.16,0.01362,0.11,0.53,0.24
frdm,am285,285Am,95,190,285,95285,0.01237,0.012246300000000002,1.22463,100.0,0.0,0.0,0.0,0.0,0.0,0.32,0.28800000000000003,2.8800000000000003,0.31,0.279,2.79,0.33,0.29700000000000004,2.97,0.01237,0.32,0.31,0.33
frdm,am286,286Am,95,191,286,95286,0.01207,0.011949300000000001,1.19493,100.0,0.0,0.0,0.0,0.0,0.0,0.1,0.09000000000000001,0.9,0.52,0.468,4.68,0.3,0.27,2.7,0.01207,0.1,0.52,0.3
frdm,am287,287Am,95,192,287,95287,0.01055,0.0104445,1.0444499999999999,100.0,0.0,0.0,0.0,0.0,0.0,0.26,0.234,2.34,0.3,0.27,2.7,0.4,0.36000000000000004,3.6,0.01055,0.26,0.3,0.4
frdm,am288,288Am,95,193,288,95288,0.01011,0.0100089,1.0008899999999998,100.0,0.0,0.0,0.0,0.0,0.0,0.08,0.07200000000000001,0.7200000000000001,0.45,0.405,4.05,0.36,0.324,3.2399999999999998,0.01011,0.08,0.45,0.36
frdm,am289,289Am,95,194,289,95289,0.00913,0.009038699999999998,0.90387,100.0,0.0,0.0,0.0,0.0,0.0,0.18,0.162,1.6199999999999999,0.29,0.261,2.61,0.48,0.432,4.32,0.00913,0.18,0.29,0.48
frdm,am290,290Am,95,195,290,95290,0.00758,0.0075042,0.75042,100.0,0.0,0.0,0.0,0.0,0.0,0.06,0.054,0.54,0.38,0.342,3.42,0.37,0.333,3.33,0.00758,0.06,0.38,0.37
frdm,am291,291Am,95,196,291,95291,0.00806,0.0079794,0.79794,100.0,0.0,0.0,0.0,0.0,0.0,0.09,0.081,0.8099999999999999,0.17,0.15300000000000002,1.5300000000000002,0.66,0.5940000000000001,5.94,0.00806,0.09,0.17,0.66
frdm,am292,292Am,95,197,292,95292,0.00678,0.0067122,0.6712199999999999,100.0,0.0,0.0,0.0,0.0,0.0,0.03,0.027,0.27,0.24,0.216,2.16,0.37,0.333,3.33,0.00678,0.03,0.24,0.37
frdm,am293,293Am,95,198,293,95293,0.00624,0.0061776,0.61776,100.0,0.0,0.0,0.0,0.0,0.0,0.08,0.07200000000000001,0.7200000000000001,0.13,0.117,1.17,0.65,0.585,5.85,0.00624,0.08,0.13,0.65
frdm,am294,294Am,95,199,294,95294,0.00499,0.004940099999999999,0.49400999999999995,100.0,0.0,0.0,0.0,0.0,0.0,0.02,0.018000000000000002,0.18000000000000002,0.18,0.162,1.6199999999999999,0.31,0.279,2.79,0.00499,0.02,0.18,0.31
frdm,am295,295Am,95,200,295,95295,0.00449,0.0044451000000000004,0.44451,100.0,0.0,0.0,0.0,0.0,0.0,0.06,0.054,0.54,0.09,0.081,0.8099999999999999,0.55,0.49500000000000005,4.95,0.00449,0.06,0.09,0.55
frdm,am296,296Am,95,201,296,95296,0.00408,0.004039200000000001,0.40392000000000006,100.0,0.0,0.0,0.0,0.0,0.0,0.02,0.018000000000000002,0.18000000000000002,0.11,0.099,0.9900000000000001,0.2,0.18000000000000002,1.8,0.00408,0.02,0.11,0.2
frdm,am297,297Am,95,202,297,95297,0.00413,0.0040887,0.40886999999999996,100.0,0.0,0.0,0.0,0.0,0.0,0.06,0.054,0.54,0.05,0.045000000000000005,0.45,0.38,0.342,3.42,0.00413,0.06,0.05,0.38
frdm,am298,298Am,95,203,298,95298,0.00368,0.0036432,0.36432,100.0,0.0,0.0,0.0,0.0,0.0,0.02,0.018000000000000002,0.18000000000000002,0.07,0.063,0.6300000000000001,0.1,0.09000000000000001,0.9,0.00368,0.02,0.07,0.1
frdm,am299,299Am,95,204,299,95299,0.00329,0.0032570999999999998,0.32571,100.0,0.0,0.0,0.0,0.0,0.0,0.07,0.063,0.6300000000000001,0.03,0.027,0.27,0.23,0.20700000000000002,2.0700000000000003,0.00329,0.07,0.03,0.23
frdm,am300,300Am,95,205,300,95300,0.00316,0.0031284,0.31284,100.0,0.0,0.0,0.0,0.0,0.0,0.03,0.027,0.27,0.06,0.054,0.54,0.04,0.036000000000000004,0.36000000000000004,0.00316,0.03,0.06,0.04
frdm,am301,301Am,95,206,301,95301,0.00305,0.0030195,0.30195,100.0,0.0,0.0,0.0,0.0,0.0,0.03,0.027,0.27,0.02,0.018000000000000002,0.18000000000000002,0.14,0.126,1.2600000000000002,0.00305,0.03,0.02,0.14
frdm,am302,302Am,95,207,302,95302,0.0028,0.002772,0.27719999999999995,100.0,0.0,0.0,0.0,0.0,0.0,0.01,0.009000000000000001,0.09000000000000001,0.05,0.045000000000000005,0.45,0.03,0.027,0.27,0.0028,0.01,0.05,0.03
frdm,am303,303Am,95,208,303,95303,0.00268,0.0026532,0.26532,100.0,0.0,0.0,0.0,0.0,0.0,0.03,0.027,0.27,0.02,0.018000000000000002,0.18000000000000002,0.09,0.081,0.8099999999999999,0.00268,0.03,0.02,0.09
frdm,am304,304Am,95,209,304,95304,0.00249,0.0024651,0.24651,100.0,0.0,0.0,0.0,0.0,0.0,0.0,0.0,0.0,0.05,0.045000000000000005,0.45,0.02,0.018000000000000002,0.18000000000000002,0.00249,0.0,0.05,0.02
frdm,am305,305Am,95,210,305,95305,0.00223,0.0022077000000000004,0.22077000000000002,100.0,0.0,0.0,0.0,0.0,0.0,0.02,0.018000000000000002,0.18000000000000002,0.02,0.018000000000000002,0.18000000000000002,0.08,0.07200000000000001,0.7200000000000001,0.00223,0.02,0.02,0.08
frdm,am307,307Am,95,212,307,95307,0.00186,0.0018414000000000002,0.18414,100.0,0.0,0.0,0.0,0.0,0.0,0.01,0.009000000000000001,0.09000000000000001,0.01,0.009000000000000001,0.09000000000000001,0.07,0.063,0.6300000000000001,0.00186,0.01,0.01,0.07
frdm,am309,309Am,95,214,309,95309,0.0016,0.0015840000000000001,0.1584,100.0,0.0,0.0,0.0,0.0,0.0,0.01,0.009000000000000001,0.09000000000000001,0.0,0.0,0.0,0.07,0.063,0.6300000000000001,0.0016,0.01,0.0,0.07
frdm,cm252,252Cm,96,156,252,96252,12559.09766,12433.506683399999,1243350.6683399999,100.0,0.0,0.0,0.0,0.0,0.0,0.0,0.0,0.0,0.0,0.0,0.0,0.0,0.0,0.0,12559.09766,0.0,0.0,0.0
frdm,cm253,253Cm,96,157,253,96253,663.58704,656.9511696,65695.11696,100.0,0.0,0.0,0.0,0.0,0.0,0.0,0.0,0.0,0.0,0.0,0.0,0.0,0.0,0.0,663.58704,0.0,0.0,0.0
frdm,cm254,254Cm,96,158,254,96254,1105.81372,1094.7555828000002,109475.55828,100.0,0.0,0.0,0.0,0.0,0.0,0.0,0.0,0.0,0.0,0.0,0.0,0.0,0.0,0.0,1105.81372,0.0,0.0,0.0
frdm,cm255,255Cm,96,159,255,96255,188.20926,186.3271674,18632.71674,100.0,0.0,0.0,0.0,0.0,0.0,0.0,0.0,0.0,0.0,0.0,0.0,0.0,0.0,0.0,188.20926,0.0,0.0,0.0
frdm,cm256,256Cm,96,160,256,96256,222.18739,219.9655161,21996.55161,100.0,0.0,0.0,0.0,0.0,0.0,0.0,0.0,0.0,0.0,0.0,0.0,0.0,0.0,0.0,222.18739,0.0,0.0,0.0
frdm,cm257,257Cm,96,161,257,96257,55.10736,54.5562864,5455.62864,100.0,0.0,0.0,0.0,0.0,0.0,0.0,0.0,0.0,0.0,0.0,0.0,0.0,0.0,0.0,55.10736,0.0,0.0,0.0
frdm,cm258,258Cm,96,162,258,96258,42.39301,41.9690799,4196.90799,100.0,0.0,0.0,0.0,0.0,0.0,0.0,0.0,0.0,0.0,0.0,0.0,0.0,0.0,0.0,42.39301,0.0,0.0,0.0
frdm,cm259,259Cm,96,163,259,96259,22.51312,22.2879888,2228.79888,100.0,0.0,0.0,0.0,0.0,0.0,0.0,0.0,0.0,0.0,0.0,0.0,0.0,0.0,0.0,22.51312,0.0,0.0,0.0
frdm,cm260,260Cm,96,164,260,96260,16.33578,16.1724222,1617.24222,100.0,0.0,0.0,0.0,0.0,0.0,0.0,0.0,0.0,0.0,0.0,0.0,0.0,0.0,0.0,16.33578,0.0,0.0,0.0
frdm,cm261,261Cm,96,165,261,96261,5.53484,5.4794916,547.94916,100.0,0.0,0.0,0.0,0.0,0.0,0.0,0.0,0.0,0.0,0.0,0.0,0.0,0.0,0.0,5.53484,0.0,0.0,0.0
frdm,cm262,262Cm,96,166,262,96262,8.74638,8.6589162,865.89162,100.0,0.0,0.0,0.0,0.0,0.0,0.0,0.0,0.0,0.0,0.0,0.0,0.0,0.0,0.0,8.74638,0.0,0.0,0.0
frdm,cm263,263Cm,96,167,263,96263,2.25776,2.2351824000000002,223.51824000000002,100.0,0.0,0.0,0.0,0.0,0.0,0.0,0.0,0.0,0.0,0.0,0.0,0.0,0.0,0.0,2.25776,0.0,0.0,0.0
frdm,cm264,264Cm,96,168,264,96264,3.60646,3.5703954,357.03954,100.0,0.0,0.0,0.0,0.0,0.0,0.0,0.0,0.0,0.0,0.0,0.0,0.0,0.0,0.0,3.60646,0.0,0.0,0.0
frdm,cm265,265Cm,96,169,265,96265,2.45918,2.4345882,243.45882,100.0,0.0,0.0,0.0,0.0,0.0,0.01,0.009000000000000001,0.09000000000000001,0.0,0.0,0.0,0.0,0.0,0.0,2.45918,0.01,0.0,0.0
frdm,cm266,266Cm,96,170,266,96266,2.45682,2.4322518,243.22518,100.0,0.0,0.0,0.0,0.0,0.0,0.01,0.009000000000000001,0.09000000000000001,0.0,0.0,0.0,0.0,0.0,0.0,2.45682,0.01,0.0,0.0
frdm,cm267,267Cm,96,171,267,96267,1.86594,1.8472806,184.72806,100.0,0.0,0.0,0.0,0.0,0.0,0.01,0.009000000000000001,0.09000000000000001,0.0,0.0,0.0,0.0,0.0,0.0,1.86594,0.01,0.0,0.0
frdm,cm268,268Cm,96,172,268,96268,1.48293,1.4681007000000001,146.81007,100.0,0.0,0.0,0.0,0.0,0.0,0.04,0.036000000000000004,0.36000000000000004,0.0,0.0,0.0,0.0,0.0,0.0,1.48293,0.04,0.0,0.0
frdm,cm269,269Cm,96,173,269,96269,1.15833,1.1467467,114.67467,100.0,0.0,0.0,0.0,0.0,0.0,0.13,0.117,1.17,0.0,0.0,0.0,0.0,0.0,0.0,1.15833,0.13,0.0,0.0
frdm,cm270,270Cm,96,174,270,96270,0.98452,0.9746748,97.46748,100.0,0.0,0.0,0.0,0.0,0.0,0.14,0.126,1.2600000000000002,0.0,0.0,0.0,0.0,0.0,0.0,0.98452,0.14,0.0,0.0
frdm,cm271,271Cm,96,175,271,96271,0.59692,0.5909508,59.09508,100.0,0.0,0.0,0.0,0.0,0.0,0.33,0.29700000000000004,2.97,0.0,0.0,0.0,0.0,0.0,0.0,0.59692,0.33,0.0,0.0
frdm,cm272,272Cm,96,176,272,96272,0.90677,0.8977023,89.77023,100.0,0.0,0.0,0.0,0.0,0.0,0.37,0.333,3.33,0.0,0.0,0.0,0.0,0.0,0.0,0.90677,0.37,0.0,0.0
frdm,cm273,273Cm,96,177,273,96273,0.52017,0.5149683,51.49683,100.0,0.0,0.0,0.0,0.0,0.0,0.38,0.342,3.42,0.0,0.0,0.0,0.0,0.0,0.0,0.52017,0.38,0.0,0.0
frdm,cm274,274Cm,96,178,274,96274,0.39764,0.3936636,39.36635999999999,100.0,0.0,0.0,0.0,0.0,0.0,0.5,0.45,4.5,0.0,0.0,0.0,0.0,0.0,0.0,0.39764,0.5,0.0,0.0
frdm,cm275,275Cm,96,179,275,96275,0.27146,0.26874539999999997,26.874539999999996,100.0,0.0,0.0,0.0,0.0,0.0,0.73,0.657,6.57,0.0,0.0,0.0,0.0,0.0,0.0,0.27146,0.73,0.0,0.0
frdm,cm276,276Cm,96,180,276,96276,0.29427,0.29132729999999996,29.132729999999995,100.0,0.0,0.0,0.0,0.0,0.0,0.77,0.6930000000000001,6.93,0.0,0.0,0.0,0.0,0.0,0.0,0.29427,0.77,0.0,0.0
frdm,cm277,277Cm,96,181,277,96277,0.21561,0.2134539,21.34539,100.0,0.0,0.0,0.0,0.0,0.0,0.85,0.765,7.65,0.01,0.009000000000000001,0.09000000000000001,0.0,0.0,0.0,0.21561,0.85,0.01,0.0
frdm,cm278,278Cm,96,182,278,96278,0.18704,0.18516960000000002,18.51696,100.0,0.0,0.0,0.0,0.0,0.0,0.86,0.774,7.739999999999999,0.0,0.0,0.0,0.0,0.0,0.0,0.18704,0.86,0.0,0.0
frdm,cm279,279Cm,96,183,279,96279,0.19266,0.1907334,19.073339999999998,100.0,0.0,0.0,0.0,0.0,0.0,0.83,0.747,7.469999999999999,0.04,0.036000000000000004,0.36000000000000004,0.0,0.0,0.0,0.19266,0.83,0.04,0.0
frdm,cm280,280Cm,96,184,280,96280,0.12747,0.1261953,12.61953,100.0,0.0,0.0,0.0,0.0,0.0,0.86,0.774,7.739999999999999,0.0,0.0,0.0,0.0,0.0,0.0,0.12747,0.86,0.0,0.0
frdm,cm281,281Cm,96,185,281,96281,0.07643,0.0756657,7.56657,100.0,0.0,0.0,0.0,0.0,0.0,0.32,0.28800000000000003,2.8800000000000003,0.45,0.405,4.05,0.0,0.0,0.0,0.07643,0.32,0.45,0.0
frdm,cm282,282Cm,96,186,282,96282,0.09269,0.0917631,9.17631,100.0,0.0,0.0,0.0,0.0,0.0,0.38,0.342,3.42,0.48,0.432,4.32,0.0,0.0,0.0,0.09269,0.38,0.48,0.0
frdm,cm283,283Cm,96,187,283,96283,0.11786,0.1166814,11.668140000000001,100.0,0.0,0.0,0.0,0.0,0.0,0.12,0.108,1.08,0.53,0.47700000000000004,4.7700000000000005,0.02,0.018000000000000002,0.18000000000000002,0.11786,0.12,0.53,0.02
frdm,cm284,284Cm,96,188,284,96284,0.09934,0.09834659999999999,9.83466,100.0,0.0,0.0,0.0,0.0,0.0,0.22,0.198,1.9800000000000002,0.54,0.48600000000000004,4.86,0.04,0.036000000000000004,0.36000000000000004,0.09934,0.22,0.54,0.04
frdm,cm285,285Cm,96,189,285,96285,0.05796,0.0573804,5.73804,100.0,0.0,0.0,0.0,0.0,0.0,0.24,0.216,2.16,0.62,0.558,5.58,0.03,0.027,0.27,0.05796,0.24,0.62,0.03
frdm,cm286,286Cm,96,190,286,96286,0.01943,0.019235699999999998,1.9235699999999998,100.0,0.0,0.0,0.0,0.0,0.0,0.6,0.54,5.4,0.26,0.234,2.34,0.01,0.009000000000000001,0.09000000000000001,0.01943,0.6,0.26,0.01
frdm,cm287,287Cm,96,191,287,96287,0.01809,0.017909099999999997,1.79091,100.0,0.0,0.0,0.0,0.0,0.0,0.39,0.35100000000000003,3.5100000000000002,0.5,0.45,4.5,0.01,0.009000000000000001,0.09000000000000001,0.01809,0.39,0.5,0.01
frdm,cm288,288Cm,96,192,288,96288,0.01486,0.0147114,1.47114,100.0,0.0,0.0,0.0,0.0,0.0,0.6,0.54,5.4,0.31,0.279,2.79,0.01,0.009000000000000001,0.09000000000000001,0.01486,0.6,0.31,0.01
frdm,cm289,289Cm,96,193,289,96289,0.01502,0.0148698,1.48698,100.0,0.0,0.0,0.0,0.0,0.0,0.18,0.162,1.6199999999999999,0.76,0.684,6.84,0.02,0.018000000000000002,0.18000000000000002,0.01502,0.18,0.76,0.02
frdm,cm290,290Cm,96,194,290,96290,0.01319,0.0130581,1.30581,100.0,0.0,0.0,0.0,0.0,0.0,0.45,0.405,4.05,0.48,0.432,4.32,0.03,0.027,0.27,0.01319,0.45,0.48,0.03
frdm,cm291,291Cm,96,195,291,96291,0.01133,0.0112167,1.12167,100.0,0.0,0.0,0.0,0.0,0.0,0.13,0.117,1.17,0.71,0.639,6.39,0.06,0.054,0.54,0.01133,0.13,0.71,0.06
frdm,cm292,292Cm,96,196,292,96292,0.01077,0.0106623,1.06623,100.0,0.0,0.0,0.0,0.0,0.0,0.35,0.315,3.15,0.53,0.47700000000000004,4.7700000000000005,0.08,0.07200000000000001,0.7200000000000001,0.01077,0.35,0.53,0.08
frdm,cm293,293Cm,96,197,293,96293,0.01003,0.009929700000000001,0.9929700000000001,100.0,0.0,0.0,0.0,0.0,0.0,0.09,0.081,0.8099999999999999,0.69,0.621,6.209999999999999,0.17,0.15300000000000002,1.5300000000000002,0.01003,0.09,0.69,0.17
frdm,cm294,294Cm,96,198,294,96294,0.00845,0.0083655,0.83655,100.0,0.0,0.0,0.0,0.0,0.0,0.23,0.20700000000000002,2.0700000000000003,0.49,0.441,4.41,0.24,0.216,2.16,0.00845,0.23,0.49,0.24
frdm,cm295,295Cm,96,199,295,96295,0.00685,0.0067815,0.67815,100.0,0.0,0.0,0.0,0.0,0.0,0.09,0.081,0.8099999999999999,0.55,0.49500000000000005,4.95,0.31,0.279,2.79,0.00685,0.09,0.55,0.31
frdm,cm296,296Cm,96,200,296,96296,0.00647,0.0064053,0.64053,100.0,0.0,0.0,0.0,0.0,0.0,0.17,0.15300000000000002,1.5300000000000002,0.36,0.324,3.2399999999999998,0.42,0.378,3.7800000000000002,0.00647,0.17,0.36,0.42
frdm,cm297,297Cm,96,201,297,96297,0.00593,0.0058707,0.5870700000000001,100.0,0.0,0.0,0.0,0.0,0.0,0.05,0.045000000000000005,0.45,0.37,0.333,3.33,0.45,0.405,4.05,0.00593,0.05,0.37,0.45
frdm,cm298,298Cm,96,202,298,96298,0.0056,0.005544,0.5543999999999999,100.0,0.0,0.0,0.0,0.0,0.0,0.12,0.108,1.08,0.27,0.24300000000000002,2.43,0.55,0.49500000000000005,4.95,0.0056,0.12,0.27,0.55
frdm,cm299,299Cm,96,203,299,96299,0.00478,0.004732200000000001,0.47322000000000003,100.0,0.0,0.0,0.0,0.0,0.0,0.04,0.036000000000000004,0.36000000000000004,0.26,0.234,2.34,0.41,0.369,3.6899999999999995,0.00478,0.04,0.26,0.41
frdm,cm300,300Cm,96,204,300,96300,0.00429,0.0042471,0.42471000000000003,100.0,0.0,0.0,0.0,0.0,0.0,0.08,0.07200000000000001,0.7200000000000001,0.17,0.15300000000000002,1.5300000000000002,0.62,0.558,5.58,0.00429,0.08,0.17,0.62
frdm,cm301,301Cm,96,205,301,96301,0.004,0.00396,0.396,100.0,0.0,0.0,0.0,0.0,0.0,0.03,0.027,0.27,0.15,0.135,1.35,0.29,0.261,2.61,0.004,0.03,0.15,0.29
frdm,cm302,302Cm,96,206,302,96302,0.00374,0.0037026,0.37026,100.0,0.0,0.0,0.0,0.0,0.0,0.06,0.054,0.54,0.09,0.081,0.8099999999999999,0.54,0.48600000000000004,4.86,0.00374,0.06,0.09,0.54
frdm,cm303,303Cm,96,207,303,96303,0.00365,0.0036135,0.36135,100.0,0.0,0.0,0.0,0.0,0.0,0.03,0.027,0.27,0.1,0.09000000000000001,0.9,0.14,0.126,1.2600000000000002,0.00365,0.03,0.1,0.14
frdm,cm304,304Cm,96,208,304,96304,0.00349,0.0034551,0.34551,100.0,0.0,0.0,0.0,0.0,0.0,0.06,0.054,0.54,0.07,0.063,0.6300000000000001,0.32,0.28800000000000003,2.8800000000000003,0.00349,0.06,0.07,0.32
frdm,cm305,305Cm,96,209,305,96305,0.00327,0.0032373,0.32373,100.0,0.0,0.0,0.0,0.0,0.0,0.03,0.027,0.27,0.07,0.063,0.6300000000000001,0.1,0.09000000000000001,0.9,0.00327,0.03,0.07,0.1
frdm,cm306,306Cm,96,210,306,96306,0.00289,0.0028611,0.28611000000000003,100.0,0.0,0.0,0.0,0.0,0.0,0.05,0.045000000000000005,0.45,0.04,0.036000000000000004,0.36000000000000004,0.22,0.198,1.9800000000000002,0.00289,0.05,0.04,0.22
frdm,cm308,308Cm,96,212,308,96308,0.00247,0.0024453,0.24453,100.0,0.0,0.0,0.0,0.0,0.0,0.07,0.063,0.6300000000000001,0.02,0.018000000000000002,0.18000000000000002,0.11,0.099,0.9900000000000001,0.00247,0.07,0.02,0.11
frdm,cm310,310Cm,96,214,310,96310,0.0021,0.0020789999999999997,0.2079,100.0,0.0,0.0,0.0,0.0,0.0,0.07,0.063,0.6300000000000001,0.01,0.009000000000000001,0.09000000000000001,0.06,0.054,0.54,0.0021,0.07,0.01,0.06
frdm,cm312,312Cm,96,216,312,96312,0.00184,0.0018216,0.18216,100.0,0.0,0.0,0.0,0.0,0.0,0.08,0.07200000000000001,0.7200000000000001,0.0,0.0,0.0,0.05,0.045000000000000005,0.45,0.00184,0.08,0.0,0.05
frdm,cm314,314Cm,96,218,314,96314,0.0016,0.0015840000000000001,0.1584,100.0,0.0,0.0,0.0,0.0,0.0,0.09,0.081,0.8099999999999999,0.01,0.009000000000000001,0.09000000000000001,0.04,0.036000000000000004,0.36000000000000004,0.0016,0.09,0.01,0.04
frdm,bk248,248Bk,97,151,248,97248,219263.875,217071.23625,21707123.625,100.0,0.0,0.0,0.0,0.0,0.0,0.0,0.0,0.0,0.0,0.0,0.0,0.0,0.0,0.0,219263.875,0.0,0.0,0.0
frdm,bk253,253Bk,97,156,253,97253,2795.95361,2767.9940739,276799.40738999995,100.0,0.0,0.0,0.0,0.0,0.0,0.0,0.0,0.0,0.0,0.0,0.0,0.0,0.0,0.0,2795.95361,0.0,0.0,0.0
frdm,bk254,254Bk,97,157,254,97254,651.58844,645.0725556,64507.25556,100.0,0.0,0.0,0.0,0.0,0.0,0.0,0.0,0.0,0.0,0.0,0.0,0.0,0.0,0.0,651.58844,0.0,0.0,0.0
frdm,bk255,255Bk,97,158,255,97255,853.12476,844.5935124,84459.35124,100.0,0.0,0.0,0.0,0.0,0.0,0.0,0.0,0.0,0.0,0.0,0.0,0.0,0.0,0.0,853.12476,0.0,0.0,0.0
frdm,bk256,256Bk,97,159,256,97256,240.60432,238.1982768,23819.827680000002,100.0,0.0,0.0,0.0,0.0,0.0,0.0,0.0,0.0,0.0,0.0,0.0,0.0,0.0,0.0,240.60432,0.0,0.0,0.0
frdm,bk257,257Bk,97,160,257,97257,292.37708,289.4533092,28945.33092,100.0,0.0,0.0,0.0,0.0,0.0,0.0,0.0,0.0,0.0,0.0,0.0,0.0,0.0,0.0,292.37708,0.0,0.0,0.0
frdm,bk258,258Bk,97,161,258,97258,87.16945,86.2977555,8629.77555,100.0,0.0,0.0,0.0,0.0,0.0,0.0,0.0,0.0,0.0,0.0,0.0,0.0,0.0,0.0,87.16945,0.0,0.0,0.0
frdm,bk259,259Bk,97,162,259,97259,79.3615,78.567885,7856.788500000001,100.0,0.0,0.0,0.0,0.0,0.0,0.0,0.0,0.0,0.0,0.0,0.0,0.0,0.0,0.0,79.3615,0.0,0.0,0.0
frdm,bk260,260Bk,97,163,260,97260,33.54726,33.2117874,3321.1787400000003,100.0,0.0,0.0,0.0,0.0,0.0,0.0,0.0,0.0,0.0,0.0,0.0,0.0,0.0,0.0,33.54726,0.0,0.0,0.0
frdm,bk261,261Bk,97,164,261,97261,22.25125,22.0287375,2202.87375,100.0,0.0,0.0,0.0,0.0,0.0,0.0,0.0,0.0,0.0,0.0,0.0,0.0,0.0,0.0,22.25125,0.0,0.0,0.0
frdm,bk262,262Bk,97,165,262,97262,8.51682,8.4316518,843.1651799999999,100.0,0.0,0.0,0.0,0.0,0.0,0.01,0.009000000000000001,0.09000000000000001,0.0,0.0,0.0,0.0,0.0,0.0,8.51682,0.01,0.0,0.0
frdm,bk263,263Bk,97,166,263,97263,12.66874,12.5420526,1254.20526,100.0,0.0,0.0,0.0,0.0,0.0,0.06,0.054,0.54,0.0,0.0,0.0,0.0,0.0,0.0,12.66874,0.06,0.0,0.0
frdm,bk264,264Bk,97,167,264,97264,3.78398,3.7461402,374.61402000000004,100.0,0.0,0.0,0.0,0.0,0.0,0.02,0.018000000000000002,0.18000000000000002,0.0,0.0,0.0,0.0,0.0,0.0,3.78398,0.02,0.0,0.0
frdm,bk265,265Bk,97,168,265,97265,6.06627,6.0056073,600.56073,100.0,0.0,0.0,0.0,0.0,0.0,0.11,0.099,0.9900000000000001,0.0,0.0,0.0,0.0,0.0,0.0,6.06627,0.11,0.0,0.0
frdm,bk266,266Bk,97,169,266,97266,4.86643,4.8177657,481.77657000000005,100.0,0.0,0.0,0.0,0.0,0.0,0.22,0.198,1.9800000000000002,0.0,0.0,0.0,0.0,0.0,0.0,4.86643,0.22,0.0,0.0
frdm,bk267,267Bk,97,170,267,97267,4.62394,4.5777006,457.77006,100.0,0.0,0.0,0.0,0.0,0.0,0.3,0.27,2.7,0.0,0.0,0.0,0.0,0.0,0.0,4.62394,0.3,0.0,0.0
frdm,bk268,268Bk,97,171,268,97268,3.55944,3.5238456,352.38456,100.0,0.0,0.0,0.0,0.0,0.0,0.29,0.261,2.61,0.0,0.0,0.0,0.0,0.0,0.0,3.55944,0.29,0.0,0.0
frdm,bk269,269Bk,97,172,269,97269,2.51057,2.4854643,248.54643,100.0,0.0,0.0,0.0,0.0,0.0,0.41,0.369,3.6899999999999995,0.0,0.0,0.0,0.0,0.0,0.0,2.51057,0.41,0.0,0.0
frdm,bk270,270Bk,97,173,270,97270,0.91033,0.9012266999999999,90.12267,100.0,0.0,0.0,0.0,0.0,0.0,0.38,0.342,3.42,0.0,0.0,0.0,0.0,0.0,0.0,0.91033,0.38,0.0,0.0
frdm,bk271,271Bk,97,174,271,97271,0.78659,0.7787241,77.87241,100.0,0.0,0.0,0.0,0.0,0.0,0.54,0.48600000000000004,4.86,0.0,0.0,0.0,0.0,0.0,0.0,0.78659,0.54,0.0,0.0
frdm,bk272,272Bk,97,175,272,97272,0.56924,0.5635475999999999,56.35476,100.0,0.0,0.0,0.0,0.0,0.0,0.59,0.5309999999999999,5.31,0.0,0.0,0.0,0.0,0.0,0.0,0.56924,0.59,0.0,0.0
frdm,bk273,273Bk,97,176,273,97273,1.47607,1.4613093,146.13093,100.0,0.0,0.0,0.0,0.0,0.0,0.42,0.378,3.7800000000000002,0.0,0.0,0.0,0.0,0.0,0.0,1.47607,0.42,0.0,0.0
frdm,bk274,274Bk,97,177,274,97274,0.89106,0.8821494,88.21494,100.0,0.0,0.0,0.0,0.0,0.0,0.36,0.324,3.2399999999999998,0.0,0.0,0.0,0.0,0.0,0.0,0.89106,0.36,0.0,0.0
frdm,bk275,275Bk,97,178,275,97275,0.68113,0.6743187,67.43187,100.0,0.0,0.0,0.0,0.0,0.0,0.49,0.441,4.41,0.0,0.0,0.0,0.0,0.0,0.0,0.68113,0.49,0.0,0.0
frdm,bk276,276Bk,97,179,276,97276,0.47203,0.4673097,46.730970000000006,100.0,0.0,0.0,0.0,0.0,0.0,0.58,0.522,5.22,0.05,0.045000000000000005,0.45,0.0,0.0,0.0,0.47203,0.58,0.05,0.0
frdm,bk277,277Bk,97,180,277,97277,0.50217,0.4971483,49.71483,100.0,0.0,0.0,0.0,0.0,0.0,0.71,0.639,6.39,0.02,0.018000000000000002,0.18000000000000002,0.0,0.0,0.0,0.50217,0.71,0.02,0.0
frdm,bk278,278Bk,97,181,278,97278,0.18479,0.1829421,18.29421,100.0,0.0,0.0,0.0,0.0,0.0,0.69,0.621,6.209999999999999,0.2,0.18000000000000002,1.8,0.0,0.0,0.0,0.18479,0.69,0.2,0.0
frdm,bk279,279Bk,97,182,279,97279,0.16878,0.16709220000000002,16.70922,100.0,0.0,0.0,0.0,0.0,0.0,0.82,0.738,7.379999999999999,0.08,0.07200000000000001,0.7200000000000001,0.0,0.0,0.0,0.16878,0.82,0.08,0.0
frdm,bk280,280Bk,97,183,280,97280,0.15385,0.1523115,15.231149999999998,100.0,0.0,0.0,0.0,0.0,0.0,0.69,0.621,6.209999999999999,0.21,0.189,1.8900000000000001,0.0,0.0,0.0,0.15385,0.69,0.21,0.0
frdm,bk281,281Bk,97,184,281,97281,0.10736,0.1062864,10.628639999999999,100.0,0.0,0.0,0.0,0.0,0.0,0.76,0.684,6.84,0.15,0.135,1.35,0.0,0.0,0.0,0.10736,0.76,0.15,0.0
frdm,bk282,282Bk,97,185,282,97282,0.08263,0.0818037,8.18037,100.0,0.0,0.0,0.0,0.0,0.0,0.45,0.405,4.05,0.42,0.378,3.7800000000000002,0.0,0.0,0.0,0.08263,0.45,0.42,0.0
frdm,bk283,283Bk,97,186,283,97283,0.11035,0.10924650000000001,10.92465,100.0,0.0,0.0,0.0,0.0,0.0,0.52,0.468,4.68,0.41,0.369,3.6899999999999995,0.03,0.027,0.27,0.11035,0.52,0.41,0.03
frdm,bk284,284Bk,97,187,284,97284,0.13521,0.1338579,13.385789999999998,100.0,0.0,0.0,0.0,0.0,0.0,0.2,0.18000000000000002,1.8,0.55,0.49500000000000005,4.95,0.09,0.081,0.8099999999999999,0.13521,0.2,0.55,0.09
frdm,bk285,285Bk,97,188,285,97285,0.10197,0.1009503,10.095030000000001,100.0,0.0,0.0,0.0,0.0,0.0,0.34,0.30600000000000005,3.0600000000000005,0.37,0.333,3.33,0.23,0.20700000000000002,2.0700000000000003,0.10197,0.34,0.37,0.23
frdm,bk286,286Bk,97,189,286,97286,0.07647,0.0757053,7.57053,100.0,0.0,0.0,0.0,0.0,0.0,0.13,0.117,1.17,0.7,0.63,6.3,0.1,0.09000000000000001,0.9,0.07647,0.13,0.7,0.1
frdm,bk287,287Bk,97,190,287,97287,0.02253,0.0223047,2.23047,100.0,0.0,0.0,0.0,0.0,0.0,0.37,0.333,3.33,0.54,0.48600000000000004,4.86,0.07,0.063,0.6300000000000001,0.02253,0.37,0.54,0.07
frdm,bk288,288Bk,97,191,288,97288,0.02208,0.0218592,2.18592,100.0,0.0,0.0,0.0,0.0,0.0,0.12,0.108,1.08,0.79,0.7110000000000001,7.11,0.06,0.054,0.54,0.02208,0.12,0.79,0.06
frdm,bk289,289Bk,97,192,289,97289,0.01872,0.018532800000000002,1.85328,100.0,0.0,0.0,0.0,0.0,0.0,0.34,0.30600000000000005,3.0600000000000005,0.57,0.5129999999999999,5.129999999999999,0.07,0.063,0.6300000000000001,0.01872,0.34,0.57,0.07
frdm,bk290,290Bk,97,193,290,97290,0.01709,0.0169191,1.69191,100.0,0.0,0.0,0.0,0.0,0.0,0.09,0.081,0.8099999999999999,0.8,0.7200000000000001,7.2,0.08,0.07200000000000001,0.7200000000000001,0.01709,0.09,0.8,0.08
frdm,bk291,291Bk,97,194,291,97291,0.01499,0.0148401,1.4840099999999998,100.0,0.0,0.0,0.0,0.0,0.0,0.27,0.24300000000000002,2.43,0.57,0.5129999999999999,5.129999999999999,0.14,0.126,1.2600000000000002,0.01499,0.27,0.57,0.14
frdm,bk292,292Bk,97,195,292,97292,0.01327,0.013137300000000001,1.31373,100.0,0.0,0.0,0.0,0.0,0.0,0.13,0.117,1.17,0.67,0.603,6.03,0.17,0.15300000000000002,1.5300000000000002,0.01327,0.13,0.67,0.17
frdm,bk293,293Bk,97,196,293,97293,0.01243,0.0123057,1.2305700000000002,100.0,0.0,0.0,0.0,0.0,0.0,0.18,0.162,1.6199999999999999,0.48,0.432,4.32,0.32,0.28800000000000003,2.8800000000000003,0.01243,0.18,0.48,0.32
frdm,bk294,294Bk,97,197,294,97294,0.01025,0.0101475,1.01475,100.0,0.0,0.0,0.0,0.0,0.0,0.07,0.063,0.6300000000000001,0.57,0.5129999999999999,5.129999999999999,0.32,0.28800000000000003,2.8800000000000003,0.01025,0.07,0.57,0.32
frdm,bk295,295Bk,97,198,295,97295,0.00905,0.0089595,0.89595,100.0,0.0,0.0,0.0,0.0,0.0,0.15,0.135,1.35,0.35,0.315,3.15,0.49,0.441,4.41,0.00905,0.15,0.35,0.49
frdm,bk296,296Bk,97,199,296,97296,0.00738,0.0073062000000000005,0.7306199999999999,100.0,0.0,0.0,0.0,0.0,0.0,0.04,0.036000000000000004,0.36000000000000004,0.48,0.432,4.32,0.4,0.36000000000000004,3.6,0.00738,0.04,0.48,0.4
frdm,bk297,297Bk,97,200,297,97297,0.00751,0.0074349,0.74349,100.0,0.0,0.0,0.0,0.0,0.0,0.09,0.081,0.8099999999999999,0.23,0.20700000000000002,2.0700000000000003,0.64,0.5760000000000001,5.760000000000001,0.00751,0.09,0.23,0.64
frdm,bk298,298Bk,97,201,298,97298,0.00699,0.006920099999999999,0.6920099999999999,100.0,0.0,0.0,0.0,0.0,0.0,0.03,0.027,0.27,0.27,0.24300000000000002,2.43,0.44,0.396,3.9600000000000004,0.00699,0.03,0.27,0.44
frdm,bk299,299Bk,97,202,299,97299,0.00616,0.0060983999999999995,0.6098399999999999,100.0,0.0,0.0,0.0,0.0,0.0,0.08,0.07200000000000001,0.7200000000000001,0.17,0.15300000000000002,1.5300000000000002,0.67,0.603,6.03,0.00616,0.08,0.17,0.67
frdm,bk300,300Bk,97,203,300,97300,0.00501,0.0049599,0.49599,100.0,0.0,0.0,0.0,0.0,0.0,0.03,0.027,0.27,0.21,0.189,1.8900000000000001,0.36,0.324,3.2399999999999998,0.00501,0.03,0.21,0.36
frdm,bk301,301Bk,97,204,301,97301,0.00472,0.0046728,0.46728000000000003,100.0,0.0,0.0,0.0,0.0,0.0,0.06,0.054,0.54,0.11,0.099,0.9900000000000001,0.61,0.5489999999999999,5.489999999999999,0.00472,0.06,0.11,0.61
frdm,bk302,302Bk,97,205,302,97302,0.00482,0.0047718,0.47718,100.0,0.0,0.0,0.0,0.0,0.0,0.01,0.009000000000000001,0.09000000000000001,0.1,0.09000000000000001,0.9,0.23,0.20700000000000002,2.0700000000000003,0.00482,0.01,0.1,0.23
frdm,bk303,303Bk,97,206,303,97303,0.00416,0.0041183999999999995,0.41184,100.0,0.0,0.0,0.0,0.0,0.0,0.05,0.045000000000000005,0.45,0.04,0.036000000000000004,0.36000000000000004,0.41,0.369,3.6899999999999995,0.00416,0.05,0.04,0.41
frdm,bk304,304Bk,97,207,304,97304,0.00401,0.003969899999999999,0.39698999999999995,100.0,0.0,0.0,0.0,0.0,0.0,0.02,0.018000000000000002,0.18000000000000002,0.07,0.063,0.6300000000000001,0.09,0.081,0.8099999999999999,0.00401,0.02,0.07,0.09
frdm,bk305,305Bk,97,208,305,97305,0.00372,0.0036828000000000004,0.36828,100.0,0.0,0.0,0.0,0.0,0.0,0.04,0.036000000000000004,0.36000000000000004,0.03,0.027,0.27,0.24,0.216,2.16,0.00372,0.04,0.03,0.24
frdm,bk306,306Bk,97,209,306,97306,0.00363,0.0035937,0.35936999999999997,100.0,0.0,0.0,0.0,0.0,0.0,0.01,0.009000000000000001,0.09000000000000001,0.05,0.045000000000000005,0.45,0.07,0.063,0.6300000000000001,0.00363,0.01,0.05,0.07
frdm,bk307,307Bk,97,210,307,97307,0.00322,0.0031878,0.31878,100.0,0.0,0.0,0.0,0.0,0.0,0.04,0.036000000000000004,0.36000000000000004,0.02,0.018000000000000002,0.18000000000000002,0.15,0.135,1.35,0.00322,0.04,0.02,0.15
frdm,bk308,308Bk,97,211,308,97308,0.0029,0.002871,0.28709999999999997,100.0,0.0,0.0,0.0,0.0,0.0,0.03,0.027,0.27,0.05,0.045000000000000005,0.45,0.03,0.027,0.27,0.0029,0.03,0.05,0.03
frdm,bk309,309Bk,97,212,309,97309,0.0028,0.002772,0.27719999999999995,100.0,0.0,0.0,0.0,0.0,0.0,0.03,0.027,0.27,0.03,0.027,0.27,0.08,0.07200000000000001,0.7200000000000001,0.0028,0.03,0.03,0.08
frdm,bk310,310Bk,97,213,310,97310,0.00261,0.0025839,0.25839,100.0,0.0,0.0,0.0,0.0,0.0,0.0,0.0,0.0,0.05,0.045000000000000005,0.45,0.02,0.018000000000000002,0.18000000000000002,0.00261,0.0,0.05,0.02
frdm,bk311,311Bk,97,214,311,97311,0.00238,0.0023562,0.23562000000000002,100.0,0.0,0.0,0.0,0.0,0.0,0.02,0.018000000000000002,0.18000000000000002,0.03,0.027,0.27,0.07,0.063,0.6300000000000001,0.00238,0.02,0.03,0.07
frdm,bk313,313Bk,97,216,313,97313,0.00206,0.0020394000000000002,0.20394,100.0,0.0,0.0,0.0,0.0,0.0,0.02,0.018000000000000002,0.18000000000000002,0.0,0.0,0.0,0.09,0.081,0.8099999999999999,0.00206,0.02,0.0,0.09
frdm,bk315,315Bk,97,218,315,97315,0.00179,0.0017721,0.17720999999999998,100.0,0.0,0.0,0.0,0.0,0.0,0.01,0.009000000000000001,0.09000000000000001,0.0,0.0,0.0,0.09,0.081,0.8099999999999999,0.00179,0.01,0.0,0.09
frdm,bk317,317Bk,97,220,317,97317,0.0015,0.001485,0.1485,100.0,0.0,0.0,0.0,0.0,0.0,0.01,0.009000000000000001,0.09000000000000001,0.0,0.0,0.0,0.1,0.09000000000000001,0.9,0.0015,0.01,0.0,0.1
frdm,cf257,257Cf,98,159,257,98257,6703.54736,6636.5118864,663651.18864,100.0,0.0,0.0,0.0,0.0,0.0,0.0,0.0,0.0,0.0,0.0,0.0,0.0,0.0,0.0,6703.54736,0.0,0.0,0.0
frdm,cf258,258Cf,98,160,258,98258,1559211.75,1543619.6325,154361963.25,100.0,0.0,0.0,0.0,0.0,0.0,0.0,0.0,0.0,0.0,0.0,0.0,0.0,0.0,0.0,1559211.75,0.0,0.0,0.0
frdm,cf259,259Cf,98,161,259,98259,1027.92346,1017.6442254,101764.42253999999,100.0,0.0,0.0,0.0,0.0,0.0,0.0,0.0,0.0,0.0,0.0,0.0,0.0,0.0,0.0,1027.92346,0.0,0.0,0.0
frdm,cf260,260Cf,98,162,260,98260,3222.31104,3190.0879296,319008.79296,100.0,0.0,0.0,0.0,0.0,0.0,0.0,0.0,0.0,0.0,0.0,0.0,0.0,0.0,0.0,3222.31104,0.0,0.0,0.0
frdm,cf261,261Cf,98,163,261,98261,292.99796,290.06798039999995,29006.798039999998,100.0,0.0,0.0,0.0,0.0,0.0,0.0,0.0,0.0,0.0,0.0,0.0,0.0,0.0,0.0,292.99796,0.0,0.0,0.0
frdm,cf262,262Cf,98,164,262,98262,235.1969,232.844931,23284.4931,100.0,0.0,0.0,0.0,0.0,0.0,0.0,0.0,0.0,0.0,0.0,0.0,0.0,0.0,0.0,235.1969,0.0,0.0,0.0
frdm,cf263,263Cf,98,165,263,98263,24.59234,24.3464166,2434.64166,100.0,0.0,0.0,0.0,0.0,0.0,0.0,0.0,0.0,0.0,0.0,0.0,0.0,0.0,0.0,24.59234,0.0,0.0,0.0
frdm,cf264,264Cf,98,166,264,98264,72.05464,71.3340936,7133.409360000001,100.0,0.0,0.0,0.0,0.0,0.0,0.0,0.0,0.0,0.0,0.0,0.0,0.0,0.0,0.0,72.05464,0.0,0.0,0.0
frdm,cf265,265Cf,98,167,265,98265,9.10049,9.009485100000001,900.94851,100.0,0.0,0.0,0.0,0.0,0.0,0.0,0.0,0.0,0.0,0.0,0.0,0.0,0.0,0.0,9.10049,0.0,0.0,0.0
frdm,cf266,266Cf,98,168,266,98266,23.27405,23.0413095,2304.1309499999998,100.0,0.0,0.0,0.0,0.0,0.0,0.0,0.0,0.0,0.0,0.0,0.0,0.0,0.0,0.0,23.27405,0.0,0.0,0.0
frdm,cf267,267Cf,98,169,267,98267,9.47762,9.3828438,938.2843799999999,100.0,0.0,0.0,0.0,0.0,0.0,0.0,0.0,0.0,0.0,0.0,0.0,0.0,0.0,0.0,9.47762,0.0,0.0,0.0
frdm,cf268,268Cf,98,170,268,98268,16.33385,16.170511500000003,1617.0511500000002,100.0,0.0,0.0,0.0,0.0,0.0,0.0,0.0,0.0,0.0,0.0,0.0,0.0,0.0,0.0,16.33385,0.0,0.0,0.0
frdm,cf269,269Cf,98,171,269,98269,10.29685,10.1938815,1019.38815,100.0,0.0,0.0,0.0,0.0,0.0,0.0,0.0,0.0,0.0,0.0,0.0,0.0,0.0,0.0,10.29685,0.0,0.0,0.0
frdm,cf270,270Cf,98,172,270,98270,8.52287,8.4376413,843.7641299999999,100.0,0.0,0.0,0.0,0.0,0.0,0.0,0.0,0.0,0.0,0.0,0.0,0.0,0.0,0.0,8.52287,0.0,0.0,0.0
frdm,cf271,271Cf,98,173,271,98271,4.96962,4.9199238,491.99237999999997,100.0,0.0,0.0,0.0,0.0,0.0,0.0,0.0,0.0,0.0,0.0,0.0,0.0,0.0,0.0,4.96962,0.0,0.0,0.0
frdm,cf272,272Cf,98,174,272,98272,4.1317,4.090383,409.0383,100.0,0.0,0.0,0.0,0.0,0.0,0.0,0.0,0.0,0.0,0.0,0.0,0.0,0.0,0.0,4.1317,0.0,0.0,0.0
frdm,cf273,273Cf,98,175,273,98273,1.79106,1.7731494,177.31494000000004,100.0,0.0,0.0,0.0,0.0,0.0,0.03,0.027,0.27,0.0,0.0,0.0,0.0,0.0,0.0,1.79106,0.03,0.0,0.0
frdm,cf274,274Cf,98,176,274,98274,2.42304,2.3988096,239.88096,100.0,0.0,0.0,0.0,0.0,0.0,0.06,0.054,0.54,0.0,0.0,0.0,0.0,0.0,0.0,2.42304,0.06,0.0,0.0
frdm,cf275,275Cf,98,177,275,98275,1.84986,1.8313614,183.13614,100.0,0.0,0.0,0.0,0.0,0.0,0.1,0.09000000000000001,0.9,0.0,0.0,0.0,0.0,0.0,0.0,1.84986,0.1,0.0,0.0
frdm,cf276,276Cf,98,178,276,98276,1.42882,1.4145318,141.45318,100.0,0.0,0.0,0.0,0.0,0.0,0.12,0.108,1.08,0.0,0.0,0.0,0.0,0.0,0.0,1.42882,0.12,0.0,0.0
frdm,cf277,277Cf,98,179,277,98277,0.91494,0.9057906,90.57906,100.0,0.0,0.0,0.0,0.0,0.0,0.47,0.423,4.2299999999999995,0.0,0.0,0.0,0.0,0.0,0.0,0.91494,0.47,0.0,0.0
frdm,cf278,278Cf,98,180,278,98278,1.05651,1.0459449,104.59449000000001,100.0,0.0,0.0,0.0,0.0,0.0,0.51,0.459,4.59,0.0,0.0,0.0,0.0,0.0,0.0,1.05651,0.51,0.0,0.0
frdm,cf279,279Cf,98,181,279,98279,0.853,0.8444699999999999,84.447,100.0,0.0,0.0,0.0,0.0,0.0,0.69,0.621,6.209999999999999,0.0,0.0,0.0,0.0,0.0,0.0,0.853,0.69,0.0,0.0
frdm,cf280,280Cf,98,182,280,98280,0.91247,0.9033453,90.33453,100.0,0.0,0.0,0.0,0.0,0.0,0.63,0.567,5.67,0.0,0.0,0.0,0.0,0.0,0.0,0.91247,0.63,0.0,0.0
frdm,cf281,281Cf,98,183,281,98281,0.71617,0.7090082999999999,70.90082999999998,100.0,0.0,0.0,0.0,0.0,0.0,0.68,0.6120000000000001,6.120000000000001,0.0,0.0,0.0,0.0,0.0,0.0,0.71617,0.68,0.0,0.0
frdm,cf282,282Cf,98,184,282,98282,0.42285,0.4186215,41.86215000000001,100.0,0.0,0.0,0.0,0.0,0.0,0.71,0.639,6.39,0.0,0.0,0.0,0.0,0.0,0.0,0.42285,0.71,0.0,0.0
frdm,cf283,283Cf,98,185,283,98283,0.24453,0.24208469999999999,24.20847,100.0,0.0,0.0,0.0,0.0,0.0,0.45,0.405,4.05,0.12,0.108,1.08,0.0,0.0,0.0,0.24453,0.45,0.12,0.0
frdm,cf284,284Cf,98,186,284,98284,0.31314,0.31000859999999997,31.000859999999996,100.0,0.0,0.0,0.0,0.0,0.0,0.58,0.522,5.22,0.1,0.09000000000000001,0.9,0.0,0.0,0.0,0.31314,0.58,0.1,0.0
frdm,cf285,285Cf,98,187,285,98285,0.32106,0.3178494,31.784940000000002,100.0,0.0,0.0,0.0,0.0,0.0,0.19,0.171,1.71,0.27,0.24300000000000002,2.43,0.0,0.0,0.0,0.32106,0.19,0.27,0.0
frdm,cf286,286Cf,98,188,286,98286,0.2365,0.23413499999999998,23.4135,100.0,0.0,0.0,0.0,0.0,0.0,0.41,0.369,3.6899999999999995,0.24,0.216,2.16,0.0,0.0,0.0,0.2365,0.41,0.24,0.0
frdm,cf287,287Cf,98,189,287,98287,0.11829,0.1171071,11.71071,100.0,0.0,0.0,0.0,0.0,0.0,0.61,0.5489999999999999,5.489999999999999,0.24,0.216,2.16,0.0,0.0,0.0,0.11829,0.61,0.24,0.0
frdm,cf288,288Cf,98,190,288,98288,0.04323,0.0427977,4.279769999999999,100.0,0.0,0.0,0.0,0.0,0.0,0.87,0.783,7.829999999999999,0.04,0.036000000000000004,0.36000000000000004,0.0,0.0,0.0,0.04323,0.87,0.04,0.0
frdm,cf289,289Cf,98,191,289,98289,0.03801,0.0376299,3.7629900000000003,100.0,0.0,0.0,0.0,0.0,0.0,0.6,0.54,5.4,0.31,0.279,2.79,0.0,0.0,0.0,0.03801,0.6,0.31,0.0
frdm,cf290,290Cf,98,192,290,98290,0.03025,0.0299475,2.99475,100.0,0.0,0.0,0.0,0.0,0.0,0.89,0.801,8.01,0.04,0.036000000000000004,0.36000000000000004,0.0,0.0,0.0,0.03025,0.89,0.04,0.0
frdm,cf291,291Cf,98,193,291,98291,0.02869,0.0284031,2.84031,100.0,0.0,0.0,0.0,0.0,0.0,0.49,0.441,4.41,0.45,0.405,4.05,0.0,0.0,0.0,0.02869,0.49,0.45,0.0
frdm,cf292,292Cf,98,194,292,98292,0.02382,0.0235818,2.35818,100.0,0.0,0.0,0.0,0.0,0.0,0.77,0.6930000000000001,6.93,0.17,0.15300000000000002,1.5300000000000002,0.0,0.0,0.0,0.02382,0.77,0.17,0.0
frdm,cf293,293Cf,98,195,293,98293,0.01961,0.019413899999999998,1.94139,100.0,0.0,0.0,0.0,0.0,0.0,0.29,0.261,2.61,0.56,0.504,5.040000000000001,0.0,0.0,0.0,0.01961,0.29,0.56,0.0
frdm,cf294,294Cf,98,196,294,98294,0.01926,0.019067399999999998,1.9067399999999999,100.0,0.0,0.0,0.0,0.0,0.0,0.65,0.585,5.85,0.3,0.27,2.7,0.0,0.0,0.0,0.01926,0.65,0.3,0.0
frdm,cf295,295Cf,98,197,295,98295,0.01566,0.0155034,1.55034,100.0,0.0,0.0,0.0,0.0,0.0,0.27,0.24300000000000002,2.43,0.64,0.5760000000000001,5.760000000000001,0.01,0.009000000000000001,0.09000000000000001,0.01566,0.27,0.64,0.01
frdm,cf296,296Cf,98,198,296,98296,0.01422,0.0140778,1.40778,100.0,0.0,0.0,0.0,0.0,0.0,0.5,0.45,4.5,0.44,0.396,3.9600000000000004,0.01,0.009000000000000001,0.09000000000000001,0.01422,0.5,0.44,0.01
frdm,cf297,297Cf,98,199,297,98297,0.01137,0.0112563,1.12563,100.0,0.0,0.0,0.0,0.0,0.0,0.22,0.198,1.9800000000000002,0.71,0.639,6.39,0.03,0.027,0.27,0.01137,0.22,0.71,0.03
frdm,cf298,298Cf,98,200,298,98298,0.01061,0.0105039,1.05039,100.0,0.0,0.0,0.0,0.0,0.0,0.37,0.333,3.33,0.53,0.47700000000000004,4.7700000000000005,0.05,0.045000000000000005,0.45,0.01061,0.37,0.53,0.05
frdm,cf299,299Cf,98,201,299,98299,0.0098,0.009701999999999999,0.9702,100.0,0.0,0.0,0.0,0.0,0.0,0.15,0.135,1.35,0.73,0.657,6.57,0.08,0.07200000000000001,0.7200000000000001,0.0098,0.15,0.73,0.08
frdm,cf300,300Cf,98,202,300,98300,0.00855,0.0084645,0.84645,100.0,0.0,0.0,0.0,0.0,0.0,0.32,0.28800000000000003,2.8800000000000003,0.53,0.47700000000000004,4.7700000000000005,0.1,0.09000000000000001,0.9,0.00855,0.32,0.53,0.1
frdm,cf301,301Cf,98,203,301,98301,0.00733,0.0072567,0.72567,100.0,0.0,0.0,0.0,0.0,0.0,0.08,0.07200000000000001,0.7200000000000001,0.63,0.567,5.67,0.24,0.216,2.16,0.00733,0.08,0.63,0.24
frdm,cf302,302Cf,98,204,302,98302,0.00654,0.0064746,0.64746,100.0,0.0,0.0,0.0,0.0,0.0,0.17,0.15300000000000002,1.5300000000000002,0.38,0.342,3.42,0.41,0.369,3.6899999999999995,0.00654,0.17,0.38,0.41
frdm,cf303,303Cf,98,205,303,98303,0.00688,0.0068112,0.68112,100.0,0.0,0.0,0.0,0.0,0.0,0.04,0.036000000000000004,0.36000000000000004,0.34,0.30600000000000005,3.0600000000000005,0.51,0.459,4.59,0.00688,0.04,0.34,0.51
frdm,cf304,304Cf,98,206,304,98304,0.00586,0.0058014,0.58014,100.0,0.0,0.0,0.0,0.0,0.0,0.1,0.09000000000000001,0.9,0.22,0.198,1.9800000000000002,0.61,0.5489999999999999,5.489999999999999,0.00586,0.1,0.22,0.61
frdm,cf305,305Cf,98,207,305,98305,0.00543,0.0053757,0.53757,100.0,0.0,0.0,0.0,0.0,0.0,0.04,0.036000000000000004,0.36000000000000004,0.21,0.189,1.8900000000000001,0.39,0.35100000000000003,3.5100000000000002,0.00543,0.04,0.21,0.39
frdm,cf306,306Cf,98,208,306,98306,0.00487,0.004821300000000001,0.48213000000000006,100.0,0.0,0.0,0.0,0.0,0.0,0.09,0.081,0.8099999999999999,0.15,0.135,1.35,0.62,0.558,5.58,0.00487,0.09,0.15,0.62
frdm,cf307,307Cf,98,209,307,98307,0.00489,0.0048411,0.48411000000000004,100.0,0.0,0.0,0.0,0.0,0.0,0.03,0.027,0.27,0.15,0.135,1.35,0.27,0.24300000000000002,2.43,0.00489,0.03,0.15,0.27
frdm,cf308,308Cf,98,210,308,98308,0.00439,0.0043460999999999994,0.43461,100.0,0.0,0.0,0.0,0.0,0.0,0.07,0.063,0.6300000000000001,0.09,0.081,0.8099999999999999,0.5,0.45,4.5,0.00439,0.07,0.09,0.5
frdm,cf309,309Cf,98,211,309,98309,0.00387,0.0038313,0.38313,100.0,0.0,0.0,0.0,0.0,0.0,0.03,0.027,0.27,0.1,0.09000000000000001,0.9,0.14,0.126,1.2600000000000002,0.00387,0.03,0.1,0.14
frdm,cf310,310Cf,98,212,310,98310,0.00372,0.0036828000000000004,0.36828,100.0,0.0,0.0,0.0,0.0,0.0,0.06,0.054,0.54,0.06,0.054,0.54,0.29,0.261,2.61,0.00372,0.06,0.06,0.29
frdm,cf311,311Cf,98,213,311,98311,0.00346,0.0034254,0.34253999999999996,100.0,0.0,0.0,0.0,0.0,0.0,0.04,0.036000000000000004,0.36000000000000004,0.06,0.054,0.54,0.08,0.07200000000000001,0.7200000000000001,0.00346,0.04,0.06,0.08
frdm,cf312,312Cf,98,214,312,98312,0.00306,0.0030294,0.30294,100.0,0.0,0.0,0.0,0.0,0.0,0.07,0.063,0.6300000000000001,0.03,0.027,0.27,0.16,0.14400000000000002,1.4400000000000002,0.00306,0.07,0.03,0.16
frdm,cf313,313Cf,98,215,313,98313,0.00271,0.0026829,0.26829000000000003,100.0,0.0,0.0,0.0,0.0,0.0,0.04,0.036000000000000004,0.36000000000000004,0.05,0.045000000000000005,0.45,0.04,0.036000000000000004,0.36000000000000004,0.00271,0.04,0.05,0.04
frdm,cf314,314Cf,98,216,314,98314,0.00265,0.0026235,0.26235,100.0,0.0,0.0,0.0,0.0,0.0,0.07,0.063,0.6300000000000001,0.02,0.018000000000000002,0.18000000000000002,0.1,0.09000000000000001,0.9,0.00265,0.07,0.02,0.1
frdm,cf316,316Cf,98,218,316,98316,0.00231,0.0022869,0.22869,100.0,0.0,0.0,0.0,0.0,0.0,0.08,0.07200000000000001,0.7200000000000001,0.02,0.018000000000000002,0.18000000000000002,0.07,0.063,0.6300000000000001,0.00231,0.08,0.02,0.07
frdm,cf318,318Cf,98,220,318,98318,0.00191,0.0018909,0.18909,100.0,0.0,0.0,0.0,0.0,0.0,0.1,0.09000000000000001,0.9,0.01,0.009000000000000001,0.09000000000000001,0.07,0.063,0.6300000000000001,0.00191,0.1,0.01,0.07
frdm,es258,258Es,99,159,258,99258,928.0307,918.750393,91875.0393,100.0,0.0,0.0,0.0,0.0,0.0,0.0,0.0,0.0,0.0,0.0,0.0,0.0,0.0,0.0,928.0307,0.0,0.0,0.0
frdm,es259,259Es,99,160,259,99259,464.39691,459.7529409,45975.294089999996,100.0,0.0,0.0,0.0,0.0,0.0,0.0,0.0,0.0,0.0,0.0,0.0,0.0,0.0,0.0,464.39691,0.0,0.0,0.0
frdm,es260,260Es,99,161,260,99260,188.06874,186.1880526,18618.80526,100.0,0.0,0.0,0.0,0.0,0.0,0.0,0.0,0.0,0.0,0.0,0.0,0.0,0.0,0.0,188.06874,0.0,0.0,0.0
frdm,es261,261Es,99,162,261,99261,110.21141,109.1092959,10910.92959,100.0,0.0,0.0,0.0,0.0,0.0,0.0,0.0,0.0,0.0,0.0,0.0,0.0,0.0,0.0,110.21141,0.0,0.0,0.0
frdm,es262,262Es,99,163,262,99262,56.21624,55.6540776,5565.40776,100.0,0.0,0.0,0.0,0.0,0.0,0.0,0.0,0.0,0.0,0.0,0.0,0.0,0.0,0.0,56.21624,0.0,0.0,0.0
frdm,es263,263Es,99,164,263,99263,41.08445,40.673605499999994,4067.36055,100.0,0.0,0.0,0.0,0.0,0.0,0.0,0.0,0.0,0.0,0.0,0.0,0.0,0.0,0.0,41.08445,0.0,0.0,0.0
frdm,es264,264Es,99,165,264,99264,17.28053,17.1077247,1710.7724699999999,100.0,0.0,0.0,0.0,0.0,0.0,0.0,0.0,0.0,0.0,0.0,0.0,0.0,0.0,0.0,17.28053,0.0,0.0,0.0
frdm,es265,265Es,99,166,265,99265,22.60755,22.3814745,2238.14745,100.0,0.0,0.0,0.0,0.0,0.0,0.0,0.0,0.0,0.0,0.0,0.0,0.0,0.0,0.0,22.60755,0.0,0.0,0.0
frdm,es266,266Es,99,167,266,99266,10.19181,10.0898919,1008.98919,100.0,0.0,0.0,0.0,0.0,0.0,0.0,0.0,0.0,0.0,0.0,0.0,0.0,0.0,0.0,10.19181,0.0,0.0,0.0
frdm,es267,267Es,99,168,267,99267,14.28999,14.1470901,1414.70901,100.0,0.0,0.0,0.0,0.0,0.0,0.0,0.0,0.0,0.0,0.0,0.0,0.0,0.0,0.0,14.28999,0.0,0.0,0.0
frdm,es268,268Es,99,169,268,99268,7.40032,7.3263168,732.63168,100.0,0.0,0.0,0.0,0.0,0.0,0.0,0.0,0.0,0.0,0.0,0.0,0.0,0.0,0.0,7.40032,0.0,0.0,0.0
frdm,es269,269Es,99,170,269,99269,7.30544,7.2323856,723.23856,100.0,0.0,0.0,0.0,0.0,0.0,0.02,0.018000000000000002,0.18000000000000002,0.0,0.0,0.0,0.0,0.0,0.0,7.30544,0.02,0.0,0.0
frdm,es270,270Es,99,171,270,99270,5.78394,5.7261006000000005,572.61006,100.0,0.0,0.0,0.0,0.0,0.0,0.01,0.009000000000000001,0.09000000000000001,0.0,0.0,0.0,0.0,0.0,0.0,5.78394,0.01,0.0,0.0
frdm,es271,271Es,99,172,271,99271,4.77849,4.7307051,473.07051,100.0,0.0,0.0,0.0,0.0,0.0,0.04,0.036000000000000004,0.36000000000000004,0.0,0.0,0.0,0.0,0.0,0.0,4.77849,0.04,0.0,0.0
frdm,es272,272Es,99,173,272,99272,3.04133,3.0109166999999997,301.09166999999997,100.0,0.0,0.0,0.0,0.0,0.0,0.04,0.036000000000000004,0.36000000000000004,0.0,0.0,0.0,0.0,0.0,0.0,3.04133,0.04,0.0,0.0
frdm,es273,273Es,99,174,273,99273,2.57185,2.5461315,254.61315,100.0,0.0,0.0,0.0,0.0,0.0,0.15,0.135,1.35,0.0,0.0,0.0,0.0,0.0,0.0,2.57185,0.15,0.0,0.0
frdm,es274,274Es,99,175,274,99274,1.74469,1.7272431000000001,172.72431,100.0,0.0,0.0,0.0,0.0,0.0,0.21,0.189,1.8900000000000001,0.0,0.0,0.0,0.0,0.0,0.0,1.74469,0.21,0.0,0.0
frdm,es275,275Es,99,176,275,99275,1.17055,1.1588445,115.88444999999999,100.0,0.0,0.0,0.0,0.0,0.0,0.29,0.261,2.61,0.0,0.0,0.0,0.0,0.0,0.0,1.17055,0.29,0.0,0.0
frdm,es276,276Es,99,177,276,99276,1.29054,1.2776346,127.76346000000001,100.0,0.0,0.0,0.0,0.0,0.0,0.3,0.27,2.7,0.0,0.0,0.0,0.0,0.0,0.0,1.29054,0.3,0.0,0.0
frdm,es277,277Es,99,178,277,99277,0.98115,0.9713385,97.13385,100.0,0.0,0.0,0.0,0.0,0.0,0.38,0.342,3.42,0.0,0.0,0.0,0.0,0.0,0.0,0.98115,0.38,0.0,0.0
frdm,es278,278Es,99,179,278,99278,0.61898,0.6127902,61.279019999999996,100.0,0.0,0.0,0.0,0.0,0.0,0.62,0.558,5.58,0.0,0.0,0.0,0.0,0.0,0.0,0.61898,0.62,0.0,0.0
frdm,es279,279Es,99,180,279,99279,1.42994,1.4156406,141.56406,100.0,0.0,0.0,0.0,0.0,0.0,0.45,0.405,4.05,0.0,0.0,0.0,0.0,0.0,0.0,1.42994,0.45,0.0,0.0
frdm,es280,280Es,99,181,280,99280,1.36919,1.3554981,135.54980999999998,100.0,0.0,0.0,0.0,0.0,0.0,0.38,0.342,3.42,0.08,0.07200000000000001,0.7200000000000001,0.0,0.0,0.0,1.36919,0.38,0.08,0.0
frdm,es281,281Es,99,182,281,99281,0.38161,0.3777939,37.77939,100.0,0.0,0.0,0.0,0.0,0.0,0.82,0.738,7.379999999999999,0.0,0.0,0.0,0.0,0.0,0.0,0.38161,0.82,0.0,0.0
frdm,es282,282Es,99,183,282,99282,0.34883,0.3453417,34.534169999999996,100.0,0.0,0.0,0.0,0.0,0.0,0.8,0.7200000000000001,7.2,0.04,0.036000000000000004,0.36000000000000004,0.0,0.0,0.0,0.34883,0.8,0.04,0.0
frdm,es283,283Es,99,184,283,99283,0.24549,0.2430351,24.303510000000003,100.0,0.0,0.0,0.0,0.0,0.0,0.84,0.756,7.5600000000000005,0.01,0.009000000000000001,0.09000000000000001,0.0,0.0,0.0,0.24549,0.84,0.01,0.0
frdm,es284,284Es,99,185,284,99284,0.22766,0.2253834,22.53834,100.0,0.0,0.0,0.0,0.0,0.0,0.67,0.603,6.03,0.1,0.09000000000000001,0.9,0.0,0.0,0.0,0.22766,0.67,0.1,0.0
frdm,es285,285Es,99,186,285,99285,0.24471,0.2422629,24.22629,100.0,0.0,0.0,0.0,0.0,0.0,0.81,0.7290000000000001,7.290000000000001,0.09,0.081,0.8099999999999999,0.0,0.0,0.0,0.24471,0.81,0.09,0.0
frdm,es286,286Es,99,187,286,99286,0.29439,0.2914461,29.14461,100.0,0.0,0.0,0.0,0.0,0.0,0.28,0.252,2.5200000000000005,0.47,0.423,4.2299999999999995,0.0,0.0,0.0,0.29439,0.28,0.47,0.0
frdm,es287,287Es,99,188,287,99287,0.22205,0.2198295,21.98295,100.0,0.0,0.0,0.0,0.0,0.0,0.64,0.5760000000000001,5.760000000000001,0.21,0.189,1.8900000000000001,0.02,0.018000000000000002,0.18000000000000002,0.22205,0.64,0.21,0.02
frdm,es288,288Es,99,189,288,99288,0.05773,0.057152699999999994,5.715269999999999,100.0,0.0,0.0,0.0,0.0,0.0,0.23,0.20700000000000002,2.0700000000000003,0.72,0.648,6.4799999999999995,0.0,0.0,0.0,0.05773,0.23,0.72,0.0
frdm,es289,289Es,99,190,289,99289,0.05566,0.055103400000000004,5.51034,100.0,0.0,0.0,0.0,0.0,0.0,0.64,0.5760000000000001,5.760000000000001,0.32,0.28800000000000003,2.8800000000000003,0.0,0.0,0.0,0.05566,0.64,0.32,0.0
frdm,es290,290Es,99,191,290,99290,0.05018,0.049678200000000006,4.967820000000001,100.0,0.0,0.0,0.0,0.0,0.0,0.29,0.261,2.61,0.65,0.585,5.85,0.0,0.0,0.0,0.05018,0.29,0.65,0.0
frdm,es291,291Es,99,192,291,99291,0.039,0.03861,3.8609999999999998,100.0,0.0,0.0,0.0,0.0,0.0,0.73,0.657,6.57,0.23,0.20700000000000002,2.0700000000000003,0.0,0.0,0.0,0.039,0.73,0.23,0.0
frdm,es292,292Es,99,193,292,99292,0.03491,0.0345609,3.4560899999999997,100.0,0.0,0.0,0.0,0.0,0.0,0.22,0.198,1.9800000000000002,0.74,0.666,6.66,0.0,0.0,0.0,0.03491,0.22,0.74,0.0
frdm,es293,293Es,99,194,293,99293,0.02868,0.0283932,2.83932,100.0,0.0,0.0,0.0,0.0,0.0,0.5,0.45,4.5,0.47,0.423,4.2299999999999995,0.0,0.0,0.0,0.02868,0.5,0.47,0.0
frdm,es294,294Es,99,195,294,99294,0.02454,0.0242946,2.4294599999999997,100.0,0.0,0.0,0.0,0.0,0.0,0.19,0.171,1.71,0.71,0.639,6.39,0.01,0.009000000000000001,0.09000000000000001,0.02454,0.19,0.71,0.01
frdm,es295,295Es,99,196,295,99295,0.02418,0.0239382,2.3938200000000003,100.0,0.0,0.0,0.0,0.0,0.0,0.36,0.324,3.2399999999999998,0.58,0.522,5.22,0.03,0.027,0.27,0.02418,0.36,0.58,0.03
frdm,es296,296Es,99,197,296,99296,0.02059,0.020384100000000002,2.0384100000000003,100.0,0.0,0.0,0.0,0.0,0.0,0.15,0.135,1.35,0.76,0.684,6.84,0.05,0.045000000000000005,0.45,0.02059,0.15,0.76,0.05
frdm,es297,297Es,99,198,297,99297,0.01712,0.0169488,1.69488,100.0,0.0,0.0,0.0,0.0,0.0,0.28,0.252,2.5200000000000005,0.57,0.5129999999999999,5.129999999999999,0.12,0.108,1.08,0.01712,0.28,0.57,0.12
frdm,es298,298Es,99,199,298,99298,0.01345,0.013315500000000001,1.33155,100.0,0.0,0.0,0.0,0.0,0.0,0.12,0.108,1.08,0.73,0.657,6.57,0.11,0.099,0.9900000000000001,0.01345,0.12,0.73,0.11
frdm,es299,299Es,99,200,299,99299,0.01434,0.0141966,1.41966,100.0,0.0,0.0,0.0,0.0,0.0,0.23,0.20700000000000002,2.0700000000000003,0.51,0.459,4.59,0.23,0.20700000000000002,2.0700000000000003,0.01434,0.23,0.51,0.23
frdm,es300,300Es,99,201,300,99300,0.0117,0.011583,1.1582999999999999,100.0,0.0,0.0,0.0,0.0,0.0,0.08,0.07200000000000001,0.7200000000000001,0.67,0.603,6.03,0.21,0.189,1.8900000000000001,0.0117,0.08,0.67,0.21
frdm,es301,301Es,99,202,301,99301,0.00952,0.0094248,0.9424800000000001,100.0,0.0,0.0,0.0,0.0,0.0,0.2,0.18000000000000002,1.8,0.42,0.378,3.7800000000000002,0.35,0.315,3.15,0.00952,0.2,0.42,0.35
frdm,es302,302Es,99,203,302,99302,0.00829,0.0082071,0.82071,100.0,0.0,0.0,0.0,0.0,0.0,0.05,0.045000000000000005,0.45,0.5,0.45,4.5,0.4,0.36000000000000004,3.6,0.00829,0.05,0.5,0.4
frdm,es303,303Es,99,204,303,99303,0.00682,0.0067518,0.6751799999999999,100.0,0.0,0.0,0.0,0.0,0.0,0.09,0.081,0.8099999999999999,0.26,0.234,2.34,0.62,0.558,5.58,0.00682,0.09,0.26,0.62
frdm,es304,304Es,99,205,304,99304,0.00688,0.0068112,0.68112,100.0,0.0,0.0,0.0,0.0,0.0,0.03,0.027,0.27,0.23,0.20700000000000002,2.0700000000000003,0.53,0.47700000000000004,4.7700000000000005,0.00688,0.03,0.23,0.53
frdm,es305,305Es,99,206,305,99305,0.00683,0.0067617,0.67617,100.0,0.0,0.0,0.0,0.0,0.0,0.07,0.063,0.6300000000000001,0.12,0.108,1.08,0.68,0.6120000000000001,6.120000000000001,0.00683,0.07,0.12,0.68
frdm,es306,306Es,99,207,306,99306,0.00604,0.0059796,0.5979599999999999,100.0,0.0,0.0,0.0,0.0,0.0,0.02,0.018000000000000002,0.18000000000000002,0.13,0.117,1.17,0.29,0.261,2.61,0.00604,0.02,0.13,0.29
frdm,es307,307Es,99,208,307,99307,0.0057,0.0056430000000000004,0.5643,100.0,0.0,0.0,0.0,0.0,0.0,0.06,0.054,0.54,0.07,0.063,0.6300000000000001,0.5,0.45,4.5,0.0057,0.06,0.07,0.5
frdm,es308,308Es,99,209,308,99308,0.00543,0.0053757,0.53757,100.0,0.0,0.0,0.0,0.0,0.0,0.01,0.009000000000000001,0.09000000000000001,0.1,0.09000000000000001,0.9,0.15,0.135,1.35,0.00543,0.01,0.1,0.15
frdm,es309,309Es,99,210,309,99309,0.00513,0.0050787,0.50787,100.0,0.0,0.0,0.0,0.0,0.0,0.06,0.054,0.54,0.04,0.036000000000000004,0.36000000000000004,0.34,0.30600000000000005,3.0600000000000005,0.00513,0.06,0.04,0.34
frdm,es310,310Es,99,211,310,99310,0.00454,0.0044946,0.44945999999999997,100.0,0.0,0.0,0.0,0.0,0.0,0.03,0.027,0.27,0.08,0.07200000000000001,0.7200000000000001,0.09,0.081,0.8099999999999999,0.00454,0.03,0.08,0.09
frdm,es311,311Es,99,212,311,99311,0.00433,0.0042867,0.42866999999999994,100.0,0.0,0.0,0.0,0.0,0.0,0.06,0.054,0.54,0.03,0.027,0.27,0.2,0.18000000000000002,1.8,0.00433,0.06,0.03,0.2
frdm,es312,312Es,99,213,312,99312,0.00412,0.0040788000000000005,0.40788,100.0,0.0,0.0,0.0,0.0,0.0,0.02,0.018000000000000002,0.18000000000000002,0.07,0.063,0.6300000000000001,0.05,0.045000000000000005,0.45,0.00412,0.02,0.07,0.05
frdm,es313,313Es,99,214,313,99313,0.00357,0.0035342999999999998,0.35342999999999997,100.0,0.0,0.0,0.0,0.0,0.0,0.07,0.063,0.6300000000000001,0.03,0.027,0.27,0.13,0.117,1.17,0.00357,0.07,0.03,0.13
frdm,es314,314Es,99,215,314,99314,0.00314,0.0031086,0.31086,100.0,0.0,0.0,0.0,0.0,0.0,0.02,0.018000000000000002,0.18000000000000002,0.07,0.063,0.6300000000000001,0.03,0.027,0.27,0.00314,0.02,0.07,0.03
frdm,es315,315Es,99,216,315,99315,0.00303,0.0029997,0.29997,100.0,0.0,0.0,0.0,0.0,0.0,0.07,0.063,0.6300000000000001,0.02,0.018000000000000002,0.18000000000000002,0.09,0.081,0.8099999999999999,0.00303,0.07,0.02,0.09
frdm,es316,316Es,99,217,316,99316,0.0028,0.002772,0.27719999999999995,100.0,0.0,0.0,0.0,0.0,0.0,0.02,0.018000000000000002,0.18000000000000002,0.09,0.081,0.8099999999999999,0.03,0.027,0.27,0.0028,0.02,0.09,0.03
frdm,es317,317Es,99,218,317,99317,0.00254,0.0025146,0.25146,100.0,0.0,0.0,0.0,0.0,0.0,0.06,0.054,0.54,0.03,0.027,0.27,0.07,0.063,0.6300000000000001,0.00254,0.06,0.03,0.07
frdm,es318,318Es,99,219,318,99318,0.00227,0.0022473,0.22472999999999999,100.0,0.0,0.0,0.0,0.0,0.0,0.01,0.009000000000000001,0.09000000000000001,0.08,0.07200000000000001,0.7200000000000001,0.03,0.027,0.27,0.00227,0.01,0.08,0.03
frdm,es319,319Es,99,220,319,99319,0.00219,0.0021681,0.21681,100.0,0.0,0.0,0.0,0.0,0.0,0.04,0.036000000000000004,0.36000000000000004,0.04,0.036000000000000004,0.36000000000000004,0.07,0.063,0.6300000000000001,0.00219,0.04,0.04,0.07
frdm,es321,321Es,99,222,321,99321,0.00178,0.0017621999999999998,0.17622,100.0,0.0,0.0,0.0,0.0,0.0,0.02,0.018000000000000002,0.18000000000000002,0.0,0.0,0.0,0.11,0.099,0.9900000000000001,0.00178,0.02,0.0,0.11
frdm,fm261,261Fm,100,161,261,100261,125623.64063,124367.4042237,12436740.42237,100.0,0.0,0.0,0.0,0.0,0.0,0.0,0.0,0.0,0.0,0.0,0.0,0.0,0.0,0.0,125623.64063,0.0,0.0,0.0
frdm,fm263,263Fm,100,163,263,100263,3610.81421,3574.7060679,357470.60679,100.0,0.0,0.0,0.0,0.0,0.0,0.0,0.0,0.0,0.0,0.0,0.0,0.0,0.0,0.0,3610.81421,0.0,0.0,0.0
frdm,fm264,264Fm,100,164,264,100264,17794.67578,17616.7290222,1761672.9022200003,100.0,0.0,0.0,0.0,0.0,0.0,0.0,0.0,0.0,0.0,0.0,0.0,0.0,0.0,0.0,17794.67578,0.0,0.0,0.0
frdm,fm265,265Fm,100,165,265,100265,151.73146,150.2141454,15021.41454,100.0,0.0,0.0,0.0,0.0,0.0,0.0,0.0,0.0,0.0,0.0,0.0,0.0,0.0,0.0,151.73146,0.0,0.0,0.0
frdm,fm266,266Fm,100,166,266,100266,1172.46729,1160.7426171,116074.26171,100.0,0.0,0.0,0.0,0.0,0.0,0.0,0.0,0.0,0.0,0.0,0.0,0.0,0.0,0.0,1172.46729,0.0,0.0,0.0
frdm,fm267,267Fm,100,167,267,100267,56.12673,55.565462700000005,5556.54627,100.0,0.0,0.0,0.0,0.0,0.0,0.0,0.0,0.0,0.0,0.0,0.0,0.0,0.0,0.0,56.12673,0.0,0.0,0.0
frdm,fm268,268Fm,100,168,268,100268,545.2688,539.8161120000001,53981.61120000001,100.0,0.0,0.0,0.0,0.0,0.0,0.0,0.0,0.0,0.0,0.0,0.0,0.0,0.0,0.0,545.2688,0.0,0.0,0.0
frdm,fm269,269Fm,100,169,269,100269,84.98486,84.1350114,8413.501139999998,100.0,0.0,0.0,0.0,0.0,0.0,0.0,0.0,0.0,0.0,0.0,0.0,0.0,0.0,0.0,84.98486,0.0,0.0,0.0
frdm,fm270,270Fm,100,170,270,100270,134.19592,132.8539608,13285.39608,100.0,0.0,0.0,0.0,0.0,0.0,0.0,0.0,0.0,0.0,0.0,0.0,0.0,0.0,0.0,134.19592,0.0,0.0,0.0
frdm,fm271,271Fm,100,171,271,100271,80.74931,79.94181689999999,7994.181689999999,100.0,0.0,0.0,0.0,0.0,0.0,0.0,0.0,0.0,0.0,0.0,0.0,0.0,0.0,0.0,80.74931,0.0,0.0,0.0
frdm,fm272,272Fm,100,172,272,100272,70.69774,69.9907626,6999.07626,100.0,0.0,0.0,0.0,0.0,0.0,0.0,0.0,0.0,0.0,0.0,0.0,0.0,0.0,0.0,70.69774,0.0,0.0,0.0
frdm,fm273,273Fm,100,173,273,100273,29.72001,29.422809899999997,2942.2809899999997,100.0,0.0,0.0,0.0,0.0,0.0,0.0,0.0,0.0,0.0,0.0,0.0,0.0,0.0,0.0,29.72001,0.0,0.0,0.0
frdm,fm274,274Fm,100,174,274,100274,24.70392,24.4568808,2445.68808,100.0,0.0,0.0,0.0,0.0,0.0,0.0,0.0,0.0,0.0,0.0,0.0,0.0,0.0,0.0,24.70392,0.0,0.0,0.0
frdm,fm275,275Fm,100,175,275,100275,10.71823,10.6110477,1061.1047700000001,100.0,0.0,0.0,0.0,0.0,0.0,0.0,0.0,0.0,0.0,0.0,0.0,0.0,0.0,0.0,10.71823,0.0,0.0,0.0
frdm,fm276,276Fm,100,176,276,100276,7.03763,6.9672537,696.72537,100.0,0.0,0.0,0.0,0.0,0.0,0.0,0.0,0.0,0.0,0.0,0.0,0.0,0.0,0.0,7.03763,0.0,0.0,0.0
frdm,fm277,277Fm,100,177,277,100277,5.36006,5.3064594,530.64594,100.0,0.0,0.0,0.0,0.0,0.0,0.0,0.0,0.0,0.0,0.0,0.0,0.0,0.0,0.0,5.36006,0.0,0.0,0.0
frdm,fm278,278Fm,100,178,278,100278,5.03093,4.980620699999999,498.06206999999995,100.0,0.0,0.0,0.0,0.0,0.0,0.0,0.0,0.0,0.0,0.0,0.0,0.0,0.0,0.0,5.03093,0.0,0.0,0.0
frdm,fm279,279Fm,100,179,279,100279,3.41097,3.3768602999999997,337.68602999999996,100.0,0.0,0.0,0.0,0.0,0.0,0.07,0.063,0.6300000000000001,0.0,0.0,0.0,0.0,0.0,0.0,3.41097,0.07,0.0,0.0
frdm,fm280,280Fm,100,180,280,100280,3.99921,3.9592179,395.92179,100.0,0.0,0.0,0.0,0.0,0.0,0.12,0.108,1.08,0.0,0.0,0.0,0.0,0.0,0.0,3.99921,0.12,0.0,0.0
frdm,fm281,281Fm,100,181,281,100281,4.07104,4.0303296,403.03296,100.0,0.0,0.0,0.0,0.0,0.0,0.24,0.216,2.16,0.0,0.0,0.0,0.0,0.0,0.0,4.07104,0.24,0.0,0.0
frdm,fm282,282Fm,100,182,282,100282,3.59913,3.5631387,356.31387,100.0,0.0,0.0,0.0,0.0,0.0,0.17,0.15300000000000002,1.5300000000000002,0.0,0.0,0.0,0.0,0.0,0.0,3.59913,0.17,0.0,0.0
frdm,fm283,283Fm,100,183,283,100283,3.32731,3.2940369,329.40369,100.0,0.0,0.0,0.0,0.0,0.0,0.23,0.20700000000000002,2.0700000000000003,0.0,0.0,0.0,0.0,0.0,0.0,3.32731,0.23,0.0,0.0
frdm,fm284,284Fm,100,184,284,100284,1.7974,1.7794260000000002,177.9426,100.0,0.0,0.0,0.0,0.0,0.0,0.3,0.27,2.7,0.0,0.0,0.0,0.0,0.0,0.0,1.7974,0.3,0.0,0.0
frdm,fm285,285Fm,100,185,285,100285,0.75721,0.7496379000000001,74.96379,100.0,0.0,0.0,0.0,0.0,0.0,0.26,0.234,2.34,0.0,0.0,0.0,0.0,0.0,0.0,0.75721,0.26,0.0,0.0
frdm,fm286,286Fm,100,186,286,100286,0.94245,0.9330255000000001,93.30255000000001,100.0,0.0,0.0,0.0,0.0,0.0,0.38,0.342,3.42,0.0,0.0,0.0,0.0,0.0,0.0,0.94245,0.38,0.0,0.0
frdm,fm287,287Fm,100,187,287,100287,0.7689,0.7612110000000001,76.1211,100.0,0.0,0.0,0.0,0.0,0.0,0.21,0.189,1.8900000000000001,0.05,0.045000000000000005,0.45,0.0,0.0,0.0,0.7689,0.21,0.05,0.0
frdm,fm288,288Fm,100,188,288,100288,0.67795,0.6711705,67.11705,100.0,0.0,0.0,0.0,0.0,0.0,0.36,0.324,3.2399999999999998,0.01,0.009000000000000001,0.09000000000000001,0.0,0.0,0.0,0.67795,0.36,0.01,0.0
frdm,fm289,289Fm,100,189,289,100289,0.0931,0.092169,9.2169,100.0,0.0,0.0,0.0,0.0,0.0,0.79,0.7110000000000001,7.11,0.07,0.063,0.6300000000000001,0.0,0.0,0.0,0.0931,0.79,0.07,0.0
frdm,fm290,290Fm,100,190,290,100290,0.09919,0.0981981,9.81981,100.0,0.0,0.0,0.0,0.0,0.0,0.78,0.7020000000000001,7.0200000000000005,0.0,0.0,0.0,0.0,0.0,0.0,0.09919,0.78,0.0,0.0
frdm,fm291,291Fm,100,191,291,100291,0.08233,0.0815067,8.15067,100.0,0.0,0.0,0.0,0.0,0.0,0.76,0.684,6.84,0.02,0.018000000000000002,0.18000000000000002,0.0,0.0,0.0,0.08233,0.76,0.02,0.0
frdm,fm292,292Fm,100,192,292,100292,0.06428,0.0636372,6.363720000000001,100.0,0.0,0.0,0.0,0.0,0.0,0.82,0.738,7.379999999999999,0.0,0.0,0.0,0.0,0.0,0.0,0.06428,0.82,0.0,0.0
frdm,fm293,293Fm,100,193,293,100293,0.05633,0.055766699999999995,5.57667,100.0,0.0,0.0,0.0,0.0,0.0,0.81,0.7290000000000001,7.290000000000001,0.08,0.07200000000000001,0.7200000000000001,0.0,0.0,0.0,0.05633,0.81,0.08,0.0
frdm,fm294,294Fm,100,194,294,100294,0.04251,0.0420849,4.20849,100.0,0.0,0.0,0.0,0.0,0.0,0.89,0.801,8.01,0.0,0.0,0.0,0.0,0.0,0.0,0.04251,0.89,0.0,0.0
frdm,fm295,295Fm,100,195,295,100295,0.03299,0.0326601,3.26601,100.0,0.0,0.0,0.0,0.0,0.0,0.56,0.504,5.040000000000001,0.23,0.20700000000000002,2.0700000000000003,0.0,0.0,0.0,0.03299,0.56,0.23,0.0
frdm,fm296,296Fm,100,196,296,100296,0.03265,0.0323235,3.23235,100.0,0.0,0.0,0.0,0.0,0.0,0.86,0.774,7.739999999999999,0.03,0.027,0.27,0.0,0.0,0.0,0.03265,0.86,0.03,0.0
frdm,fm297,297Fm,100,197,297,100297,0.02767,0.0273933,2.73933,100.0,0.0,0.0,0.0,0.0,0.0,0.47,0.423,4.2299999999999995,0.39,0.35100000000000003,3.5100000000000002,0.0,0.0,0.0,0.02767,0.47,0.39,0.0
frdm,fm298,298Fm,100,198,298,100298,0.02259,0.022364099999999998,2.23641,100.0,0.0,0.0,0.0,0.0,0.0,0.82,0.738,7.379999999999999,0.07,0.063,0.6300000000000001,0.0,0.0,0.0,0.02259,0.82,0.07,0.0
frdm,fm299,299Fm,100,199,299,100299,0.01795,0.0177705,1.7770500000000002,100.0,0.0,0.0,0.0,0.0,0.0,0.5,0.45,4.5,0.41,0.369,3.6899999999999995,0.0,0.0,0.0,0.01795,0.5,0.41,0.0
frdm,fm300,300Fm,100,200,300,100300,0.0176,0.017424000000000002,1.7424,100.0,0.0,0.0,0.0,0.0,0.0,0.76,0.684,6.84,0.16,0.14400000000000002,1.4400000000000002,0.0,0.0,0.0,0.0176,0.76,0.16,0.0
frdm,fm301,301Fm,100,201,301,100301,0.01674,0.0165726,1.6572600000000002,100.0,0.0,0.0,0.0,0.0,0.0,0.39,0.35100000000000003,3.5100000000000002,0.55,0.49500000000000005,4.95,0.0,0.0,0.0,0.01674,0.39,0.55,0.0
frdm,fm302,302Fm,100,202,302,100302,0.01404,0.0138996,1.38996,100.0,0.0,0.0,0.0,0.0,0.0,0.61,0.5489999999999999,5.489999999999999,0.34,0.30600000000000005,3.0600000000000005,0.0,0.0,0.0,0.01404,0.61,0.34,0.0
frdm,fm303,303Fm,100,203,303,100303,0.0118,0.011682,1.1682,100.0,0.0,0.0,0.0,0.0,0.0,0.23,0.20700000000000002,2.0700000000000003,0.71,0.639,6.39,0.01,0.009000000000000001,0.09000000000000001,0.0118,0.23,0.71,0.01
frdm,fm304,304Fm,100,204,304,100304,0.0107,0.010593,1.0593,100.0,0.0,0.0,0.0,0.0,0.0,0.37,0.333,3.33,0.55,0.49500000000000005,4.95,0.03,0.027,0.27,0.0107,0.37,0.55,0.03
frdm,fm305,305Fm,100,205,305,100305,0.00945,0.0093555,0.9355500000000001,100.0,0.0,0.0,0.0,0.0,0.0,0.1,0.09000000000000001,0.9,0.72,0.648,6.4799999999999995,0.14,0.126,1.2600000000000002,0.00945,0.1,0.72,0.14
frdm,fm306,306Fm,100,206,306,100306,0.00876,0.0086724,0.86724,100.0,0.0,0.0,0.0,0.0,0.0,0.21,0.189,1.8900000000000001,0.49,0.441,4.41,0.26,0.234,2.34,0.00876,0.21,0.49,0.26
frdm,fm307,307Fm,100,207,307,100307,0.00867,0.0085833,0.8583300000000001,100.0,0.0,0.0,0.0,0.0,0.0,0.06,0.054,0.54,0.44,0.396,3.9600000000000004,0.44,0.396,3.9600000000000004,0.00867,0.06,0.44,0.44
frdm,fm308,308Fm,100,208,308,100308,0.00769,0.007613099999999999,0.76131,100.0,0.0,0.0,0.0,0.0,0.0,0.14,0.126,1.2600000000000002,0.31,0.279,2.79,0.5,0.45,4.5,0.00769,0.14,0.31,0.5
frdm,fm309,309Fm,100,209,309,100309,0.0068,0.006731999999999999,0.6731999999999999,100.0,0.0,0.0,0.0,0.0,0.0,0.05,0.045000000000000005,0.45,0.31,0.279,2.79,0.49,0.441,4.41,0.0068,0.05,0.31,0.49
frdm,fm310,310Fm,100,210,310,100310,0.00633,0.0062667,0.6266700000000001,100.0,0.0,0.0,0.0,0.0,0.0,0.11,0.099,0.9900000000000001,0.23,0.20700000000000002,2.0700000000000003,0.6,0.54,5.4,0.00633,0.11,0.23,0.6
frdm,fm311,311Fm,100,211,311,100311,0.00561,0.0055539000000000005,0.55539,100.0,0.0,0.0,0.0,0.0,0.0,0.04,0.036000000000000004,0.36000000000000004,0.23,0.20700000000000002,2.0700000000000003,0.38,0.342,3.42,0.00561,0.04,0.23,0.38
frdm,fm312,312Fm,100,212,312,100312,0.00548,0.0054252,0.5425199999999999,100.0,0.0,0.0,0.0,0.0,0.0,0.08,0.07200000000000001,0.7200000000000001,0.13,0.117,1.17,0.62,0.558,5.58,0.00548,0.08,0.13,0.62
frdm,fm313,313Fm,100,213,313,100313,0.00529,0.005237100000000001,0.52371,100.0,0.0,0.0,0.0,0.0,0.0,0.04,0.036000000000000004,0.36000000000000004,0.13,0.117,1.17,0.24,0.216,2.16,0.00529,0.04,0.13,0.24
frdm,fm314,314Fm,100,214,314,100314,0.00459,0.004544100000000001,0.45441000000000004,100.0,0.0,0.0,0.0,0.0,0.0,0.07,0.063,0.6300000000000001,0.09,0.081,0.8099999999999999,0.5,0.45,4.5,0.00459,0.07,0.09,0.5
frdm,fm315,315Fm,100,215,315,100315,0.00401,0.003969899999999999,0.39698999999999995,100.0,0.0,0.0,0.0,0.0,0.0,0.03,0.027,0.27,0.12,0.108,1.08,0.19,0.171,1.71,0.00401,0.03,0.12,0.19
frdm,fm316,316Fm,100,216,316,100316,0.00386,0.0038214,0.38214000000000004,100.0,0.0,0.0,0.0,0.0,0.0,0.06,0.054,0.54,0.06,0.054,0.54,0.39,0.35100000000000003,3.5100000000000002,0.00386,0.06,0.06,0.39
frdm,fm317,317Fm,100,217,317,100317,0.00361,0.0035739,0.35739,100.0,0.0,0.0,0.0,0.0,0.0,0.04,0.036000000000000004,0.36000000000000004,0.08,0.07200000000000001,0.7200000000000001,0.11,0.099,0.9900000000000001,0.00361,0.04,0.08,0.11
frdm,fm318,318Fm,100,218,318,100318,0.00324,0.0032075999999999997,0.32075999999999993,100.0,0.0,0.0,0.0,0.0,0.0,0.06,0.054,0.54,0.05,0.045000000000000005,0.45,0.28,0.252,2.5200000000000005,0.00324,0.06,0.05,0.28
frdm,fm319,319Fm,100,219,319,100319,0.00285,0.0028215000000000002,0.28215,100.0,0.0,0.0,0.0,0.0,0.0,0.05,0.045000000000000005,0.45,0.08,0.07200000000000001,0.7200000000000001,0.07,0.063,0.6300000000000001,0.00285,0.05,0.08,0.07
frdm,fm320,320Fm,100,220,320,100320,0.00273,0.0027026999999999997,0.27026999999999995,100.0,0.0,0.0,0.0,0.0,0.0,0.08,0.07200000000000001,0.7200000000000001,0.05,0.045000000000000005,0.45,0.17,0.15300000000000002,1.5300000000000002,0.00273,0.08,0.05,0.17
frdm,fm322,322Fm,100,222,322,100322,0.00223,0.0022077000000000004,0.22077000000000002,100.0,0.0,0.0,0.0,0.0,0.0,0.09,0.081,0.8099999999999999,0.03,0.027,0.27,0.09,0.081,0.8099999999999999,0.00223,0.09,0.03,0.09
frdm,fm324,324Fm,100,224,324,100324,0.00171,0.0016929,0.16929,100.0,0.0,0.0,0.0,0.0,0.0,0.08,0.07200000000000001,0.7200000000000001,0.0,0.0,0.0,0.07,0.063,0.6300000000000001,0.00171,0.08,0.0,0.07
frdm,fm326,326Fm,100,226,326,100326,0.0015,0.001485,0.1485,100.0,0.0,0.0,0.0,0.0,0.0,0.05,0.045000000000000005,0.45,0.01,0.009000000000000001,0.09000000000000001,0.07,0.063,0.6300000000000001,0.0015,0.05,0.01,0.07
frdm,md262,262Md,101,161,262,101262,12211.24414,12089.1316986,1208913.16986,100.0,0.0,0.0,0.0,0.0,0.0,0.0,0.0,0.0,0.0,0.0,0.0,0.0,0.0,0.0,12211.24414,0.0,0.0,0.0
frdm,md263,263Md,101,162,263,101263,94853.17188,93904.64016119999,9390464.01612,100.0,0.0,0.0,0.0,0.0,0.0,0.0,0.0,0.0,0.0,0.0,0.0,0.0,0.0,0.0,94853.17188,0.0,0.0,0.0
frdm,md264,264Md,101,163,264,101264,1738.80139,1721.4133761,172141.33761,100.0,0.0,0.0,0.0,0.0,0.0,0.0,0.0,0.0,0.0,0.0,0.0,0.0,0.0,0.0,1738.80139,0.0,0.0,0.0
frdm,md265,265Md,101,164,265,101265,1421.69971,1407.4827129,140748.27129000003,100.0,0.0,0.0,0.0,0.0,0.0,0.0,0.0,0.0,0.0,0.0,0.0,0.0,0.0,0.0,1421.69971,0.0,0.0,0.0
frdm,md266,266Md,101,165,266,101266,213.69191,211.5549909,21155.499089999998,100.0,0.0,0.0,0.0,0.0,0.0,0.0,0.0,0.0,0.0,0.0,0.0,0.0,0.0,0.0,213.69191,0.0,0.0,0.0
frdm,md267,267Md,101,166,267,101267,368.5033,364.81826700000005,36481.826700000005,100.0,0.0,0.0,0.0,0.0,0.0,0.0,0.0,0.0,0.0,0.0,0.0,0.0,0.0,0.0,368.5033,0.0,0.0,0.0
frdm,md268,268Md,101,167,268,101268,63.20029,62.5682871,6256.828710000001,100.0,0.0,0.0,0.0,0.0,0.0,0.0,0.0,0.0,0.0,0.0,0.0,0.0,0.0,0.0,63.20029,0.0,0.0,0.0
frdm,md269,269Md,101,168,269,101269,228.2675,225.984825,22598.4825,100.0,0.0,0.0,0.0,0.0,0.0,0.0,0.0,0.0,0.0,0.0,0.0,0.0,0.0,0.0,228.2675,0.0,0.0,0.0
frdm,md270,270Md,101,169,270,101270,75.47903,74.7242397,7472.423969999999,100.0,0.0,0.0,0.0,0.0,0.0,0.0,0.0,0.0,0.0,0.0,0.0,0.0,0.0,0.0,75.47903,0.0,0.0,0.0
frdm,md271,271Md,101,170,271,101271,86.345,85.48155,8548.155,100.0,0.0,0.0,0.0,0.0,0.0,0.0,0.0,0.0,0.0,0.0,0.0,0.0,0.0,0.0,86.345,0.0,0.0,0.0
frdm,md272,272Md,101,171,272,101272,62.62941,62.0031159,6200.31159,100.0,0.0,0.0,0.0,0.0,0.0,0.0,0.0,0.0,0.0,0.0,0.0,0.0,0.0,0.0,62.62941,0.0,0.0,0.0
frdm,md273,273Md,101,172,273,101273,51.21175,50.6996325,5069.96325,100.0,0.0,0.0,0.0,0.0,0.0,0.0,0.0,0.0,0.0,0.0,0.0,0.0,0.0,0.0,51.21175,0.0,0.0,0.0
frdm,md274,274Md,101,173,274,101274,32.21243,31.8903057,3189.03057,100.0,0.0,0.0,0.0,0.0,0.0,0.0,0.0,0.0,0.0,0.0,0.0,0.0,0.0,0.0,32.21243,0.0,0.0,0.0
frdm,md275,275Md,101,174,275,101275,23.36213,23.1285087,2312.85087,100.0,0.0,0.0,0.0,0.0,0.0,0.0,0.0,0.0,0.0,0.0,0.0,0.0,0.0,0.0,23.36213,0.0,0.0,0.0
frdm,md276,276Md,101,175,276,101276,13.65749,13.5209151,1352.09151,100.0,0.0,0.0,0.0,0.0,0.0,0.01,0.009000000000000001,0.09000000000000001,0.0,0.0,0.0,0.0,0.0,0.0,13.65749,0.01,0.0,0.0
frdm,md277,277Md,101,176,277,101277,8.48985,8.404951500000001,840.49515,100.0,0.0,0.0,0.0,0.0,0.0,0.04,0.036000000000000004,0.36000000000000004,0.0,0.0,0.0,0.0,0.0,0.0,8.48985,0.04,0.0,0.0
frdm,md278,278Md,101,177,278,101278,2.51141,2.4862959,248.62959,100.0,0.0,0.0,0.0,0.0,0.0,0.04,0.036000000000000004,0.36000000000000004,0.0,0.0,0.0,0.0,0.0,0.0,2.51141,0.04,0.0,0.0
frdm,md279,279Md,101,178,279,101279,2.19027,2.1683673,216.83673,100.0,0.0,0.0,0.0,0.0,0.0,0.07,0.063,0.6300000000000001,0.0,0.0,0.0,0.0,0.0,0.0,2.19027,0.07,0.0,0.0
frdm,md280,280Md,101,179,280,101280,1.55642,1.5408557999999999,154.08558,100.0,0.0,0.0,0.0,0.0,0.0,0.22,0.198,1.9800000000000002,0.0,0.0,0.0,0.0,0.0,0.0,1.55642,0.22,0.0,0.0
frdm,md281,281Md,101,180,281,101281,1.58386,1.5680214000000001,156.80214,100.0,0.0,0.0,0.0,0.0,0.0,0.52,0.468,4.68,0.0,0.0,0.0,0.0,0.0,0.0,1.58386,0.52,0.0,0.0
frdm,md282,282Md,101,181,282,101282,3.97456,3.9348144,393.48143999999996,100.0,0.0,0.0,0.0,0.0,0.0,0.14,0.126,1.2600000000000002,0.0,0.0,0.0,0.0,0.0,0.0,3.97456,0.14,0.0,0.0
frdm,md283,283Md,101,182,283,101283,1.01596,1.0058004,100.58004,100.0,0.0,0.0,0.0,0.0,0.0,0.69,0.621,6.209999999999999,0.0,0.0,0.0,0.0,0.0,0.0,1.01596,0.69,0.0,0.0
frdm,md284,284Md,101,183,284,101284,1.07486,1.0641113999999998,106.41113999999999,100.0,0.0,0.0,0.0,0.0,0.0,0.69,0.621,6.209999999999999,0.0,0.0,0.0,0.0,0.0,0.0,1.07486,0.69,0.0,0.0
frdm,md285,285Md,101,184,285,101285,0.63874,0.6323525999999999,63.23526,100.0,0.0,0.0,0.0,0.0,0.0,0.73,0.657,6.57,0.0,0.0,0.0,0.0,0.0,0.0,0.63874,0.73,0.0,0.0
frdm,md286,286Md,101,185,286,101286,0.5072,0.502128,50.2128,100.0,0.0,0.0,0.0,0.0,0.0,0.62,0.558,5.58,0.01,0.009000000000000001,0.09000000000000001,0.0,0.0,0.0,0.5072,0.62,0.01,0.0
frdm,md287,287Md,101,186,287,101287,0.52615,0.5208885,52.08885,100.0,0.0,0.0,0.0,0.0,0.0,0.8,0.7200000000000001,7.2,0.0,0.0,0.0,0.0,0.0,0.0,0.52615,0.8,0.0,0.0
frdm,md288,288Md,101,187,288,101288,0.65715,0.6505785000000001,65.05785,100.0,0.0,0.0,0.0,0.0,0.0,0.33,0.29700000000000004,2.97,0.26,0.234,2.34,0.0,0.0,0.0,0.65715,0.33,0.26,0.0
frdm,md289,289Md,101,188,289,101289,0.51418,0.5090382,50.903819999999996,100.0,0.0,0.0,0.0,0.0,0.0,0.74,0.666,6.66,0.02,0.018000000000000002,0.18000000000000002,0.0,0.0,0.0,0.51418,0.74,0.02,0.0
frdm,md290,290Md,101,189,290,101290,0.11188,0.11076119999999999,11.07612,100.0,0.0,0.0,0.0,0.0,0.0,0.52,0.468,4.68,0.42,0.378,3.7800000000000002,0.0,0.0,0.0,0.11188,0.52,0.42,0.0
frdm,md291,291Md,101,190,291,101291,0.13119,0.1298781,12.98781,100.0,0.0,0.0,0.0,0.0,0.0,0.91,0.8190000000000001,8.19,0.03,0.027,0.27,0.0,0.0,0.0,0.13119,0.91,0.03,0.0
frdm,md292,292Md,101,191,292,101292,0.12229,0.1210671,12.10671,100.0,0.0,0.0,0.0,0.0,0.0,0.64,0.5760000000000001,5.760000000000001,0.27,0.24300000000000002,2.43,0.0,0.0,0.0,0.12229,0.64,0.27,0.0
frdm,md293,293Md,101,192,293,101293,0.09447,0.09352529999999999,9.35253,100.0,0.0,0.0,0.0,0.0,0.0,0.91,0.8190000000000001,8.19,0.02,0.018000000000000002,0.18000000000000002,0.0,0.0,0.0,0.09447,0.91,0.02,0.0
frdm,md294,294Md,101,193,294,101294,0.08089,0.0800811,8.00811,100.0,0.0,0.0,0.0,0.0,0.0,0.56,0.504,5.040000000000001,0.37,0.333,3.33,0.0,0.0,0.0,0.08089,0.56,0.37,0.0
frdm,md295,295Md,101,194,295,101295,0.0608,0.060192,6.0192,100.0,0.0,0.0,0.0,0.0,0.0,0.87,0.783,7.829999999999999,0.08,0.07200000000000001,0.7200000000000001,0.0,0.0,0.0,0.0608,0.87,0.08,0.0
frdm,md296,296Md,101,195,296,101296,0.04562,0.045163800000000004,4.51638,100.0,0.0,0.0,0.0,0.0,0.0,0.35,0.315,3.15,0.47,0.423,4.2299999999999995,0.0,0.0,0.0,0.04562,0.35,0.47,0.0
frdm,md297,297Md,101,196,297,101297,0.04254,0.0421146,4.211460000000001,100.0,0.0,0.0,0.0,0.0,0.0,0.7,0.63,6.3,0.25,0.225,2.25,0.0,0.0,0.0,0.04254,0.7,0.25,0.0
frdm,md298,298Md,101,197,298,101298,0.0381,0.037719,3.7719,100.0,0.0,0.0,0.0,0.0,0.0,0.34,0.30600000000000005,3.0600000000000005,0.59,0.5309999999999999,5.31,0.0,0.0,0.0,0.0381,0.34,0.59,0.0
frdm,md299,299Md,101,198,299,101299,0.03156,0.0312444,3.12444,100.0,0.0,0.0,0.0,0.0,0.0,0.6,0.54,5.4,0.36,0.324,3.2399999999999998,0.0,0.0,0.0,0.03156,0.6,0.36,0.0
frdm,md300,300Md,101,199,300,101300,0.02399,0.0237501,2.37501,100.0,0.0,0.0,0.0,0.0,0.0,0.32,0.28800000000000003,2.8800000000000003,0.64,0.5760000000000001,5.760000000000001,0.0,0.0,0.0,0.02399,0.32,0.64,0.0
frdm,md301,301Md,101,200,301,101301,0.02406,0.0238194,2.38194,100.0,0.0,0.0,0.0,0.0,0.0,0.51,0.459,4.59,0.45,0.405,4.05,0.0,0.0,0.0,0.02406,0.51,0.45,0.0
frdm,md302,302Md,101,201,302,101302,0.02029,0.0200871,2.0087099999999998,100.0,0.0,0.0,0.0,0.0,0.0,0.2,0.18000000000000002,1.8,0.76,0.684,6.84,0.0,0.0,0.0,0.02029,0.2,0.76,0.0
frdm,md303,303Md,101,202,303,101303,0.01814,0.017958599999999998,1.79586,100.0,0.0,0.0,0.0,0.0,0.0,0.4,0.36000000000000004,3.6,0.55,0.49500000000000005,4.95,0.02,0.018000000000000002,0.18000000000000002,0.01814,0.4,0.55,0.02
frdm,md304,304Md,101,203,304,101304,0.01471,0.0145629,1.45629,100.0,0.0,0.0,0.0,0.0,0.0,0.12,0.108,1.08,0.81,0.7290000000000001,7.290000000000001,0.04,0.036000000000000004,0.36000000000000004,0.01471,0.12,0.81,0.04
frdm,md305,305Md,101,204,305,101305,0.01274,0.0126126,1.26126,100.0,0.0,0.0,0.0,0.0,0.0,0.21,0.189,1.8900000000000001,0.58,0.522,5.22,0.19,0.171,1.71,0.01274,0.21,0.58,0.19
frdm,md306,306Md,101,205,306,101306,0.01192,0.0118008,1.18008,100.0,0.0,0.0,0.0,0.0,0.0,0.05,0.045000000000000005,0.45,0.58,0.522,5.22,0.34,0.30600000000000005,3.0600000000000005,0.01192,0.05,0.58,0.34
frdm,md307,307Md,101,206,307,101307,0.01005,0.0099495,0.9949499999999999,100.0,0.0,0.0,0.0,0.0,0.0,0.12,0.108,1.08,0.3,0.27,2.7,0.56,0.504,5.040000000000001,0.01005,0.12,0.3,0.56
frdm,md308,308Md,101,207,308,101308,0.01039,0.0102861,1.02861,100.0,0.0,0.0,0.0,0.0,0.0,0.04,0.036000000000000004,0.36000000000000004,0.31,0.279,2.79,0.52,0.468,4.68,0.01039,0.04,0.31,0.52
frdm,md309,309Md,101,208,309,101309,0.01003,0.009929700000000001,0.9929700000000001,100.0,0.0,0.0,0.0,0.0,0.0,0.09,0.081,0.8099999999999999,0.17,0.15300000000000002,1.5300000000000002,0.69,0.621,6.209999999999999,0.01003,0.09,0.17,0.69
frdm,md310,310Md,101,209,310,101310,0.00912,0.0090288,0.9028799999999999,100.0,0.0,0.0,0.0,0.0,0.0,0.03,0.027,0.27,0.2,0.18000000000000002,1.8,0.4,0.36000000000000004,3.6,0.00912,0.03,0.2,0.4
frdm,md311,311Md,101,210,311,101311,0.00859,0.0085041,0.85041,100.0,0.0,0.0,0.0,0.0,0.0,0.08,0.07200000000000001,0.7200000000000001,0.11,0.099,0.9900000000000001,0.63,0.567,5.67,0.00859,0.08,0.11,0.63
frdm,md312,312Md,101,211,312,101312,0.00674,0.006672600000000001,0.6672600000000001,100.0,0.0,0.0,0.0,0.0,0.0,0.03,0.027,0.27,0.18,0.162,1.6199999999999999,0.27,0.24300000000000002,2.43,0.00674,0.03,0.18,0.27
frdm,md313,313Md,101,212,313,101313,0.00641,0.0063459,0.63459,100.0,0.0,0.0,0.0,0.0,0.0,0.08,0.07200000000000001,0.7200000000000001,0.08,0.07200000000000001,0.7200000000000001,0.58,0.522,5.22,0.00641,0.08,0.08,0.58
frdm,md314,314Md,101,213,314,101314,0.00661,0.0065439,0.65439,100.0,0.0,0.0,0.0,0.0,0.0,0.03,0.027,0.27,0.11,0.099,0.9900000000000001,0.17,0.15300000000000002,1.5300000000000002,0.00661,0.03,0.11,0.17
frdm,md315,315Md,101,214,315,101315,0.00576,0.005702400000000001,0.5702400000000001,100.0,0.0,0.0,0.0,0.0,0.0,0.08,0.07200000000000001,0.7200000000000001,0.05,0.045000000000000005,0.45,0.42,0.378,3.7800000000000002,0.00576,0.08,0.05,0.42
frdm,md316,316Md,101,215,316,101316,0.00488,0.0048312,0.48312,100.0,0.0,0.0,0.0,0.0,0.0,0.03,0.027,0.27,0.08,0.07200000000000001,0.7200000000000001,0.13,0.117,1.17,0.00488,0.03,0.08,0.13
frdm,md317,317Md,101,216,317,101317,0.00482,0.0047718,0.47718,100.0,0.0,0.0,0.0,0.0,0.0,0.08,0.07200000000000001,0.7200000000000001,0.04,0.036000000000000004,0.36000000000000004,0.26,0.234,2.34,0.00482,0.08,0.04,0.26
frdm,md318,318Md,101,217,318,101318,0.00438,0.0043362,0.43362,100.0,0.0,0.0,0.0,0.0,0.0,0.03,0.027,0.27,0.1,0.09000000000000001,0.9,0.08,0.07200000000000001,0.7200000000000001,0.00438,0.03,0.1,0.08
frdm,md319,319Md,101,218,319,101319,0.004,0.00396,0.396,100.0,0.0,0.0,0.0,0.0,0.0,0.08,0.07200000000000001,0.7200000000000001,0.04,0.036000000000000004,0.36000000000000004,0.22,0.198,1.9800000000000002,0.004,0.08,0.04,0.22
frdm,md320,320Md,101,219,320,101320,0.00361,0.0035739,0.35739,100.0,0.0,0.0,0.0,0.0,0.0,0.03,0.027,0.27,0.1,0.09000000000000001,0.9,0.06,0.054,0.54,0.00361,0.03,0.1,0.06
frdm,md321,321Md,101,220,321,101321,0.00332,0.0032868,0.32868,100.0,0.0,0.0,0.0,0.0,0.0,0.1,0.09000000000000001,0.9,0.03,0.027,0.27,0.15,0.135,1.35,0.00332,0.1,0.03,0.15
frdm,md322,322Md,101,221,322,101322,0.00275,0.0027224999999999997,0.27225,100.0,0.0,0.0,0.0,0.0,0.0,0.04,0.036000000000000004,0.36000000000000004,0.08,0.07200000000000001,0.7200000000000001,0.04,0.036000000000000004,0.36000000000000004,0.00275,0.04,0.08,0.04
frdm,md323,323Md,101,222,323,101323,0.00235,0.0023265,0.23265000000000002,100.0,0.0,0.0,0.0,0.0,0.0,0.09,0.081,0.8099999999999999,0.04,0.036000000000000004,0.36000000000000004,0.1,0.09000000000000001,0.9,0.00235,0.09,0.04,0.1
frdm,md325,325Md,101,224,325,101325,0.00185,0.0018315,0.18315,100.0,0.0,0.0,0.0,0.0,0.0,0.08,0.07200000000000001,0.7200000000000001,0.03,0.027,0.27,0.09,0.081,0.8099999999999999,0.00185,0.08,0.03,0.09
frdm,md327,327Md,101,226,327,101327,0.00168,0.0016632,0.16632000000000002,100.0,0.0,0.0,0.0,0.0,0.0,0.02,0.018000000000000002,0.18000000000000002,0.0,0.0,0.0,0.1,0.09000000000000001,0.9,0.00168,0.02,0.0,0.1
frdm,md329,329Md,101,228,329,101329,0.00146,0.0014454,0.14454,100.0,0.0,0.0,0.0,0.0,0.0,0.02,0.018000000000000002,0.18000000000000002,0.0,0.0,0.0,0.08,0.07200000000000001,0.7200000000000001,0.00146,0.02,0.0,0.08
frdm,no265,265No,102,163,265,102265,3915425.25,3876270.9975,387627099.75,100.0,0.0,0.0,0.0,0.0,0.0,0.0,0.0,0.0,0.0,0.0,0.0,0.0,0.0,0.0,3915425.25,0.0,0.0,0.0
frdm,no267,267No,102,165,267,102267,2427.58276,2403.3069324,240330.69324,100.0,0.0,0.0,0.0,0.0,0.0,0.0,0.0,0.0,0.0,0.0,0.0,0.0,0.0,0.0,2427.58276,0.0,0.0,0.0
frdm,no269,269No,102,167,269,102269,384.21976,380.3775624,38037.75624,100.0,0.0,0.0,0.0,0.0,0.0,0.0,0.0,0.0,0.0,0.0,0.0,0.0,0.0,0.0,384.21976,0.0,0.0,0.0
frdm,no270,270No,102,168,270,102270,103076.07813,102045.31734869999,10204531.73487,100.0,0.0,0.0,0.0,0.0,0.0,0.0,0.0,0.0,0.0,0.0,0.0,0.0,0.0,0.0,103076.07813,0.0,0.0,0.0
frdm,no271,271No,102,169,271,102271,827.90393,819.6248906999999,81962.48907,100.0,0.0,0.0,0.0,0.0,0.0,0.0,0.0,0.0,0.0,0.0,0.0,0.0,0.0,0.0,827.90393,0.0,0.0,0.0
frdm,no272,272No,102,170,272,102272,3174.87769,3143.1289131,314312.89131,100.0,0.0,0.0,0.0,0.0,0.0,0.0,0.0,0.0,0.0,0.0,0.0,0.0,0.0,0.0,3174.87769,0.0,0.0,0.0
frdm,no273,273No,102,171,273,102273,741.94897,734.5294803,73452.94803,100.0,0.0,0.0,0.0,0.0,0.0,0.0,0.0,0.0,0.0,0.0,0.0,0.0,0.0,0.0,741.94897,0.0,0.0,0.0
frdm,no274,274No,102,172,274,102274,1381.32666,1367.5133934,136751.33934,100.0,0.0,0.0,0.0,0.0,0.0,0.0,0.0,0.0,0.0,0.0,0.0,0.0,0.0,0.0,1381.32666,0.0,0.0,0.0
frdm,no275,275No,102,173,275,102275,218.58311,216.3972789,21639.727890000002,100.0,0.0,0.0,0.0,0.0,0.0,0.0,0.0,0.0,0.0,0.0,0.0,0.0,0.0,0.0,218.58311,0.0,0.0,0.0
frdm,no276,276No,102,174,276,102276,216.66577,214.4991123,21449.91123,100.0,0.0,0.0,0.0,0.0,0.0,0.0,0.0,0.0,0.0,0.0,0.0,0.0,0.0,0.0,216.66577,0.0,0.0,0.0
frdm,no277,277No,102,175,277,102277,72.13233,71.4110067,7141.100669999999,100.0,0.0,0.0,0.0,0.0,0.0,0.0,0.0,0.0,0.0,0.0,0.0,0.0,0.0,0.0,72.13233,0.0,0.0,0.0
frdm,no278,278No,102,176,278,102278,44.68914,44.2422486,4424.224859999999,100.0,0.0,0.0,0.0,0.0,0.0,0.0,0.0,0.0,0.0,0.0,0.0,0.0,0.0,0.0,44.68914,0.0,0.0,0.0
frdm,no279,279No,102,177,279,102279,12.72145,12.5942355,1259.42355,100.0,0.0,0.0,0.0,0.0,0.0,0.0,0.0,0.0,0.0,0.0,0.0,0.0,0.0,0.0,12.72145,0.0,0.0,0.0
frdm,no280,280No,102,178,280,102280,19.92775,19.7284725,1972.8472499999998,100.0,0.0,0.0,0.0,0.0,0.0,0.0,0.0,0.0,0.0,0.0,0.0,0.0,0.0,0.0,19.92775,0.0,0.0,0.0
frdm,no281,281No,102,179,281,102281,11.26649,11.153825099999999,1115.38251,100.0,0.0,0.0,0.0,0.0,0.0,0.0,0.0,0.0,0.0,0.0,0.0,0.0,0.0,0.0,11.26649,0.0,0.0,0.0
frdm,no282,282No,102,180,282,102282,15.18464,15.0327936,1503.27936,100.0,0.0,0.0,0.0,0.0,0.0,0.0,0.0,0.0,0.0,0.0,0.0,0.0,0.0,0.0,15.18464,0.0,0.0,0.0
frdm,no283,283No,102,181,283,102283,14.00227,13.8622473,1386.22473,100.0,0.0,0.0,0.0,0.0,0.0,0.0,0.0,0.0,0.0,0.0,0.0,0.0,0.0,0.0,14.00227,0.0,0.0,0.0
frdm,no284,284No,102,182,284,102284,10.5434,10.437966,1043.7966,100.0,0.0,0.0,0.0,0.0,0.0,0.0,0.0,0.0,0.0,0.0,0.0,0.0,0.0,0.0,10.5434,0.0,0.0,0.0
frdm,no285,285No,102,183,285,102285,9.99075,9.8908425,989.08425,100.0,0.0,0.0,0.0,0.0,0.0,0.0,0.0,0.0,0.0,0.0,0.0,0.0,0.0,0.0,9.99075,0.0,0.0,0.0
frdm,no286,286No,102,184,286,102286,5.716,5.6588400000000005,565.884,100.0,0.0,0.0,0.0,0.0,0.0,0.01,0.009000000000000001,0.09000000000000001,0.0,0.0,0.0,0.0,0.0,0.0,5.716,0.01,0.0,0.0
frdm,no287,287No,102,185,287,102287,1.977,1.95723,195.723,100.0,0.0,0.0,0.0,0.0,0.0,0.04,0.036000000000000004,0.36000000000000004,0.0,0.0,0.0,0.0,0.0,0.0,1.977,0.04,0.0,0.0
frdm,no288,288No,102,186,288,102288,2.53473,2.5093827,250.93827000000002,100.0,0.0,0.0,0.0,0.0,0.0,0.11,0.099,0.9900000000000001,0.0,0.0,0.0,0.0,0.0,0.0,2.53473,0.11,0.0,0.0
frdm,no289,289No,102,187,289,102289,1.53388,1.5185411999999998,151.85411999999997,100.0,0.0,0.0,0.0,0.0,0.0,0.11,0.099,0.9900000000000001,0.0,0.0,0.0,0.0,0.0,0.0,1.53388,0.11,0.0,0.0
frdm,no290,290No,102,188,290,102290,1.74145,1.7240354999999998,172.40355,100.0,0.0,0.0,0.0,0.0,0.0,0.14,0.126,1.2600000000000002,0.0,0.0,0.0,0.0,0.0,0.0,1.74145,0.14,0.0,0.0
frdm,no291,291No,102,189,291,102291,1.20591,1.1938509,119.38509,100.0,0.0,0.0,0.0,0.0,0.0,0.2,0.18000000000000002,1.8,0.0,0.0,0.0,0.0,0.0,0.0,1.20591,0.2,0.0,0.0
frdm,no292,292No,102,190,292,102292,0.23826,0.2358774,23.58774,100.0,0.0,0.0,0.0,0.0,0.0,0.6,0.54,5.4,0.0,0.0,0.0,0.0,0.0,0.0,0.23826,0.6,0.0,0.0
frdm,no293,293No,102,191,293,102293,0.2318,0.22948200000000002,22.9482,100.0,0.0,0.0,0.0,0.0,0.0,0.6,0.54,5.4,0.0,0.0,0.0,0.0,0.0,0.0,0.2318,0.6,0.0,0.0
frdm,no294,294No,102,192,294,102294,0.16617,0.16450830000000002,16.45083,100.0,0.0,0.0,0.0,0.0,0.0,0.56,0.504,5.040000000000001,0.0,0.0,0.0,0.0,0.0,0.0,0.16617,0.56,0.0,0.0
frdm,no295,295No,102,193,295,102295,0.14646,0.1449954,14.499540000000001,100.0,0.0,0.0,0.0,0.0,0.0,0.71,0.639,6.39,0.0,0.0,0.0,0.0,0.0,0.0,0.14646,0.71,0.0,0.0
frdm,no296,296No,102,194,296,102296,0.10848,0.1073952,10.739519999999999,100.0,0.0,0.0,0.0,0.0,0.0,0.71,0.639,6.39,0.0,0.0,0.0,0.0,0.0,0.0,0.10848,0.71,0.0,0.0
frdm,no297,297No,102,195,297,102297,0.07839,0.0776061,7.760610000000001,100.0,0.0,0.0,0.0,0.0,0.0,0.65,0.585,5.85,0.01,0.009000000000000001,0.09000000000000001,0.0,0.0,0.0,0.07839,0.65,0.01,0.0
frdm,no298,298No,102,196,298,102298,0.07627,0.0755073,7.550730000000001,100.0,0.0,0.0,0.0,0.0,0.0,0.79,0.7110000000000001,7.11,0.0,0.0,0.0,0.0,0.0,0.0,0.07627,0.79,0.0,0.0
frdm,no299,299No,102,197,299,102299,0.05639,0.055826100000000003,5.58261,100.0,0.0,0.0,0.0,0.0,0.0,0.66,0.5940000000000001,5.94,0.06,0.054,0.54,0.0,0.0,0.0,0.05639,0.66,0.06,0.0
frdm,no300,300No,102,198,300,102300,0.05186,0.0513414,5.13414,100.0,0.0,0.0,0.0,0.0,0.0,0.78,0.7020000000000001,7.0200000000000005,0.0,0.0,0.0,0.0,0.0,0.0,0.05186,0.78,0.0,0.0
frdm,no301,301No,102,199,301,102301,0.03842,0.0380358,3.80358,100.0,0.0,0.0,0.0,0.0,0.0,0.67,0.603,6.03,0.11,0.099,0.9900000000000001,0.0,0.0,0.0,0.03842,0.67,0.11,0.0
frdm,no302,302No,102,200,302,102302,0.038,0.03762,3.762,100.0,0.0,0.0,0.0,0.0,0.0,0.81,0.7290000000000001,7.290000000000001,0.01,0.009000000000000001,0.09000000000000001,0.0,0.0,0.0,0.038,0.81,0.01,0.0
frdm,no303,303No,102,201,303,102303,0.03014,0.0298386,2.9838600000000004,100.0,0.0,0.0,0.0,0.0,0.0,0.65,0.585,5.85,0.22,0.198,1.9800000000000002,0.0,0.0,0.0,0.03014,0.65,0.22,0.0
frdm,no304,304No,102,202,304,102304,0.02629,0.0260271,2.60271,100.0,0.0,0.0,0.0,0.0,0.0,0.85,0.765,7.65,0.04,0.036000000000000004,0.36000000000000004,0.0,0.0,0.0,0.02629,0.85,0.04,0.0
frdm,no305,305No,102,203,305,102305,0.02279,0.0225621,2.25621,100.0,0.0,0.0,0.0,0.0,0.0,0.41,0.369,3.6899999999999995,0.52,0.468,4.68,0.0,0.0,0.0,0.02279,0.41,0.52,0.0
frdm,no306,306No,102,204,306,102306,0.01916,0.0189684,1.8968399999999999,100.0,0.0,0.0,0.0,0.0,0.0,0.65,0.585,5.85,0.29,0.261,2.61,0.0,0.0,0.0,0.01916,0.65,0.29,0.0
frdm,no307,307No,102,205,307,102307,0.01621,0.0160479,1.6047899999999997,100.0,0.0,0.0,0.0,0.0,0.0,0.23,0.20700000000000002,2.0700000000000003,0.72,0.648,6.4799999999999995,0.0,0.0,0.0,0.01621,0.23,0.72,0.0
frdm,no308,308No,102,206,308,102308,0.01506,0.0149094,1.49094,100.0,0.0,0.0,0.0,0.0,0.0,0.36,0.324,3.2399999999999998,0.57,0.5129999999999999,5.129999999999999,0.02,0.018000000000000002,0.18000000000000002,0.01506,0.36,0.57,0.02
frdm,no309,309No,102,207,309,102309,0.01171,0.0115929,1.15929,100.0,0.0,0.0,0.0,0.0,0.0,0.14,0.126,1.2600000000000002,0.7,0.63,6.3,0.09,0.081,0.8099999999999999,0.01171,0.14,0.7,0.09
frdm,no310,310No,102,208,310,102310,0.01167,0.011553299999999999,1.15533,100.0,0.0,0.0,0.0,0.0,0.0,0.27,0.24300000000000002,2.43,0.54,0.48600000000000004,4.86,0.15,0.135,1.35,0.01167,0.27,0.54,0.15
frdm,no311,311No,102,209,311,102311,0.01027,0.010167299999999999,1.01673,100.0,0.0,0.0,0.0,0.0,0.0,0.1,0.09000000000000001,0.9,0.59,0.5309999999999999,5.31,0.24,0.216,2.16,0.01027,0.1,0.59,0.24
frdm,no312,312No,102,210,312,102312,0.01081,0.0107019,1.07019,100.0,0.0,0.0,0.0,0.0,0.0,0.21,0.189,1.8900000000000001,0.44,0.396,3.9600000000000004,0.31,0.279,2.79,0.01081,0.21,0.44,0.31
frdm,no313,313No,102,211,313,102313,0.00949,0.0093951,0.9395100000000001,100.0,0.0,0.0,0.0,0.0,0.0,0.08,0.07200000000000001,0.7200000000000001,0.48,0.432,4.32,0.35,0.315,3.15,0.00949,0.08,0.48,0.35
frdm,no314,314No,102,212,314,102314,0.00842,0.0083358,0.8335800000000001,100.0,0.0,0.0,0.0,0.0,0.0,0.14,0.126,1.2600000000000002,0.34,0.30600000000000005,3.0600000000000005,0.48,0.432,4.32,0.00842,0.14,0.34,0.48
frdm,no315,315No,102,213,315,102315,0.00761,0.0075339,0.75339,100.0,0.0,0.0,0.0,0.0,0.0,0.04,0.036000000000000004,0.36000000000000004,0.35,0.315,3.15,0.49,0.441,4.41,0.00761,0.04,0.35,0.49
frdm,no316,316No,102,214,316,102316,0.00682,0.0067518,0.6751799999999999,100.0,0.0,0.0,0.0,0.0,0.0,0.12,0.108,1.08,0.26,0.234,2.34,0.57,0.5129999999999999,5.129999999999999,0.00682,0.12,0.26,0.57
frdm,no317,317No,102,215,317,102317,0.00577,0.0057123,0.5712299999999999,100.0,0.0,0.0,0.0,0.0,0.0,0.05,0.045000000000000005,0.45,0.33,0.29700000000000004,2.97,0.42,0.378,3.7800000000000002,0.00577,0.05,0.33,0.42
frdm,no318,318No,102,216,318,102318,0.00569,0.005633099999999999,0.56331,100.0,0.0,0.0,0.0,0.0,0.0,0.09,0.081,0.8099999999999999,0.2,0.18000000000000002,1.8,0.64,0.5760000000000001,5.760000000000001,0.00569,0.09,0.2,0.64
frdm,no319,319No,102,217,319,102319,0.00498,0.0049302,0.49302,100.0,0.0,0.0,0.0,0.0,0.0,0.06,0.054,0.54,0.19,0.171,1.71,0.43,0.387,3.8699999999999997,0.00498,0.06,0.19,0.43
frdm,no320,320No,102,218,320,102320,0.00473,0.0046827,0.46826999999999996,100.0,0.0,0.0,0.0,0.0,0.0,0.1,0.09000000000000001,0.9,0.14,0.126,1.2600000000000002,0.62,0.558,5.58,0.00473,0.1,0.14,0.62
frdm,no321,321No,102,219,321,102321,0.00414,0.0040986,0.40986,100.0,0.0,0.0,0.0,0.0,0.0,0.05,0.045000000000000005,0.45,0.14,0.126,1.2600000000000002,0.3,0.27,2.7,0.00414,0.05,0.14,0.3
frdm,no322,322No,102,220,322,102322,0.0041,0.004059,0.40590000000000004,100.0,0.0,0.0,0.0,0.0,0.0,0.09,0.081,0.8099999999999999,0.08,0.07200000000000001,0.7200000000000001,0.51,0.459,4.59,0.0041,0.09,0.08,0.51
frdm,no323,323No,102,221,323,102323,0.0036,0.003564,0.3564,100.0,0.0,0.0,0.0,0.0,0.0,0.05,0.045000000000000005,0.45,0.1,0.09000000000000001,0.9,0.16,0.14400000000000002,1.4400000000000002,0.0036,0.05,0.1,0.16
frdm,no324,324No,102,222,324,102324,0.00319,0.0031581,0.31581,100.0,0.0,0.0,0.0,0.0,0.0,0.09,0.081,0.8099999999999999,0.06,0.054,0.54,0.3,0.27,2.7,0.00319,0.09,0.06,0.3
frdm,no326,326No,102,224,326,102326,0.0026,0.002574,0.2574,100.0,0.0,0.0,0.0,0.0,0.0,0.09,0.081,0.8099999999999999,0.03,0.027,0.27,0.13,0.117,1.17,0.0026,0.09,0.03,0.13
frdm,no328,328No,102,226,328,102328,0.00218,0.0021582,0.21582,100.0,0.0,0.0,0.0,0.0,0.0,0.1,0.09000000000000001,0.9,0.02,0.018000000000000002,0.18000000000000002,0.07,0.063,0.6300000000000001,0.00218,0.1,0.02,0.07
frdm,no330,330No,102,228,330,102330,0.00189,0.0018710999999999999,0.18711,100.0,0.0,0.0,0.0,0.0,0.0,0.09,0.081,0.8099999999999999,0.02,0.018000000000000002,0.18000000000000002,0.06,0.054,0.54,0.00189,0.09,0.02,0.06
frdm,no332,332No,102,230,332,102332,0.00172,0.0017028,0.17028,100.0,0.0,0.0,0.0,0.0,0.0,0.05,0.045000000000000005,0.45,0.03,0.027,0.27,0.09,0.081,0.8099999999999999,0.00172,0.05,0.03,0.09
frdm,lr264,264Lr,103,161,264,103264,16414424.0,16250279.76,1625027976.0,100.0,0.0,0.0,0.0,0.0,0.0,0.0,0.0,0.0,0.0,0.0,0.0,0.0,0.0,0.0,16414424.0,0.0,0.0,0.0
frdm,lr266,266Lr,103,163,266,103266,32549.77539,32224.2776361,3222427.76361,100.0,0.0,0.0,0.0,0.0,0.0,0.0,0.0,0.0,0.0,0.0,0.0,0.0,0.0,0.0,32549.77539,0.0,0.0,0.0
frdm,lr267,267Lr,103,164,267,103267,282438.5,279614.115,27961411.5,100.0,0.0,0.0,0.0,0.0,0.0,0.0,0.0,0.0,0.0,0.0,0.0,0.0,0.0,0.0,282438.5,0.0,0.0,0.0
frdm,lr268,268Lr,103,165,268,103268,638.9574,632.567826,63256.7826,100.0,0.0,0.0,0.0,0.0,0.0,0.0,0.0,0.0,0.0,0.0,0.0,0.0,0.0,0.0,638.9574,0.0,0.0,0.0
frdm,lr269,269Lr,103,166,269,103269,3189.03564,3157.1452836,315714.52836,100.0,0.0,0.0,0.0,0.0,0.0,0.0,0.0,0.0,0.0,0.0,0.0,0.0,0.0,0.0,3189.03564,0.0,0.0,0.0
frdm,lr270,270Lr,103,167,270,103270,408.65002,404.5635198,40456.35198,100.0,0.0,0.0,0.0,0.0,0.0,0.0,0.0,0.0,0.0,0.0,0.0,0.0,0.0,0.0,408.65002,0.0,0.0,0.0
frdm,lr271,271Lr,103,168,271,103271,708.49945,701.4144555,70141.44555,100.0,0.0,0.0,0.0,0.0,0.0,0.0,0.0,0.0,0.0,0.0,0.0,0.0,0.0,0.0,708.49945,0.0,0.0,0.0
frdm,lr272,272Lr,103,169,272,103272,229.64923,227.35273769999998,22735.27377,100.0,0.0,0.0,0.0,0.0,0.0,0.0,0.0,0.0,0.0,0.0,0.0,0.0,0.0,0.0,229.64923,0.0,0.0,0.0
frdm,lr273,273Lr,103,170,273,103273,238.37056,235.9868544,23598.68544,100.0,0.0,0.0,0.0,0.0,0.0,0.0,0.0,0.0,0.0,0.0,0.0,0.0,0.0,0.0,238.37056,0.0,0.0,0.0
frdm,lr274,274Lr,103,171,274,103274,178.13487,176.3535213,17635.35213,100.0,0.0,0.0,0.0,0.0,0.0,0.0,0.0,0.0,0.0,0.0,0.0,0.0,0.0,0.0,178.13487,0.0,0.0,0.0
frdm,lr275,275Lr,103,172,275,103275,157.66983,156.0931317,15609.313169999998,100.0,0.0,0.0,0.0,0.0,0.0,0.0,0.0,0.0,0.0,0.0,0.0,0.0,0.0,0.0,157.66983,0.0,0.0,0.0
frdm,lr276,276Lr,103,173,276,103276,88.25513,87.37257869999999,8737.25787,100.0,0.0,0.0,0.0,0.0,0.0,0.0,0.0,0.0,0.0,0.0,0.0,0.0,0.0,0.0,88.25513,0.0,0.0,0.0
frdm,lr277,277Lr,103,174,277,103277,64.17374,63.5320026,6353.20026,100.0,0.0,0.0,0.0,0.0,0.0,0.0,0.0,0.0,0.0,0.0,0.0,0.0,0.0,0.0,64.17374,0.0,0.0,0.0
frdm,lr278,278Lr,103,175,278,103278,33.35923,33.0256377,3302.5637699999997,100.0,0.0,0.0,0.0,0.0,0.0,0.0,0.0,0.0,0.0,0.0,0.0,0.0,0.0,0.0,33.35923,0.0,0.0,0.0
frdm,lr279,279Lr,103,176,279,103279,21.69927,21.4822773,2148.2277299999996,100.0,0.0,0.0,0.0,0.0,0.0,0.0,0.0,0.0,0.0,0.0,0.0,0.0,0.0,0.0,21.69927,0.0,0.0,0.0
frdm,lr280,280Lr,103,177,280,103280,15.69009,15.5331891,1553.31891,100.0,0.0,0.0,0.0,0.0,0.0,0.0,0.0,0.0,0.0,0.0,0.0,0.0,0.0,0.0,15.69009,0.0,0.0,0.0
frdm,lr281,281Lr,103,178,281,103281,21.85656,21.6379944,2163.79944,100.0,0.0,0.0,0.0,0.0,0.0,0.0,0.0,0.0,0.0,0.0,0.0,0.0,0.0,0.0,21.85656,0.0,0.0,0.0
frdm,lr282,282Lr,103,179,282,103282,11.26528,11.152627200000001,1115.26272,100.0,0.0,0.0,0.0,0.0,0.0,0.0,0.0,0.0,0.0,0.0,0.0,0.0,0.0,0.0,11.26528,0.0,0.0,0.0
frdm,lr283,283Lr,103,180,283,103283,9.94389,9.8444511,984.44511,100.0,0.0,0.0,0.0,0.0,0.0,0.02,0.018000000000000002,0.18000000000000002,0.0,0.0,0.0,0.0,0.0,0.0,9.94389,0.02,0.0,0.0
frdm,lr284,284Lr,103,181,284,103284,4.37504,4.3312896,433.12896,100.0,0.0,0.0,0.0,0.0,0.0,0.23,0.20700000000000002,2.0700000000000003,0.0,0.0,0.0,0.0,0.0,0.0,4.37504,0.23,0.0,0.0
frdm,lr285,285Lr,103,182,285,103285,6.2056,6.1435439999999994,614.3543999999999,100.0,0.0,0.0,0.0,0.0,0.0,0.05,0.045000000000000005,0.45,0.0,0.0,0.0,0.0,0.0,0.0,6.2056,0.05,0.0,0.0
frdm,lr286,286Lr,103,183,286,103286,3.19782,3.1658418,316.58418000000006,100.0,0.0,0.0,0.0,0.0,0.0,0.46,0.41400000000000003,4.140000000000001,0.0,0.0,0.0,0.0,0.0,0.0,3.19782,0.46,0.0,0.0
frdm,lr287,287Lr,103,184,287,103287,1.96316,1.9435284,194.35284000000001,100.0,0.0,0.0,0.0,0.0,0.0,0.52,0.468,4.68,0.0,0.0,0.0,0.0,0.0,0.0,1.96316,0.52,0.0,0.0
frdm,lr288,288Lr,103,185,288,103288,1.18377,1.1719323,117.19323,100.0,0.0,0.0,0.0,0.0,0.0,0.48,0.432,4.32,0.0,0.0,0.0,0.0,0.0,0.0,1.18377,0.48,0.0,0.0
frdm,lr289,289Lr,103,186,289,103289,1.48971,1.4748129,147.48129,100.0,0.0,0.0,0.0,0.0,0.0,0.6,0.54,5.4,0.0,0.0,0.0,0.0,0.0,0.0,1.48971,0.6,0.0,0.0
frdm,lr290,290Lr,103,187,290,103290,1.43863,1.4242437000000001,142.42437,100.0,0.0,0.0,0.0,0.0,0.0,0.3,0.27,2.7,0.05,0.045000000000000005,0.45,0.0,0.0,0.0,1.43863,0.3,0.05,0.0
frdm,lr291,291Lr,103,188,291,103291,1.26926,1.2565674,125.65674,100.0,0.0,0.0,0.0,0.0,0.0,0.59,0.5309999999999999,5.31,0.0,0.0,0.0,0.0,0.0,0.0,1.26926,0.59,0.0,0.0
frdm,lr292,292Lr,103,189,292,103292,1.39255,1.3786245,137.86245,100.0,0.0,0.0,0.0,0.0,0.0,0.32,0.28800000000000003,2.8800000000000003,0.02,0.018000000000000002,0.18000000000000002,0.0,0.0,0.0,1.39255,0.32,0.02,0.0
frdm,lr293,293Lr,103,190,293,103293,0.18153,0.1797147,17.97147,100.0,0.0,0.0,0.0,0.0,0.0,0.85,0.765,7.65,0.0,0.0,0.0,0.0,0.0,0.0,0.18153,0.85,0.0,0.0
frdm,lr294,294Lr,103,191,294,103294,0.26222,0.2595978,25.959780000000002,100.0,0.0,0.0,0.0,0.0,0.0,0.75,0.675,6.75,0.03,0.027,0.27,0.0,0.0,0.0,0.26222,0.75,0.03,0.0
frdm,lr295,295Lr,103,192,295,103295,0.20129,0.19927709999999998,19.92771,100.0,0.0,0.0,0.0,0.0,0.0,0.81,0.7290000000000001,7.290000000000001,0.0,0.0,0.0,0.0,0.0,0.0,0.20129,0.81,0.0,0.0
frdm,lr296,296Lr,103,193,296,103296,0.16894,0.1672506,16.725060000000003,100.0,0.0,0.0,0.0,0.0,0.0,0.79,0.7110000000000001,7.11,0.03,0.027,0.27,0.0,0.0,0.0,0.16894,0.79,0.03,0.0
frdm,lr297,297Lr,103,194,297,103297,0.1293,0.128007,12.800699999999999,100.0,0.0,0.0,0.0,0.0,0.0,0.89,0.801,8.01,0.0,0.0,0.0,0.0,0.0,0.0,0.1293,0.89,0.0,0.0
frdm,lr298,298Lr,103,195,298,103298,0.09393,0.0929907,9.29907,100.0,0.0,0.0,0.0,0.0,0.0,0.71,0.639,6.39,0.12,0.108,1.08,0.0,0.0,0.0,0.09393,0.71,0.12,0.0
frdm,lr299,299Lr,103,196,299,103299,0.08807,0.0871893,8.71893,100.0,0.0,0.0,0.0,0.0,0.0,0.9,0.81,8.1,0.01,0.009000000000000001,0.09000000000000001,0.0,0.0,0.0,0.08807,0.9,0.01,0.0
frdm,lr300,300Lr,103,197,300,103300,0.06967,0.0689733,6.897329999999999,100.0,0.0,0.0,0.0,0.0,0.0,0.56,0.504,5.040000000000001,0.23,0.20700000000000002,2.0700000000000003,0.0,0.0,0.0,0.06967,0.56,0.23,0.0
frdm,lr301,301Lr,103,198,301,103301,0.05943,0.0588357,5.88357,100.0,0.0,0.0,0.0,0.0,0.0,0.91,0.8190000000000001,8.19,0.02,0.018000000000000002,0.18000000000000002,0.0,0.0,0.0,0.05943,0.91,0.02,0.0
frdm,lr302,302Lr,103,199,302,103302,0.0425,0.042075,4.2075,100.0,0.0,0.0,0.0,0.0,0.0,0.63,0.567,5.67,0.29,0.261,2.61,0.0,0.0,0.0,0.0425,0.63,0.29,0.0
frdm,lr303,303Lr,103,200,303,103303,0.04722,0.0467478,4.674779999999999,100.0,0.0,0.0,0.0,0.0,0.0,0.85,0.765,7.65,0.09,0.081,0.8099999999999999,0.0,0.0,0.0,0.04722,0.85,0.09,0.0
frdm,lr304,304Lr,103,201,304,103304,0.03585,0.0354915,3.54915,100.0,0.0,0.0,0.0,0.0,0.0,0.46,0.41400000000000003,4.140000000000001,0.49,0.441,4.41,0.0,0.0,0.0,0.03585,0.46,0.49,0.0
frdm,lr305,305Lr,103,202,305,103305,0.03004,0.0297396,2.97396,100.0,0.0,0.0,0.0,0.0,0.0,0.74,0.666,6.66,0.19,0.171,1.71,0.0,0.0,0.0,0.03004,0.74,0.19,0.0
frdm,lr306,306Lr,103,203,306,103306,0.0272,0.026927999999999997,2.6927999999999996,100.0,0.0,0.0,0.0,0.0,0.0,0.28,0.252,2.5200000000000005,0.65,0.585,5.85,0.0,0.0,0.0,0.0272,0.28,0.65,0.0
frdm,lr307,307Lr,103,204,307,103307,0.02473,0.0244827,2.44827,100.0,0.0,0.0,0.0,0.0,0.0,0.42,0.378,3.7800000000000002,0.52,0.468,4.68,0.01,0.009000000000000001,0.09000000000000001,0.02473,0.42,0.52,0.01
frdm,lr308,308Lr,103,205,308,103308,0.01803,0.0178497,1.7849700000000002,100.0,0.0,0.0,0.0,0.0,0.0,0.13,0.117,1.17,0.82,0.738,7.379999999999999,0.03,0.027,0.27,0.01803,0.13,0.82,0.03
frdm,lr309,309Lr,103,206,309,103309,0.01826,0.018077399999999997,1.80774,100.0,0.0,0.0,0.0,0.0,0.0,0.28,0.252,2.5200000000000005,0.55,0.49500000000000005,4.95,0.16,0.14400000000000002,1.4400000000000002,0.01826,0.28,0.55,0.16
frdm,lr310,310Lr,103,207,310,103310,0.01432,0.0141768,1.4176799999999998,100.0,0.0,0.0,0.0,0.0,0.0,0.08,0.07200000000000001,0.7200000000000001,0.67,0.603,6.03,0.21,0.189,1.8900000000000001,0.01432,0.08,0.67,0.21
frdm,lr311,311Lr,103,208,311,103311,0.01347,0.0133353,1.3335299999999999,100.0,0.0,0.0,0.0,0.0,0.0,0.19,0.171,1.71,0.42,0.378,3.7800000000000002,0.38,0.342,3.42,0.01347,0.19,0.42,0.38
frdm,lr312,312Lr,103,209,312,103312,0.01234,0.012216600000000001,1.22166,100.0,0.0,0.0,0.0,0.0,0.0,0.05,0.045000000000000005,0.45,0.51,0.459,4.59,0.4,0.36000000000000004,3.6,0.01234,0.05,0.51,0.4
frdm,lr313,313Lr,103,210,313,103313,0.01085,0.010741500000000001,1.07415,100.0,0.0,0.0,0.0,0.0,0.0,0.13,0.117,1.17,0.32,0.28800000000000003,2.8800000000000003,0.54,0.48600000000000004,4.86,0.01085,0.13,0.32,0.54
frdm,lr314,314Lr,103,211,314,103314,0.00967,0.0095733,0.95733,100.0,0.0,0.0,0.0,0.0,0.0,0.04,0.036000000000000004,0.36000000000000004,0.39,0.35100000000000003,3.5100000000000002,0.49,0.441,4.41,0.00967,0.04,0.39,0.49
frdm,lr315,315Lr,103,212,315,103315,0.00922,0.0091278,0.91278,100.0,0.0,0.0,0.0,0.0,0.0,0.1,0.09000000000000001,0.9,0.22,0.198,1.9800000000000002,0.66,0.5940000000000001,5.94,0.00922,0.1,0.22,0.66
frdm,lr316,316Lr,103,213,316,103316,0.00942,0.0093258,0.93258,100.0,0.0,0.0,0.0,0.0,0.0,0.04,0.036000000000000004,0.36000000000000004,0.27,0.24300000000000002,2.43,0.45,0.405,4.05,0.00942,0.04,0.27,0.45
frdm,lr317,317Lr,103,214,317,103317,0.00787,0.0077913,0.77913,100.0,0.0,0.0,0.0,0.0,0.0,0.09,0.081,0.8099999999999999,0.16,0.14400000000000002,1.4400000000000002,0.71,0.639,6.39,0.00787,0.09,0.16,0.71
frdm,lr318,318Lr,103,215,318,103318,0.00744,0.007365600000000001,0.73656,100.0,0.0,0.0,0.0,0.0,0.0,0.04,0.036000000000000004,0.36000000000000004,0.21,0.189,1.8900000000000001,0.39,0.35100000000000003,3.5100000000000002,0.00744,0.04,0.21,0.39
frdm,lr319,319Lr,103,216,319,103319,0.00657,0.0065043,0.6504300000000001,100.0,0.0,0.0,0.0,0.0,0.0,0.09,0.081,0.8099999999999999,0.14,0.126,1.2600000000000002,0.68,0.6120000000000001,6.120000000000001,0.00657,0.09,0.14,0.68
frdm,lr320,320Lr,103,217,320,103320,0.00573,0.0056727,0.5672699999999999,100.0,0.0,0.0,0.0,0.0,0.0,0.04,0.036000000000000004,0.36000000000000004,0.18,0.162,1.6199999999999999,0.35,0.315,3.15,0.00573,0.04,0.18,0.35
frdm,lr321,321Lr,103,218,321,103321,0.00525,0.005197500000000001,0.51975,100.0,0.0,0.0,0.0,0.0,0.0,0.08,0.07200000000000001,0.7200000000000001,0.1,0.09000000000000001,0.9,0.63,0.567,5.67,0.00525,0.08,0.1,0.63
frdm,lr322,322Lr,103,219,322,103322,0.00455,0.0045045,0.45045,100.0,0.0,0.0,0.0,0.0,0.0,0.04,0.036000000000000004,0.36000000000000004,0.14,0.126,1.2600000000000002,0.23,0.20700000000000002,2.0700000000000003,0.00455,0.04,0.14,0.23
frdm,lr323,323Lr,103,220,323,103323,0.0045,0.004455,0.44549999999999995,100.0,0.0,0.0,0.0,0.0,0.0,0.07,0.063,0.6300000000000001,0.08,0.07200000000000001,0.7200000000000001,0.44,0.396,3.9600000000000004,0.0045,0.07,0.08,0.44
frdm,lr324,324Lr,103,221,324,103324,0.00408,0.004039200000000001,0.40392000000000006,100.0,0.0,0.0,0.0,0.0,0.0,0.02,0.018000000000000002,0.18000000000000002,0.1,0.09000000000000001,0.9,0.13,0.117,1.17,0.00408,0.02,0.1,0.13
frdm,lr325,325Lr,103,222,325,103325,0.00359,0.0035540999999999997,0.35541,100.0,0.0,0.0,0.0,0.0,0.0,0.07,0.063,0.6300000000000001,0.05,0.045000000000000005,0.45,0.26,0.234,2.34,0.00359,0.07,0.05,0.26
frdm,lr326,326Lr,103,223,326,103326,0.003,0.00297,0.297,100.0,0.0,0.0,0.0,0.0,0.0,0.03,0.027,0.27,0.09,0.081,0.8099999999999999,0.07,0.063,0.6300000000000001,0.003,0.03,0.09,0.07
frdm,lr327,327Lr,103,224,327,103327,0.00296,0.0029304,0.29303999999999997,100.0,0.0,0.0,0.0,0.0,0.0,0.05,0.045000000000000005,0.45,0.04,0.036000000000000004,0.36000000000000004,0.13,0.117,1.17,0.00296,0.05,0.04,0.13
frdm,lr328,328Lr,103,225,328,103328,0.00248,0.0024552,0.24552,100.0,0.0,0.0,0.0,0.0,0.0,0.0,0.0,0.0,0.07,0.063,0.6300000000000001,0.04,0.036000000000000004,0.36000000000000004,0.00248,0.0,0.07,0.04
frdm,lr329,329Lr,103,226,329,103329,0.00242,0.0023958,0.23958,100.0,0.0,0.0,0.0,0.0,0.0,0.03,0.027,0.27,0.03,0.027,0.27,0.1,0.09000000000000001,0.9,0.00242,0.03,0.03,0.1
frdm,lr330,330Lr,103,227,330,103330,0.00232,0.0022968,0.22968000000000002,100.0,0.0,0.0,0.0,0.0,0.0,0.01,0.009000000000000001,0.09000000000000001,0.08,0.07200000000000001,0.7200000000000001,0.03,0.027,0.27,0.00232,0.01,0.08,0.03
frdm,lr331,331Lr,103,228,331,103331,0.00218,0.0021582,0.21582,100.0,0.0,0.0,0.0,0.0,0.0,0.01,0.009000000000000001,0.09000000000000001,0.02,0.018000000000000002,0.18000000000000002,0.11,0.099,0.9900000000000001,0.00218,0.01,0.02,0.11
frdm,lr333,333Lr,103,230,333,103333,0.00187,0.0018513,0.18513,100.0,0.0,0.0,0.0,0.0,0.0,0.01,0.009000000000000001,0.09000000000000001,0.0,0.0,0.0,0.11,0.099,0.9900000000000001,0.00187,0.01,0.0,0.11
frdm,lr335,335Lr,103,232,335,103335,0.00166,0.0016434,0.16434,100.0,0.0,0.0,0.0,0.0,0.0,0.01,0.009000000000000001,0.09000000000000001,0.0,0.0,0.0,0.09,0.081,0.8099999999999999,0.00166,0.01,0.0,0.09
frdm,rf271,271Rf,104,167,271,104271,60534.21484,59928.8726916,5992887.269160001,100.0,0.0,0.0,0.0,0.0,0.0,0.0,0.0,0.0,0.0,0.0,0.0,0.0,0.0,0.0,60534.21484,0.0,0.0,0.0
frdm,rf273,273Rf,104,169,273,104273,27573.56641,27297.8307459,2729783.07459,100.0,0.0,0.0,0.0,0.0,0.0,0.0,0.0,0.0,0.0,0.0,0.0,0.0,0.0,0.0,27573.56641,0.0,0.0,0.0
frdm,rf275,275Rf,104,171,275,104275,14804.59766,14656.5516834,1465655.1683399999,100.0,0.0,0.0,0.0,0.0,0.0,0.0,0.0,0.0,0.0,0.0,0.0,0.0,0.0,0.0,14804.59766,0.0,0.0,0.0
frdm,rf277,277Rf,104,173,277,104277,2434.47266,2410.1279334,241012.79334,100.0,0.0,0.0,0.0,0.0,0.0,0.0,0.0,0.0,0.0,0.0,0.0,0.0,0.0,0.0,2434.47266,0.0,0.0,0.0
frdm,rf278,278Rf,104,174,278,104278,19377.61523,19183.8390777,1918383.90777,100.0,0.0,0.0,0.0,0.0,0.0,0.0,0.0,0.0,0.0,0.0,0.0,0.0,0.0,0.0,19377.61523,0.0,0.0,0.0
frdm,rf279,279Rf,104,175,279,104279,611.84735,605.7288765,60572.887650000004,100.0,0.0,0.0,0.0,0.0,0.0,0.0,0.0,0.0,0.0,0.0,0.0,0.0,0.0,0.0,611.84735,0.0,0.0,0.0
frdm,rf280,280Rf,104,176,280,104280,593.15784,587.2262615999999,58722.62616,100.0,0.0,0.0,0.0,0.0,0.0,0.0,0.0,0.0,0.0,0.0,0.0,0.0,0.0,0.0,593.15784,0.0,0.0,0.0
frdm,rf281,281Rf,104,177,281,104281,35.6825,35.325675,3532.5674999999997,100.0,0.0,0.0,0.0,0.0,0.0,0.0,0.0,0.0,0.0,0.0,0.0,0.0,0.0,0.0,35.6825,0.0,0.0,0.0
frdm,rf282,282Rf,104,178,282,104282,237.0687,234.698013,23469.8013,100.0,0.0,0.0,0.0,0.0,0.0,0.0,0.0,0.0,0.0,0.0,0.0,0.0,0.0,0.0,237.0687,0.0,0.0,0.0
frdm,rf283,283Rf,104,179,283,104283,42.44972,42.0252228,4202.52228,100.0,0.0,0.0,0.0,0.0,0.0,0.0,0.0,0.0,0.0,0.0,0.0,0.0,0.0,0.0,42.44972,0.0,0.0,0.0
frdm,rf284,284Rf,104,180,284,104284,72.80769,72.07961309999999,7207.96131,100.0,0.0,0.0,0.0,0.0,0.0,0.0,0.0,0.0,0.0,0.0,0.0,0.0,0.0,0.0,72.80769,0.0,0.0,0.0
frdm,rf285,285Rf,104,181,285,104285,50.76675,50.259082500000005,5025.90825,100.0,0.0,0.0,0.0,0.0,0.0,0.0,0.0,0.0,0.0,0.0,0.0,0.0,0.0,0.0,50.76675,0.0,0.0,0.0
frdm,rf286,286Rf,104,182,286,104286,35.38553,35.0316747,3503.1674700000003,100.0,0.0,0.0,0.0,0.0,0.0,0.0,0.0,0.0,0.0,0.0,0.0,0.0,0.0,0.0,35.38553,0.0,0.0,0.0
frdm,rf287,287Rf,104,183,287,104287,29.76078,29.4631722,2946.31722,100.0,0.0,0.0,0.0,0.0,0.0,0.0,0.0,0.0,0.0,0.0,0.0,0.0,0.0,0.0,29.76078,0.0,0.0,0.0
frdm,rf288,288Rf,104,184,288,104288,17.01208,16.8419592,1684.1959200000001,100.0,0.0,0.0,0.0,0.0,0.0,0.0,0.0,0.0,0.0,0.0,0.0,0.0,0.0,0.0,17.01208,0.0,0.0,0.0
frdm,rf289,289Rf,104,185,289,104289,4.7875,4.739624999999999,473.9624999999999,100.0,0.0,0.0,0.0,0.0,0.0,0.0,0.0,0.0,0.0,0.0,0.0,0.0,0.0,0.0,4.7875,0.0,0.0,0.0
frdm,rf290,290Rf,104,186,290,104290,7.15187,7.080351299999999,708.03513,100.0,0.0,0.0,0.0,0.0,0.0,0.02,0.018000000000000002,0.18000000000000002,0.0,0.0,0.0,0.0,0.0,0.0,7.15187,0.02,0.0,0.0
frdm,rf291,291Rf,104,187,291,104291,3.47415,3.4394085,343.94084999999995,100.0,0.0,0.0,0.0,0.0,0.0,0.03,0.027,0.27,0.0,0.0,0.0,0.0,0.0,0.0,3.47415,0.03,0.0,0.0
frdm,rf293,293Rf,104,189,293,104293,2.66701,2.6403399,264.03398999999996,100.0,0.0,0.0,0.0,0.0,0.0,0.0,0.0,0.0,0.0,0.0,0.0,0.0,0.0,0.0,2.66701,0.0,0.0,0.0
frdm,rf294,294Rf,104,190,294,104294,0.42788,0.42360119999999996,42.360119999999995,100.0,0.0,0.0,0.0,0.0,0.0,0.33,0.29700000000000004,2.97,0.0,0.0,0.0,0.0,0.0,0.0,0.42788,0.33,0.0,0.0
frdm,rf295,295Rf,104,191,295,104295,0.6423,0.635877,63.587700000000005,100.0,0.0,0.0,0.0,0.0,0.0,0.35,0.315,3.15,0.0,0.0,0.0,0.0,0.0,0.0,0.6423,0.35,0.0,0.0
frdm,rf296,296Rf,104,192,296,104296,0.51715,0.5119785,51.19785,100.0,0.0,0.0,0.0,0.0,0.0,0.25,0.225,2.25,0.0,0.0,0.0,0.0,0.0,0.0,0.51715,0.25,0.0,0.0
frdm,rf297,297Rf,104,193,297,104297,0.41089,0.40678109999999995,40.67811,100.0,0.0,0.0,0.0,0.0,0.0,0.39,0.35100000000000003,3.5100000000000002,0.0,0.0,0.0,0.0,0.0,0.0,0.41089,0.39,0.0,0.0
frdm,rf298,298Rf,104,194,298,104298,0.30287,0.2998413,29.98413,100.0,0.0,0.0,0.0,0.0,0.0,0.43,0.387,3.8699999999999997,0.0,0.0,0.0,0.0,0.0,0.0,0.30287,0.43,0.0,0.0
frdm,rf299,299Rf,104,195,299,104299,0.19064,0.1887336,18.87336,100.0,0.0,0.0,0.0,0.0,0.0,0.42,0.378,3.7800000000000002,0.0,0.0,0.0,0.0,0.0,0.0,0.19064,0.42,0.0,0.0
frdm,rf300,300Rf,104,196,300,104300,0.18608,0.1842192,18.42192,100.0,0.0,0.0,0.0,0.0,0.0,0.55,0.49500000000000005,4.95,0.0,0.0,0.0,0.0,0.0,0.0,0.18608,0.55,0.0,0.0
frdm,rf301,301Rf,104,197,301,104301,0.12898,0.1276902,12.769020000000001,100.0,0.0,0.0,0.0,0.0,0.0,0.5,0.45,4.5,0.0,0.0,0.0,0.0,0.0,0.0,0.12898,0.5,0.0,0.0
frdm,rf302,302Rf,104,198,302,104302,0.11507,0.1139193,11.391930000000002,100.0,0.0,0.0,0.0,0.0,0.0,0.6,0.54,5.4,0.0,0.0,0.0,0.0,0.0,0.0,0.11507,0.6,0.0,0.0
frdm,rf303,303Rf,104,199,303,104303,0.07831,0.07752690000000001,7.75269,100.0,0.0,0.0,0.0,0.0,0.0,0.57,0.5129999999999999,5.129999999999999,0.0,0.0,0.0,0.0,0.0,0.0,0.07831,0.57,0.0,0.0
frdm,rf304,304Rf,104,200,304,104304,0.08757,0.0866943,8.66943,100.0,0.0,0.0,0.0,0.0,0.0,0.65,0.585,5.85,0.0,0.0,0.0,0.0,0.0,0.0,0.08757,0.65,0.0,0.0
frdm,rf305,305Rf,104,201,305,104305,0.06947,0.0687753,6.87753,100.0,0.0,0.0,0.0,0.0,0.0,0.69,0.621,6.209999999999999,0.01,0.009000000000000001,0.09000000000000001,0.0,0.0,0.0,0.06947,0.69,0.01,0.0
frdm,rf306,306Rf,104,202,306,104306,0.05092,0.0504108,5.04108,100.0,0.0,0.0,0.0,0.0,0.0,0.71,0.639,6.39,0.0,0.0,0.0,0.0,0.0,0.0,0.05092,0.71,0.0,0.0
frdm,rf307,307Rf,104,203,307,104307,0.04483,0.0443817,4.43817,100.0,0.0,0.0,0.0,0.0,0.0,0.71,0.639,6.39,0.14,0.126,1.2600000000000002,0.0,0.0,0.0,0.04483,0.71,0.14,0.0
frdm,rf308,308Rf,104,204,308,104308,0.03657,0.0362043,3.62043,100.0,0.0,0.0,0.0,0.0,0.0,0.86,0.774,7.739999999999999,0.03,0.027,0.27,0.0,0.0,0.0,0.03657,0.86,0.03,0.0
frdm,rf309,309Rf,104,205,309,104309,0.03043,0.0301257,3.0125699999999997,100.0,0.0,0.0,0.0,0.0,0.0,0.43,0.387,3.8699999999999997,0.49,0.441,4.41,0.0,0.0,0.0,0.03043,0.43,0.49,0.0
frdm,rf310,310Rf,104,206,310,104310,0.02679,0.0265221,2.65221,100.0,0.0,0.0,0.0,0.0,0.0,0.68,0.6120000000000001,6.120000000000001,0.25,0.225,2.25,0.0,0.0,0.0,0.02679,0.68,0.25,0.0
frdm,rf311,311Rf,104,207,311,104311,0.02343,0.0231957,2.31957,100.0,0.0,0.0,0.0,0.0,0.0,0.3,0.27,2.7,0.6,0.54,5.4,0.0,0.0,0.0,0.02343,0.3,0.6,0.0
frdm,rf312,312Rf,104,208,312,104312,0.0218,0.021582,2.1582000000000003,100.0,0.0,0.0,0.0,0.0,0.0,0.52,0.468,4.68,0.42,0.378,3.7800000000000002,0.0,0.0,0.0,0.0218,0.52,0.42,0.0
frdm,rf313,313Rf,104,209,313,104313,0.01818,0.017998200000000002,1.79982,100.0,0.0,0.0,0.0,0.0,0.0,0.23,0.20700000000000002,2.0700000000000003,0.68,0.6120000000000001,6.120000000000001,0.01,0.009000000000000001,0.09000000000000001,0.01818,0.23,0.68,0.01
frdm,rf314,314Rf,104,210,314,104314,0.01723,0.0170577,1.7057699999999998,100.0,0.0,0.0,0.0,0.0,0.0,0.39,0.35100000000000003,3.5100000000000002,0.54,0.48600000000000004,4.86,0.01,0.009000000000000001,0.09000000000000001,0.01723,0.39,0.54,0.01
frdm,rf315,315Rf,104,211,315,104315,0.0124,0.012275999999999999,1.2276,100.0,0.0,0.0,0.0,0.0,0.0,0.2,0.18000000000000002,1.8,0.72,0.648,6.4799999999999995,0.03,0.027,0.27,0.0124,0.2,0.72,0.03
frdm,rf316,316Rf,104,212,316,104316,0.01117,0.0110583,1.10583,100.0,0.0,0.0,0.0,0.0,0.0,0.33,0.29700000000000004,2.97,0.58,0.522,5.22,0.04,0.036000000000000004,0.36000000000000004,0.01117,0.33,0.58,0.04
frdm,rf317,317Rf,104,213,317,104317,0.01052,0.0104148,1.04148,100.0,0.0,0.0,0.0,0.0,0.0,0.14,0.126,1.2600000000000002,0.72,0.648,6.4799999999999995,0.1,0.09000000000000001,0.9,0.01052,0.14,0.72,0.1
frdm,rf318,318Rf,104,214,318,104318,0.01057,0.0104643,1.04643,100.0,0.0,0.0,0.0,0.0,0.0,0.22,0.198,1.9800000000000002,0.59,0.5309999999999999,5.31,0.14,0.126,1.2600000000000002,0.01057,0.22,0.59,0.14
frdm,rf319,319Rf,104,215,319,104319,0.01017,0.0100683,1.0068300000000001,100.0,0.0,0.0,0.0,0.0,0.0,0.09,0.081,0.8099999999999999,0.59,0.5309999999999999,5.31,0.27,0.24300000000000002,2.43,0.01017,0.09,0.59,0.27
frdm,rf320,320Rf,104,216,320,104320,0.0095,0.009405,0.9405,100.0,0.0,0.0,0.0,0.0,0.0,0.19,0.171,1.71,0.49,0.441,4.41,0.27,0.24300000000000002,2.43,0.0095,0.19,0.49,0.27
frdm,rf321,321Rf,104,217,321,104321,0.00862,0.0085338,0.8533799999999999,100.0,0.0,0.0,0.0,0.0,0.0,0.07,0.063,0.6300000000000001,0.49,0.441,4.41,0.38,0.342,3.42,0.00862,0.07,0.49,0.38
frdm,rf322,322Rf,104,218,322,104322,0.00736,0.0072864,0.72864,100.0,0.0,0.0,0.0,0.0,0.0,0.17,0.15300000000000002,1.5300000000000002,0.36,0.324,3.2399999999999998,0.42,0.378,3.7800000000000002,0.00736,0.17,0.36,0.42
frdm,rf323,323Rf,104,219,323,104323,0.00628,0.0062172,0.62172,100.0,0.0,0.0,0.0,0.0,0.0,0.09,0.081,0.8099999999999999,0.38,0.342,3.42,0.43,0.387,3.8699999999999997,0.00628,0.09,0.38,0.43
frdm,rf324,324Rf,104,220,324,104324,0.00595,0.005890500000000001,0.5890500000000001,100.0,0.0,0.0,0.0,0.0,0.0,0.13,0.117,1.17,0.24,0.216,2.16,0.57,0.5129999999999999,5.129999999999999,0.00595,0.13,0.24,0.57
frdm,rf325,325Rf,104,221,325,104325,0.00533,0.0052767,0.52767,100.0,0.0,0.0,0.0,0.0,0.0,0.06,0.054,0.54,0.24,0.216,2.16,0.48,0.432,4.32,0.00533,0.06,0.24,0.48
frdm,rf326,326Rf,104,222,326,104326,0.00485,0.0048015,0.48014999999999997,100.0,0.0,0.0,0.0,0.0,0.0,0.11,0.099,0.9900000000000001,0.13,0.117,1.17,0.63,0.567,5.67,0.00485,0.11,0.13,0.63
frdm,rf327,327Rf,104,223,327,104327,0.00398,0.0039402,0.39402000000000004,100.0,0.0,0.0,0.0,0.0,0.0,0.05,0.045000000000000005,0.45,0.14,0.126,1.2600000000000002,0.27,0.24300000000000002,2.43,0.00398,0.05,0.14,0.27
frdm,rf328,328Rf,104,224,328,104328,0.0039,0.003861,0.38609999999999994,100.0,0.0,0.0,0.0,0.0,0.0,0.09,0.081,0.8099999999999999,0.07,0.063,0.6300000000000001,0.44,0.396,3.9600000000000004,0.0039,0.09,0.07,0.44
frdm,rf329,329Rf,104,225,329,104329,0.00318,0.0031482000000000003,0.31482,100.0,0.0,0.0,0.0,0.0,0.0,0.04,0.036000000000000004,0.36000000000000004,0.09,0.081,0.8099999999999999,0.14,0.126,1.2600000000000002,0.00318,0.04,0.09,0.14
frdm,rf330,330Rf,104,226,330,104330,0.00304,0.0030096000000000003,0.30096,100.0,0.0,0.0,0.0,0.0,0.0,0.09,0.081,0.8099999999999999,0.03,0.027,0.27,0.22,0.198,1.9800000000000002,0.00304,0.09,0.03,0.22
frdm,rf332,332Rf,104,228,332,104332,0.00268,0.0026532,0.26532,100.0,0.0,0.0,0.0,0.0,0.0,0.1,0.09000000000000001,0.9,0.03,0.027,0.27,0.11,0.099,0.9900000000000001,0.00268,0.1,0.03,0.11
frdm,rf334,334Rf,104,230,334,104334,0.00231,0.0022869,0.22869,100.0,0.0,0.0,0.0,0.0,0.0,0.1,0.09000000000000001,0.9,0.03,0.027,0.27,0.07,0.063,0.6300000000000001,0.00231,0.1,0.03,0.07
frdm,rf336,336Rf,104,232,336,104336,0.00207,0.0020493,0.20493,100.0,0.0,0.0,0.0,0.0,0.0,0.09,0.081,0.8099999999999999,0.04,0.036000000000000004,0.36000000000000004,0.08,0.07200000000000001,0.7200000000000001,0.00207,0.09,0.04,0.08
frdm,rf338,338Rf,104,234,338,104338,0.00172,0.0017028,0.17028,100.0,0.0,0.0,0.0,0.0,0.0,0.07,0.063,0.6300000000000001,0.01,0.009000000000000001,0.09000000000000001,0.12,0.108,1.08,0.00172,0.07,0.01,0.12
frdm,db270,270Db,105,165,270,105270,95185.57813,94233.7223487,9423372.23487,100.0,0.0,0.0,0.0,0.0,0.0,0.0,0.0,0.0,0.0,0.0,0.0,0.0,0.0,0.0,95185.57813,0.0,0.0,0.0
frdm,db272,272Db,105,167,272,105272,19277.96875,19085.1890625,1908518.90625,100.0,0.0,0.0,0.0,0.0,0.0,0.0,0.0,0.0,0.0,0.0,0.0,0.0,0.0,0.0,19277.96875,0.0,0.0,0.0
frdm,db273,273Db,105,168,273,105273,8040093.0,7959692.07,795969207.0,100.0,0.0,0.0,0.0,0.0,0.0,0.0,0.0,0.0,0.0,0.0,0.0,0.0,0.0,0.0,8040093.0,0.0,0.0,0.0
frdm,db274,274Db,105,169,274,105274,6581.63525,6515.8188975,651581.88975,100.0,0.0,0.0,0.0,0.0,0.0,0.0,0.0,0.0,0.0,0.0,0.0,0.0,0.0,0.0,6581.63525,0.0,0.0,0.0
frdm,db275,275Db,105,170,275,105275,55974.44922,55414.7047278,5541470.47278,100.0,0.0,0.0,0.0,0.0,0.0,0.0,0.0,0.0,0.0,0.0,0.0,0.0,0.0,0.0,55974.44922,0.0,0.0,0.0
frdm,db276,276Db,105,171,276,105276,3650.88501,3614.3761599,361437.61598999996,100.0,0.0,0.0,0.0,0.0,0.0,0.0,0.0,0.0,0.0,0.0,0.0,0.0,0.0,0.0,3650.88501,0.0,0.0,0.0
frdm,db277,277Db,105,172,277,105277,6096.9248,6035.955551999999,603595.5552,100.0,0.0,0.0,0.0,0.0,0.0,0.0,0.0,0.0,0.0,0.0,0.0,0.0,0.0,0.0,6096.9248,0.0,0.0,0.0
frdm,db278,278Db,105,173,278,105278,1128.66895,1117.3822605,111738.22605,100.0,0.0,0.0,0.0,0.0,0.0,0.0,0.0,0.0,0.0,0.0,0.0,0.0,0.0,0.0,1128.66895,0.0,0.0,0.0
frdm,db279,279Db,105,174,279,105279,1087.63342,1076.7570858,107675.70857999999,100.0,0.0,0.0,0.0,0.0,0.0,0.0,0.0,0.0,0.0,0.0,0.0,0.0,0.0,0.0,1087.63342,0.0,0.0,0.0
frdm,db280,280Db,105,175,280,105280,325.41278,322.1586522,32215.86522,100.0,0.0,0.0,0.0,0.0,0.0,0.0,0.0,0.0,0.0,0.0,0.0,0.0,0.0,0.0,325.41278,0.0,0.0,0.0
frdm,db281,281Db,105,176,281,105281,199.78951,197.7916149,19779.161490000002,100.0,0.0,0.0,0.0,0.0,0.0,0.0,0.0,0.0,0.0,0.0,0.0,0.0,0.0,0.0,199.78951,0.0,0.0,0.0
frdm,db282,282Db,105,177,282,105282,81.12572,80.3144628,8031.44628,100.0,0.0,0.0,0.0,0.0,0.0,0.0,0.0,0.0,0.0,0.0,0.0,0.0,0.0,0.0,81.12572,0.0,0.0,0.0
frdm,db283,283Db,105,178,283,105283,31.17786,30.8660814,3086.6081400000003,100.0,0.0,0.0,0.0,0.0,0.0,0.0,0.0,0.0,0.0,0.0,0.0,0.0,0.0,0.0,31.17786,0.0,0.0,0.0
frdm,db284,284Db,105,179,284,105284,41.40593,40.9918707,4099.18707,100.0,0.0,0.0,0.0,0.0,0.0,0.0,0.0,0.0,0.0,0.0,0.0,0.0,0.0,0.0,41.40593,0.0,0.0,0.0
frdm,db285,285Db,105,180,285,105285,18.7443,18.556857,1855.6856999999998,100.0,0.0,0.0,0.0,0.0,0.0,0.0,0.0,0.0,0.0,0.0,0.0,0.0,0.0,0.0,18.7443,0.0,0.0,0.0
frdm,db286,286Db,105,181,286,105286,16.48919,16.3242981,1632.42981,100.0,0.0,0.0,0.0,0.0,0.0,0.0,0.0,0.0,0.0,0.0,0.0,0.0,0.0,0.0,16.48919,0.0,0.0,0.0
frdm,db287,287Db,105,182,287,105287,14.60963,14.4635337,1446.35337,100.0,0.0,0.0,0.0,0.0,0.0,0.02,0.018000000000000002,0.18000000000000002,0.0,0.0,0.0,0.0,0.0,0.0,14.60963,0.02,0.0,0.0
frdm,db288,288Db,105,183,288,105288,13.07887,12.9480813,1294.80813,100.0,0.0,0.0,0.0,0.0,0.0,0.04,0.036000000000000004,0.36000000000000004,0.0,0.0,0.0,0.0,0.0,0.0,13.07887,0.04,0.0,0.0
frdm,db289,289Db,105,184,289,105289,7.12008,7.0488792,704.8879199999999,100.0,0.0,0.0,0.0,0.0,0.0,0.15,0.135,1.35,0.0,0.0,0.0,0.0,0.0,0.0,7.12008,0.15,0.0,0.0
frdm,db290,290Db,105,185,290,105290,3.40142,3.3674058,336.74058,100.0,0.0,0.0,0.0,0.0,0.0,0.19,0.171,1.71,0.0,0.0,0.0,0.0,0.0,0.0,3.40142,0.19,0.0,0.0
frdm,db291,291Db,105,186,291,105291,4.76101,4.7133999,471.33999,100.0,0.0,0.0,0.0,0.0,0.0,0.28,0.252,2.5200000000000005,0.0,0.0,0.0,0.0,0.0,0.0,4.76101,0.28,0.0,0.0
frdm,db293,293Db,105,188,293,105293,3.53136,3.4960464,349.60463999999996,100.0,0.0,0.0,0.0,0.0,0.0,0.3,0.27,2.7,0.0,0.0,0.0,0.0,0.0,0.0,3.53136,0.3,0.0,0.0
frdm,db294,294Db,105,189,294,105294,3.23491,3.2025609000000004,320.25609000000003,100.0,0.0,0.0,0.0,0.0,0.0,0.19,0.171,1.71,0.0,0.0,0.0,0.0,0.0,0.0,3.23491,0.19,0.0,0.0
frdm,db295,295Db,105,190,295,105295,0.42055,0.4163445,41.63445,100.0,0.0,0.0,0.0,0.0,0.0,0.78,0.7020000000000001,7.0200000000000005,0.0,0.0,0.0,0.0,0.0,0.0,0.42055,0.78,0.0,0.0
frdm,db296,296Db,105,191,296,105296,0.72001,0.7128099,71.28099,100.0,0.0,0.0,0.0,0.0,0.0,0.69,0.621,6.209999999999999,0.0,0.0,0.0,0.0,0.0,0.0,0.72001,0.69,0.0,0.0
frdm,db297,297Db,105,192,297,105297,0.92736,0.9180864,91.80864,100.0,0.0,0.0,0.0,0.0,0.0,0.74,0.666,6.66,0.0,0.0,0.0,0.0,0.0,0.0,0.92736,0.74,0.0,0.0
frdm,db298,298Db,105,193,298,105298,0.68729,0.6804171,68.04171,100.0,0.0,0.0,0.0,0.0,0.0,0.63,0.567,5.67,0.0,0.0,0.0,0.0,0.0,0.0,0.68729,0.63,0.0,0.0
frdm,db299,299Db,105,194,299,105299,0.4724,0.467676,46.7676,100.0,0.0,0.0,0.0,0.0,0.0,0.75,0.675,6.75,0.0,0.0,0.0,0.0,0.0,0.0,0.4724,0.75,0.0,0.0
frdm,db300,300Db,105,195,300,105300,0.3006,0.29759399999999997,29.7594,100.0,0.0,0.0,0.0,0.0,0.0,0.59,0.5309999999999999,5.31,0.0,0.0,0.0,0.0,0.0,0.0,0.3006,0.59,0.0,0.0
frdm,db301,301Db,105,196,301,105301,0.30828,0.3051972,30.51972,100.0,0.0,0.0,0.0,0.0,0.0,0.77,0.6930000000000001,6.93,0.0,0.0,0.0,0.0,0.0,0.0,0.30828,0.77,0.0,0.0
frdm,db302,302Db,105,197,302,105302,0.16221,0.1605879,16.05879,100.0,0.0,0.0,0.0,0.0,0.0,0.67,0.603,6.03,0.01,0.009000000000000001,0.09000000000000001,0.0,0.0,0.0,0.16221,0.67,0.01,0.0
frdm,db303,303Db,105,198,303,105303,0.17579,0.1740321,17.40321,100.0,0.0,0.0,0.0,0.0,0.0,0.83,0.747,7.469999999999999,0.0,0.0,0.0,0.0,0.0,0.0,0.17579,0.83,0.0,0.0
frdm,db304,304Db,105,199,304,105304,0.12362,0.12238379999999999,12.23838,100.0,0.0,0.0,0.0,0.0,0.0,0.65,0.585,5.85,0.05,0.045000000000000005,0.45,0.0,0.0,0.0,0.12362,0.65,0.05,0.0
frdm,db305,305Db,105,200,305,105305,0.1142,0.11305799999999999,11.3058,100.0,0.0,0.0,0.0,0.0,0.0,0.84,0.756,7.5600000000000005,0.0,0.0,0.0,0.0,0.0,0.0,0.1142,0.84,0.0,0.0
frdm,db306,306Db,105,201,306,105306,0.09226,0.0913374,9.13374,100.0,0.0,0.0,0.0,0.0,0.0,0.7,0.63,6.3,0.14,0.126,1.2600000000000002,0.0,0.0,0.0,0.09226,0.7,0.14,0.0
frdm,db307,307Db,105,202,307,105307,0.07077,0.0700623,7.00623,100.0,0.0,0.0,0.0,0.0,0.0,0.85,0.765,7.65,0.01,0.009000000000000001,0.09000000000000001,0.0,0.0,0.0,0.07077,0.85,0.01,0.0
frdm,db308,308Db,105,203,308,105308,0.06048,0.059875199999999996,5.98752,100.0,0.0,0.0,0.0,0.0,0.0,0.49,0.441,4.41,0.38,0.342,3.42,0.0,0.0,0.0,0.06048,0.49,0.38,0.0
frdm,db309,309Db,105,204,309,105309,0.04724,0.0467676,4.676759999999999,100.0,0.0,0.0,0.0,0.0,0.0,0.71,0.639,6.39,0.19,0.171,1.71,0.0,0.0,0.0,0.04724,0.71,0.19,0.0
frdm,db310,310Db,105,205,310,105310,0.03873,0.0383427,3.83427,100.0,0.0,0.0,0.0,0.0,0.0,0.28,0.252,2.5200000000000005,0.62,0.558,5.58,0.0,0.0,0.0,0.03873,0.28,0.62,0.0
frdm,db311,311Db,105,206,311,105311,0.03208,0.031759199999999994,3.1759199999999996,100.0,0.0,0.0,0.0,0.0,0.0,0.46,0.41400000000000003,4.140000000000001,0.46,0.41400000000000003,4.140000000000001,0.0,0.0,0.0,0.03208,0.46,0.46,0.0
frdm,db312,312Db,105,207,312,105312,0.02931,0.029016899999999998,2.90169,100.0,0.0,0.0,0.0,0.0,0.0,0.2,0.18000000000000002,1.8,0.7,0.63,6.3,0.01,0.009000000000000001,0.09000000000000001,0.02931,0.2,0.7,0.01
frdm,db313,313Db,105,208,313,105313,0.02532,0.0250668,2.5066800000000002,100.0,0.0,0.0,0.0,0.0,0.0,0.33,0.29700000000000004,2.97,0.55,0.49500000000000005,4.95,0.04,0.036000000000000004,0.36000000000000004,0.02532,0.33,0.55,0.04
frdm,db314,314Db,105,209,314,105314,0.01911,0.0189189,1.8918899999999998,100.0,0.0,0.0,0.0,0.0,0.0,0.16,0.14400000000000002,1.4400000000000002,0.71,0.639,6.39,0.05,0.045000000000000005,0.45,0.01911,0.16,0.71,0.05
frdm,db315,315Db,105,210,315,105315,0.01836,0.018176400000000002,1.8176400000000001,100.0,0.0,0.0,0.0,0.0,0.0,0.26,0.234,2.34,0.58,0.522,5.22,0.09,0.081,0.8099999999999999,0.01836,0.26,0.58,0.09
frdm,db316,316Db,105,211,316,105316,0.0167,0.016533,1.6533,100.0,0.0,0.0,0.0,0.0,0.0,0.15,0.135,1.35,0.63,0.567,5.67,0.12,0.108,1.08,0.0167,0.15,0.63,0.12
frdm,db317,317Db,105,212,317,105317,0.0124,0.012275999999999999,1.2276,100.0,0.0,0.0,0.0,0.0,0.0,0.22,0.198,1.9800000000000002,0.53,0.47700000000000004,4.7700000000000005,0.19,0.171,1.71,0.0124,0.22,0.53,0.19
frdm,db318,318Db,105,213,318,105318,0.01183,0.0117117,1.17117,100.0,0.0,0.0,0.0,0.0,0.0,0.08,0.07200000000000001,0.7200000000000001,0.61,0.5489999999999999,5.489999999999999,0.23,0.20700000000000002,2.0700000000000003,0.01183,0.08,0.61,0.23
frdm,db319,319Db,105,214,319,105319,0.01061,0.0105039,1.05039,100.0,0.0,0.0,0.0,0.0,0.0,0.18,0.162,1.6199999999999999,0.41,0.369,3.6899999999999995,0.36,0.324,3.2399999999999998,0.01061,0.18,0.41,0.36
frdm,db320,320Db,105,215,320,105320,0.00952,0.0094248,0.9424800000000001,100.0,0.0,0.0,0.0,0.0,0.0,0.09,0.081,0.8099999999999999,0.42,0.378,3.7800000000000002,0.41,0.369,3.6899999999999995,0.00952,0.09,0.42,0.41
frdm,db321,321Db,105,216,321,105321,0.00972,0.009622799999999999,0.96228,100.0,0.0,0.0,0.0,0.0,0.0,0.13,0.117,1.17,0.27,0.24300000000000002,2.43,0.55,0.49500000000000005,4.95,0.00972,0.13,0.27,0.55
frdm,db322,322Db,105,217,322,105322,0.00991,0.009810900000000001,0.98109,100.0,0.0,0.0,0.0,0.0,0.0,0.05,0.045000000000000005,0.45,0.32,0.28800000000000003,2.8800000000000003,0.48,0.432,4.32,0.00991,0.05,0.32,0.48
frdm,db323,323Db,105,218,323,105323,0.00828,0.0081972,0.81972,100.0,0.0,0.0,0.0,0.0,0.0,0.13,0.117,1.17,0.2,0.18000000000000002,1.8,0.61,0.5489999999999999,5.489999999999999,0.00828,0.13,0.2,0.61
frdm,db324,324Db,105,219,324,105324,0.00763,0.0075537,0.75537,100.0,0.0,0.0,0.0,0.0,0.0,0.05,0.045000000000000005,0.45,0.26,0.234,2.34,0.45,0.405,4.05,0.00763,0.05,0.26,0.45
frdm,db325,325Db,105,220,325,105325,0.00703,0.0069597,0.69597,100.0,0.0,0.0,0.0,0.0,0.0,0.13,0.117,1.17,0.15,0.135,1.35,0.63,0.567,5.67,0.00703,0.13,0.15,0.63
frdm,db326,326Db,105,221,326,105326,0.00635,0.0062864999999999996,0.62865,100.0,0.0,0.0,0.0,0.0,0.0,0.04,0.036000000000000004,0.36000000000000004,0.18,0.162,1.6199999999999999,0.39,0.35100000000000003,3.5100000000000002,0.00635,0.04,0.18,0.39
frdm,db327,327Db,105,222,327,105327,0.00556,0.0055044,0.5504399999999999,100.0,0.0,0.0,0.0,0.0,0.0,0.11,0.099,0.9900000000000001,0.1,0.09000000000000001,0.9,0.57,0.5129999999999999,5.129999999999999,0.00556,0.11,0.1,0.57
frdm,db328,328Db,105,223,328,105328,0.00461,0.0045639,0.45639,100.0,0.0,0.0,0.0,0.0,0.0,0.06,0.054,0.54,0.13,0.117,1.17,0.19,0.171,1.71,0.00461,0.06,0.13,0.19
frdm,db329,329Db,105,224,329,105329,0.00439,0.0043460999999999994,0.43461,100.0,0.0,0.0,0.0,0.0,0.0,0.1,0.09000000000000001,0.9,0.06,0.054,0.54,0.34,0.30600000000000005,3.0600000000000005,0.00439,0.1,0.06,0.34
frdm,db330,330Db,105,225,330,105330,0.00361,0.0035739,0.35739,100.0,0.0,0.0,0.0,0.0,0.0,0.04,0.036000000000000004,0.36000000000000004,0.09,0.081,0.8099999999999999,0.11,0.099,0.9900000000000001,0.00361,0.04,0.09,0.11
frdm,db331,331Db,105,226,331,105331,0.00356,0.0035243999999999996,0.35244,100.0,0.0,0.0,0.0,0.0,0.0,0.1,0.09000000000000001,0.9,0.04,0.036000000000000004,0.36000000000000004,0.15,0.135,1.35,0.00356,0.1,0.04,0.15
frdm,db332,332Db,105,227,332,105332,0.00333,0.0032967,0.32967,100.0,0.0,0.0,0.0,0.0,0.0,0.04,0.036000000000000004,0.36000000000000004,0.12,0.108,1.08,0.04,0.036000000000000004,0.36000000000000004,0.00333,0.04,0.12,0.04
frdm,db333,333Db,105,228,333,105333,0.00307,0.0030393,0.30393,100.0,0.0,0.0,0.0,0.0,0.0,0.1,0.09000000000000001,0.9,0.03,0.027,0.27,0.11,0.099,0.9900000000000001,0.00307,0.1,0.03,0.11
frdm,db334,334Db,105,229,334,105334,0.00287,0.0028413,0.28413000000000005,100.0,0.0,0.0,0.0,0.0,0.0,0.03,0.027,0.27,0.1,0.09000000000000001,0.9,0.02,0.018000000000000002,0.18000000000000002,0.00287,0.03,0.1,0.02
frdm,db335,335Db,105,230,335,105335,0.00274,0.0027126,0.27125999999999995,100.0,0.0,0.0,0.0,0.0,0.0,0.04,0.036000000000000004,0.36000000000000004,0.05,0.045000000000000005,0.45,0.11,0.099,0.9900000000000001,0.00274,0.04,0.05,0.11
frdm,db336,336Db,105,231,336,105336,0.00251,0.0024849,0.24849,100.0,0.0,0.0,0.0,0.0,0.0,0.01,0.009000000000000001,0.09000000000000001,0.09,0.081,0.8099999999999999,0.05,0.045000000000000005,0.45,0.00251,0.01,0.09,0.05
frdm,db337,337Db,105,232,337,105337,0.00238,0.0023562,0.23562000000000002,100.0,0.0,0.0,0.0,0.0,0.0,0.03,0.027,0.27,0.03,0.027,0.27,0.13,0.117,1.17,0.00238,0.03,0.03,0.13
frdm,db338,338Db,105,233,338,105338,0.00216,0.0021384,0.21384,100.0,0.0,0.0,0.0,0.0,0.0,0.01,0.009000000000000001,0.09000000000000001,0.07,0.063,0.6300000000000001,0.03,0.027,0.27,0.00216,0.01,0.07,0.03
frdm,db339,339Db,105,234,339,105339,0.00198,0.0019602,0.19602,100.0,0.0,0.0,0.0,0.0,0.0,0.03,0.027,0.27,0.0,0.0,0.0,0.15,0.135,1.35,0.00198,0.03,0.0,0.15
frdm,sg279,279Sg,106,173,279,106279,960901.5625,951292.546875,95129254.6875,100.0,0.0,0.0,0.0,0.0,0.0,0.0,0.0,0.0,0.0,0.0,0.0,0.0,0.0,0.0,960901.5625,0.0,0.0,0.0
frdm,sg281,281Sg,106,175,281,106281,13309.2959,13176.202941,1317620.2940999998,100.0,0.0,0.0,0.0,0.0,0.0,0.0,0.0,0.0,0.0,0.0,0.0,0.0,0.0,0.0,13309.2959,0.0,0.0,0.0
frdm,sg282,282Sg,106,176,282,106282,66194.36719,65532.423518100004,6553242.351810001,100.0,0.0,0.0,0.0,0.0,0.0,0.0,0.0,0.0,0.0,0.0,0.0,0.0,0.0,0.0,66194.36719,0.0,0.0,0.0
frdm,sg283,283Sg,106,177,283,106283,832.88196,824.5531404000001,82455.31404000001,100.0,0.0,0.0,0.0,0.0,0.0,0.0,0.0,0.0,0.0,0.0,0.0,0.0,0.0,0.0,832.88196,0.0,0.0,0.0
frdm,sg284,284Sg,106,178,284,106284,8622.30957,8536.0864743,853608.6474299999,100.0,0.0,0.0,0.0,0.0,0.0,0.0,0.0,0.0,0.0,0.0,0.0,0.0,0.0,0.0,8622.30957,0.0,0.0,0.0
frdm,sg285,285Sg,106,179,285,106285,360.3934,356.789466,35678.946599999996,100.0,0.0,0.0,0.0,0.0,0.0,0.0,0.0,0.0,0.0,0.0,0.0,0.0,0.0,0.0,360.3934,0.0,0.0,0.0
frdm,sg286,286Sg,106,180,286,106286,770.91711,763.2079388999999,76320.79389,100.0,0.0,0.0,0.0,0.0,0.0,0.0,0.0,0.0,0.0,0.0,0.0,0.0,0.0,0.0,770.91711,0.0,0.0,0.0
frdm,sg287,287Sg,106,181,287,106287,221.12378,218.91254220000002,21891.25422,100.0,0.0,0.0,0.0,0.0,0.0,0.0,0.0,0.0,0.0,0.0,0.0,0.0,0.0,0.0,221.12378,0.0,0.0,0.0
frdm,sg288,288Sg,106,182,288,106288,220.63196,218.4256404,21842.56404,100.0,0.0,0.0,0.0,0.0,0.0,0.0,0.0,0.0,0.0,0.0,0.0,0.0,0.0,0.0,220.63196,0.0,0.0,0.0
frdm,sg289,289Sg,106,183,289,106289,97.91917,96.93997829999999,9693.99783,100.0,0.0,0.0,0.0,0.0,0.0,0.0,0.0,0.0,0.0,0.0,0.0,0.0,0.0,0.0,97.91917,0.0,0.0,0.0
frdm,sg290,290Sg,106,184,290,106290,55.14929,54.5977971,5459.77971,100.0,0.0,0.0,0.0,0.0,0.0,0.0,0.0,0.0,0.0,0.0,0.0,0.0,0.0,0.0,55.14929,0.0,0.0,0.0
frdm,sg291,291Sg,106,185,291,106291,11.38777,11.2738923,1127.38923,100.0,0.0,0.0,0.0,0.0,0.0,0.0,0.0,0.0,0.0,0.0,0.0,0.0,0.0,0.0,11.38777,0.0,0.0,0.0
frdm,sg292,292Sg,106,186,292,106292,20.02386,19.8236214,1982.36214,100.0,0.0,0.0,0.0,0.0,0.0,0.0,0.0,0.0,0.0,0.0,0.0,0.0,0.0,0.0,20.02386,0.0,0.0,0.0
frdm,sg293,293Sg,106,187,293,106293,8.27466,8.1919134,819.1913400000001,100.0,0.0,0.0,0.0,0.0,0.0,0.0,0.0,0.0,0.0,0.0,0.0,0.0,0.0,0.0,8.27466,0.0,0.0,0.0
frdm,sg294,294Sg,106,188,294,106294,9.96619,9.8665281,986.6528099999999,100.0,0.0,0.0,0.0,0.0,0.0,0.0,0.0,0.0,0.0,0.0,0.0,0.0,0.0,0.0,9.96619,0.0,0.0,0.0
frdm,sg295,295Sg,106,189,295,106295,7.43166,7.3573433999999995,735.73434,100.0,0.0,0.0,0.0,0.0,0.0,0.01,0.009000000000000001,0.09000000000000001,0.0,0.0,0.0,0.0,0.0,0.0,7.43166,0.01,0.0,0.0
frdm,sg297,297Sg,106,191,297,106297,1.17198,1.1602602,116.02602,100.0,0.0,0.0,0.0,0.0,0.0,0.0,0.0,0.0,0.0,0.0,0.0,0.0,0.0,0.0,1.17198,0.0,0.0,0.0
frdm,sg298,298Sg,106,192,298,106298,1.91825,1.8990675,189.90675,100.0,0.0,0.0,0.0,0.0,0.0,0.06,0.054,0.54,0.0,0.0,0.0,0.0,0.0,0.0,1.91825,0.06,0.0,0.0
frdm,sg299,299Sg,106,193,299,106299,1.65188,1.6353612,163.53611999999998,100.0,0.0,0.0,0.0,0.0,0.0,0.06,0.054,0.54,0.0,0.0,0.0,0.0,0.0,0.0,1.65188,0.06,0.0,0.0
frdm,sg300,300Sg,106,194,300,106300,1.08761,1.0767339,107.67339,100.0,0.0,0.0,0.0,0.0,0.0,0.07,0.063,0.6300000000000001,0.0,0.0,0.0,0.0,0.0,0.0,1.08761,0.07,0.0,0.0
frdm,sg301,301Sg,106,195,301,106301,0.57164,0.5659236000000001,56.59236,100.0,0.0,0.0,0.0,0.0,0.0,0.12,0.108,1.08,0.0,0.0,0.0,0.0,0.0,0.0,0.57164,0.12,0.0,0.0
frdm,sg302,302Sg,106,196,302,106302,0.66213,0.6555086999999999,65.55086999999999,100.0,0.0,0.0,0.0,0.0,0.0,0.17,0.15300000000000002,1.5300000000000002,0.0,0.0,0.0,0.0,0.0,0.0,0.66213,0.17,0.0,0.0
frdm,sg303,303Sg,106,197,303,106303,0.31181,0.30869189999999996,30.869189999999996,100.0,0.0,0.0,0.0,0.0,0.0,0.16,0.14400000000000002,1.4400000000000002,0.0,0.0,0.0,0.0,0.0,0.0,0.31181,0.16,0.0,0.0
frdm,sg304,304Sg,106,198,304,106304,0.32166,0.3184434,31.844339999999995,100.0,0.0,0.0,0.0,0.0,0.0,0.28,0.252,2.5200000000000005,0.0,0.0,0.0,0.0,0.0,0.0,0.32166,0.28,0.0,0.0
frdm,sg305,305Sg,106,199,305,106305,0.22955,0.2272545,22.725450000000002,100.0,0.0,0.0,0.0,0.0,0.0,0.32,0.28800000000000003,2.8800000000000003,0.0,0.0,0.0,0.0,0.0,0.0,0.22955,0.32,0.0,0.0
frdm,sg306,306Sg,106,200,306,106306,0.21397,0.2118303,21.18303,100.0,0.0,0.0,0.0,0.0,0.0,0.36,0.324,3.2399999999999998,0.0,0.0,0.0,0.0,0.0,0.0,0.21397,0.36,0.0,0.0
frdm,sg307,307Sg,106,201,307,106307,0.1524,0.150876,15.0876,100.0,0.0,0.0,0.0,0.0,0.0,0.47,0.423,4.2299999999999995,0.0,0.0,0.0,0.0,0.0,0.0,0.1524,0.47,0.0,0.0
frdm,sg308,308Sg,106,202,308,106308,0.10903,0.1079397,10.79397,100.0,0.0,0.0,0.0,0.0,0.0,0.49,0.441,4.41,0.0,0.0,0.0,0.0,0.0,0.0,0.10903,0.49,0.0,0.0
frdm,sg309,309Sg,106,203,309,106309,0.09319,0.0922581,9.22581,100.0,0.0,0.0,0.0,0.0,0.0,0.62,0.558,5.58,0.0,0.0,0.0,0.0,0.0,0.0,0.09319,0.62,0.0,0.0
frdm,sg310,310Sg,106,204,310,106310,0.08409,0.08324909999999999,8.32491,100.0,0.0,0.0,0.0,0.0,0.0,0.71,0.639,6.39,0.0,0.0,0.0,0.0,0.0,0.0,0.08409,0.71,0.0,0.0
frdm,sg311,311Sg,106,205,311,106311,0.0695,0.068805,6.880500000000001,100.0,0.0,0.0,0.0,0.0,0.0,0.68,0.6120000000000001,6.120000000000001,0.1,0.09000000000000001,0.9,0.0,0.0,0.0,0.0695,0.68,0.1,0.0
frdm,sg312,312Sg,106,206,312,106312,0.0535,0.052965,5.2965,100.0,0.0,0.0,0.0,0.0,0.0,0.84,0.756,7.5600000000000005,0.0,0.0,0.0,0.0,0.0,0.0,0.0535,0.84,0.0,0.0
frdm,sg313,313Sg,106,207,313,106313,0.04414,0.0436986,4.36986,100.0,0.0,0.0,0.0,0.0,0.0,0.53,0.47700000000000004,4.7700000000000005,0.29,0.261,2.61,0.0,0.0,0.0,0.04414,0.53,0.29,0.0
frdm,sg314,314Sg,106,208,314,106314,0.03866,0.0382734,3.82734,100.0,0.0,0.0,0.0,0.0,0.0,0.84,0.756,7.5600000000000005,0.04,0.036000000000000004,0.36000000000000004,0.0,0.0,0.0,0.03866,0.84,0.04,0.0
frdm,sg315,315Sg,106,209,315,106315,0.03627,0.035907299999999996,3.5907299999999998,100.0,0.0,0.0,0.0,0.0,0.0,0.44,0.396,3.9600000000000004,0.43,0.387,3.8699999999999997,0.0,0.0,0.0,0.03627,0.44,0.43,0.0
frdm,sg316,316Sg,106,210,316,106316,0.02922,0.0289278,2.89278,100.0,0.0,0.0,0.0,0.0,0.0,0.73,0.657,6.57,0.13,0.117,1.17,0.0,0.0,0.0,0.02922,0.73,0.13,0.0
frdm,sg317,317Sg,106,211,317,106317,0.024,0.02376,2.376,100.0,0.0,0.0,0.0,0.0,0.0,0.34,0.30600000000000005,3.0600000000000005,0.46,0.41400000000000003,4.140000000000001,0.0,0.0,0.0,0.024,0.34,0.46,0.0
frdm,sg318,318Sg,106,212,318,106318,0.02256,0.0223344,2.2334400000000003,100.0,0.0,0.0,0.0,0.0,0.0,0.61,0.5489999999999999,5.489999999999999,0.24,0.216,2.16,0.0,0.0,0.0,0.02256,0.61,0.24,0.0
frdm,sg319,319Sg,106,213,319,106319,0.01857,0.0183843,1.83843,100.0,0.0,0.0,0.0,0.0,0.0,0.31,0.279,2.79,0.59,0.5309999999999999,5.31,0.0,0.0,0.0,0.01857,0.31,0.59,0.0
frdm,sg320,320Sg,106,214,320,106320,0.01512,0.014968799999999999,1.49688,100.0,0.0,0.0,0.0,0.0,0.0,0.51,0.459,4.59,0.39,0.35100000000000003,3.5100000000000002,0.0,0.0,0.0,0.01512,0.51,0.39,0.0
frdm,sg321,321Sg,106,215,321,106321,0.01494,0.014790600000000001,1.47906,100.0,0.0,0.0,0.0,0.0,0.0,0.23,0.20700000000000002,2.0700000000000003,0.71,0.639,6.39,0.01,0.009000000000000001,0.09000000000000001,0.01494,0.23,0.71,0.01
frdm,sg322,322Sg,106,216,322,106322,0.01384,0.0137016,1.3701599999999998,100.0,0.0,0.0,0.0,0.0,0.0,0.36,0.324,3.2399999999999998,0.57,0.5129999999999999,5.129999999999999,0.02,0.018000000000000002,0.18000000000000002,0.01384,0.36,0.57,0.02
frdm,sg323,323Sg,106,217,323,106323,0.01228,0.0121572,1.21572,100.0,0.0,0.0,0.0,0.0,0.0,0.14,0.126,1.2600000000000002,0.72,0.648,6.4799999999999995,0.05,0.045000000000000005,0.45,0.01228,0.14,0.72,0.05
frdm,sg324,324Sg,106,218,324,106324,0.01231,0.0121869,1.2186899999999998,100.0,0.0,0.0,0.0,0.0,0.0,0.32,0.28800000000000003,2.8800000000000003,0.55,0.49500000000000005,4.95,0.08,0.07200000000000001,0.7200000000000001,0.01231,0.32,0.55,0.08
frdm,sg325,325Sg,106,219,325,106325,0.01159,0.0114741,1.14741,100.0,0.0,0.0,0.0,0.0,0.0,0.14,0.126,1.2600000000000002,0.68,0.6120000000000001,6.120000000000001,0.14,0.126,1.2600000000000002,0.01159,0.14,0.68,0.14
frdm,sg326,326Sg,106,220,326,106326,0.01041,0.010305900000000002,1.0305900000000001,100.0,0.0,0.0,0.0,0.0,0.0,0.26,0.234,2.34,0.48,0.432,4.32,0.21,0.189,1.8900000000000001,0.01041,0.26,0.48,0.21
frdm,sg327,327Sg,106,221,327,106327,0.00897,0.0088803,0.88803,100.0,0.0,0.0,0.0,0.0,0.0,0.11,0.099,0.9900000000000001,0.57,0.5129999999999999,5.129999999999999,0.27,0.24300000000000002,2.43,0.00897,0.11,0.57,0.27
frdm,sg328,328Sg,106,222,328,106328,0.00778,0.007702199999999999,0.7702199999999999,100.0,0.0,0.0,0.0,0.0,0.0,0.19,0.171,1.71,0.4,0.36000000000000004,3.6,0.36,0.324,3.2399999999999998,0.00778,0.19,0.4,0.36
frdm,sg329,329Sg,106,223,329,106329,0.00674,0.006672600000000001,0.6672600000000001,100.0,0.0,0.0,0.0,0.0,0.0,0.09,0.081,0.8099999999999999,0.34,0.30600000000000005,3.0600000000000005,0.46,0.41400000000000003,4.140000000000001,0.00674,0.09,0.34,0.46
frdm,sg330,330Sg,106,224,330,106330,0.00616,0.0060983999999999995,0.6098399999999999,100.0,0.0,0.0,0.0,0.0,0.0,0.12,0.108,1.08,0.19,0.171,1.71,0.63,0.567,5.67,0.00616,0.12,0.19,0.63
frdm,sg331,331Sg,106,225,331,106331,0.00491,0.0048609000000000005,0.48609,100.0,0.0,0.0,0.0,0.0,0.0,0.06,0.054,0.54,0.19,0.171,1.71,0.42,0.378,3.7800000000000002,0.00491,0.06,0.19,0.42
frdm,sg332,332Sg,106,226,332,106332,0.00491,0.0048609000000000005,0.48609,100.0,0.0,0.0,0.0,0.0,0.0,0.09,0.081,0.8099999999999999,0.09,0.081,0.8099999999999999,0.59,0.5309999999999999,5.31,0.00491,0.09,0.09,0.59
frdm,sg333,333Sg,106,227,333,106333,0.00441,0.0043659,0.43659,100.0,0.0,0.0,0.0,0.0,0.0,0.08,0.07200000000000001,0.7200000000000001,0.1,0.09000000000000001,0.9,0.2,0.18000000000000002,1.8,0.00441,0.08,0.1,0.2
frdm,sg334,334Sg,106,228,334,106334,0.00416,0.0041183999999999995,0.41184,100.0,0.0,0.0,0.0,0.0,0.0,0.11,0.099,0.9900000000000001,0.06,0.054,0.54,0.35,0.315,3.15,0.00416,0.11,0.06,0.35
frdm,sg335,335Sg,106,229,335,106335,0.00385,0.0038115000000000002,0.38115,100.0,0.0,0.0,0.0,0.0,0.0,0.07,0.063,0.6300000000000001,0.1,0.09000000000000001,0.9,0.12,0.108,1.08,0.00385,0.07,0.1,0.12
frdm,sg336,336Sg,106,230,336,106336,0.0035,0.003465,0.34650000000000003,100.0,0.0,0.0,0.0,0.0,0.0,0.12,0.108,1.08,0.05,0.045000000000000005,0.45,0.25,0.225,2.25,0.0035,0.12,0.05,0.25
frdm,sg337,337Sg,106,231,337,106337,0.00318,0.0031482000000000003,0.31482,100.0,0.0,0.0,0.0,0.0,0.0,0.06,0.054,0.54,0.11,0.099,0.9900000000000001,0.07,0.063,0.6300000000000001,0.00318,0.06,0.11,0.07
frdm,sg338,338Sg,106,232,338,106338,0.00316,0.0031284,0.31284,100.0,0.0,0.0,0.0,0.0,0.0,0.12,0.108,1.08,0.05,0.045000000000000005,0.45,0.15,0.135,1.35,0.00316,0.12,0.05,0.15
frdm,bh276,276Bh,107,169,276,107276,2659890.0,2633291.1,263329110.0,100.0,0.0,0.0,0.0,0.0,0.0,0.0,0.0,0.0,0.0,0.0,0.0,0.0,0.0,0.0,2659890.0,0.0,0.0,0.0
frdm,bh280,280Bh,107,173,280,107280,15639.12793,15482.7366507,1548273.66507,100.0,0.0,0.0,0.0,0.0,0.0,0.0,0.0,0.0,0.0,0.0,0.0,0.0,0.0,0.0,15639.12793,0.0,0.0,0.0
frdm,bh281,281Bh,107,174,281,107281,88395.86719,87511.9085181,8751190.85181,100.0,0.0,0.0,0.0,0.0,0.0,0.0,0.0,0.0,0.0,0.0,0.0,0.0,0.0,0.0,88395.86719,0.0,0.0,0.0
frdm,bh282,282Bh,107,175,282,107282,2900.82031,2871.8121069,287181.21069000004,100.0,0.0,0.0,0.0,0.0,0.0,0.0,0.0,0.0,0.0,0.0,0.0,0.0,0.0,0.0,2900.82031,0.0,0.0,0.0
frdm,bh283,283Bh,107,176,283,107283,1943.45532,1924.0207668,192402.07668,100.0,0.0,0.0,0.0,0.0,0.0,0.0,0.0,0.0,0.0,0.0,0.0,0.0,0.0,0.0,1943.45532,0.0,0.0,0.0
frdm,bh284,284Bh,107,177,284,107284,401.61395,397.5978105,39759.78105,100.0,0.0,0.0,0.0,0.0,0.0,0.0,0.0,0.0,0.0,0.0,0.0,0.0,0.0,0.0,401.61395,0.0,0.0,0.0
frdm,bh285,285Bh,107,178,285,107285,122.49299,121.2680601,12126.80601,100.0,0.0,0.0,0.0,0.0,0.0,0.0,0.0,0.0,0.0,0.0,0.0,0.0,0.0,0.0,122.49299,0.0,0.0,0.0
frdm,bh286,286Bh,107,179,286,107286,73.79029,73.0523871,7305.23871,100.0,0.0,0.0,0.0,0.0,0.0,0.0,0.0,0.0,0.0,0.0,0.0,0.0,0.0,0.0,73.79029,0.0,0.0,0.0
frdm,bh287,287Bh,107,180,287,107287,74.29739,73.5544161,7355.44161,100.0,0.0,0.0,0.0,0.0,0.0,0.0,0.0,0.0,0.0,0.0,0.0,0.0,0.0,0.0,74.29739,0.0,0.0,0.0
frdm,bh288,288Bh,107,181,288,107288,88.45963,87.5750337,8757.50337,100.0,0.0,0.0,0.0,0.0,0.0,0.0,0.0,0.0,0.0,0.0,0.0,0.0,0.0,0.0,88.45963,0.0,0.0,0.0
frdm,bh289,289Bh,107,182,289,107289,67.25742,66.5848458,6658.484579999999,100.0,0.0,0.0,0.0,0.0,0.0,0.0,0.0,0.0,0.0,0.0,0.0,0.0,0.0,0.0,67.25742,0.0,0.0,0.0
frdm,bh290,290Bh,107,183,290,107290,47.53393,47.058590699999996,4705.85907,100.0,0.0,0.0,0.0,0.0,0.0,0.0,0.0,0.0,0.0,0.0,0.0,0.0,0.0,0.0,47.53393,0.0,0.0,0.0
frdm,bh291,291Bh,107,184,291,107291,27.33894,27.0655506,2706.55506,100.0,0.0,0.0,0.0,0.0,0.0,0.0,0.0,0.0,0.0,0.0,0.0,0.0,0.0,0.0,27.33894,0.0,0.0,0.0
frdm,bh292,292Bh,107,185,292,107292,9.25236,9.1598364,915.98364,100.0,0.0,0.0,0.0,0.0,0.0,0.01,0.009000000000000001,0.09000000000000001,0.0,0.0,0.0,0.0,0.0,0.0,9.25236,0.01,0.0,0.0
frdm,bh293,293Bh,107,186,293,107293,15.45,15.295499999999999,1529.55,100.0,0.0,0.0,0.0,0.0,0.0,0.07,0.063,0.6300000000000001,0.0,0.0,0.0,0.0,0.0,0.0,15.45,0.07,0.0,0.0
frdm,bh294,294Bh,107,187,294,107294,8.49393,8.4089907,840.89907,100.0,0.0,0.0,0.0,0.0,0.0,0.02,0.018000000000000002,0.18000000000000002,0.0,0.0,0.0,0.0,0.0,0.0,8.49393,0.02,0.0,0.0
frdm,bh295,295Bh,107,188,295,107295,9.32122,9.2280078,922.80078,100.0,0.0,0.0,0.0,0.0,0.0,0.1,0.09000000000000001,0.9,0.0,0.0,0.0,0.0,0.0,0.0,9.32122,0.1,0.0,0.0
frdm,bh299,299Bh,107,192,299,107299,2.03356,2.0132244,201.32244,100.0,0.0,0.0,0.0,0.0,0.0,0.0,0.0,0.0,0.0,0.0,0.0,0.0,0.0,0.0,2.03356,0.0,0.0,0.0
frdm,bh300,300Bh,107,193,300,107300,3.16336,3.1317264,313.17264,100.0,0.0,0.0,0.0,0.0,0.0,0.33,0.29700000000000004,2.97,0.0,0.0,0.0,0.0,0.0,0.0,3.16336,0.33,0.0,0.0
frdm,bh301,301Bh,107,194,301,107301,1.85813,1.8395487000000001,183.95487000000003,100.0,0.0,0.0,0.0,0.0,0.0,0.37,0.333,3.33,0.0,0.0,0.0,0.0,0.0,0.0,1.85813,0.37,0.0,0.0
frdm,bh302,302Bh,107,195,302,107302,0.83559,0.8272341000000001,82.72341000000002,100.0,0.0,0.0,0.0,0.0,0.0,0.22,0.198,1.9800000000000002,0.0,0.0,0.0,0.0,0.0,0.0,0.83559,0.22,0.0,0.0
frdm,bh303,303Bh,107,196,303,107303,1.03596,1.0256004,102.56004,100.0,0.0,0.0,0.0,0.0,0.0,0.49,0.441,4.41,0.0,0.0,0.0,0.0,0.0,0.0,1.03596,0.49,0.0,0.0
frdm,bh304,304Bh,107,197,304,107304,0.4651,0.460449,46.0449,100.0,0.0,0.0,0.0,0.0,0.0,0.34,0.30600000000000005,3.0600000000000005,0.0,0.0,0.0,0.0,0.0,0.0,0.4651,0.34,0.0,0.0
frdm,bh305,305Bh,107,198,305,107305,0.5741,0.5683590000000001,56.8359,100.0,0.0,0.0,0.0,0.0,0.0,0.6,0.54,5.4,0.0,0.0,0.0,0.0,0.0,0.0,0.5741,0.6,0.0,0.0
frdm,bh306,306Bh,107,199,306,107306,0.37229,0.36856710000000004,36.85671,100.0,0.0,0.0,0.0,0.0,0.0,0.44,0.396,3.9600000000000004,0.0,0.0,0.0,0.0,0.0,0.0,0.37229,0.44,0.0,0.0
frdm,bh307,307Bh,107,200,307,107307,0.36462,0.3609738,36.09738,100.0,0.0,0.0,0.0,0.0,0.0,0.64,0.5760000000000001,5.760000000000001,0.0,0.0,0.0,0.0,0.0,0.0,0.36462,0.64,0.0,0.0
frdm,bh308,308Bh,107,201,308,107308,0.25063,0.24812370000000003,24.81237,100.0,0.0,0.0,0.0,0.0,0.0,0.62,0.558,5.58,0.0,0.0,0.0,0.0,0.0,0.0,0.25063,0.62,0.0,0.0
frdm,bh309,309Bh,107,202,309,107309,0.17525,0.1734975,17.34975,100.0,0.0,0.0,0.0,0.0,0.0,0.64,0.5760000000000001,5.760000000000001,0.0,0.0,0.0,0.0,0.0,0.0,0.17525,0.64,0.0,0.0
frdm,bh310,310Bh,107,203,310,107310,0.13814,0.1367586,13.675860000000002,100.0,0.0,0.0,0.0,0.0,0.0,0.77,0.6930000000000001,6.93,0.04,0.036000000000000004,0.36000000000000004,0.0,0.0,0.0,0.13814,0.77,0.04,0.0
frdm,bh311,311Bh,107,204,311,107311,0.11551,0.1143549,11.43549,100.0,0.0,0.0,0.0,0.0,0.0,0.9,0.81,8.1,0.0,0.0,0.0,0.0,0.0,0.0,0.11551,0.9,0.0,0.0
frdm,bh312,312Bh,107,205,312,107312,0.08249,0.08166509999999999,8.166509999999999,100.0,0.0,0.0,0.0,0.0,0.0,0.54,0.48600000000000004,4.86,0.29,0.261,2.61,0.0,0.0,0.0,0.08249,0.54,0.29,0.0
frdm,bh313,313Bh,107,206,313,107313,0.0792,0.078408,7.840800000000001,100.0,0.0,0.0,0.0,0.0,0.0,0.83,0.747,7.469999999999999,0.09,0.081,0.8099999999999999,0.0,0.0,0.0,0.0792,0.83,0.09,0.0
frdm,bh314,314Bh,107,207,314,107314,0.05135,0.0508365,5.08365,100.0,0.0,0.0,0.0,0.0,0.0,0.51,0.459,4.59,0.4,0.36000000000000004,3.6,0.0,0.0,0.0,0.05135,0.51,0.4,0.0
frdm,bh315,315Bh,107,208,315,107315,0.05599,0.055430099999999996,5.54301,100.0,0.0,0.0,0.0,0.0,0.0,0.71,0.639,6.39,0.22,0.198,1.9800000000000002,0.0,0.0,0.0,0.05599,0.71,0.22,0.0
frdm,bh316,316Bh,107,209,316,107316,0.04506,0.0446094,4.46094,100.0,0.0,0.0,0.0,0.0,0.0,0.33,0.29700000000000004,2.97,0.49,0.441,4.41,0.0,0.0,0.0,0.04506,0.33,0.49,0.0
frdm,bh317,317Bh,107,210,317,107317,0.04199,0.0415701,4.15701,100.0,0.0,0.0,0.0,0.0,0.0,0.62,0.558,5.58,0.32,0.28800000000000003,2.8800000000000003,0.0,0.0,0.0,0.04199,0.62,0.32,0.0
frdm,bh318,318Bh,107,211,318,107318,0.03274,0.0324126,3.24126,100.0,0.0,0.0,0.0,0.0,0.0,0.3,0.27,2.7,0.54,0.48600000000000004,4.86,0.0,0.0,0.0,0.03274,0.3,0.54,0.0
frdm,bh319,319Bh,107,212,319,107319,0.02873,0.028442699999999998,2.84427,100.0,0.0,0.0,0.0,0.0,0.0,0.54,0.48600000000000004,4.86,0.4,0.36000000000000004,3.6,0.0,0.0,0.0,0.02873,0.54,0.4,0.0
frdm,bh320,320Bh,107,213,320,107320,0.02527,0.0250173,2.5017300000000002,100.0,0.0,0.0,0.0,0.0,0.0,0.3,0.27,2.7,0.64,0.5760000000000001,5.760000000000001,0.0,0.0,0.0,0.02527,0.3,0.64,0.0
frdm,bh321,321Bh,107,214,321,107321,0.02014,0.0199386,1.9938600000000002,100.0,0.0,0.0,0.0,0.0,0.0,0.43,0.387,3.8699999999999997,0.52,0.468,4.68,0.01,0.009000000000000001,0.09000000000000001,0.02014,0.43,0.52,0.01
frdm,bh322,322Bh,107,215,322,107322,0.01797,0.0177903,1.77903,100.0,0.0,0.0,0.0,0.0,0.0,0.2,0.18000000000000002,1.8,0.72,0.648,6.4799999999999995,0.04,0.036000000000000004,0.36000000000000004,0.01797,0.2,0.72,0.04
frdm,bh323,323Bh,107,216,323,107323,0.01788,0.0177012,1.7701200000000001,100.0,0.0,0.0,0.0,0.0,0.0,0.29,0.261,2.61,0.55,0.49500000000000005,4.95,0.13,0.117,1.17,0.01788,0.29,0.55,0.13
frdm,bh324,324Bh,107,217,324,107324,0.01597,0.015810300000000003,1.5810300000000002,100.0,0.0,0.0,0.0,0.0,0.0,0.11,0.099,0.9900000000000001,0.67,0.603,6.03,0.19,0.171,1.71,0.01597,0.11,0.67,0.19
frdm,bh325,325Bh,107,218,325,107325,0.01388,0.0137412,1.37412,100.0,0.0,0.0,0.0,0.0,0.0,0.22,0.198,1.9800000000000002,0.45,0.405,4.05,0.31,0.279,2.79,0.01388,0.22,0.45,0.31
frdm,bh326,326Bh,107,219,326,107326,0.01379,0.0136521,1.36521,100.0,0.0,0.0,0.0,0.0,0.0,0.09,0.081,0.8099999999999999,0.56,0.504,5.040000000000001,0.31,0.279,2.79,0.01379,0.09,0.56,0.31
frdm,bh327,327Bh,107,220,327,107327,0.01296,0.012830399999999999,1.2830399999999997,100.0,0.0,0.0,0.0,0.0,0.0,0.19,0.171,1.71,0.34,0.30600000000000005,3.0600000000000005,0.45,0.405,4.05,0.01296,0.19,0.34,0.45
frdm,bh328,328Bh,107,221,328,107328,0.01167,0.011553299999999999,1.15533,100.0,0.0,0.0,0.0,0.0,0.0,0.07,0.063,0.6300000000000001,0.43,0.387,3.8699999999999997,0.44,0.396,3.9600000000000004,0.01167,0.07,0.43,0.44
frdm,bh329,329Bh,107,222,329,107329,0.00992,0.0098208,0.98208,100.0,0.0,0.0,0.0,0.0,0.0,0.16,0.14400000000000002,1.4400000000000002,0.23,0.20700000000000002,2.0700000000000003,0.59,0.5309999999999999,5.31,0.00992,0.16,0.23,0.59
frdm,bh330,330Bh,107,223,330,107330,0.0084,0.008315999999999999,0.8316,100.0,0.0,0.0,0.0,0.0,0.0,0.06,0.054,0.54,0.3,0.27,2.7,0.48,0.432,4.32,0.0084,0.06,0.3,0.48
frdm,bh331,331Bh,107,224,331,107331,0.00762,0.0075438,0.75438,100.0,0.0,0.0,0.0,0.0,0.0,0.11,0.099,0.9900000000000001,0.13,0.117,1.17,0.7,0.63,6.3,0.00762,0.11,0.13,0.7
frdm,bh332,332Bh,107,225,332,107332,0.00617,0.0061083000000000005,0.61083,100.0,0.0,0.0,0.0,0.0,0.0,0.03,0.027,0.27,0.19,0.171,1.71,0.35,0.315,3.15,0.00617,0.03,0.19,0.35
frdm,bh333,333Bh,107,226,333,107333,0.00594,0.0058806,0.58806,100.0,0.0,0.0,0.0,0.0,0.0,0.1,0.09000000000000001,0.9,0.07,0.063,0.6300000000000001,0.54,0.48600000000000004,4.86,0.00594,0.1,0.07,0.54
frdm,bh334,334Bh,107,227,334,107334,0.00534,0.0052866,0.52866,100.0,0.0,0.0,0.0,0.0,0.0,0.05,0.045000000000000005,0.45,0.14,0.126,1.2600000000000002,0.14,0.126,1.2600000000000002,0.00534,0.05,0.14,0.14
frdm,bh335,335Bh,107,228,335,107335,0.00478,0.004732200000000001,0.47322000000000003,100.0,0.0,0.0,0.0,0.0,0.0,0.1,0.09000000000000001,0.9,0.07,0.063,0.6300000000000001,0.36,0.324,3.2399999999999998,0.00478,0.1,0.07,0.36
frdm,bh336,336Bh,107,229,336,107336,0.00306,0.0030294,0.30294,100.0,0.0,0.0,0.0,0.0,0.0,0.04,0.036000000000000004,0.36000000000000004,0.1,0.09000000000000001,0.9,0.15,0.135,1.35,0.00306,0.04,0.1,0.15
frdm,bh337,337Bh,107,230,337,107337,0.00306,0.0030294,0.30294,100.0,0.0,0.0,0.0,0.0,0.0,0.14,0.126,1.2600000000000002,0.05,0.045000000000000005,0.45,0.27,0.24300000000000002,2.43,0.00306,0.14,0.05,0.27
frdm,bh338,338Bh,107,231,338,107338,0.0027,0.002673,0.26730000000000004,100.0,0.0,0.0,0.0,0.0,0.0,0.05,0.045000000000000005,0.45,0.14,0.126,1.2600000000000002,0.08,0.07200000000000001,0.7200000000000001,0.0027,0.05,0.14,0.08
frdm,bh339,339Bh,107,232,339,107339,0.00304,0.0030096000000000003,0.30096,100.0,0.0,0.0,0.0,0.0,0.0,0.11,0.099,0.9900000000000001,0.05,0.045000000000000005,0.45,0.19,0.171,1.71,0.00304,0.11,0.05,0.19
frdm,hs285,285Hs,108,177,285,108285,69316.70313,68623.53609869999,6862353.609869999,100.0,0.0,0.0,0.0,0.0,0.0,0.0,0.0,0.0,0.0,0.0,0.0,0.0,0.0,0.0,69316.70313,0.0,0.0,0.0
frdm,hs287,287Hs,108,179,287,108287,5942.77246,5883.3447354,588334.47354,100.0,0.0,0.0,0.0,0.0,0.0,0.0,0.0,0.0,0.0,0.0,0.0,0.0,0.0,0.0,5942.77246,0.0,0.0,0.0
frdm,hs288,288Hs,108,180,288,108288,759682.125,752085.30375,75208530.375,100.0,0.0,0.0,0.0,0.0,0.0,0.0,0.0,0.0,0.0,0.0,0.0,0.0,0.0,0.0,759682.125,0.0,0.0,0.0
frdm,hs289,289Hs,108,181,289,108289,1773.29456,1755.5616144,175556.16144,100.0,0.0,0.0,0.0,0.0,0.0,0.0,0.0,0.0,0.0,0.0,0.0,0.0,0.0,0.0,1773.29456,0.0,0.0,0.0
frdm,hs290,290Hs,108,182,290,108290,4054.21582,4013.6736618,401367.36618,100.0,0.0,0.0,0.0,0.0,0.0,0.0,0.0,0.0,0.0,0.0,0.0,0.0,0.0,0.0,4054.21582,0.0,0.0,0.0
frdm,hs291,291Hs,108,183,291,108291,455.71072,451.15361279999996,45115.36128,100.0,0.0,0.0,0.0,0.0,0.0,0.0,0.0,0.0,0.0,0.0,0.0,0.0,0.0,0.0,455.71072,0.0,0.0,0.0
frdm,hs292,292Hs,108,184,292,108292,364.85632,361.20775679999997,36120.77568,100.0,0.0,0.0,0.0,0.0,0.0,0.0,0.0,0.0,0.0,0.0,0.0,0.0,0.0,0.0,364.85632,0.0,0.0,0.0
frdm,hs293,293Hs,108,185,293,108293,30.07219,29.7714681,2977.14681,100.0,0.0,0.0,0.0,0.0,0.0,0.0,0.0,0.0,0.0,0.0,0.0,0.0,0.0,0.0,30.07219,0.0,0.0,0.0
frdm,hs294,294Hs,108,186,294,108294,84.46638,83.6217162,8362.171620000001,100.0,0.0,0.0,0.0,0.0,0.0,0.0,0.0,0.0,0.0,0.0,0.0,0.0,0.0,0.0,84.46638,0.0,0.0,0.0
frdm,hs295,295Hs,108,187,295,108295,22.84481,22.616361899999998,2261.6361899999997,100.0,0.0,0.0,0.0,0.0,0.0,0.0,0.0,0.0,0.0,0.0,0.0,0.0,0.0,0.0,22.84481,0.0,0.0,0.0
frdm,hs296,296Hs,108,188,296,108296,34.38169,34.0378731,3403.7873099999997,100.0,0.0,0.0,0.0,0.0,0.0,0.0,0.0,0.0,0.0,0.0,0.0,0.0,0.0,0.0,34.38169,0.0,0.0,0.0
frdm,hs299,299Hs,108,191,299,108299,16.46529,16.3006371,1630.06371,100.0,0.0,0.0,0.0,0.0,0.0,0.0,0.0,0.0,0.0,0.0,0.0,0.0,0.0,0.0,16.46529,0.0,0.0,0.0
frdm,hs300,300Hs,108,192,300,108300,3.85523,3.8166777,381.66777,100.0,0.0,0.0,0.0,0.0,0.0,0.0,0.0,0.0,0.0,0.0,0.0,0.0,0.0,0.0,3.85523,0.0,0.0,0.0
frdm,hs301,301Hs,108,193,301,108301,7.58404,7.5081996,750.81996,100.0,0.0,0.0,0.0,0.0,0.0,0.0,0.0,0.0,0.0,0.0,0.0,0.0,0.0,0.0,7.58404,0.0,0.0,0.0
frdm,hs302,302Hs,108,194,302,108302,6.80621,6.7381479,673.81479,100.0,0.0,0.0,0.0,0.0,0.0,0.0,0.0,0.0,0.0,0.0,0.0,0.0,0.0,0.0,6.80621,0.0,0.0,0.0
frdm,hs303,303Hs,108,195,303,108303,2.07961,2.0588139,205.88139,100.0,0.0,0.0,0.0,0.0,0.0,0.0,0.0,0.0,0.0,0.0,0.0,0.0,0.0,0.0,2.07961,0.0,0.0,0.0
frdm,hs304,304Hs,108,196,304,108304,2.73462,2.7072738,270.72738,100.0,0.0,0.0,0.0,0.0,0.0,0.0,0.0,0.0,0.0,0.0,0.0,0.0,0.0,0.0,2.73462,0.0,0.0,0.0
frdm,hs305,305Hs,108,197,305,108305,0.96514,0.9554886,95.54885999999999,100.0,0.0,0.0,0.0,0.0,0.0,0.0,0.0,0.0,0.0,0.0,0.0,0.0,0.0,0.0,0.96514,0.0,0.0,0.0
frdm,hs306,306Hs,108,198,306,108306,1.32287,1.3096413,130.96413,100.0,0.0,0.0,0.0,0.0,0.0,0.01,0.009000000000000001,0.09000000000000001,0.0,0.0,0.0,0.0,0.0,0.0,1.32287,0.01,0.0,0.0
frdm,hs307,307Hs,108,199,307,108307,0.71426,0.7071174,70.71174,100.0,0.0,0.0,0.0,0.0,0.0,0.03,0.027,0.27,0.0,0.0,0.0,0.0,0.0,0.0,0.71426,0.03,0.0,0.0
frdm,hs308,308Hs,108,200,308,108308,0.7656,0.757944,75.79439999999998,100.0,0.0,0.0,0.0,0.0,0.0,0.05,0.045000000000000005,0.45,0.0,0.0,0.0,0.0,0.0,0.0,0.7656,0.05,0.0,0.0
frdm,hs309,309Hs,108,201,309,108309,0.50746,0.5023854,50.23854,100.0,0.0,0.0,0.0,0.0,0.0,0.12,0.108,1.08,0.0,0.0,0.0,0.0,0.0,0.0,0.50746,0.12,0.0,0.0
frdm,hs310,310Hs,108,202,310,108310,0.35466,0.35111339999999996,35.11133999999999,100.0,0.0,0.0,0.0,0.0,0.0,0.15,0.135,1.35,0.0,0.0,0.0,0.0,0.0,0.0,0.35466,0.15,0.0,0.0
frdm,hs311,311Hs,108,203,311,108311,0.30223,0.2992077,29.920769999999997,100.0,0.0,0.0,0.0,0.0,0.0,0.29,0.261,2.61,0.0,0.0,0.0,0.0,0.0,0.0,0.30223,0.29,0.0,0.0
frdm,hs312,312Hs,108,204,312,108312,0.22718,0.2249082,22.49082,100.0,0.0,0.0,0.0,0.0,0.0,0.45,0.405,4.05,0.0,0.0,0.0,0.0,0.0,0.0,0.22718,0.45,0.0,0.0
frdm,hs313,313Hs,108,205,313,108313,0.15923,0.15763770000000002,15.763770000000001,100.0,0.0,0.0,0.0,0.0,0.0,0.46,0.41400000000000003,4.140000000000001,0.0,0.0,0.0,0.0,0.0,0.0,0.15923,0.46,0.0,0.0
frdm,hs314,314Hs,108,206,314,108314,0.17122,0.16950780000000001,16.950779999999998,100.0,0.0,0.0,0.0,0.0,0.0,0.59,0.5309999999999999,5.31,0.0,0.0,0.0,0.0,0.0,0.0,0.17122,0.59,0.0,0.0
frdm,hs315,315Hs,108,207,315,108315,0.09601,0.09504989999999999,9.50499,100.0,0.0,0.0,0.0,0.0,0.0,0.55,0.49500000000000005,4.95,0.01,0.009000000000000001,0.09000000000000001,0.0,0.0,0.0,0.09601,0.55,0.01,0.0
frdm,hs316,316Hs,108,208,316,108316,0.10816,0.1070784,10.707840000000001,100.0,0.0,0.0,0.0,0.0,0.0,0.65,0.585,5.85,0.0,0.0,0.0,0.0,0.0,0.0,0.10816,0.65,0.0,0.0
frdm,hs317,317Hs,108,209,317,108317,0.07325,0.0725175,7.2517499999999995,100.0,0.0,0.0,0.0,0.0,0.0,0.55,0.49500000000000005,4.95,0.04,0.036000000000000004,0.36000000000000004,0.0,0.0,0.0,0.07325,0.55,0.04,0.0
frdm,hs318,318Hs,108,210,318,108318,0.06878,0.06809219999999999,6.809219999999999,100.0,0.0,0.0,0.0,0.0,0.0,0.68,0.6120000000000001,6.120000000000001,0.0,0.0,0.0,0.0,0.0,0.0,0.06878,0.68,0.0,0.0
frdm,hs319,319Hs,108,211,319,108319,0.05091,0.0504009,5.040089999999999,100.0,0.0,0.0,0.0,0.0,0.0,0.51,0.459,4.59,0.11,0.099,0.9900000000000001,0.0,0.0,0.0,0.05091,0.51,0.11,0.0
frdm,hs320,320Hs,108,212,320,108320,0.04597,0.0455103,4.55103,100.0,0.0,0.0,0.0,0.0,0.0,0.69,0.621,6.209999999999999,0.01,0.009000000000000001,0.09000000000000001,0.0,0.0,0.0,0.04597,0.69,0.01,0.0
frdm,hs321,321Hs,108,213,321,108321,0.04151,0.0410949,4.10949,100.0,0.0,0.0,0.0,0.0,0.0,0.5,0.45,4.5,0.24,0.216,2.16,0.0,0.0,0.0,0.04151,0.5,0.24,0.0
frdm,hs322,322Hs,108,214,322,108322,0.03378,0.0334422,3.3442199999999995,100.0,0.0,0.0,0.0,0.0,0.0,0.73,0.657,6.57,0.05,0.045000000000000005,0.45,0.0,0.0,0.0,0.03378,0.73,0.05,0.0
frdm,hs323,323Hs,108,215,323,108323,0.0317,0.031383,3.1383,100.0,0.0,0.0,0.0,0.0,0.0,0.4,0.36000000000000004,3.6,0.48,0.432,4.32,0.0,0.0,0.0,0.0317,0.4,0.48,0.0
frdm,hs324,324Hs,108,216,324,108324,0.02723,0.0269577,2.69577,100.0,0.0,0.0,0.0,0.0,0.0,0.64,0.5760000000000001,5.760000000000001,0.22,0.198,1.9800000000000002,0.0,0.0,0.0,0.02723,0.64,0.22,0.0
frdm,hs325,325Hs,108,217,325,108325,0.02754,0.0272646,2.72646,100.0,0.0,0.0,0.0,0.0,0.0,0.31,0.279,2.79,0.59,0.5309999999999999,5.31,0.0,0.0,0.0,0.02754,0.31,0.59,0.0
frdm,hs326,326Hs,108,218,326,108326,0.02355,0.023314500000000002,2.33145,100.0,0.0,0.0,0.0,0.0,0.0,0.52,0.468,4.68,0.38,0.342,3.42,0.0,0.0,0.0,0.02355,0.52,0.38,0.0
frdm,hs327,327Hs,108,219,327,108327,0.02116,0.020948400000000002,2.09484,100.0,0.0,0.0,0.0,0.0,0.0,0.24,0.216,2.16,0.67,0.603,6.03,0.0,0.0,0.0,0.02116,0.24,0.67,0.0
frdm,hs328,328Hs,108,220,328,108328,0.01747,0.0172953,1.7295299999999998,100.0,0.0,0.0,0.0,0.0,0.0,0.45,0.405,4.05,0.47,0.423,4.2299999999999995,0.0,0.0,0.0,0.01747,0.45,0.47,0.0
frdm,hs329,329Hs,108,221,329,108329,0.01539,0.015236099999999999,1.52361,100.0,0.0,0.0,0.0,0.0,0.0,0.19,0.171,1.71,0.74,0.666,6.66,0.01,0.009000000000000001,0.09000000000000001,0.01539,0.19,0.74,0.01
frdm,hs330,330Hs,108,222,330,108330,0.01368,0.0135432,1.35432,100.0,0.0,0.0,0.0,0.0,0.0,0.34,0.30600000000000005,3.0600000000000005,0.57,0.5129999999999999,5.129999999999999,0.03,0.027,0.27,0.01368,0.34,0.57,0.03
frdm,hs331,331Hs,108,223,331,108331,0.01131,0.011196900000000001,1.11969,100.0,0.0,0.0,0.0,0.0,0.0,0.14,0.126,1.2600000000000002,0.68,0.6120000000000001,6.120000000000001,0.12,0.108,1.08,0.01131,0.14,0.68,0.12
frdm,hs332,332Hs,108,224,332,108332,0.01005,0.0099495,0.9949499999999999,100.0,0.0,0.0,0.0,0.0,0.0,0.18,0.162,1.6199999999999999,0.51,0.459,4.59,0.25,0.225,2.25,0.01005,0.18,0.51,0.25
frdm,hs333,333Hs,108,225,333,108333,0.00797,0.0078903,0.7890299999999999,100.0,0.0,0.0,0.0,0.0,0.0,0.09,0.081,0.8099999999999999,0.49,0.441,4.41,0.36,0.324,3.2399999999999998,0.00797,0.09,0.49,0.36
frdm,hs334,334Hs,108,226,334,108334,0.00731,0.007236899999999999,0.7236899999999999,100.0,0.0,0.0,0.0,0.0,0.0,0.15,0.135,1.35,0.36,0.324,3.2399999999999998,0.43,0.387,3.8699999999999997,0.00731,0.15,0.36,0.43
frdm,hs335,335Hs,108,227,335,108335,0.00684,0.0067716,0.67716,100.0,0.0,0.0,0.0,0.0,0.0,0.1,0.09000000000000001,0.9,0.31,0.279,2.79,0.46,0.41400000000000003,4.140000000000001,0.00684,0.1,0.31,0.46
frdm,hs336,336Hs,108,228,336,108336,0.0043,0.004257,0.42569999999999997,100.0,0.0,0.0,0.0,0.0,0.0,0.06,0.054,0.54,0.64,0.5760000000000001,5.760000000000001,0.29,0.261,2.61,0.0043,0.06,0.64,0.29
frdm,hs337,337Hs,108,229,337,108337,0.00291,0.0028809,0.28808999999999996,100.0,0.0,0.0,0.0,0.0,0.0,0.03,0.027,0.27,0.45,0.405,4.05,0.41,0.369,3.6899999999999995,0.00291,0.03,0.45,0.41
frdm,hs338,338Hs,108,230,338,108338,0.00399,0.0039501,0.39501,100.0,0.0,0.0,0.0,0.0,0.0,0.13,0.117,1.17,0.16,0.14400000000000002,1.4400000000000002,0.68,0.6120000000000001,6.120000000000001,0.00399,0.13,0.16,0.68
frdm,hs339,339Hs,108,231,339,108339,0.00328,0.0032472,0.32472,100.0,0.0,0.0,0.0,0.0,0.0,0.06,0.054,0.54,0.13,0.117,1.17,0.45,0.405,4.05,0.00328,0.06,0.13,0.45
frdm,mt284,284Mt,109,175,284,109284,77767.65625,76989.9796875,7698997.96875,100.0,0.0,0.0,0.0,0.0,0.0,0.0,0.0,0.0,0.0,0.0,0.0,0.0,0.0,0.0,77767.65625,0.0,0.0,0.0
frdm,mt285,285Mt,109,176,285,109285,1704396.25,1687352.2875,168735228.75,100.0,0.0,0.0,0.0,0.0,0.0,0.0,0.0,0.0,0.0,0.0,0.0,0.0,0.0,0.0,1704396.25,0.0,0.0,0.0
frdm,mt286,286Mt,109,177,286,109286,3874.30884,3835.5657516,383556.57516,100.0,0.0,0.0,0.0,0.0,0.0,0.0,0.0,0.0,0.0,0.0,0.0,0.0,0.0,0.0,3874.30884,0.0,0.0,0.0
frdm,mt287,287Mt,109,178,287,109287,2288.44556,2265.5611044,226556.11044000002,100.0,0.0,0.0,0.0,0.0,0.0,0.0,0.0,0.0,0.0,0.0,0.0,0.0,0.0,0.0,2288.44556,0.0,0.0,0.0
frdm,mt288,288Mt,109,179,288,109288,1287.94653,1275.0670647,127506.70646999999,100.0,0.0,0.0,0.0,0.0,0.0,0.0,0.0,0.0,0.0,0.0,0.0,0.0,0.0,0.0,1287.94653,0.0,0.0,0.0
frdm,mt289,289Mt,109,180,289,109289,1332.02075,1318.7005425,131870.05425,100.0,0.0,0.0,0.0,0.0,0.0,0.0,0.0,0.0,0.0,0.0,0.0,0.0,0.0,0.0,1332.02075,0.0,0.0,0.0
frdm,mt290,290Mt,109,181,290,109290,450.68591,446.1790509,44617.90509,100.0,0.0,0.0,0.0,0.0,0.0,0.0,0.0,0.0,0.0,0.0,0.0,0.0,0.0,0.0,450.68591,0.0,0.0,0.0
frdm,mt291,291Mt,109,182,291,109291,366.53433,362.8689867,36286.89867,100.0,0.0,0.0,0.0,0.0,0.0,0.0,0.0,0.0,0.0,0.0,0.0,0.0,0.0,0.0,366.53433,0.0,0.0,0.0
frdm,mt292,292Mt,109,183,292,109292,177.15753,175.3859547,17538.59547,100.0,0.0,0.0,0.0,0.0,0.0,0.0,0.0,0.0,0.0,0.0,0.0,0.0,0.0,0.0,177.15753,0.0,0.0,0.0
frdm,mt293,293Mt,109,184,293,109293,109.20407,108.1120293,10811.20293,100.0,0.0,0.0,0.0,0.0,0.0,0.0,0.0,0.0,0.0,0.0,0.0,0.0,0.0,0.0,109.20407,0.0,0.0,0.0
frdm,mt294,294Mt,109,185,294,109294,21.48732,21.2724468,2127.24468,100.0,0.0,0.0,0.0,0.0,0.0,0.0,0.0,0.0,0.0,0.0,0.0,0.0,0.0,0.0,21.48732,0.0,0.0,0.0
frdm,mt295,295Mt,109,186,295,109295,40.5345,40.129155000000004,4012.9155,100.0,0.0,0.0,0.0,0.0,0.0,0.0,0.0,0.0,0.0,0.0,0.0,0.0,0.0,0.0,40.5345,0.0,0.0,0.0
frdm,mt296,296Mt,109,187,296,109296,16.25423,16.0916877,1609.16877,100.0,0.0,0.0,0.0,0.0,0.0,0.0,0.0,0.0,0.0,0.0,0.0,0.0,0.0,0.0,16.25423,0.0,0.0,0.0
frdm,mt297,297Mt,109,188,297,109297,25.65783,25.4012517,2540.12517,100.0,0.0,0.0,0.0,0.0,0.0,0.02,0.018000000000000002,0.18000000000000002,0.0,0.0,0.0,0.0,0.0,0.0,25.65783,0.02,0.0,0.0
frdm,mt298,298Mt,109,189,298,109298,16.92707,16.757799300000002,1675.7799300000001,100.0,0.0,0.0,0.0,0.0,0.0,0.0,0.0,0.0,0.0,0.0,0.0,0.0,0.0,0.0,16.92707,0.0,0.0,0.0
frdm,mt299,299Mt,109,190,299,109299,20.49954,20.2945446,2029.4544600000002,100.0,0.0,0.0,0.0,0.0,0.0,0.02,0.018000000000000002,0.18000000000000002,0.0,0.0,0.0,0.0,0.0,0.0,20.49954,0.02,0.0,0.0
frdm,mt300,300Mt,109,191,300,109300,16.46745,16.3027755,1630.2775499999998,100.0,0.0,0.0,0.0,0.0,0.0,0.01,0.009000000000000001,0.09000000000000001,0.0,0.0,0.0,0.0,0.0,0.0,16.46745,0.01,0.0,0.0
frdm,mt301,301Mt,109,192,301,109301,13.98596,13.846100400000001,1384.61004,100.0,0.0,0.0,0.0,0.0,0.0,0.02,0.018000000000000002,0.18000000000000002,0.0,0.0,0.0,0.0,0.0,0.0,13.98596,0.02,0.0,0.0
frdm,mt302,302Mt,109,193,302,109302,7.21388,7.141741199999999,714.1741199999999,100.0,0.0,0.0,0.0,0.0,0.0,0.1,0.09000000000000001,0.9,0.0,0.0,0.0,0.0,0.0,0.0,7.21388,0.1,0.0,0.0
frdm,mt303,303Mt,109,194,303,109303,8.6942,8.607258,860.7258,100.0,0.0,0.0,0.0,0.0,0.0,0.08,0.07200000000000001,0.7200000000000001,0.0,0.0,0.0,0.0,0.0,0.0,8.6942,0.08,0.0,0.0
frdm,mt304,304Mt,109,195,304,109304,2.97072,2.9410128,294.10128,100.0,0.0,0.0,0.0,0.0,0.0,0.01,0.009000000000000001,0.09000000000000001,0.0,0.0,0.0,0.0,0.0,0.0,2.97072,0.01,0.0,0.0
frdm,mt305,305Mt,109,196,305,109305,4.49568,4.4507232000000005,445.07232,100.0,0.0,0.0,0.0,0.0,0.0,0.1,0.09000000000000001,0.9,0.0,0.0,0.0,0.0,0.0,0.0,4.49568,0.1,0.0,0.0
frdm,mt306,306Mt,109,197,306,109306,1.48871,1.4738229,147.38229,100.0,0.0,0.0,0.0,0.0,0.0,0.06,0.054,0.54,0.0,0.0,0.0,0.0,0.0,0.0,1.48871,0.06,0.0,0.0
frdm,mt307,307Mt,109,198,307,109307,2.18432,2.1624768,216.24768,100.0,0.0,0.0,0.0,0.0,0.0,0.14,0.126,1.2600000000000002,0.0,0.0,0.0,0.0,0.0,0.0,2.18432,0.14,0.0,0.0
frdm,mt308,308Mt,109,199,308,109308,1.11919,1.1079980999999999,110.79981,100.0,0.0,0.0,0.0,0.0,0.0,0.12,0.108,1.08,0.0,0.0,0.0,0.0,0.0,0.0,1.11919,0.12,0.0,0.0
frdm,mt309,309Mt,109,200,309,109309,1.1856,1.173744,117.37440000000001,100.0,0.0,0.0,0.0,0.0,0.0,0.25,0.225,2.25,0.0,0.0,0.0,0.0,0.0,0.0,1.1856,0.25,0.0,0.0
frdm,mt310,310Mt,109,201,310,109310,0.8544,0.845856,84.5856,100.0,0.0,0.0,0.0,0.0,0.0,0.28,0.252,2.5200000000000005,0.0,0.0,0.0,0.0,0.0,0.0,0.8544,0.28,0.0,0.0
frdm,mt311,311Mt,109,202,311,109311,0.55255,0.5470245,54.70245,100.0,0.0,0.0,0.0,0.0,0.0,0.27,0.24300000000000002,2.43,0.0,0.0,0.0,0.0,0.0,0.0,0.55255,0.27,0.0,0.0
frdm,mt312,312Mt,109,203,312,109312,0.50401,0.49896989999999997,49.896989999999995,100.0,0.0,0.0,0.0,0.0,0.0,0.49,0.441,4.41,0.0,0.0,0.0,0.0,0.0,0.0,0.50401,0.49,0.0,0.0
frdm,mt313,313Mt,109,204,313,109313,0.34842,0.3449358,34.49358,100.0,0.0,0.0,0.0,0.0,0.0,0.74,0.666,6.66,0.0,0.0,0.0,0.0,0.0,0.0,0.34842,0.74,0.0,0.0
frdm,mt314,314Mt,109,205,314,109314,0.16964,0.16794360000000003,16.79436,100.0,0.0,0.0,0.0,0.0,0.0,0.57,0.5129999999999999,5.129999999999999,0.02,0.018000000000000002,0.18000000000000002,0.0,0.0,0.0,0.16964,0.57,0.02,0.0
frdm,mt315,315Mt,109,206,315,109315,0.16639,0.16472610000000001,16.47261,100.0,0.0,0.0,0.0,0.0,0.0,0.74,0.666,6.66,0.0,0.0,0.0,0.0,0.0,0.0,0.16639,0.74,0.0,0.0
frdm,mt316,316Mt,109,207,316,109316,0.11726,0.11608740000000001,11.608740000000001,100.0,0.0,0.0,0.0,0.0,0.0,0.64,0.5760000000000001,5.760000000000001,0.09,0.081,0.8099999999999999,0.0,0.0,0.0,0.11726,0.64,0.09,0.0
frdm,mt317,317Mt,109,208,317,109317,0.12215,0.1209285,12.09285,100.0,0.0,0.0,0.0,0.0,0.0,0.75,0.675,6.75,0.0,0.0,0.0,0.0,0.0,0.0,0.12215,0.75,0.0,0.0
frdm,mt318,318Mt,109,209,318,109318,0.08952,0.0886248,8.86248,100.0,0.0,0.0,0.0,0.0,0.0,0.47,0.423,4.2299999999999995,0.16,0.14400000000000002,1.4400000000000002,0.0,0.0,0.0,0.08952,0.47,0.16,0.0
frdm,mt319,319Mt,109,210,319,109319,0.08228,0.08145720000000001,8.145719999999999,100.0,0.0,0.0,0.0,0.0,0.0,0.77,0.6930000000000001,6.93,0.02,0.018000000000000002,0.18000000000000002,0.0,0.0,0.0,0.08228,0.77,0.02,0.0
frdm,mt320,320Mt,109,211,320,109320,0.06442,0.06377580000000001,6.37758,100.0,0.0,0.0,0.0,0.0,0.0,0.42,0.378,3.7800000000000002,0.26,0.234,2.34,0.0,0.0,0.0,0.06442,0.42,0.26,0.0
frdm,mt321,321Mt,109,212,321,109321,0.05778,0.057202199999999995,5.720219999999999,100.0,0.0,0.0,0.0,0.0,0.0,0.79,0.7110000000000001,7.11,0.06,0.054,0.54,0.0,0.0,0.0,0.05778,0.79,0.06,0.0
frdm,mt322,322Mt,109,213,322,109322,0.05022,0.0497178,4.97178,100.0,0.0,0.0,0.0,0.0,0.0,0.45,0.405,4.05,0.4,0.36000000000000004,3.6,0.0,0.0,0.0,0.05022,0.45,0.4,0.0
frdm,mt323,323Mt,109,214,323,109323,0.03735,0.0369765,3.6976500000000003,100.0,0.0,0.0,0.0,0.0,0.0,0.72,0.648,6.4799999999999995,0.22,0.198,1.9800000000000002,0.0,0.0,0.0,0.03735,0.72,0.22,0.0
frdm,mt324,324Mt,109,215,324,109324,0.0384,0.038015999999999994,3.8015999999999996,100.0,0.0,0.0,0.0,0.0,0.0,0.35,0.315,3.15,0.6,0.54,5.4,0.0,0.0,0.0,0.0384,0.35,0.6,0.0
frdm,mt325,325Mt,109,216,325,109325,0.02934,0.029046600000000002,2.9046600000000002,100.0,0.0,0.0,0.0,0.0,0.0,0.52,0.468,4.68,0.45,0.405,4.05,0.0,0.0,0.0,0.02934,0.52,0.45,0.0
frdm,mt326,326Mt,109,217,326,109326,0.03022,0.0299178,2.9917800000000003,100.0,0.0,0.0,0.0,0.0,0.0,0.25,0.225,2.25,0.72,0.648,6.4799999999999995,0.0,0.0,0.0,0.03022,0.25,0.72,0.0
frdm,mt327,327Mt,109,218,327,109327,0.02675,0.0264825,2.64825,100.0,0.0,0.0,0.0,0.0,0.0,0.39,0.35100000000000003,3.5100000000000002,0.57,0.5129999999999999,5.129999999999999,0.01,0.009000000000000001,0.09000000000000001,0.02675,0.39,0.57,0.01
frdm,mt328,328Mt,109,219,328,109328,0.0239,0.023661,2.3661000000000003,100.0,0.0,0.0,0.0,0.0,0.0,0.19,0.171,1.71,0.76,0.684,6.84,0.02,0.018000000000000002,0.18000000000000002,0.0239,0.19,0.76,0.02
frdm,mt329,329Mt,109,220,329,109329,0.02065,0.020443500000000003,2.0443500000000006,100.0,0.0,0.0,0.0,0.0,0.0,0.36,0.324,3.2399999999999998,0.59,0.5309999999999999,5.31,0.03,0.027,0.27,0.02065,0.36,0.59,0.03
frdm,mt330,330Mt,109,221,330,109330,0.01872,0.018532800000000002,1.85328,100.0,0.0,0.0,0.0,0.0,0.0,0.15,0.135,1.35,0.78,0.7020000000000001,7.0200000000000005,0.05,0.045000000000000005,0.45,0.01872,0.15,0.78,0.05
frdm,mt331,331Mt,109,222,331,109331,0.01618,0.0160182,1.6018199999999998,100.0,0.0,0.0,0.0,0.0,0.0,0.23,0.20700000000000002,2.0700000000000003,0.55,0.49500000000000005,4.95,0.21,0.189,1.8900000000000001,0.01618,0.23,0.55,0.21
frdm,mt332,332Mt,109,223,332,109332,0.01347,0.0133353,1.3335299999999999,100.0,0.0,0.0,0.0,0.0,0.0,0.1,0.09000000000000001,0.9,0.6,0.54,5.4,0.27,0.24300000000000002,2.43,0.01347,0.1,0.6,0.27
frdm,mt333,333Mt,109,224,333,109333,0.01173,0.0116127,1.16127,100.0,0.0,0.0,0.0,0.0,0.0,0.17,0.15300000000000002,1.5300000000000002,0.34,0.30600000000000005,3.0600000000000005,0.48,0.432,4.32,0.01173,0.17,0.34,0.48
frdm,mt334,334Mt,109,225,334,109334,0.00916,0.009068399999999999,0.90684,100.0,0.0,0.0,0.0,0.0,0.0,0.07,0.063,0.6300000000000001,0.49,0.441,4.41,0.4,0.36000000000000004,3.6,0.00916,0.07,0.49,0.4
frdm,mt335,335Mt,109,226,335,109335,0.00882,0.0087318,0.87318,100.0,0.0,0.0,0.0,0.0,0.0,0.15,0.135,1.35,0.26,0.234,2.34,0.58,0.522,5.22,0.00882,0.15,0.26,0.58
frdm,mt336,336Mt,109,227,336,109336,0.00809,0.0080091,0.8009099999999999,100.0,0.0,0.0,0.0,0.0,0.0,0.08,0.07200000000000001,0.7200000000000001,0.28,0.252,2.5200000000000005,0.51,0.459,4.59,0.00809,0.08,0.28,0.51
frdm,mt337,337Mt,109,228,337,109337,0.00506,0.005009400000000001,0.50094,100.0,0.0,0.0,0.0,0.0,0.0,0.06,0.054,0.54,0.39,0.35100000000000003,3.5100000000000002,0.54,0.48600000000000004,4.86,0.00506,0.06,0.39,0.54
frdm,mt338,338Mt,109,229,338,109338,0.00324,0.0032075999999999997,0.32075999999999993,100.0,0.0,0.0,0.0,0.0,0.0,0.05,0.045000000000000005,0.45,0.48,0.432,4.32,0.39,0.35100000000000003,3.5100000000000002,0.00324,0.05,0.48,0.39
frdm,mt339,339Mt,109,230,339,109339,0.00452,0.0044748,0.44747999999999993,100.0,0.0,0.0,0.0,0.0,0.0,0.13,0.117,1.17,0.15,0.135,1.35,0.7,0.63,6.3,0.00452,0.13,0.15,0.7
frdm,ds291,291Ds,110,181,291,110291,55471.49219,54916.7772681,5491677.72681,100.0,0.0,0.0,0.0,0.0,0.0,0.0,0.0,0.0,0.0,0.0,0.0,0.0,0.0,0.0,55471.49219,0.0,0.0,0.0
frdm,ds293,293Ds,110,183,293,110293,4162.81348,4121.1853452,412118.53452,100.0,0.0,0.0,0.0,0.0,0.0,0.0,0.0,0.0,0.0,0.0,0.0,0.0,0.0,0.0,4162.81348,0.0,0.0,0.0
frdm,ds294,294Ds,110,184,294,110294,19696.09961,19499.138613900002,1949913.8613900002,100.0,0.0,0.0,0.0,0.0,0.0,0.0,0.0,0.0,0.0,0.0,0.0,0.0,0.0,0.0,19696.09961,0.0,0.0,0.0
frdm,ds295,295Ds,110,185,295,110295,128.05765,126.7770735,12677.707349999999,100.0,0.0,0.0,0.0,0.0,0.0,0.0,0.0,0.0,0.0,0.0,0.0,0.0,0.0,0.0,128.05765,0.0,0.0,0.0
frdm,ds296,296Ds,110,186,296,110296,656.71228,650.1451572,65014.51572,100.0,0.0,0.0,0.0,0.0,0.0,0.0,0.0,0.0,0.0,0.0,0.0,0.0,0.0,0.0,656.71228,0.0,0.0,0.0
frdm,ds297,297Ds,110,187,297,110297,53.04171,52.5112929,5251.12929,100.0,0.0,0.0,0.0,0.0,0.0,0.0,0.0,0.0,0.0,0.0,0.0,0.0,0.0,0.0,53.04171,0.0,0.0,0.0
frdm,ds298,298Ds,110,188,298,110298,150.91782,149.4086418,14940.86418,100.0,0.0,0.0,0.0,0.0,0.0,0.0,0.0,0.0,0.0,0.0,0.0,0.0,0.0,0.0,150.91782,0.0,0.0,0.0
frdm,ds299,299Ds,110,189,299,110299,46.39981,45.935811900000004,4593.58119,100.0,0.0,0.0,0.0,0.0,0.0,0.0,0.0,0.0,0.0,0.0,0.0,0.0,0.0,0.0,46.39981,0.0,0.0,0.0
frdm,ds300,300Ds,110,190,300,110300,89.1339,88.242561,8824.256099999999,100.0,0.0,0.0,0.0,0.0,0.0,0.0,0.0,0.0,0.0,0.0,0.0,0.0,0.0,0.0,89.1339,0.0,0.0,0.0
frdm,ds301,301Ds,110,191,301,110301,51.30637,50.7933063,5079.3306299999995,100.0,0.0,0.0,0.0,0.0,0.0,0.0,0.0,0.0,0.0,0.0,0.0,0.0,0.0,0.0,51.30637,0.0,0.0,0.0
frdm,ds302,302Ds,110,192,302,110302,72.42075,71.69654249999999,7169.65425,100.0,0.0,0.0,0.0,0.0,0.0,0.0,0.0,0.0,0.0,0.0,0.0,0.0,0.0,0.0,72.42075,0.0,0.0,0.0
frdm,ds303,303Ds,110,193,303,110303,10.79106,10.6831494,1068.31494,100.0,0.0,0.0,0.0,0.0,0.0,0.0,0.0,0.0,0.0,0.0,0.0,0.0,0.0,0.0,10.79106,0.0,0.0,0.0
frdm,ds304,304Ds,110,194,304,110304,24.76368,24.516043200000002,2451.60432,100.0,0.0,0.0,0.0,0.0,0.0,0.0,0.0,0.0,0.0,0.0,0.0,0.0,0.0,0.0,24.76368,0.0,0.0,0.0
frdm,ds305,305Ds,110,195,305,110305,6.15994,6.098340599999999,609.83406,100.0,0.0,0.0,0.0,0.0,0.0,0.0,0.0,0.0,0.0,0.0,0.0,0.0,0.0,0.0,6.15994,0.0,0.0,0.0
frdm,ds306,306Ds,110,196,306,110306,14.11309,13.9719591,1397.19591,100.0,0.0,0.0,0.0,0.0,0.0,0.0,0.0,0.0,0.0,0.0,0.0,0.0,0.0,0.0,14.11309,0.0,0.0,0.0
frdm,ds307,307Ds,110,197,307,110307,3.31477,3.2816223000000004,328.16223,100.0,0.0,0.0,0.0,0.0,0.0,0.0,0.0,0.0,0.0,0.0,0.0,0.0,0.0,0.0,3.31477,0.0,0.0,0.0
frdm,ds308,308Ds,110,198,308,110308,5.35626,5.3026974,530.26974,100.0,0.0,0.0,0.0,0.0,0.0,0.0,0.0,0.0,0.0,0.0,0.0,0.0,0.0,0.0,5.35626,0.0,0.0,0.0
frdm,ds309,309Ds,110,199,309,110309,2.2296,2.207304,220.7304,100.0,0.0,0.0,0.0,0.0,0.0,0.0,0.0,0.0,0.0,0.0,0.0,0.0,0.0,0.0,2.2296,0.0,0.0,0.0
frdm,ds310,310Ds,110,200,310,110310,2.72134,2.6941266,269.41266,100.0,0.0,0.0,0.0,0.0,0.0,0.0,0.0,0.0,0.0,0.0,0.0,0.0,0.0,0.0,2.72134,0.0,0.0,0.0
frdm,ds311,311Ds,110,201,311,110311,1.68532,1.6684668,166.84668,100.0,0.0,0.0,0.0,0.0,0.0,0.0,0.0,0.0,0.0,0.0,0.0,0.0,0.0,0.0,1.68532,0.0,0.0,0.0
frdm,ds312,312Ds,110,202,312,110312,1.06666,1.0559934,105.59934,100.0,0.0,0.0,0.0,0.0,0.0,0.0,0.0,0.0,0.0,0.0,0.0,0.0,0.0,0.0,1.06666,0.0,0.0,0.0
frdm,ds313,313Ds,110,203,313,110313,0.94102,0.9316097999999999,93.16098000000001,100.0,0.0,0.0,0.0,0.0,0.0,0.04,0.036000000000000004,0.36000000000000004,0.0,0.0,0.0,0.0,0.0,0.0,0.94102,0.04,0.0,0.0
frdm,ds314,314Ds,110,204,314,110314,0.72252,0.7152948,71.52948,100.0,0.0,0.0,0.0,0.0,0.0,0.11,0.099,0.9900000000000001,0.0,0.0,0.0,0.0,0.0,0.0,0.72252,0.11,0.0,0.0
frdm,ds315,315Ds,110,205,315,110315,0.39426,0.3903174,39.03174,100.0,0.0,0.0,0.0,0.0,0.0,0.14,0.126,1.2600000000000002,0.0,0.0,0.0,0.0,0.0,0.0,0.39426,0.14,0.0,0.0
frdm,ds316,316Ds,110,206,316,110316,0.39391,0.3899709,38.99709,100.0,0.0,0.0,0.0,0.0,0.0,0.29,0.261,2.61,0.0,0.0,0.0,0.0,0.0,0.0,0.39391,0.29,0.0,0.0
frdm,ds317,317Ds,110,207,317,110317,0.23896,0.23657040000000001,23.657040000000002,100.0,0.0,0.0,0.0,0.0,0.0,0.29,0.261,2.61,0.0,0.0,0.0,0.0,0.0,0.0,0.23896,0.29,0.0,0.0
frdm,ds318,318Ds,110,208,318,110318,0.2778,0.275022,27.5022,100.0,0.0,0.0,0.0,0.0,0.0,0.35,0.315,3.15,0.0,0.0,0.0,0.0,0.0,0.0,0.2778,0.35,0.0,0.0
frdm,ds319,319Ds,110,209,319,110319,0.18205,0.1802295,18.022949999999998,100.0,0.0,0.0,0.0,0.0,0.0,0.33,0.29700000000000004,2.97,0.0,0.0,0.0,0.0,0.0,0.0,0.18205,0.33,0.0,0.0
frdm,ds320,320Ds,110,210,320,110320,0.16315,0.16151849999999998,16.151849999999996,100.0,0.0,0.0,0.0,0.0,0.0,0.41,0.369,3.6899999999999995,0.0,0.0,0.0,0.0,0.0,0.0,0.16315,0.41,0.0,0.0
frdm,ds321,321Ds,110,211,321,110321,0.12894,0.1276506,12.76506,100.0,0.0,0.0,0.0,0.0,0.0,0.39,0.35100000000000003,3.5100000000000002,0.0,0.0,0.0,0.0,0.0,0.0,0.12894,0.39,0.0,0.0
frdm,ds322,322Ds,110,212,322,110322,0.1217,0.120483,12.0483,100.0,0.0,0.0,0.0,0.0,0.0,0.47,0.423,4.2299999999999995,0.0,0.0,0.0,0.0,0.0,0.0,0.1217,0.47,0.0,0.0
frdm,ds323,323Ds,110,213,323,110323,0.10514,0.1040886,10.408859999999999,100.0,0.0,0.0,0.0,0.0,0.0,0.53,0.47700000000000004,4.7700000000000005,0.01,0.009000000000000001,0.09000000000000001,0.0,0.0,0.0,0.10514,0.53,0.01,0.0
frdm,ds324,324Ds,110,214,324,110324,0.07532,0.0745668,7.45668,100.0,0.0,0.0,0.0,0.0,0.0,0.59,0.5309999999999999,5.31,0.0,0.0,0.0,0.0,0.0,0.0,0.07532,0.59,0.0,0.0
frdm,ds325,325Ds,110,215,325,110325,0.08728,0.08640719999999999,8.64072,100.0,0.0,0.0,0.0,0.0,0.0,0.63,0.567,5.67,0.09,0.081,0.8099999999999999,0.0,0.0,0.0,0.08728,0.63,0.09,0.0
frdm,ds326,326Ds,110,216,326,110326,0.06771,0.0670329,6.703290000000001,100.0,0.0,0.0,0.0,0.0,0.0,0.81,0.7290000000000001,7.290000000000001,0.01,0.009000000000000001,0.09000000000000001,0.0,0.0,0.0,0.06771,0.81,0.01,0.0
frdm,ds327,327Ds,110,217,327,110327,0.04943,0.0489357,4.89357,100.0,0.0,0.0,0.0,0.0,0.0,0.57,0.5129999999999999,5.129999999999999,0.19,0.171,1.71,0.0,0.0,0.0,0.04943,0.57,0.19,0.0
frdm,ds328,328Ds,110,218,328,110328,0.04692,0.0464508,4.64508,100.0,0.0,0.0,0.0,0.0,0.0,0.84,0.756,7.5600000000000005,0.01,0.009000000000000001,0.09000000000000001,0.0,0.0,0.0,0.04692,0.84,0.01,0.0
frdm,ds329,329Ds,110,219,329,110329,0.03798,0.0376002,3.76002,100.0,0.0,0.0,0.0,0.0,0.0,0.43,0.387,3.8699999999999997,0.36,0.324,3.2399999999999998,0.0,0.0,0.0,0.03798,0.43,0.36,0.0
frdm,ds330,330Ds,110,220,330,110330,0.03486,0.034511400000000005,3.45114,100.0,0.0,0.0,0.0,0.0,0.0,0.75,0.675,6.75,0.09,0.081,0.8099999999999999,0.0,0.0,0.0,0.03486,0.75,0.09,0.0
frdm,ds331,331Ds,110,221,331,110331,0.03112,0.030808799999999997,3.0808799999999996,100.0,0.0,0.0,0.0,0.0,0.0,0.32,0.28800000000000003,2.8800000000000003,0.57,0.5129999999999999,5.129999999999999,0.0,0.0,0.0,0.03112,0.32,0.57,0.0
frdm,ds332,332Ds,110,222,332,110332,0.02617,0.0259083,2.59083,100.0,0.0,0.0,0.0,0.0,0.0,0.53,0.47700000000000004,4.7700000000000005,0.34,0.30600000000000005,3.0600000000000005,0.0,0.0,0.0,0.02617,0.53,0.34,0.0
frdm,ds333,333Ds,110,223,333,110333,0.0207,0.020493,2.0492999999999997,100.0,0.0,0.0,0.0,0.0,0.0,0.23,0.20700000000000002,2.0700000000000003,0.66,0.5940000000000001,5.94,0.0,0.0,0.0,0.0207,0.23,0.66,0.0
frdm,ds334,334Ds,110,224,334,110334,0.01814,0.017958599999999998,1.79586,100.0,0.0,0.0,0.0,0.0,0.0,0.46,0.41400000000000003,4.140000000000001,0.44,0.396,3.9600000000000004,0.0,0.0,0.0,0.01814,0.46,0.44,0.0
frdm,ds335,335Ds,110,225,335,110335,0.02129,0.0210771,2.10771,100.0,0.0,0.0,0.0,0.0,0.0,0.2,0.18000000000000002,1.8,0.72,0.648,6.4799999999999995,0.03,0.027,0.27,0.02129,0.2,0.72,0.03
frdm,ds336,336Ds,110,226,336,110336,0.01431,0.0141669,1.41669,100.0,0.0,0.0,0.0,0.0,0.0,0.24,0.216,2.16,0.62,0.558,5.58,0.03,0.027,0.27,0.01431,0.24,0.62,0.03
frdm,ds337,337Ds,110,227,337,110337,0.00861,0.0085239,0.85239,100.0,0.0,0.0,0.0,0.0,0.0,0.25,0.225,2.25,0.71,0.639,6.39,0.0,0.0,0.0,0.00861,0.25,0.71,0.0
frdm,ds338,338Ds,110,228,338,110338,0.00646,0.0063954,0.6395399999999999,100.0,0.0,0.0,0.0,0.0,0.0,0.95,0.855,8.55,0.01,0.009000000000000001,0.09000000000000001,0.0,0.0,0.0,0.00646,0.95,0.01,0.0
frdm,ds339,339Ds,110,229,339,110339,0.00396,0.0039204,0.39204,100.0,0.0,0.0,0.0,0.0,0.0,0.1,0.09000000000000001,0.9,0.79,0.7110000000000001,7.11,0.0,0.0,0.0,0.00396,0.1,0.79,0.0
frdm,rg288,288Rg,111,177,288,111288,2154392.0,2132848.08,213284808.0,100.0,0.0,0.0,0.0,0.0,0.0,0.0,0.0,0.0,0.0,0.0,0.0,0.0,0.0,0.0,2154392.0,0.0,0.0,0.0
frdm,rg290,290Rg,111,179,290,111290,24498.47266,24253.4879334,2425348.79334,100.0,0.0,0.0,0.0,0.0,0.0,0.0,0.0,0.0,0.0,0.0,0.0,0.0,0.0,0.0,24498.47266,0.0,0.0,0.0
frdm,rg291,291Rg,111,180,291,111291,185784.70313,183926.8560987,18392685.60987,100.0,0.0,0.0,0.0,0.0,0.0,0.0,0.0,0.0,0.0,0.0,0.0,0.0,0.0,0.0,185784.70313,0.0,0.0,0.0
frdm,rg292,292Rg,111,181,292,111292,3835.31323,3796.9600977,379696.00977,100.0,0.0,0.0,0.0,0.0,0.0,0.0,0.0,0.0,0.0,0.0,0.0,0.0,0.0,0.0,3835.31323,0.0,0.0,0.0
frdm,rg293,293Rg,111,182,293,111293,4169.07324,4127.382507599999,412738.25075999997,100.0,0.0,0.0,0.0,0.0,0.0,0.0,0.0,0.0,0.0,0.0,0.0,0.0,0.0,0.0,4169.07324,0.0,0.0,0.0
frdm,rg294,294Rg,111,183,294,111294,880.15558,871.3540242,87135.40242,100.0,0.0,0.0,0.0,0.0,0.0,0.0,0.0,0.0,0.0,0.0,0.0,0.0,0.0,0.0,880.15558,0.0,0.0,0.0
frdm,rg295,295Rg,111,184,295,111295,653.1734,646.641666,64664.166600000004,100.0,0.0,0.0,0.0,0.0,0.0,0.0,0.0,0.0,0.0,0.0,0.0,0.0,0.0,0.0,653.1734,0.0,0.0,0.0
frdm,rg296,296Rg,111,185,296,111296,73.8661,73.12743900000001,7312.7439,100.0,0.0,0.0,0.0,0.0,0.0,0.0,0.0,0.0,0.0,0.0,0.0,0.0,0.0,0.0,73.8661,0.0,0.0,0.0
frdm,rg297,297Rg,111,186,297,111297,171.32475,169.6115025,16961.15025,100.0,0.0,0.0,0.0,0.0,0.0,0.0,0.0,0.0,0.0,0.0,0.0,0.0,0.0,0.0,171.32475,0.0,0.0,0.0
frdm,rg298,298Rg,111,187,298,111298,33.84969,33.5111931,3351.11931,100.0,0.0,0.0,0.0,0.0,0.0,0.0,0.0,0.0,0.0,0.0,0.0,0.0,0.0,0.0,33.84969,0.0,0.0,0.0
frdm,rg299,299Rg,111,188,299,111299,78.24803,77.4655497,7746.55497,100.0,0.0,0.0,0.0,0.0,0.0,0.0,0.0,0.0,0.0,0.0,0.0,0.0,0.0,0.0,78.24803,0.0,0.0,0.0
frdm,rg300,300Rg,111,189,300,111300,27.3211,27.047889,2704.7889,100.0,0.0,0.0,0.0,0.0,0.0,0.0,0.0,0.0,0.0,0.0,0.0,0.0,0.0,0.0,27.3211,0.0,0.0,0.0
frdm,rg301,301Rg,111,190,301,111301,51.09248,50.581555200000004,5058.15552,100.0,0.0,0.0,0.0,0.0,0.0,0.0,0.0,0.0,0.0,0.0,0.0,0.0,0.0,0.0,51.09248,0.0,0.0,0.0
frdm,rg302,302Rg,111,191,302,111302,27.37561,27.101853900000002,2710.18539,100.0,0.0,0.0,0.0,0.0,0.0,0.0,0.0,0.0,0.0,0.0,0.0,0.0,0.0,0.0,27.37561,0.0,0.0,0.0
frdm,rg303,303Rg,111,192,303,111303,39.94117,39.5417583,3954.17583,100.0,0.0,0.0,0.0,0.0,0.0,0.0,0.0,0.0,0.0,0.0,0.0,0.0,0.0,0.0,39.94117,0.0,0.0,0.0
frdm,rg304,304Rg,111,193,304,111304,34.7458,34.398342,3439.8342000000002,100.0,0.0,0.0,0.0,0.0,0.0,0.0,0.0,0.0,0.0,0.0,0.0,0.0,0.0,0.0,34.7458,0.0,0.0,0.0
frdm,rg305,305Rg,111,194,305,111305,10.2897,10.186803,1018.6803,100.0,0.0,0.0,0.0,0.0,0.0,0.0,0.0,0.0,0.0,0.0,0.0,0.0,0.0,0.0,10.2897,0.0,0.0,0.0
frdm,rg306,306Rg,111,195,306,111306,10.80606,10.6979994,1069.79994,100.0,0.0,0.0,0.0,0.0,0.0,0.0,0.0,0.0,0.0,0.0,0.0,0.0,0.0,0.0,10.80606,0.0,0.0,0.0
frdm,rg307,307Rg,111,196,307,111307,0.18421,0.1823679,18.236790000000003,100.0,0.0,0.0,0.0,0.0,0.0,0.0,0.0,0.0,0.0,0.0,0.0,0.0,0.0,0.0,0.18421,0.0,0.0,0.0
frdm,rg308,308Rg,111,197,308,111308,2.89555,2.8665945,286.65945,100.0,0.0,0.0,0.0,0.0,0.0,0.44,0.396,3.9600000000000004,0.0,0.0,0.0,0.0,0.0,0.0,2.89555,0.44,0.0,0.0
frdm,rg309,309Rg,111,198,309,111309,3.29701,3.2640399,326.40399,100.0,0.0,0.0,0.0,0.0,0.0,0.0,0.0,0.0,0.0,0.0,0.0,0.0,0.0,0.0,3.29701,0.0,0.0,0.0
frdm,rg310,310Rg,111,199,310,111310,5.29791,5.2449309,524.4930899999999,100.0,0.0,0.0,0.0,0.0,0.0,0.0,0.0,0.0,0.0,0.0,0.0,0.0,0.0,0.0,5.29791,0.0,0.0,0.0
frdm,rg311,311Rg,111,200,311,111311,2.26129,2.2386771,223.86771,100.0,0.0,0.0,0.0,0.0,0.0,0.02,0.018000000000000002,0.18000000000000002,0.0,0.0,0.0,0.0,0.0,0.0,2.26129,0.02,0.0,0.0
frdm,rg312,312Rg,111,201,312,111312,1.63375,1.6174125000000001,161.74125,100.0,0.0,0.0,0.0,0.0,0.0,0.04,0.036000000000000004,0.36000000000000004,0.0,0.0,0.0,0.0,0.0,0.0,1.63375,0.04,0.0,0.0
frdm,rg313,313Rg,111,202,313,111313,1.02381,1.0135719,101.35719000000002,100.0,0.0,0.0,0.0,0.0,0.0,0.04,0.036000000000000004,0.36000000000000004,0.0,0.0,0.0,0.0,0.0,0.0,1.02381,0.04,0.0,0.0
frdm,rg314,314Rg,111,203,314,111314,0.8448,0.836352,83.6352,100.0,0.0,0.0,0.0,0.0,0.0,0.13,0.117,1.17,0.0,0.0,0.0,0.0,0.0,0.0,0.8448,0.13,0.0,0.0
frdm,rg315,315Rg,111,204,315,111315,0.71456,0.7074144,70.74144,100.0,0.0,0.0,0.0,0.0,0.0,0.37,0.333,3.33,0.0,0.0,0.0,0.0,0.0,0.0,0.71456,0.37,0.0,0.0
frdm,rg316,316Rg,111,205,316,111316,0.43914,0.4347486,43.47485999999999,100.0,0.0,0.0,0.0,0.0,0.0,0.26,0.234,2.34,0.0,0.0,0.0,0.0,0.0,0.0,0.43914,0.26,0.0,0.0
frdm,rg317,317Rg,111,206,317,111317,0.62688,0.6206112,62.06112,100.0,0.0,0.0,0.0,0.0,0.0,0.63,0.567,5.67,0.0,0.0,0.0,0.0,0.0,0.0,0.62688,0.63,0.0,0.0
frdm,rg318,318Rg,111,207,318,111318,0.31758,0.31440419999999997,31.440419999999996,100.0,0.0,0.0,0.0,0.0,0.0,0.45,0.405,4.05,0.0,0.0,0.0,0.0,0.0,0.0,0.31758,0.45,0.0,0.0
frdm,rg319,319Rg,111,208,319,111319,0.39433,0.39038670000000003,39.03867,100.0,0.0,0.0,0.0,0.0,0.0,0.62,0.558,5.58,0.0,0.0,0.0,0.0,0.0,0.0,0.39433,0.62,0.0,0.0
frdm,rg320,320Rg,111,209,320,111320,0.26528,0.2626272,26.26272,100.0,0.0,0.0,0.0,0.0,0.0,0.4,0.36000000000000004,3.6,0.01,0.009000000000000001,0.09000000000000001,0.0,0.0,0.0,0.26528,0.4,0.01,0.0
frdm,rg321,321Rg,111,210,321,111321,0.22413,0.2218887,22.18887,100.0,0.0,0.0,0.0,0.0,0.0,0.63,0.567,5.67,0.0,0.0,0.0,0.0,0.0,0.0,0.22413,0.63,0.0,0.0
frdm,rg322,322Rg,111,211,322,111322,0.16851,0.1668249,16.682489999999998,100.0,0.0,0.0,0.0,0.0,0.0,0.47,0.423,4.2299999999999995,0.04,0.036000000000000004,0.36000000000000004,0.0,0.0,0.0,0.16851,0.47,0.04,0.0
frdm,rg323,323Rg,111,212,323,111323,0.15507,0.15351930000000003,15.351930000000001,100.0,0.0,0.0,0.0,0.0,0.0,0.67,0.603,6.03,0.0,0.0,0.0,0.0,0.0,0.0,0.15507,0.67,0.0,0.0
frdm,rg324,324Rg,111,213,324,111324,0.14571,0.14425290000000002,14.425290000000002,100.0,0.0,0.0,0.0,0.0,0.0,0.58,0.522,5.22,0.14,0.126,1.2600000000000002,0.0,0.0,0.0,0.14571,0.58,0.14,0.0
frdm,rg325,325Rg,111,214,325,111325,0.13221,0.1308879,13.08879,100.0,0.0,0.0,0.0,0.0,0.0,0.87,0.783,7.829999999999999,0.02,0.018000000000000002,0.18000000000000002,0.0,0.0,0.0,0.13221,0.87,0.02,0.0
frdm,rg326,326Rg,111,215,326,111326,0.11823,0.1170477,11.70477,100.0,0.0,0.0,0.0,0.0,0.0,0.47,0.423,4.2299999999999995,0.39,0.35100000000000003,3.5100000000000002,0.0,0.0,0.0,0.11823,0.47,0.39,0.0
frdm,rg327,327Rg,111,216,327,111327,0.09189,0.0909711,9.09711,100.0,0.0,0.0,0.0,0.0,0.0,0.87,0.783,7.829999999999999,0.05,0.045000000000000005,0.45,0.0,0.0,0.0,0.09189,0.87,0.05,0.0
frdm,rg328,328Rg,111,217,328,111328,0.06903,0.06833969999999999,6.83397,100.0,0.0,0.0,0.0,0.0,0.0,0.38,0.342,3.42,0.44,0.396,3.9600000000000004,0.0,0.0,0.0,0.06903,0.38,0.44,0.0
frdm,rg329,329Rg,111,218,329,111329,0.06264,0.0620136,6.20136,100.0,0.0,0.0,0.0,0.0,0.0,0.78,0.7020000000000001,7.0200000000000005,0.16,0.14400000000000002,1.4400000000000002,0.0,0.0,0.0,0.06264,0.78,0.16,0.0
frdm,rg330,330Rg,111,219,330,111330,0.0484,0.047916,4.7916,100.0,0.0,0.0,0.0,0.0,0.0,0.27,0.24300000000000002,2.43,0.58,0.522,5.22,0.0,0.0,0.0,0.0484,0.27,0.58,0.0
frdm,rg331,331Rg,111,220,331,111331,0.0431,0.042669,4.2669,100.0,0.0,0.0,0.0,0.0,0.0,0.51,0.459,4.59,0.43,0.387,3.8699999999999997,0.0,0.0,0.0,0.0431,0.51,0.43,0.0
frdm,rg332,332Rg,111,221,332,111332,0.03775,0.037372499999999996,3.73725,100.0,0.0,0.0,0.0,0.0,0.0,0.18,0.162,1.6199999999999999,0.69,0.621,6.209999999999999,0.0,0.0,0.0,0.03775,0.18,0.69,0.0
frdm,rg333,333Rg,111,222,333,111333,0.03199,0.0316701,3.16701,100.0,0.0,0.0,0.0,0.0,0.0,0.41,0.369,3.6899999999999995,0.52,0.468,4.68,0.01,0.009000000000000001,0.09000000000000001,0.03199,0.41,0.52,0.01
frdm,rg334,334Rg,111,223,334,111334,0.02749,0.0272151,2.7215100000000003,100.0,0.0,0.0,0.0,0.0,0.0,0.2,0.18000000000000002,1.8,0.72,0.648,6.4799999999999995,0.0,0.0,0.0,0.02749,0.2,0.72,0.0
frdm,rg335,335Rg,111,224,335,111335,0.01375,0.0136125,1.36125,100.0,0.0,0.0,0.0,0.0,0.0,0.11,0.099,0.9900000000000001,0.85,0.765,7.65,0.03,0.027,0.27,0.01375,0.11,0.85,0.03
frdm,rg336,336Rg,111,225,336,111336,0.01232,0.012196799999999999,1.2196799999999999,100.0,0.0,0.0,0.0,0.0,0.0,0.05,0.045000000000000005,0.45,0.91,0.8190000000000001,8.19,0.01,0.009000000000000001,0.09000000000000001,0.01232,0.05,0.91,0.01
frdm,rg337,337Rg,111,226,337,111337,0.00958,0.0094842,0.9484199999999999,100.0,0.0,0.0,0.0,0.0,0.0,0.51,0.459,4.59,0.47,0.423,4.2299999999999995,0.0,0.0,0.0,0.00958,0.51,0.47,0.0
frdm,rg338,338Rg,111,227,338,111338,0.00884,0.0087516,0.8751600000000002,100.0,0.0,0.0,0.0,0.0,0.0,0.07,0.063,0.6300000000000001,0.9,0.81,8.1,0.0,0.0,0.0,0.00884,0.07,0.9,0.0
frdm,rg339,339Rg,111,228,339,111339,0.00721,0.0071379,0.7137899999999999,100.0,0.0,0.0,0.0,0.0,0.0,0.73,0.657,6.57,0.25,0.225,2.25,0.0,0.0,0.0,0.00721,0.73,0.25,0.0
frdm,cn297,297Cn,112,185,297,112297,1361.60815,1347.9920685,134799.20685000002,100.0,0.0,0.0,0.0,0.0,0.0,0.0,0.0,0.0,0.0,0.0,0.0,0.0,0.0,0.0,1361.60815,0.0,0.0,0.0
frdm,cn299,299Cn,112,187,299,112299,272.20056,269.4785544,26947.85544,100.0,0.0,0.0,0.0,0.0,0.0,0.0,0.0,0.0,0.0,0.0,0.0,0.0,0.0,0.0,272.20056,0.0,0.0,0.0
frdm,cn300,300Cn,112,188,300,112300,11714.38867,11597.2447833,1159724.47833,100.0,0.0,0.0,0.0,0.0,0.0,0.0,0.0,0.0,0.0,0.0,0.0,0.0,0.0,0.0,11714.38867,0.0,0.0,0.0
frdm,cn301,301Cn,112,189,301,112301,148.95108,147.46156919999999,14746.156919999998,100.0,0.0,0.0,0.0,0.0,0.0,0.0,0.0,0.0,0.0,0.0,0.0,0.0,0.0,0.0,148.95108,0.0,0.0,0.0
frdm,cn302,302Cn,112,190,302,112302,1051.07092,1040.5602107999998,104056.02107999999,100.0,0.0,0.0,0.0,0.0,0.0,0.0,0.0,0.0,0.0,0.0,0.0,0.0,0.0,0.0,1051.07092,0.0,0.0,0.0
frdm,cn303,303Cn,112,191,303,112303,107.20804,106.13595959999999,10613.59596,100.0,0.0,0.0,0.0,0.0,0.0,0.0,0.0,0.0,0.0,0.0,0.0,0.0,0.0,0.0,107.20804,0.0,0.0,0.0
frdm,cn304,304Cn,112,192,304,112304,476.36295,471.59932050000003,47159.932049999996,100.0,0.0,0.0,0.0,0.0,0.0,0.0,0.0,0.0,0.0,0.0,0.0,0.0,0.0,0.0,476.36295,0.0,0.0,0.0
frdm,cn305,305Cn,112,193,305,112305,96.29328,95.33034719999999,9533.03472,100.0,0.0,0.0,0.0,0.0,0.0,0.0,0.0,0.0,0.0,0.0,0.0,0.0,0.0,0.0,96.29328,0.0,0.0,0.0
frdm,cn306,306Cn,112,194,306,112306,175.19937,173.44737629999997,17344.73763,100.0,0.0,0.0,0.0,0.0,0.0,0.0,0.0,0.0,0.0,0.0,0.0,0.0,0.0,0.0,175.19937,0.0,0.0,0.0
frdm,cn307,307Cn,112,195,307,112307,111883.38281,110764.54898189999,11076454.89819,100.0,0.0,0.0,0.0,0.0,0.0,0.0,0.0,0.0,0.0,0.0,0.0,0.0,0.0,0.0,111883.38281,0.0,0.0,0.0
frdm,cn308,308Cn,112,196,308,112308,237.03755,234.66717450000002,23466.71745,100.0,0.0,0.0,0.0,0.0,0.0,0.0,0.0,0.0,0.0,0.0,0.0,0.0,0.0,0.0,237.03755,0.0,0.0,0.0
frdm,cn309,309Cn,112,197,309,112309,23.05458,22.8240342,2282.40342,100.0,0.0,0.0,0.0,0.0,0.0,0.0,0.0,0.0,0.0,0.0,0.0,0.0,0.0,0.0,23.05458,0.0,0.0,0.0
frdm,cn310,310Cn,112,198,310,112310,0.26948,0.2667852,26.67852,100.0,0.0,0.0,0.0,0.0,0.0,0.0,0.0,0.0,0.0,0.0,0.0,0.0,0.0,0.0,0.26948,0.0,0.0,0.0
frdm,cn311,311Cn,112,199,311,112311,16.54494,16.3794906,1637.9490600000001,100.0,0.0,0.0,0.0,0.0,0.0,0.04,0.036000000000000004,0.36000000000000004,0.0,0.0,0.0,0.0,0.0,0.0,16.54494,0.04,0.0,0.0
frdm,cn312,312Cn,112,200,312,112312,11.44501,11.3305599,1133.05599,100.0,0.0,0.0,0.0,0.0,0.0,0.0,0.0,0.0,0.0,0.0,0.0,0.0,0.0,0.0,11.44501,0.0,0.0,0.0
frdm,cn313,313Cn,112,201,313,112313,7.01865,6.9484635,694.84635,100.0,0.0,0.0,0.0,0.0,0.0,0.0,0.0,0.0,0.0,0.0,0.0,0.0,0.0,0.0,7.01865,0.0,0.0,0.0
frdm,cn314,314Cn,112,202,314,112314,4.3067,4.2636330000000005,426.36330000000004,100.0,0.0,0.0,0.0,0.0,0.0,0.0,0.0,0.0,0.0,0.0,0.0,0.0,0.0,0.0,4.3067,0.0,0.0,0.0
frdm,cn315,315Cn,112,203,315,112315,2.74437,2.7169263,271.69263,100.0,0.0,0.0,0.0,0.0,0.0,0.0,0.0,0.0,0.0,0.0,0.0,0.0,0.0,0.0,2.74437,0.0,0.0,0.0
frdm,cn316,316Cn,112,204,316,112316,2.34154,2.3181246,231.81246000000002,100.0,0.0,0.0,0.0,0.0,0.0,0.0,0.0,0.0,0.0,0.0,0.0,0.0,0.0,0.0,2.34154,0.0,0.0,0.0
frdm,cn317,317Cn,112,205,317,112317,0.95455,0.9450045,94.50045,100.0,0.0,0.0,0.0,0.0,0.0,0.01,0.009000000000000001,0.09000000000000001,0.0,0.0,0.0,0.0,0.0,0.0,0.95455,0.01,0.0,0.0
frdm,cn318,318Cn,112,206,318,112318,1.2842,1.271358,127.13579999999999,100.0,0.0,0.0,0.0,0.0,0.0,0.03,0.027,0.27,0.0,0.0,0.0,0.0,0.0,0.0,1.2842,0.03,0.0,0.0
frdm,cn319,319Cn,112,207,319,112319,0.55129,0.5457770999999999,54.577709999999996,100.0,0.0,0.0,0.0,0.0,0.0,0.03,0.027,0.27,0.0,0.0,0.0,0.0,0.0,0.0,0.55129,0.03,0.0,0.0
frdm,cn320,320Cn,112,208,320,112320,0.73795,0.7305705,73.05705,100.0,0.0,0.0,0.0,0.0,0.0,0.07,0.063,0.6300000000000001,0.0,0.0,0.0,0.0,0.0,0.0,0.73795,0.07,0.0,0.0
frdm,cn321,321Cn,112,209,321,112321,0.44194,0.4375206,43.75206,100.0,0.0,0.0,0.0,0.0,0.0,0.05,0.045000000000000005,0.45,0.0,0.0,0.0,0.0,0.0,0.0,0.44194,0.05,0.0,0.0
frdm,cn322,322Cn,112,210,322,112322,0.38968,0.38578320000000005,38.578320000000005,100.0,0.0,0.0,0.0,0.0,0.0,0.12,0.108,1.08,0.0,0.0,0.0,0.0,0.0,0.0,0.38968,0.12,0.0,0.0
frdm,cn323,323Cn,112,211,323,112323,0.29538,0.29242619999999997,29.242619999999995,100.0,0.0,0.0,0.0,0.0,0.0,0.12,0.108,1.08,0.0,0.0,0.0,0.0,0.0,0.0,0.29538,0.12,0.0,0.0
frdm,cn324,324Cn,112,212,324,112324,0.26533,0.2626767,26.267670000000003,100.0,0.0,0.0,0.0,0.0,0.0,0.18,0.162,1.6199999999999999,0.0,0.0,0.0,0.0,0.0,0.0,0.26533,0.18,0.0,0.0
frdm,cn325,325Cn,112,213,325,112325,0.25173,0.2492127,24.921270000000003,100.0,0.0,0.0,0.0,0.0,0.0,0.53,0.47700000000000004,4.7700000000000005,0.0,0.0,0.0,0.0,0.0,0.0,0.25173,0.53,0.0,0.0
frdm,cn326,326Cn,112,214,326,112326,0.18374,0.1819026,18.19026,100.0,0.0,0.0,0.0,0.0,0.0,0.61,0.5489999999999999,5.489999999999999,0.0,0.0,0.0,0.0,0.0,0.0,0.18374,0.61,0.0,0.0
frdm,cn327,327Cn,112,215,327,112327,0.17016,0.1684584,16.845840000000003,100.0,0.0,0.0,0.0,0.0,0.0,0.67,0.603,6.03,0.0,0.0,0.0,0.0,0.0,0.0,0.17016,0.67,0.0,0.0
frdm,cn328,328Cn,112,216,328,112328,0.15327,0.1517373,15.173729999999999,100.0,0.0,0.0,0.0,0.0,0.0,0.68,0.6120000000000001,6.120000000000001,0.0,0.0,0.0,0.0,0.0,0.0,0.15327,0.68,0.0,0.0
frdm,cn329,329Cn,112,217,329,112329,0.13965,0.1382535,13.82535,100.0,0.0,0.0,0.0,0.0,0.0,0.73,0.657,6.57,0.0,0.0,0.0,0.0,0.0,0.0,0.13965,0.73,0.0,0.0
frdm,cn330,330Cn,112,218,330,112330,0.10536,0.1043064,10.43064,100.0,0.0,0.0,0.0,0.0,0.0,0.77,0.6930000000000001,6.93,0.0,0.0,0.0,0.0,0.0,0.0,0.10536,0.77,0.0,0.0
frdm,cn331,331Cn,112,219,331,112331,0.06723,0.0665577,6.6557699999999995,100.0,0.0,0.0,0.0,0.0,0.0,0.71,0.639,6.39,0.03,0.027,0.27,0.0,0.0,0.0,0.06723,0.71,0.03,0.0
frdm,cn332,332Cn,112,220,332,112332,0.06332,0.0626868,6.26868,100.0,0.0,0.0,0.0,0.0,0.0,0.83,0.747,7.469999999999999,0.0,0.0,0.0,0.0,0.0,0.0,0.06332,0.83,0.0,0.0
frdm,cn333,333Cn,112,221,333,112333,0.04929,0.0487971,4.87971,100.0,0.0,0.0,0.0,0.0,0.0,0.64,0.5760000000000001,5.760000000000001,0.14,0.126,1.2600000000000002,0.0,0.0,0.0,0.04929,0.64,0.14,0.0
frdm,cn334,334Cn,112,222,334,112334,0.04465,0.0442035,4.42035,100.0,0.0,0.0,0.0,0.0,0.0,0.84,0.756,7.5600000000000005,0.0,0.0,0.0,0.0,0.0,0.0,0.04465,0.84,0.0,0.0
frdm,cn335,335Cn,112,223,335,112335,0.02733,0.0270567,2.70567,100.0,0.0,0.0,0.0,0.0,0.0,0.56,0.504,5.040000000000001,0.37,0.333,3.33,0.0,0.0,0.0,0.02733,0.56,0.37,0.0
frdm,cn336,336Cn,112,224,336,112336,0.02369,0.023453099999999998,2.3453099999999996,100.0,0.0,0.0,0.0,0.0,0.0,0.93,0.8370000000000001,8.370000000000001,0.0,0.0,0.0,0.0,0.0,0.0,0.02369,0.93,0.0,0.0
frdm,cn337,337Cn,112,225,337,112337,0.01685,0.016681500000000002,1.66815,100.0,0.0,0.0,0.0,0.0,0.0,0.85,0.765,7.65,0.1,0.09000000000000001,0.9,0.0,0.0,0.0,0.01685,0.85,0.1,0.0
frdm,cn338,338Cn,112,226,338,112338,0.01208,0.0119592,1.1959199999999999,100.0,0.0,0.0,0.0,0.0,0.0,0.97,0.873,8.729999999999999,0.0,0.0,0.0,0.0,0.0,0.0,0.01208,0.97,0.0,0.0
frdm,cn339,339Cn,112,227,339,112339,0.01405,0.0139095,1.3909500000000001,100.0,0.0,0.0,0.0,0.0,0.0,0.89,0.801,8.01,0.05,0.045000000000000005,0.45,0.0,0.0,0.0,0.01405,0.89,0.05,0.0
frdm,nh294,294Nh,113,181,294,113294,248825.07813,246336.8273487,24633682.73487,100.0,0.0,0.0,0.0,0.0,0.0,0.0,0.0,0.0,0.0,0.0,0.0,0.0,0.0,0.0,248825.07813,0.0,0.0,0.0
frdm,nh296,296Nh,113,183,296,113296,12942.2959,12812.872941,1281287.2940999998,100.0,0.0,0.0,0.0,0.0,0.0,0.0,0.0,0.0,0.0,0.0,0.0,0.0,0.0,0.0,12942.2959,0.0,0.0,0.0
frdm,nh297,297Nh,113,184,297,113297,51452.67188,50938.1451612,5093814.51612,100.0,0.0,0.0,0.0,0.0,0.0,0.0,0.0,0.0,0.0,0.0,0.0,0.0,0.0,0.0,51452.67188,0.0,0.0,0.0
frdm,nh298,298Nh,113,185,298,113298,483.05829,478.2277071,47822.77071,100.0,0.0,0.0,0.0,0.0,0.0,0.0,0.0,0.0,0.0,0.0,0.0,0.0,0.0,0.0,483.05829,0.0,0.0,0.0
frdm,nh299,299Nh,113,186,299,113299,2719.64331,2692.4468769,269244.68769,100.0,0.0,0.0,0.0,0.0,0.0,0.0,0.0,0.0,0.0,0.0,0.0,0.0,0.0,0.0,2719.64331,0.0,0.0,0.0
frdm,nh300,300Nh,113,187,300,113300,139.5468,138.151332,13815.133199999998,100.0,0.0,0.0,0.0,0.0,0.0,0.0,0.0,0.0,0.0,0.0,0.0,0.0,0.0,0.0,139.5468,0.0,0.0,0.0
frdm,nh301,301Nh,113,188,301,113301,731.91516,724.5960084,72459.60084,100.0,0.0,0.0,0.0,0.0,0.0,0.0,0.0,0.0,0.0,0.0,0.0,0.0,0.0,0.0,731.91516,0.0,0.0,0.0
frdm,nh302,302Nh,113,189,302,113302,81.03743,80.2270557,8022.70557,100.0,0.0,0.0,0.0,0.0,0.0,0.0,0.0,0.0,0.0,0.0,0.0,0.0,0.0,0.0,81.03743,0.0,0.0,0.0
frdm,nh303,303Nh,113,190,303,113303,263.24844,260.6159556,26061.59556,100.0,0.0,0.0,0.0,0.0,0.0,0.0,0.0,0.0,0.0,0.0,0.0,0.0,0.0,0.0,263.24844,0.0,0.0,0.0
frdm,nh304,304Nh,113,191,304,113304,57.44518,56.8707282,5687.07282,100.0,0.0,0.0,0.0,0.0,0.0,0.0,0.0,0.0,0.0,0.0,0.0,0.0,0.0,0.0,57.44518,0.0,0.0,0.0
frdm,nh305,305Nh,113,192,305,113305,141.28107,139.8682593,13986.825929999999,100.0,0.0,0.0,0.0,0.0,0.0,0.0,0.0,0.0,0.0,0.0,0.0,0.0,0.0,0.0,141.28107,0.0,0.0,0.0
frdm,nh306,306Nh,113,193,306,113306,60.8882,60.279317999999996,6027.931799999999,100.0,0.0,0.0,0.0,0.0,0.0,0.0,0.0,0.0,0.0,0.0,0.0,0.0,0.0,0.0,60.8882,0.0,0.0,0.0
frdm,nh307,307Nh,113,194,307,113307,156.99998,155.4299802,15542.998019999999,100.0,0.0,0.0,0.0,0.0,0.0,0.0,0.0,0.0,0.0,0.0,0.0,0.0,0.0,0.0,156.99998,0.0,0.0,0.0
frdm,nh308,308Nh,113,195,308,113308,26.3215,26.058285,2605.8285,100.0,0.0,0.0,0.0,0.0,0.0,0.0,0.0,0.0,0.0,0.0,0.0,0.0,0.0,0.0,26.3215,0.0,0.0,0.0
frdm,nh309,309Nh,113,196,309,113309,71.96328,71.2436472,7124.36472,100.0,0.0,0.0,0.0,0.0,0.0,0.0,0.0,0.0,0.0,0.0,0.0,0.0,0.0,0.0,71.96328,0.0,0.0,0.0
frdm,nh310,310Nh,113,197,310,113310,22977.95703,22748.1774597,2274817.74597,100.0,0.0,0.0,0.0,0.0,0.0,0.0,0.0,0.0,0.0,0.0,0.0,0.0,0.0,0.0,22977.95703,0.0,0.0,0.0
frdm,nh311,311Nh,113,198,311,113311,0.3864,0.38253600000000004,38.2536,100.0,0.0,0.0,0.0,0.0,0.0,0.0,0.0,0.0,0.0,0.0,0.0,0.0,0.0,0.0,0.3864,0.0,0.0,0.0
frdm,nh312,312Nh,113,199,312,113312,0.22179,0.2195721,21.95721,100.0,0.0,0.0,0.0,0.0,0.0,0.1,0.09000000000000001,0.9,0.0,0.0,0.0,0.0,0.0,0.0,0.22179,0.1,0.0,0.0
frdm,nh313,313Nh,113,200,313,113313,5.2416,5.189184,518.9184,100.0,0.0,0.0,0.0,0.0,0.0,0.24,0.216,2.16,0.0,0.0,0.0,0.0,0.0,0.0,5.2416,0.24,0.0,0.0
frdm,nh314,314Nh,113,201,314,113314,5.13458,5.0832342,508.32341999999994,100.0,0.0,0.0,0.0,0.0,0.0,0.0,0.0,0.0,0.0,0.0,0.0,0.0,0.0,0.0,5.13458,0.0,0.0,0.0
frdm,nh315,315Nh,113,202,315,113315,3.56568,3.5300232,353.00232,100.0,0.0,0.0,0.0,0.0,0.0,0.0,0.0,0.0,0.0,0.0,0.0,0.0,0.0,0.0,3.56568,0.0,0.0,0.0
frdm,nh316,316Nh,113,203,316,113316,2.34781,2.3243319,232.43319,100.0,0.0,0.0,0.0,0.0,0.0,0.0,0.0,0.0,0.0,0.0,0.0,0.0,0.0,0.0,2.34781,0.0,0.0,0.0
frdm,nh317,317Nh,113,204,317,113317,2.07082,2.0501118,205.01118,100.0,0.0,0.0,0.0,0.0,0.0,0.1,0.09000000000000001,0.9,0.0,0.0,0.0,0.0,0.0,0.0,2.07082,0.1,0.0,0.0
frdm,nh318,318Nh,113,205,318,113318,1.59257,1.5766443,157.66443,100.0,0.0,0.0,0.0,0.0,0.0,0.06,0.054,0.54,0.0,0.0,0.0,0.0,0.0,0.0,1.59257,0.06,0.0,0.0
frdm,nh319,319Nh,113,206,319,113319,1.917,1.8978300000000001,189.78300000000002,100.0,0.0,0.0,0.0,0.0,0.0,0.3,0.27,2.7,0.0,0.0,0.0,0.0,0.0,0.0,1.917,0.3,0.0,0.0
frdm,nh320,320Nh,113,207,320,113320,0.81133,0.8032167,80.32167,100.0,0.0,0.0,0.0,0.0,0.0,0.2,0.18000000000000002,1.8,0.0,0.0,0.0,0.0,0.0,0.0,0.81133,0.2,0.0,0.0
frdm,nh321,321Nh,113,208,321,113321,1.14404,1.1325996,113.25995999999999,100.0,0.0,0.0,0.0,0.0,0.0,0.36,0.324,3.2399999999999998,0.0,0.0,0.0,0.0,0.0,0.0,1.14404,0.36,0.0,0.0
frdm,nh322,322Nh,113,209,322,113322,0.64451,0.6380649,63.80649000000001,100.0,0.0,0.0,0.0,0.0,0.0,0.17,0.15300000000000002,1.5300000000000002,0.0,0.0,0.0,0.0,0.0,0.0,0.64451,0.17,0.0,0.0
frdm,nh323,323Nh,113,210,323,113323,0.63873,0.6323427,63.23427,100.0,0.0,0.0,0.0,0.0,0.0,0.39,0.35100000000000003,3.5100000000000002,0.0,0.0,0.0,0.0,0.0,0.0,0.63873,0.39,0.0,0.0
frdm,nh324,324Nh,113,211,324,113324,0.42391,0.4196709,41.96709,100.0,0.0,0.0,0.0,0.0,0.0,0.24,0.216,2.16,0.0,0.0,0.0,0.0,0.0,0.0,0.42391,0.24,0.0,0.0
frdm,nh325,325Nh,113,212,325,113325,0.45789,0.4533111,45.33111,100.0,0.0,0.0,0.0,0.0,0.0,0.4,0.36000000000000004,3.6,0.0,0.0,0.0,0.0,0.0,0.0,0.45789,0.4,0.0,0.0
frdm,nh326,326Nh,113,213,326,113326,0.46007,0.45546929999999997,45.546929999999996,100.0,0.0,0.0,0.0,0.0,0.0,0.69,0.621,6.209999999999999,0.0,0.0,0.0,0.0,0.0,0.0,0.46007,0.69,0.0,0.0
frdm,nh327,327Nh,113,214,327,113327,0.27833,0.27554670000000003,27.55467,100.0,0.0,0.0,0.0,0.0,0.0,0.84,0.756,7.5600000000000005,0.0,0.0,0.0,0.0,0.0,0.0,0.27833,0.84,0.0,0.0
frdm,nh328,328Nh,113,215,328,113328,0.2458,0.243342,24.3342,100.0,0.0,0.0,0.0,0.0,0.0,0.74,0.666,6.66,0.03,0.027,0.27,0.0,0.0,0.0,0.2458,0.74,0.03,0.0
frdm,nh329,329Nh,113,216,329,113329,0.19491,0.1929609,19.29609,100.0,0.0,0.0,0.0,0.0,0.0,0.87,0.783,7.829999999999999,0.0,0.0,0.0,0.0,0.0,0.0,0.19491,0.87,0.0,0.0
frdm,nh330,330Nh,113,217,330,113330,0.16943,0.1677357,16.773570000000003,100.0,0.0,0.0,0.0,0.0,0.0,0.72,0.648,6.4799999999999995,0.12,0.108,1.08,0.0,0.0,0.0,0.16943,0.72,0.12,0.0
frdm,nh331,331Nh,113,218,331,113331,0.12855,0.1272645,12.72645,100.0,0.0,0.0,0.0,0.0,0.0,0.89,0.801,8.01,0.0,0.0,0.0,0.0,0.0,0.0,0.12855,0.89,0.0,0.0
frdm,nh332,332Nh,113,219,332,113332,0.09262,0.09169379999999999,9.169379999999999,100.0,0.0,0.0,0.0,0.0,0.0,0.5,0.45,4.5,0.28,0.252,2.5200000000000005,0.0,0.0,0.0,0.09262,0.5,0.28,0.0
frdm,nh333,333Nh,113,220,333,113333,0.0875,0.086625,8.6625,100.0,0.0,0.0,0.0,0.0,0.0,0.89,0.801,8.01,0.03,0.027,0.27,0.0,0.0,0.0,0.0875,0.89,0.03,0.0
frdm,nh334,334Nh,113,221,334,113334,0.06232,0.0616968,6.1696800000000005,100.0,0.0,0.0,0.0,0.0,0.0,0.43,0.387,3.8699999999999997,0.46,0.41400000000000003,4.140000000000001,0.0,0.0,0.0,0.06232,0.43,0.46,0.0
frdm,nh335,335Nh,113,222,335,113335,0.04379,0.043352100000000005,4.33521,100.0,0.0,0.0,0.0,0.0,0.0,0.91,0.8190000000000001,8.19,0.03,0.027,0.27,0.0,0.0,0.0,0.04379,0.91,0.03,0.0
frdm,nh336,336Nh,113,223,336,113336,0.0404,0.039996,3.9996,100.0,0.0,0.0,0.0,0.0,0.0,0.37,0.333,3.33,0.57,0.5129999999999999,5.129999999999999,0.0,0.0,0.0,0.0404,0.37,0.57,0.0
frdm,nh337,337Nh,113,224,337,113337,0.03068,0.0303732,3.0373200000000002,100.0,0.0,0.0,0.0,0.0,0.0,0.94,0.846,8.459999999999999,0.01,0.009000000000000001,0.09000000000000001,0.0,0.0,0.0,0.03068,0.94,0.01,0.0
frdm,nh338,338Nh,113,225,338,113338,0.02085,0.0206415,2.06415,100.0,0.0,0.0,0.0,0.0,0.0,0.48,0.432,4.32,0.47,0.423,4.2299999999999995,0.0,0.0,0.0,0.02085,0.48,0.47,0.0
frdm,nh339,339Nh,113,226,339,113339,0.01745,0.0172755,1.7275500000000001,100.0,0.0,0.0,0.0,0.0,0.0,0.97,0.873,8.729999999999999,0.0,0.0,0.0,0.0,0.0,0.0,0.01745,0.97,0.0,0.0
frdm,fl301,301Fl,114,187,301,114301,26745.99609,26478.5361291,2647853.61291,100.0,0.0,0.0,0.0,0.0,0.0,0.0,0.0,0.0,0.0,0.0,0.0,0.0,0.0,0.0,26745.99609,0.0,0.0,0.0
frdm,fl303,303Fl,114,189,303,114303,4667.69922,4621.0222278,462102.22278,100.0,0.0,0.0,0.0,0.0,0.0,0.0,0.0,0.0,0.0,0.0,0.0,0.0,0.0,0.0,4667.69922,0.0,0.0,0.0
frdm,fl305,305Fl,114,191,305,114305,1574.03064,1558.2903336,155829.03335999997,100.0,0.0,0.0,0.0,0.0,0.0,0.0,0.0,0.0,0.0,0.0,0.0,0.0,0.0,0.0,1574.03064,0.0,0.0,0.0
frdm,fl307,307Fl,114,193,307,114307,521.10852,515.8974348,51589.74348,100.0,0.0,0.0,0.0,0.0,0.0,0.0,0.0,0.0,0.0,0.0,0.0,0.0,0.0,0.0,521.10852,0.0,0.0,0.0
frdm,fl308,308Fl,114,194,308,114308,16860.08789,16691.4870111,1669148.7011099998,100.0,0.0,0.0,0.0,0.0,0.0,0.0,0.0,0.0,0.0,0.0,0.0,0.0,0.0,0.0,16860.08789,0.0,0.0,0.0
frdm,fl309,309Fl,114,195,309,114309,301.46994,298.4552406,29845.524060000003,100.0,0.0,0.0,0.0,0.0,0.0,0.0,0.0,0.0,0.0,0.0,0.0,0.0,0.0,0.0,301.46994,0.0,0.0,0.0
frdm,fl310,310Fl,114,196,310,114310,2306.00708,2282.9470091999997,228294.70091999997,100.0,0.0,0.0,0.0,0.0,0.0,0.0,0.0,0.0,0.0,0.0,0.0,0.0,0.0,0.0,2306.00708,0.0,0.0,0.0
frdm,fl312,312Fl,114,198,312,114312,88.59032,87.7044168,8770.441680000002,100.0,0.0,0.0,0.0,0.0,0.0,0.0,0.0,0.0,0.0,0.0,0.0,0.0,0.0,0.0,88.59032,0.0,0.0,0.0
frdm,fl313,313Fl,114,199,313,114313,0.57168,0.5659632,56.59632,100.0,0.0,0.0,0.0,0.0,0.0,0.0,0.0,0.0,0.0,0.0,0.0,0.0,0.0,0.0,0.57168,0.0,0.0,0.0
frdm,fl314,314Fl,114,200,314,114314,105.4501,104.395599,10439.5599,100.0,0.0,0.0,0.0,0.0,0.0,0.0,0.0,0.0,0.0,0.0,0.0,0.0,0.0,0.0,105.4501,0.0,0.0,0.0
frdm,fl315,315Fl,114,201,315,114315,45.98071,45.5209029,4552.09029,100.0,0.0,0.0,0.0,0.0,0.0,0.0,0.0,0.0,0.0,0.0,0.0,0.0,0.0,0.0,45.98071,0.0,0.0,0.0
frdm,fl316,316Fl,114,202,316,114316,29.63174,29.3354226,2933.54226,100.0,0.0,0.0,0.0,0.0,0.0,0.0,0.0,0.0,0.0,0.0,0.0,0.0,0.0,0.0,29.63174,0.0,0.0,0.0
frdm,fl317,317Fl,114,203,317,114317,14.76781,14.6201319,1462.0131900000001,100.0,0.0,0.0,0.0,0.0,0.0,0.0,0.0,0.0,0.0,0.0,0.0,0.0,0.0,0.0,14.76781,0.0,0.0,0.0
frdm,fl318,318Fl,114,204,318,114318,11.28284,11.1700116,1117.00116,100.0,0.0,0.0,0.0,0.0,0.0,0.0,0.0,0.0,0.0,0.0,0.0,0.0,0.0,0.0,11.28284,0.0,0.0,0.0
frdm,fl319,319Fl,114,205,319,114319,3.16598,3.1343202,313.43201999999997,100.0,0.0,0.0,0.0,0.0,0.0,0.0,0.0,0.0,0.0,0.0,0.0,0.0,0.0,0.0,3.16598,0.0,0.0,0.0
frdm,fl320,320Fl,114,206,320,114320,4.68445,4.6376055,463.76054999999997,100.0,0.0,0.0,0.0,0.0,0.0,0.0,0.0,0.0,0.0,0.0,0.0,0.0,0.0,0.0,4.68445,0.0,0.0,0.0
frdm,fl321,321Fl,114,207,321,114321,1.52371,1.5084729,150.84729,100.0,0.0,0.0,0.0,0.0,0.0,0.0,0.0,0.0,0.0,0.0,0.0,0.0,0.0,0.0,1.52371,0.0,0.0,0.0
frdm,fl322,322Fl,114,208,322,114322,2.1955,2.173545,217.3545,100.0,0.0,0.0,0.0,0.0,0.0,0.0,0.0,0.0,0.0,0.0,0.0,0.0,0.0,0.0,2.1955,0.0,0.0,0.0
frdm,fl323,323Fl,114,209,323,114323,0.94907,0.9395793,93.95792999999999,100.0,0.0,0.0,0.0,0.0,0.0,0.0,0.0,0.0,0.0,0.0,0.0,0.0,0.0,0.0,0.94907,0.0,0.0,0.0
frdm,fl324,324Fl,114,210,324,114324,1.20789,1.1958111,119.58110999999998,100.0,0.0,0.0,0.0,0.0,0.0,0.0,0.0,0.0,0.0,0.0,0.0,0.0,0.0,0.0,1.20789,0.0,0.0,0.0
frdm,fl325,325Fl,114,211,325,114325,0.6608,0.6541920000000001,65.41920000000002,100.0,0.0,0.0,0.0,0.0,0.0,0.0,0.0,0.0,0.0,0.0,0.0,0.0,0.0,0.0,0.6608,0.0,0.0,0.0
frdm,fl326,326Fl,114,212,326,114326,2.00334,1.9833066000000001,198.33066,100.0,0.0,0.0,0.0,0.0,0.0,0.1,0.09000000000000001,0.9,0.0,0.0,0.0,0.0,0.0,0.0,2.00334,0.1,0.0,0.0
frdm,fl327,327Fl,114,213,327,114327,0.62113,0.6149186999999999,61.49187,100.0,0.0,0.0,0.0,0.0,0.0,0.05,0.045000000000000005,0.45,0.0,0.0,0.0,0.0,0.0,0.0,0.62113,0.05,0.0,0.0
frdm,fl328,328Fl,114,214,328,114328,0.81653,0.8083646999999999,80.83646999999999,100.0,0.0,0.0,0.0,0.0,0.0,0.33,0.29700000000000004,2.97,0.0,0.0,0.0,0.0,0.0,0.0,0.81653,0.33,0.0,0.0
frdm,fl329,329Fl,114,215,329,114329,0.49419,0.4892481,48.92481,100.0,0.0,0.0,0.0,0.0,0.0,0.34,0.30600000000000005,3.0600000000000005,0.0,0.0,0.0,0.0,0.0,0.0,0.49419,0.34,0.0,0.0
frdm,fl330,330Fl,114,216,330,114330,0.34622,0.3427578,34.27578,100.0,0.0,0.0,0.0,0.0,0.0,0.43,0.387,3.8699999999999997,0.0,0.0,0.0,0.0,0.0,0.0,0.34622,0.43,0.0,0.0
frdm,fl331,331Fl,114,217,331,114331,0.27996,0.2771604,27.71604,100.0,0.0,0.0,0.0,0.0,0.0,0.5,0.45,4.5,0.0,0.0,0.0,0.0,0.0,0.0,0.27996,0.5,0.0,0.0
frdm,fl332,332Fl,114,218,332,114332,0.20513,0.2030787,20.30787,100.0,0.0,0.0,0.0,0.0,0.0,0.61,0.5489999999999999,5.489999999999999,0.0,0.0,0.0,0.0,0.0,0.0,0.20513,0.61,0.0,0.0
frdm,fl333,333Fl,114,219,333,114333,0.11958,0.11838420000000001,11.838420000000001,100.0,0.0,0.0,0.0,0.0,0.0,0.59,0.5309999999999999,5.31,0.0,0.0,0.0,0.0,0.0,0.0,0.11958,0.59,0.0,0.0
frdm,fl334,334Fl,114,220,334,114334,0.12076,0.1195524,11.95524,100.0,0.0,0.0,0.0,0.0,0.0,0.84,0.756,7.5600000000000005,0.0,0.0,0.0,0.0,0.0,0.0,0.12076,0.84,0.0,0.0
frdm,fl335,335Fl,114,221,335,114335,0.09742,0.09644580000000001,9.644580000000001,100.0,0.0,0.0,0.0,0.0,0.0,0.84,0.756,7.5600000000000005,0.0,0.0,0.0,0.0,0.0,0.0,0.09742,0.84,0.0,0.0
frdm,fl336,336Fl,114,222,336,114336,0.0291,0.028809,2.8809,100.0,0.0,0.0,0.0,0.0,0.0,0.93,0.8370000000000001,8.370000000000001,0.0,0.0,0.0,0.0,0.0,0.0,0.0291,0.93,0.0,0.0
frdm,fl337,337Fl,114,223,337,114337,0.05725,0.056677500000000006,5.667750000000001,100.0,0.0,0.0,0.0,0.0,0.0,0.75,0.675,6.75,0.0,0.0,0.0,0.0,0.0,0.0,0.05725,0.75,0.0,0.0
frdm,fl338,338Fl,114,224,338,114338,0.02583,0.0255717,2.5571699999999997,100.0,0.0,0.0,0.0,0.0,0.0,0.89,0.801,8.01,0.0,0.0,0.0,0.0,0.0,0.0,0.02583,0.89,0.0,0.0
frdm,fl339,339Fl,114,225,339,114339,0.03633,0.035966700000000004,3.59667,100.0,0.0,0.0,0.0,0.0,0.0,0.91,0.8190000000000001,8.19,0.0,0.0,0.0,0.0,0.0,0.0,0.03633,0.91,0.0,0.0
frdm,mc300,300Mc,115,185,300,115300,275335.46875,272582.1140625,27258211.40625,100.0,0.0,0.0,0.0,0.0,0.0,0.0,0.0,0.0,0.0,0.0,0.0,0.0,0.0,0.0,275335.46875,0.0,0.0,0.0
frdm,mc302,302Mc,115,187,302,115302,10303.81152,10200.773404799998,1020077.3404799999,100.0,0.0,0.0,0.0,0.0,0.0,0.0,0.0,0.0,0.0,0.0,0.0,0.0,0.0,0.0,10303.81152,0.0,0.0,0.0
frdm,mc304,304Mc,115,189,304,115304,3961.98877,3922.3688822999998,392236.88823,100.0,0.0,0.0,0.0,0.0,0.0,0.0,0.0,0.0,0.0,0.0,0.0,0.0,0.0,0.0,3961.98877,0.0,0.0,0.0
frdm,mc306,306Mc,115,191,306,115306,2301.8269,2278.808631,227880.86310000002,100.0,0.0,0.0,0.0,0.0,0.0,0.0,0.0,0.0,0.0,0.0,0.0,0.0,0.0,0.0,2301.8269,0.0,0.0,0.0
frdm,mc307,307Mc,115,192,307,115307,81184.14844,80372.3069556,8037230.695560001,100.0,0.0,0.0,0.0,0.0,0.0,0.0,0.0,0.0,0.0,0.0,0.0,0.0,0.0,0.0,81184.14844,0.0,0.0,0.0
frdm,mc308,308Mc,115,193,308,115308,885.48114,876.6263286,87662.63286,100.0,0.0,0.0,0.0,0.0,0.0,0.0,0.0,0.0,0.0,0.0,0.0,0.0,0.0,0.0,885.48114,0.0,0.0,0.0
frdm,mc309,309Mc,115,194,309,115309,1593.03271,1577.1023829,157710.23829,100.0,0.0,0.0,0.0,0.0,0.0,0.0,0.0,0.0,0.0,0.0,0.0,0.0,0.0,0.0,1593.03271,0.0,0.0,0.0
frdm,mc310,310Mc,115,195,310,115310,285.8548,282.996252,28299.6252,100.0,0.0,0.0,0.0,0.0,0.0,0.0,0.0,0.0,0.0,0.0,0.0,0.0,0.0,0.0,285.8548,0.0,0.0,0.0
frdm,mc311,311Mc,115,196,311,115311,725.90314,718.6441086,71864.41086,100.0,0.0,0.0,0.0,0.0,0.0,0.0,0.0,0.0,0.0,0.0,0.0,0.0,0.0,0.0,725.90314,0.0,0.0,0.0
frdm,mc314,314Mc,115,199,314,115314,224.74655,222.4990845,22249.908450000003,100.0,0.0,0.0,0.0,0.0,0.0,0.0,0.0,0.0,0.0,0.0,0.0,0.0,0.0,0.0,224.74655,0.0,0.0,0.0
frdm,mc315,315Mc,115,200,315,115315,0.37747,0.3736953,37.36953,100.0,0.0,0.0,0.0,0.0,0.0,0.0,0.0,0.0,0.0,0.0,0.0,0.0,0.0,0.0,0.37747,0.0,0.0,0.0
frdm,mc316,316Mc,115,201,316,115316,20.9739,20.764161,2076.4161,100.0,0.0,0.0,0.0,0.0,0.0,0.07,0.063,0.6300000000000001,0.0,0.0,0.0,0.0,0.0,0.0,20.9739,0.07,0.0,0.0
frdm,mc317,317Mc,115,202,317,115317,12.94876,12.819272400000001,1281.92724,100.0,0.0,0.0,0.0,0.0,0.0,0.0,0.0,0.0,0.0,0.0,0.0,0.0,0.0,0.0,12.94876,0.0,0.0,0.0
frdm,mc318,318Mc,115,203,318,115318,5.8298,5.771502,577.1502,100.0,0.0,0.0,0.0,0.0,0.0,0.0,0.0,0.0,0.0,0.0,0.0,0.0,0.0,0.0,5.8298,0.0,0.0,0.0
frdm,mc319,319Mc,115,204,319,115319,4.18951,4.147614900000001,414.76149000000004,100.0,0.0,0.0,0.0,0.0,0.0,0.0,0.0,0.0,0.0,0.0,0.0,0.0,0.0,0.0,4.18951,0.0,0.0,0.0
frdm,mc320,320Mc,115,205,320,115320,2.52255,2.4973245,249.73245,100.0,0.0,0.0,0.0,0.0,0.0,0.0,0.0,0.0,0.0,0.0,0.0,0.0,0.0,0.0,2.52255,0.0,0.0,0.0
frdm,mc321,321Mc,115,206,321,115321,2.69748,2.6705052,267.05052,100.0,0.0,0.0,0.0,0.0,0.0,0.04,0.036000000000000004,0.36000000000000004,0.0,0.0,0.0,0.0,0.0,0.0,2.69748,0.04,0.0,0.0
frdm,mc322,322Mc,115,207,322,115322,1.69375,1.6768125,167.68125,100.0,0.0,0.0,0.0,0.0,0.0,0.01,0.009000000000000001,0.09000000000000001,0.0,0.0,0.0,0.0,0.0,0.0,1.69375,0.01,0.0,0.0
frdm,mc323,323Mc,115,208,323,115323,1.56574,1.5500825999999999,155.00825999999998,100.0,0.0,0.0,0.0,0.0,0.0,0.08,0.07200000000000001,0.7200000000000001,0.0,0.0,0.0,0.0,0.0,0.0,1.56574,0.08,0.0,0.0
frdm,mc324,324Mc,115,209,324,115324,0.67194,0.6652205999999999,66.52206,100.0,0.0,0.0,0.0,0.0,0.0,0.03,0.027,0.27,0.0,0.0,0.0,0.0,0.0,0.0,0.67194,0.03,0.0,0.0
frdm,mc325,325Mc,115,210,325,115325,2.5785,2.552715,255.27150000000003,100.0,0.0,0.0,0.0,0.0,0.0,0.35,0.315,3.15,0.0,0.0,0.0,0.0,0.0,0.0,2.5785,0.35,0.0,0.0
frdm,mc326,326Mc,115,211,326,115326,1.36692,1.3532507999999999,135.32507999999999,100.0,0.0,0.0,0.0,0.0,0.0,0.17,0.15300000000000002,1.5300000000000002,0.0,0.0,0.0,0.0,0.0,0.0,1.36692,0.17,0.0,0.0
frdm,mc327,327Mc,115,212,327,115327,2.01516,1.9950084,199.50083999999998,100.0,0.0,0.0,0.0,0.0,0.0,0.43,0.387,3.8699999999999997,0.0,0.0,0.0,0.0,0.0,0.0,2.01516,0.43,0.0,0.0
frdm,mc328,328Mc,115,213,328,115328,2.00627,1.9862073000000002,198.62073,100.0,0.0,0.0,0.0,0.0,0.0,0.3,0.27,2.7,0.0,0.0,0.0,0.0,0.0,0.0,2.00627,0.3,0.0,0.0
frdm,mc329,329Mc,115,214,329,115329,1.49573,1.4807727,148.07727,100.0,0.0,0.0,0.0,0.0,0.0,0.55,0.49500000000000005,4.95,0.0,0.0,0.0,0.0,0.0,0.0,1.49573,0.55,0.0,0.0
frdm,mc330,330Mc,115,215,330,115330,0.86355,0.8549145,85.49145,100.0,0.0,0.0,0.0,0.0,0.0,0.36,0.324,3.2399999999999998,0.0,0.0,0.0,0.0,0.0,0.0,0.86355,0.36,0.0,0.0
frdm,mc331,331Mc,115,216,331,115331,0.64027,0.6338673,63.38673,100.0,0.0,0.0,0.0,0.0,0.0,0.74,0.666,6.66,0.0,0.0,0.0,0.0,0.0,0.0,0.64027,0.74,0.0,0.0
frdm,mc332,332Mc,115,217,332,115332,0.41648,0.4123152,41.23152,100.0,0.0,0.0,0.0,0.0,0.0,0.61,0.5489999999999999,5.489999999999999,0.0,0.0,0.0,0.0,0.0,0.0,0.41648,0.61,0.0,0.0
frdm,mc333,333Mc,115,218,333,115333,0.33944,0.3360456,33.60456,100.0,0.0,0.0,0.0,0.0,0.0,0.81,0.7290000000000001,7.290000000000001,0.0,0.0,0.0,0.0,0.0,0.0,0.33944,0.81,0.0,0.0
frdm,mc334,334Mc,115,219,334,115334,0.17943,0.1776357,17.76357,100.0,0.0,0.0,0.0,0.0,0.0,0.72,0.648,6.4799999999999995,0.0,0.0,0.0,0.0,0.0,0.0,0.17943,0.72,0.0,0.0
frdm,mc335,335Mc,115,220,335,115335,0.20448,0.20243519999999998,20.24352,100.0,0.0,0.0,0.0,0.0,0.0,0.85,0.765,7.65,0.0,0.0,0.0,0.0,0.0,0.0,0.20448,0.85,0.0,0.0
frdm,mc336,336Mc,115,221,336,115336,0.14498,0.1435302,14.353019999999999,100.0,0.0,0.0,0.0,0.0,0.0,0.8,0.7200000000000001,7.2,0.02,0.018000000000000002,0.18000000000000002,0.0,0.0,0.0,0.14498,0.8,0.02,0.0
frdm,mc337,337Mc,115,222,337,115337,0.0851,0.08424899999999999,8.4249,100.0,0.0,0.0,0.0,0.0,0.0,0.93,0.8370000000000001,8.370000000000001,0.0,0.0,0.0,0.0,0.0,0.0,0.0851,0.93,0.0,0.0
frdm,mc338,338Mc,115,223,338,115338,0.09173,0.09081270000000001,9.08127,100.0,0.0,0.0,0.0,0.0,0.0,0.82,0.738,7.379999999999999,0.03,0.027,0.27,0.0,0.0,0.0,0.09173,0.82,0.03,0.0
frdm,mc339,339Mc,115,224,339,115339,0.036,0.03564,3.5639999999999996,100.0,0.0,0.0,0.0,0.0,0.0,0.97,0.873,8.729999999999999,0.0,0.0,0.0,0.0,0.0,0.0,0.036,0.97,0.0,0.0
frdm,lv309,309Lv,116,193,309,116309,163383.03125,161749.2009375,16174920.09375,100.0,0.0,0.0,0.0,0.0,0.0,0.0,0.0,0.0,0.0,0.0,0.0,0.0,0.0,0.0,163383.03125,0.0,0.0,0.0
frdm,lv311,311Lv,116,195,311,116311,20359.71289,20156.115761099998,2015611.5761099998,100.0,0.0,0.0,0.0,0.0,0.0,0.0,0.0,0.0,0.0,0.0,0.0,0.0,0.0,0.0,20359.71289,0.0,0.0,0.0
frdm,lv313,313Lv,116,197,313,116313,5570.45996,5514.7553604,551475.53604,100.0,0.0,0.0,0.0,0.0,0.0,0.0,0.0,0.0,0.0,0.0,0.0,0.0,0.0,0.0,5570.45996,0.0,0.0,0.0
frdm,lv314,314Lv,116,198,314,116314,0.3613,0.35768700000000003,35.7687,100.0,0.0,0.0,0.0,0.0,0.0,0.0,0.0,0.0,0.0,0.0,0.0,0.0,0.0,0.0,0.3613,0.0,0.0,0.0
frdm,lv315,315Lv,116,199,315,116315,37.4548,37.080252,3708.0252,100.0,0.0,0.0,0.0,0.0,0.0,0.0,0.0,0.0,0.0,0.0,0.0,0.0,0.0,0.0,37.4548,0.0,0.0,0.0
frdm,lv316,316Lv,116,200,316,116316,1.35871,1.3451229,134.51229,100.0,0.0,0.0,0.0,0.0,0.0,0.0,0.0,0.0,0.0,0.0,0.0,0.0,0.0,0.0,1.35871,0.0,0.0,0.0
frdm,lv317,317Lv,116,201,317,116317,594.34363,588.4001936999999,58840.019369999995,100.0,0.0,0.0,0.0,0.0,0.0,0.0,0.0,0.0,0.0,0.0,0.0,0.0,0.0,0.0,594.34363,0.0,0.0,0.0
frdm,lv318,318Lv,116,202,318,116318,1572.8103,1557.0821970000002,155708.2197,100.0,0.0,0.0,0.0,0.0,0.0,0.0,0.0,0.0,0.0,0.0,0.0,0.0,0.0,0.0,1572.8103,0.0,0.0,0.0
frdm,lv319,319Lv,116,203,319,116319,129.82033,128.5221267,12852.21267,100.0,0.0,0.0,0.0,0.0,0.0,0.0,0.0,0.0,0.0,0.0,0.0,0.0,0.0,0.0,129.82033,0.0,0.0,0.0
frdm,lv320,320Lv,116,204,320,116320,136.0544,134.69385599999998,13469.385599999998,100.0,0.0,0.0,0.0,0.0,0.0,0.0,0.0,0.0,0.0,0.0,0.0,0.0,0.0,0.0,136.0544,0.0,0.0,0.0
frdm,lv321,321Lv,116,205,321,116321,9.85527,9.7567173,975.67173,100.0,0.0,0.0,0.0,0.0,0.0,0.0,0.0,0.0,0.0,0.0,0.0,0.0,0.0,0.0,9.85527,0.0,0.0,0.0
frdm,lv322,322Lv,116,206,322,116322,31.0763,30.765537,3076.5537,100.0,0.0,0.0,0.0,0.0,0.0,0.0,0.0,0.0,0.0,0.0,0.0,0.0,0.0,0.0,31.0763,0.0,0.0,0.0
frdm,lv323,323Lv,116,207,323,116323,118.60353,117.4174947,11741.74947,100.0,0.0,0.0,0.0,0.0,0.0,0.0,0.0,0.0,0.0,0.0,0.0,0.0,0.0,0.0,118.60353,0.0,0.0,0.0
frdm,lv324,324Lv,116,208,324,116324,8.68209,8.595269100000001,859.52691,100.0,0.0,0.0,0.0,0.0,0.0,0.0,0.0,0.0,0.0,0.0,0.0,0.0,0.0,0.0,8.68209,0.0,0.0,0.0
frdm,lv325,325Lv,116,209,325,116325,2.85227,2.8237473,282.37473,100.0,0.0,0.0,0.0,0.0,0.0,0.0,0.0,0.0,0.0,0.0,0.0,0.0,0.0,0.0,2.85227,0.0,0.0,0.0
frdm,lv326,326Lv,116,210,326,116326,6.67752,6.6107448,661.0744800000001,100.0,0.0,0.0,0.0,0.0,0.0,0.0,0.0,0.0,0.0,0.0,0.0,0.0,0.0,0.0,6.67752,0.0,0.0,0.0
frdm,lv327,327Lv,116,211,327,116327,3.94458,3.9051342,390.51342000000005,100.0,0.0,0.0,0.0,0.0,0.0,0.0,0.0,0.0,0.0,0.0,0.0,0.0,0.0,0.0,3.94458,0.0,0.0,0.0
frdm,lv328,328Lv,116,212,328,116328,7.57889,7.5031011,750.31011,100.0,0.0,0.0,0.0,0.0,0.0,0.0,0.0,0.0,0.0,0.0,0.0,0.0,0.0,0.0,7.57889,0.0,0.0,0.0
frdm,lv329,329Lv,116,213,329,116329,4.23614,4.1937786,419.37786,100.0,0.0,0.0,0.0,0.0,0.0,0.0,0.0,0.0,0.0,0.0,0.0,0.0,0.0,0.0,4.23614,0.0,0.0,0.0
frdm,lv330,330Lv,116,214,330,116330,4.29967,4.2566733,425.66733,100.0,0.0,0.0,0.0,0.0,0.0,0.0,0.0,0.0,0.0,0.0,0.0,0.0,0.0,0.0,4.29967,0.0,0.0,0.0
frdm,lv331,331Lv,116,215,331,116331,1.51086,1.4957514,149.57514,100.0,0.0,0.0,0.0,0.0,0.0,0.0,0.0,0.0,0.0,0.0,0.0,0.0,0.0,0.0,1.51086,0.0,0.0,0.0
frdm,lv332,332Lv,116,216,332,116332,1.89388,1.8749412,187.49412,100.0,0.0,0.0,0.0,0.0,0.0,0.21,0.189,1.8900000000000001,0.0,0.0,0.0,0.0,0.0,0.0,1.89388,0.21,0.0,0.0
frdm,lv333,333Lv,116,217,333,116333,1.04496,1.0345104,103.45104,100.0,0.0,0.0,0.0,0.0,0.0,0.11,0.099,0.9900000000000001,0.0,0.0,0.0,0.0,0.0,0.0,1.04496,0.11,0.0,0.0
frdm,lv334,334Lv,116,218,334,116334,0.89804,0.8890596,88.90596000000001,100.0,0.0,0.0,0.0,0.0,0.0,0.35,0.315,3.15,0.0,0.0,0.0,0.0,0.0,0.0,0.89804,0.35,0.0,0.0
frdm,lv335,335Lv,116,219,335,116335,0.37301,0.3692799,36.92799,100.0,0.0,0.0,0.0,0.0,0.0,0.23,0.20700000000000002,2.0700000000000003,0.0,0.0,0.0,0.0,0.0,0.0,0.37301,0.23,0.0,0.0
frdm,lv336,336Lv,116,220,336,116336,0.55549,0.5499351,54.99351000000001,100.0,0.0,0.0,0.0,0.0,0.0,0.58,0.522,5.22,0.0,0.0,0.0,0.0,0.0,0.0,0.55549,0.58,0.0,0.0
frdm,lv337,337Lv,116,221,337,116337,0.32385,0.32061150000000005,32.061150000000005,100.0,0.0,0.0,0.0,0.0,0.0,0.48,0.432,4.32,0.0,0.0,0.0,0.0,0.0,0.0,0.32385,0.48,0.0,0.0
frdm,lv338,338Lv,116,222,338,116338,0.14622,0.1447578,14.475779999999999,100.0,0.0,0.0,0.0,0.0,0.0,0.75,0.675,6.75,0.0,0.0,0.0,0.0,0.0,0.0,0.14622,0.75,0.0,0.0
frdm,lv339,339Lv,116,223,339,116339,0.18022,0.1784178,17.84178,100.0,0.0,0.0,0.0,0.0,0.0,0.52,0.468,4.68,0.0,0.0,0.0,0.0,0.0,0.0,0.18022,0.52,0.0,0.0
frdm,ts306,306Ts,117,189,306,117306,1214442.375,1202297.95125,120229795.125,100.0,0.0,0.0,0.0,0.0,0.0,0.0,0.0,0.0,0.0,0.0,0.0,0.0,0.0,0.0,1214442.375,0.0,0.0,0.0
frdm,ts308,308Ts,117,191,308,117308,20513.93359,20308.7942541,2030879.4254100001,100.0,0.0,0.0,0.0,0.0,0.0,0.0,0.0,0.0,0.0,0.0,0.0,0.0,0.0,0.0,20513.93359,0.0,0.0,0.0
frdm,ts310,310Ts,117,193,310,117310,4819.8584,4771.659816,477165.9816,100.0,0.0,0.0,0.0,0.0,0.0,0.0,0.0,0.0,0.0,0.0,0.0,0.0,0.0,0.0,4819.8584,0.0,0.0,0.0
frdm,ts311,311Ts,117,194,311,117311,15939.36035,15779.9667465,1577996.6746500002,100.0,0.0,0.0,0.0,0.0,0.0,0.0,0.0,0.0,0.0,0.0,0.0,0.0,0.0,0.0,15939.36035,0.0,0.0,0.0
frdm,ts312,312Ts,117,195,312,117312,1295.79834,1282.8403566,128284.03566000001,100.0,0.0,0.0,0.0,0.0,0.0,0.0,0.0,0.0,0.0,0.0,0.0,0.0,0.0,0.0,1295.79834,0.0,0.0,0.0
frdm,ts313,313Ts,117,196,313,117313,2321.72485,2298.5076015,229850.76015000002,100.0,0.0,0.0,0.0,0.0,0.0,0.0,0.0,0.0,0.0,0.0,0.0,0.0,0.0,0.0,2321.72485,0.0,0.0,0.0
frdm,ts315,315Ts,117,198,315,117315,2205.72705,2183.6697795,218366.97795,100.0,0.0,0.0,0.0,0.0,0.0,0.0,0.0,0.0,0.0,0.0,0.0,0.0,0.0,0.0,2205.72705,0.0,0.0,0.0
frdm,ts316,316Ts,117,199,316,117316,119.46441,118.2697659,11826.97659,100.0,0.0,0.0,0.0,0.0,0.0,0.0,0.0,0.0,0.0,0.0,0.0,0.0,0.0,0.0,119.46441,0.0,0.0,0.0
frdm,ts317,317Ts,117,200,317,117317,1.07642,1.0656558,106.56558,100.0,0.0,0.0,0.0,0.0,0.0,0.0,0.0,0.0,0.0,0.0,0.0,0.0,0.0,0.0,1.07642,0.0,0.0,0.0
frdm,ts318,318Ts,117,201,318,117318,129.36073,128.0671227,12806.712269999998,100.0,0.0,0.0,0.0,0.0,0.0,0.0,0.0,0.0,0.0,0.0,0.0,0.0,0.0,0.0,129.36073,0.0,0.0,0.0
frdm,ts319,319Ts,117,202,319,117319,120.45725,119.2526775,11925.26775,100.0,0.0,0.0,0.0,0.0,0.0,0.0,0.0,0.0,0.0,0.0,0.0,0.0,0.0,0.0,120.45725,0.0,0.0,0.0
frdm,ts320,320Ts,117,203,320,117320,28.32104,28.0378296,2803.78296,100.0,0.0,0.0,0.0,0.0,0.0,0.0,0.0,0.0,0.0,0.0,0.0,0.0,0.0,0.0,28.32104,0.0,0.0,0.0
frdm,ts321,321Ts,117,204,321,117321,21.96957,21.749874300000002,2174.9874299999997,100.0,0.0,0.0,0.0,0.0,0.0,0.0,0.0,0.0,0.0,0.0,0.0,0.0,0.0,0.0,21.96957,0.0,0.0,0.0
frdm,ts322,322Ts,117,205,322,117322,8.66345,8.576815499999999,857.6815499999999,100.0,0.0,0.0,0.0,0.0,0.0,0.0,0.0,0.0,0.0,0.0,0.0,0.0,0.0,0.0,8.66345,0.0,0.0,0.0
frdm,ts323,323Ts,117,206,323,117323,22.33823,22.1148477,2211.48477,100.0,0.0,0.0,0.0,0.0,0.0,0.06,0.054,0.54,0.0,0.0,0.0,0.0,0.0,0.0,22.33823,0.06,0.0,0.0
frdm,ts324,324Ts,117,207,324,117324,48.59685,48.110881500000005,4811.0881500000005,100.0,0.0,0.0,0.0,0.0,0.0,0.0,0.0,0.0,0.0,0.0,0.0,0.0,0.0,0.0,48.59685,0.0,0.0,0.0
frdm,ts325,325Ts,117,208,325,117325,24.21321,23.9710779,2397.10779,100.0,0.0,0.0,0.0,0.0,0.0,0.0,0.0,0.0,0.0,0.0,0.0,0.0,0.0,0.0,24.21321,0.0,0.0,0.0
frdm,ts326,326Ts,117,209,326,117326,7.88216,7.8033383999999995,780.33384,100.0,0.0,0.0,0.0,0.0,0.0,0.0,0.0,0.0,0.0,0.0,0.0,0.0,0.0,0.0,7.88216,0.0,0.0,0.0
frdm,ts327,327Ts,117,210,327,117327,2.39916,2.3751684,237.51684000000003,100.0,0.0,0.0,0.0,0.0,0.0,0.0,0.0,0.0,0.0,0.0,0.0,0.0,0.0,0.0,2.39916,0.0,0.0,0.0
frdm,ts328,328Ts,117,211,328,117328,1.41838,1.4041962,140.41961999999998,100.0,0.0,0.0,0.0,0.0,0.0,0.0,0.0,0.0,0.0,0.0,0.0,0.0,0.0,0.0,1.41838,0.0,0.0,0.0
frdm,ts329,329Ts,117,212,329,117329,7.42553,7.3512747,735.12747,100.0,0.0,0.0,0.0,0.0,0.0,0.08,0.07200000000000001,0.7200000000000001,0.0,0.0,0.0,0.0,0.0,0.0,7.42553,0.08,0.0,0.0
frdm,ts330,330Ts,117,213,330,117330,6.23484,6.1724916,617.2491600000001,100.0,0.0,0.0,0.0,0.0,0.0,0.03,0.027,0.27,0.0,0.0,0.0,0.0,0.0,0.0,6.23484,0.03,0.0,0.0
frdm,ts331,331Ts,117,214,331,117331,1.31246,1.2993354,129.93354000000002,100.0,0.0,0.0,0.0,0.0,0.0,0.0,0.0,0.0,0.0,0.0,0.0,0.0,0.0,0.0,1.31246,0.0,0.0,0.0
frdm,ts332,332Ts,117,215,332,117332,0.64106,0.6346493999999999,63.46493999999999,100.0,0.0,0.0,0.0,0.0,0.0,0.49,0.441,4.41,0.0,0.0,0.0,0.0,0.0,0.0,0.64106,0.49,0.0,0.0
frdm,ts333,333Ts,117,216,333,117333,0.79542,0.7874658,78.74658,100.0,0.0,0.0,0.0,0.0,0.0,0.74,0.666,6.66,0.0,0.0,0.0,0.0,0.0,0.0,0.79542,0.74,0.0,0.0
frdm,ts334,334Ts,117,217,334,117334,0.9642,0.9545579999999999,95.45579999999998,100.0,0.0,0.0,0.0,0.0,0.0,0.42,0.378,3.7800000000000002,0.0,0.0,0.0,0.0,0.0,0.0,0.9642,0.42,0.0,0.0
frdm,ts335,335Ts,117,218,335,117335,1.94239,1.9229661,192.29661000000002,100.0,0.0,0.0,0.0,0.0,0.0,0.56,0.504,5.040000000000001,0.0,0.0,0.0,0.0,0.0,0.0,1.94239,0.56,0.0,0.0
frdm,ts336,336Ts,117,219,336,117336,1.16205,1.1504295,115.04295,100.0,0.0,0.0,0.0,0.0,0.0,0.3,0.27,2.7,0.0,0.0,0.0,0.0,0.0,0.0,1.16205,0.3,0.0,0.0
frdm,ts337,337Ts,117,220,337,117337,0.99451,0.9845649,98.45648999999999,100.0,0.0,0.0,0.0,0.0,0.0,0.64,0.5760000000000001,5.760000000000001,0.0,0.0,0.0,0.0,0.0,0.0,0.99451,0.64,0.0,0.0
frdm,ts338,338Ts,117,221,338,117338,0.57553,0.5697747,56.97747,100.0,0.0,0.0,0.0,0.0,0.0,0.5,0.45,4.5,0.0,0.0,0.0,0.0,0.0,0.0,0.57553,0.5,0.0,0.0
frdm,ts339,339Ts,117,222,339,117339,0.34435,0.3409065,34.090650000000004,100.0,0.0,0.0,0.0,0.0,0.0,0.82,0.738,7.379999999999999,0.0,0.0,0.0,0.0,0.0,0.0,0.34435,0.82,0.0,0.0
frdm,og323,323Og,118,205,323,118323,182.27069,180.4479831,18044.79831,100.0,0.0,0.0,0.0,0.0,0.0,0.0,0.0,0.0,0.0,0.0,0.0,0.0,0.0,0.0,182.27069,0.0,0.0,0.0
frdm,og324,324Og,118,206,324,118324,670.38293,663.6791006999999,66367.91007,100.0,0.0,0.0,0.0,0.0,0.0,0.0,0.0,0.0,0.0,0.0,0.0,0.0,0.0,0.0,670.38293,0.0,0.0,0.0
frdm,og325,325Og,118,207,325,118325,105.6643,104.607657,10460.7657,100.0,0.0,0.0,0.0,0.0,0.0,0.0,0.0,0.0,0.0,0.0,0.0,0.0,0.0,0.0,105.6643,0.0,0.0,0.0
frdm,og326,326Og,118,208,326,118326,142.74162,141.3142038,14131.42038,100.0,0.0,0.0,0.0,0.0,0.0,0.0,0.0,0.0,0.0,0.0,0.0,0.0,0.0,0.0,142.74162,0.0,0.0,0.0
frdm,og327,327Og,118,209,327,118327,46.2281,45.765819,4576.581899999999,100.0,0.0,0.0,0.0,0.0,0.0,0.0,0.0,0.0,0.0,0.0,0.0,0.0,0.0,0.0,46.2281,0.0,0.0,0.0
frdm,og328,328Og,118,210,328,118328,818.086,809.90514,80990.51400000001,100.0,0.0,0.0,0.0,0.0,0.0,0.0,0.0,0.0,0.0,0.0,0.0,0.0,0.0,0.0,818.086,0.0,0.0,0.0
frdm,og329,329Og,118,211,329,118329,14.86372,14.715082800000001,1471.50828,100.0,0.0,0.0,0.0,0.0,0.0,0.0,0.0,0.0,0.0,0.0,0.0,0.0,0.0,0.0,14.86372,0.0,0.0,0.0
frdm,og330,330Og,118,212,330,118330,10.11497,10.013820299999999,1001.38203,100.0,0.0,0.0,0.0,0.0,0.0,0.0,0.0,0.0,0.0,0.0,0.0,0.0,0.0,0.0,10.11497,0.0,0.0,0.0
frdm,og331,331Og,118,213,331,118331,6.11276,6.0516324,605.16324,100.0,0.0,0.0,0.0,0.0,0.0,0.0,0.0,0.0,0.0,0.0,0.0,0.0,0.0,0.0,6.11276,0.0,0.0,0.0
frdm,og332,332Og,118,214,332,118332,5.08048,5.0296752,502.9675199999999,100.0,0.0,0.0,0.0,0.0,0.0,0.0,0.0,0.0,0.0,0.0,0.0,0.0,0.0,0.0,5.08048,0.0,0.0,0.0
frdm,og333,333Og,118,215,333,118333,2.48288,2.4580512000000003,245.80512000000002,100.0,0.0,0.0,0.0,0.0,0.0,0.0,0.0,0.0,0.0,0.0,0.0,0.0,0.0,0.0,2.48288,0.0,0.0,0.0
frdm,og334,334Og,118,216,334,118334,2.33724,2.3138676,231.38675999999998,100.0,0.0,0.0,0.0,0.0,0.0,0.0,0.0,0.0,0.0,0.0,0.0,0.0,0.0,0.0,2.33724,0.0,0.0,0.0
frdm,og335,335Og,118,217,335,118335,1.19491,1.1829608999999999,118.29608999999999,100.0,0.0,0.0,0.0,0.0,0.0,0.02,0.018000000000000002,0.18000000000000002,0.0,0.0,0.0,0.0,0.0,0.0,1.19491,0.02,0.0,0.0
frdm,og336,336Og,118,218,336,118336,2.23617,2.2138083,221.38083,100.0,0.0,0.0,0.0,0.0,0.0,0.05,0.045000000000000005,0.45,0.0,0.0,0.0,0.0,0.0,0.0,2.23617,0.05,0.0,0.0
frdm,og337,337Og,118,219,337,118337,2.56644,2.5407756,254.07756,100.0,0.0,0.0,0.0,0.0,0.0,0.02,0.018000000000000002,0.18000000000000002,0.0,0.0,0.0,0.0,0.0,0.0,2.56644,0.02,0.0,0.0
frdm,og338,338Og,118,220,338,118338,4.08572,4.044862800000001,404.48628,100.0,0.0,0.0,0.0,0.0,0.0,0.01,0.009000000000000001,0.09000000000000001,0.0,0.0,0.0,0.0,0.0,0.0,4.08572,0.01,0.0,0.0
frdm,og339,339Og,118,221,339,118339,1.83775,1.8193725,181.93725,100.0,0.0,0.0,0.0,0.0,0.0,0.01,0.009000000000000001,0.09000000000000001,0.0,0.0,0.0,0.0,0.0,0.0,1.83775,0.01,0.0,0.0
frdm,119312,312119,119,193,312,119312,5292982.5,5240052.675,524005267.5,100.0,0.0,0.0,0.0,0.0,0.0,0.0,0.0,0.0,0.0,0.0,0.0,0.0,0.0,0.0,5292982.5,0.0,0.0,0.0
frdm,119314,314119,119,195,314,119314,61575.89453,60960.1355847,6096013.55847,100.0,0.0,0.0,0.0,0.0,0.0,0.0,0.0,0.0,0.0,0.0,0.0,0.0,0.0,0.0,61575.89453,0.0,0.0,0.0
frdm,119316,316119,119,197,316,119316,6919.22119,6850.0289781,685002.8978100001,100.0,0.0,0.0,0.0,0.0,0.0,0.0,0.0,0.0,0.0,0.0,0.0,0.0,0.0,0.0,6919.22119,0.0,0.0,0.0
frdm,119317,317119,119,198,317,119317,382923.3125,379094.079375,37909407.9375,100.0,0.0,0.0,0.0,0.0,0.0,0.0,0.0,0.0,0.0,0.0,0.0,0.0,0.0,0.0,382923.3125,0.0,0.0,0.0
frdm,119318,318119,119,199,318,119318,2168.11011,2146.4290089,214642.90089,100.0,0.0,0.0,0.0,0.0,0.0,0.0,0.0,0.0,0.0,0.0,0.0,0.0,0.0,0.0,2168.11011,0.0,0.0,0.0
frdm,119319,319119,119,200,319,119319,9624.03711,9527.796738899999,952779.6738899999,100.0,0.0,0.0,0.0,0.0,0.0,0.0,0.0,0.0,0.0,0.0,0.0,0.0,0.0,0.0,9624.03711,0.0,0.0,0.0
frdm,119320,320119,119,201,320,119320,1354.77148,1341.2237652000001,134122.37652000002,100.0,0.0,0.0,0.0,0.0,0.0,0.0,0.0,0.0,0.0,0.0,0.0,0.0,0.0,0.0,1354.77148,0.0,0.0,0.0
frdm,119321,321119,119,202,321,119321,2007.86987,1987.7911713,198779.11713,100.0,0.0,0.0,0.0,0.0,0.0,0.0,0.0,0.0,0.0,0.0,0.0,0.0,0.0,0.0,2007.86987,0.0,0.0,0.0
frdm,119322,322119,119,203,322,119322,437.1279,432.756621,43275.6621,100.0,0.0,0.0,0.0,0.0,0.0,0.0,0.0,0.0,0.0,0.0,0.0,0.0,0.0,0.0,437.1279,0.0,0.0,0.0
frdm,119323,323119,119,204,323,119323,704.45734,697.4127666,69741.27666000002,100.0,0.0,0.0,0.0,0.0,0.0,0.0,0.0,0.0,0.0,0.0,0.0,0.0,0.0,0.0,704.45734,0.0,0.0,0.0
frdm,119324,324119,119,205,324,119324,231.73766,229.42028340000002,22942.02834,100.0,0.0,0.0,0.0,0.0,0.0,0.0,0.0,0.0,0.0,0.0,0.0,0.0,0.0,0.0,231.73766,0.0,0.0,0.0
frdm,119325,325119,119,206,325,119325,227.92636,225.64709639999998,22564.709639999997,100.0,0.0,0.0,0.0,0.0,0.0,0.0,0.0,0.0,0.0,0.0,0.0,0.0,0.0,0.0,227.92636,0.0,0.0,0.0
frdm,119326,326119,119,207,326,119326,108.61047,107.5243653,10752.43653,100.0,0.0,0.0,0.0,0.0,0.0,0.0,0.0,0.0,0.0,0.0,0.0,0.0,0.0,0.0,108.61047,0.0,0.0,0.0
frdm,119327,327119,119,208,327,119327,70.64791,69.9414309,6994.14309,100.0,0.0,0.0,0.0,0.0,0.0,0.0,0.0,0.0,0.0,0.0,0.0,0.0,0.0,0.0,70.64791,0.0,0.0,0.0
frdm,119328,328119,119,209,328,119328,21.32565,21.1123935,2111.23935,100.0,0.0,0.0,0.0,0.0,0.0,0.0,0.0,0.0,0.0,0.0,0.0,0.0,0.0,0.0,21.32565,0.0,0.0,0.0
frdm,119329,329119,119,210,329,119329,136.59186,135.2259414,13522.59414,100.0,0.0,0.0,0.0,0.0,0.0,0.0,0.0,0.0,0.0,0.0,0.0,0.0,0.0,0.0,136.59186,0.0,0.0,0.0
frdm,119330,330119,119,211,330,119330,26.77451,26.5067649,2650.67649,100.0,0.0,0.0,0.0,0.0,0.0,0.0,0.0,0.0,0.0,0.0,0.0,0.0,0.0,0.0,26.77451,0.0,0.0,0.0
frdm,119331,331119,119,212,331,119331,19.81239,19.614266100000002,1961.42661,100.0,0.0,0.0,0.0,0.0,0.0,0.0,0.0,0.0,0.0,0.0,0.0,0.0,0.0,0.0,19.81239,0.0,0.0,0.0
frdm,119332,332119,119,213,332,119332,10.79714,10.6891686,1068.9168600000003,100.0,0.0,0.0,0.0,0.0,0.0,0.0,0.0,0.0,0.0,0.0,0.0,0.0,0.0,0.0,10.79714,0.0,0.0,0.0
frdm,119333,333119,119,214,333,119333,8.02661,7.9463439,794.6343899999999,100.0,0.0,0.0,0.0,0.0,0.0,0.01,0.009000000000000001,0.09000000000000001,0.0,0.0,0.0,0.0,0.0,0.0,8.02661,0.01,0.0,0.0
frdm,119334,334119,119,215,334,119334,5.34881,5.2953219,529.5321900000001,100.0,0.0,0.0,0.0,0.0,0.0,0.0,0.0,0.0,0.0,0.0,0.0,0.0,0.0,0.0,5.34881,0.0,0.0,0.0
frdm,119335,335119,119,216,335,119335,3.96138,3.9217662,392.17662,100.0,0.0,0.0,0.0,0.0,0.0,0.08,0.07200000000000001,0.7200000000000001,0.0,0.0,0.0,0.0,0.0,0.0,3.96138,0.08,0.0,0.0
frdm,119336,336119,119,217,336,119336,2.57903,2.5532397,255.32397000000003,100.0,0.0,0.0,0.0,0.0,0.0,0.02,0.018000000000000002,0.18000000000000002,0.0,0.0,0.0,0.0,0.0,0.0,2.57903,0.02,0.0,0.0
frdm,119337,337119,119,218,337,119337,2.14034,2.1189366,211.89366,100.0,0.0,0.0,0.0,0.0,0.0,0.21,0.189,1.8900000000000001,0.0,0.0,0.0,0.0,0.0,0.0,2.14034,0.21,0.0,0.0
frdm,119338,338119,119,219,338,119338,1.51421,1.4990679,149.90679,100.0,0.0,0.0,0.0,0.0,0.0,0.18,0.162,1.6199999999999999,0.0,0.0,0.0,0.0,0.0,0.0,1.51421,0.18,0.0,0.0
frdm,119339,339119,119,220,339,119339,3.90753,3.8684547,386.84547,100.0,0.0,0.0,0.0,0.0,0.0,0.31,0.279,2.79,0.0,0.0,0.0,0.0,0.0,0.0,3.90753,0.31,0.0,0.0
frdm,120323,323120,120,203,323,120323,358810.78125,355222.6734375,35522267.34375,100.0,0.0,0.0,0.0,0.0,0.0,0.0,0.0,0.0,0.0,0.0,0.0,0.0,0.0,0.0,358810.78125,0.0,0.0,0.0
frdm,120325,325120,120,205,325,120325,11638.59766,11522.211683399999,1152221.1683399999,100.0,0.0,0.0,0.0,0.0,0.0,0.0,0.0,0.0,0.0,0.0,0.0,0.0,0.0,0.0,11638.59766,0.0,0.0,0.0
frdm,120327,327120,120,207,327,120327,977.92255,968.1433245,96814.33245,100.0,0.0,0.0,0.0,0.0,0.0,0.0,0.0,0.0,0.0,0.0,0.0,0.0,0.0,0.0,977.92255,0.0,0.0,0.0
frdm,120328,328120,120,208,328,120328,37239.39453,36867.0005847,3686700.0584699996,100.0,0.0,0.0,0.0,0.0,0.0,0.0,0.0,0.0,0.0,0.0,0.0,0.0,0.0,0.0,37239.39453,0.0,0.0,0.0
frdm,120329,329120,120,209,329,120329,360.73615,357.1287885,35712.87885,100.0,0.0,0.0,0.0,0.0,0.0,0.0,0.0,0.0,0.0,0.0,0.0,0.0,0.0,0.0,360.73615,0.0,0.0,0.0
frdm,120330,330120,120,210,330,120330,1373.69885,1359.9618615,135996.18615000002,100.0,0.0,0.0,0.0,0.0,0.0,0.0,0.0,0.0,0.0,0.0,0.0,0.0,0.0,0.0,1373.69885,0.0,0.0,0.0
frdm,120331,331120,120,211,331,120331,221.78883,219.5709417,21957.094169999997,100.0,0.0,0.0,0.0,0.0,0.0,0.0,0.0,0.0,0.0,0.0,0.0,0.0,0.0,0.0,221.78883,0.0,0.0,0.0
frdm,120332,332120,120,212,332,120332,487.80099,482.9229801,48292.29801,100.0,0.0,0.0,0.0,0.0,0.0,0.0,0.0,0.0,0.0,0.0,0.0,0.0,0.0,0.0,487.80099,0.0,0.0,0.0
frdm,120333,333120,120,213,333,120333,88.05603,87.17546970000001,8717.546970000001,100.0,0.0,0.0,0.0,0.0,0.0,0.0,0.0,0.0,0.0,0.0,0.0,0.0,0.0,0.0,88.05603,0.0,0.0,0.0
frdm,120334,334120,120,214,334,120334,92.66544,91.7387856,9173.87856,100.0,0.0,0.0,0.0,0.0,0.0,0.0,0.0,0.0,0.0,0.0,0.0,0.0,0.0,0.0,92.66544,0.0,0.0,0.0
frdm,120335,335120,120,215,335,120335,28.40315,28.1191185,2811.91185,100.0,0.0,0.0,0.0,0.0,0.0,0.0,0.0,0.0,0.0,0.0,0.0,0.0,0.0,0.0,28.40315,0.0,0.0,0.0
frdm,120336,336120,120,216,336,120336,26.42794,26.1636606,2616.36606,100.0,0.0,0.0,0.0,0.0,0.0,0.0,0.0,0.0,0.0,0.0,0.0,0.0,0.0,0.0,26.42794,0.0,0.0,0.0
frdm,120337,337120,120,217,337,120337,9.40443,9.3103857,931.0385699999999,100.0,0.0,0.0,0.0,0.0,0.0,0.0,0.0,0.0,0.0,0.0,0.0,0.0,0.0,0.0,9.40443,0.0,0.0,0.0
frdm,120338,338120,120,218,338,120338,10.08263,9.9818037,998.18037,100.0,0.0,0.0,0.0,0.0,0.0,0.0,0.0,0.0,0.0,0.0,0.0,0.0,0.0,0.0,10.08263,0.0,0.0,0.0
frdm,120339,339120,120,219,339,120339,4.32055,4.2773445,427.73445,100.0,0.0,0.0,0.0,0.0,0.0,0.0,0.0,0.0,0.0,0.0,0.0,0.0,0.0,0.0,4.32055,0.0,0.0,0.0
frdm,121320,320121,121,199,320,121320,6190962.0,6129052.38,612905238.0,100.0,0.0,0.0,0.0,0.0,0.0,0.0,0.0,0.0,0.0,0.0,0.0,0.0,0.0,0.0,6190962.0,0.0,0.0,0.0
frdm,121322,322121,121,201,322,121322,26028.36133,25768.0777167,2576807.7716699997,100.0,0.0,0.0,0.0,0.0,0.0,0.0,0.0,0.0,0.0,0.0,0.0,0.0,0.0,0.0,26028.36133,0.0,0.0,0.0
frdm,121324,324121,121,203,324,121324,3574.34009,3538.5966891000003,353859.66891,100.0,0.0,0.0,0.0,0.0,0.0,0.0,0.0,0.0,0.0,0.0,0.0,0.0,0.0,0.0,3574.34009,0.0,0.0,0.0
frdm,121325,325121,121,204,325,121325,94.00836,93.0682764,9306.82764,100.0,0.0,0.0,0.0,0.0,0.0,0.0,0.0,0.0,0.0,0.0,0.0,0.0,0.0,0.0,94.00836,0.0,0.0,0.0
frdm,121326,326121,121,205,326,121326,1546.13123,1530.6699177,153066.99177,100.0,0.0,0.0,0.0,0.0,0.0,0.0,0.0,0.0,0.0,0.0,0.0,0.0,0.0,0.0,1546.13123,0.0,0.0,0.0
frdm,121327,327121,121,206,327,121327,6974.87891,6905.1301209,690513.0120900001,100.0,0.0,0.0,0.0,0.0,0.0,0.0,0.0,0.0,0.0,0.0,0.0,0.0,0.0,0.0,6974.87891,0.0,0.0,0.0
frdm,121328,328121,121,207,328,121328,903.86542,894.8267658,89482.67658,100.0,0.0,0.0,0.0,0.0,0.0,0.0,0.0,0.0,0.0,0.0,0.0,0.0,0.0,0.0,903.86542,0.0,0.0,0.0
frdm,121329,329121,121,208,329,121329,1580.4895,1564.684605,156468.4605,100.0,0.0,0.0,0.0,0.0,0.0,0.0,0.0,0.0,0.0,0.0,0.0,0.0,0.0,0.0,1580.4895,0.0,0.0,0.0
frdm,121330,330121,121,209,330,121330,341.54926,338.1337674,33813.37674,100.0,0.0,0.0,0.0,0.0,0.0,0.0,0.0,0.0,0.0,0.0,0.0,0.0,0.0,0.0,341.54926,0.0,0.0,0.0
frdm,121331,331121,121,210,331,121331,233307.28125,230974.2084375,23097420.84375,100.0,0.0,0.0,0.0,0.0,0.0,0.0,0.0,0.0,0.0,0.0,0.0,0.0,0.0,0.0,233307.28125,0.0,0.0,0.0
frdm,121332,332121,121,211,332,121332,125.00349,123.7534551,12375.345510000001,100.0,0.0,0.0,0.0,0.0,0.0,0.0,0.0,0.0,0.0,0.0,0.0,0.0,0.0,0.0,125.00349,0.0,0.0,0.0
frdm,121333,333121,121,212,333,121333,163.54492,161.90947079999998,16190.947079999998,100.0,0.0,0.0,0.0,0.0,0.0,0.0,0.0,0.0,0.0,0.0,0.0,0.0,0.0,0.0,163.54492,0.0,0.0,0.0
frdm,121334,334121,121,213,334,121334,68.42496,67.7407104,6774.07104,100.0,0.0,0.0,0.0,0.0,0.0,0.0,0.0,0.0,0.0,0.0,0.0,0.0,0.0,0.0,68.42496,0.0,0.0,0.0
frdm,121335,335121,121,214,335,121335,60.58251,59.9766849,5997.66849,100.0,0.0,0.0,0.0,0.0,0.0,0.0,0.0,0.0,0.0,0.0,0.0,0.0,0.0,0.0,60.58251,0.0,0.0,0.0
frdm,121336,336121,121,215,336,121336,28.3337,28.050363,2805.0362999999998,100.0,0.0,0.0,0.0,0.0,0.0,0.0,0.0,0.0,0.0,0.0,0.0,0.0,0.0,0.0,28.3337,0.0,0.0,0.0
frdm,121337,337121,121,216,337,121337,24.78078,24.5329722,2453.29722,100.0,0.0,0.0,0.0,0.0,0.0,0.0,0.0,0.0,0.0,0.0,0.0,0.0,0.0,0.0,24.78078,0.0,0.0,0.0
frdm,121338,338121,121,217,338,121338,11.78724,11.669367600000001,1166.93676,100.0,0.0,0.0,0.0,0.0,0.0,0.0,0.0,0.0,0.0,0.0,0.0,0.0,0.0,0.0,11.78724,0.0,0.0,0.0
frdm,121339,339121,121,218,339,121339,10.72059,10.6133841,1061.33841,100.0,0.0,0.0,0.0,0.0,0.0,0.0,0.0,0.0,0.0,0.0,0.0,0.0,0.0,0.0,10.72059,0.0,0.0,0.0
frdm,122329,329122,122,207,329,122329,1300870.875,1287862.16625,128786216.625,100.0,0.0,0.0,0.0,0.0,0.0,0.0,0.0,0.0,0.0,0.0,0.0,0.0,0.0,0.0,1300870.875,0.0,0.0,0.0
frdm,122331,331122,122,209,331,122331,4324.01318,4280.7730482,428077.30481999996,100.0,0.0,0.0,0.0,0.0,0.0,0.0,0.0,0.0,0.0,0.0,0.0,0.0,0.0,0.0,4324.01318,0.0,0.0,0.0
frdm,122335,335122,122,213,335,122335,658.75623,652.1686677,65216.86676999999,100.0,0.0,0.0,0.0,0.0,0.0,0.0,0.0,0.0,0.0,0.0,0.0,0.0,0.0,0.0,658.75623,0.0,0.0,0.0
frdm,122336,336122,122,214,336,122336,6844.93555,6776.4861945,677648.61945,100.0,0.0,0.0,0.0,0.0,0.0,0.0,0.0,0.0,0.0,0.0,0.0,0.0,0.0,0.0,6844.93555,0.0,0.0,0.0
frdm,122337,337122,122,215,337,122337,193.60197,191.6659503,19166.59503,100.0,0.0,0.0,0.0,0.0,0.0,0.0,0.0,0.0,0.0,0.0,0.0,0.0,0.0,0.0,193.60197,0.0,0.0,0.0
frdm,122338,338122,122,216,338,122338,479.12445,474.3332055,47433.32055,100.0,0.0,0.0,0.0,0.0,0.0,0.0,0.0,0.0,0.0,0.0,0.0,0.0,0.0,0.0,479.12445,0.0,0.0,0.0
frdm,122339,339122,122,217,339,122339,49.98396,49.4841204,4948.412040000001,100.0,0.0,0.0,0.0,0.0,0.0,0.0,0.0,0.0,0.0,0.0,0.0,0.0,0.0,0.0,49.98396,0.0,0.0,0.0
frdm,123314,314123,123,191,314,123314,69074.60156,68383.8555444,6838385.554439999,100.0,0.0,0.0,0.0,0.0,0.0,0.0,0.0,0.0,0.0,0.0,0.0,0.0,0.0,0.0,69074.60156,0.0,0.0,0.0
frdm,123321,321123,123,198,321,123321,11.93097,11.8116603,1181.16603,100.0,0.0,0.0,0.0,0.0,0.0,0.0,0.0,0.0,0.0,0.0,0.0,0.0,0.0,0.0,11.93097,0.0,0.0,0.0
frdm,123326,326123,123,203,326,123326,888.09094,879.2100306000001,87921.00306000002,100.0,0.0,0.0,0.0,0.0,0.0,0.0,0.0,0.0,0.0,0.0,0.0,0.0,0.0,0.0,888.09094,0.0,0.0,0.0
frdm,123327,327123,123,204,327,123327,1512.64075,1497.5143425,149751.43425000002,100.0,0.0,0.0,0.0,0.0,0.0,0.0,0.0,0.0,0.0,0.0,0.0,0.0,0.0,0.0,1512.64075,0.0,0.0,0.0
frdm,123328,328123,123,205,328,123328,484.40637,479.5623063,47956.23063,100.0,0.0,0.0,0.0,0.0,0.0,0.0,0.0,0.0,0.0,0.0,0.0,0.0,0.0,0.0,484.40637,0.0,0.0,0.0
frdm,123329,329123,123,206,329,123329,1138.70483,1127.3177816999998,112731.77816999999,100.0,0.0,0.0,0.0,0.0,0.0,0.0,0.0,0.0,0.0,0.0,0.0,0.0,0.0,0.0,1138.70483,0.0,0.0,0.0
frdm,123330,330123,123,207,330,123330,886.21106,877.3489493999999,87734.89494,100.0,0.0,0.0,0.0,0.0,0.0,0.0,0.0,0.0,0.0,0.0,0.0,0.0,0.0,0.0,886.21106,0.0,0.0,0.0
frdm,123331,331123,123,208,331,123331,32548.91211,32223.4229889,3222342.29889,100.0,0.0,0.0,0.0,0.0,0.0,0.0,0.0,0.0,0.0,0.0,0.0,0.0,0.0,0.0,32548.91211,0.0,0.0,0.0
frdm,123332,332123,123,209,332,123332,1478.89905,1464.1100595,146411.00595,100.0,0.0,0.0,0.0,0.0,0.0,0.0,0.0,0.0,0.0,0.0,0.0,0.0,0.0,0.0,1478.89905,0.0,0.0,0.0
frdm,123333,333123,123,210,333,123333,857.61987,849.0436713,84904.36713,100.0,0.0,0.0,0.0,0.0,0.0,0.0,0.0,0.0,0.0,0.0,0.0,0.0,0.0,0.0,857.61987,0.0,0.0,0.0
frdm,123334,334123,123,211,334,123334,33490.64453,33155.738084699995,3315573.8084699996,100.0,0.0,0.0,0.0,0.0,0.0,0.0,0.0,0.0,0.0,0.0,0.0,0.0,0.0,0.0,33490.64453,0.0,0.0,0.0
frdm,123335,335123,123,212,335,123335,1441.91663,1427.4974637,142749.74637,100.0,0.0,0.0,0.0,0.0,0.0,0.0,0.0,0.0,0.0,0.0,0.0,0.0,0.0,0.0,1441.91663,0.0,0.0,0.0
frdm,123336,336123,123,213,336,123336,282.17255,279.3508245,27935.08245,100.0,0.0,0.0,0.0,0.0,0.0,0.0,0.0,0.0,0.0,0.0,0.0,0.0,0.0,0.0,282.17255,0.0,0.0,0.0
frdm,123338,338123,123,215,338,123338,89.90894,89.00985060000001,8900.98506,100.0,0.0,0.0,0.0,0.0,0.0,0.0,0.0,0.0,0.0,0.0,0.0,0.0,0.0,0.0,89.90894,0.0,0.0,0.0
frdm,123339,339123,123,216,339,123339,76.39865,75.6346635,7563.466350000001,100.0,0.0,0.0,0.0,0.0,0.0,0.0,0.0,0.0,0.0,0.0,0.0,0.0,0.0,0.0,76.39865,0.0,0.0,0.0
frdm,124322,322124,124,198,322,124322,18.58753,18.4016547,1840.1654700000001,100.0,0.0,0.0,0.0,0.0,0.0,0.0,0.0,0.0,0.0,0.0,0.0,0.0,0.0,0.0,18.58753,0.0,0.0,0.0
frdm,124337,337124,124,213,337,124337,7391.01904,7317.1088496,731710.8849599999,100.0,0.0,0.0,0.0,0.0,0.0,0.0,0.0,0.0,0.0,0.0,0.0,0.0,0.0,0.0,7391.01904,0.0,0.0,0.0
frdm,125319,319125,125,194,319,125319,1252920.0,1240390.8,124039080.0,100.0,0.0,0.0,0.0,0.0,0.0,0.0,0.0,0.0,0.0,0.0,0.0,0.0,0.0,0.0,1252920.0,0.0,0.0,0.0
frdm,125320,320125,125,195,320,125320,4171.68408,4129.9672392,412996.72392,100.0,0.0,0.0,0.0,0.0,0.0,0.0,0.0,0.0,0.0,0.0,0.0,0.0,0.0,0.0,4171.68408,0.0,0.0,0.0
frdm,125323,323125,125,198,323,125323,7.42888,7.354591200000001,735.45912,100.0,0.0,0.0,0.0,0.0,0.0,0.0,0.0,0.0,0.0,0.0,0.0,0.0,0.0,0.0,7.42888,0.0,0.0,0.0
frdm,125324,324125,125,199,324,125324,5.89608,5.8371192,583.7119200000001,100.0,0.0,0.0,0.0,0.0,0.0,0.0,0.0,0.0,0.0,0.0,0.0,0.0,0.0,0.0,5.89608,0.0,0.0,0.0
frdm,125325,325125,125,200,325,125325,2.77815,2.7503685,275.03685,100.0,0.0,0.0,0.0,0.0,0.0,0.0,0.0,0.0,0.0,0.0,0.0,0.0,0.0,0.0,2.77815,0.0,0.0,0.0
frdm,125332,332125,125,207,332,125332,185397.48438,183543.5095362,18354350.95362,100.0,0.0,0.0,0.0,0.0,0.0,0.0,0.0,0.0,0.0,0.0,0.0,0.0,0.0,0.0,185397.48438,0.0,0.0,0.0
frdm,125334,334125,125,209,334,125334,1443.97888,1429.5390911999998,142953.90911999997,100.0,0.0,0.0,0.0,0.0,0.0,0.0,0.0,0.0,0.0,0.0,0.0,0.0,0.0,0.0,1443.97888,0.0,0.0,0.0
frdm,125336,336125,125,211,336,125336,5089.06104,5038.1704296,503817.04295999993,100.0,0.0,0.0,0.0,0.0,0.0,0.0,0.0,0.0,0.0,0.0,0.0,0.0,0.0,0.0,5089.06104,0.0,0.0,0.0
frdm,125337,337125,125,212,337,125337,3521.354,3486.1404599999996,348614.046,100.0,0.0,0.0,0.0,0.0,0.0,0.0,0.0,0.0,0.0,0.0,0.0,0.0,0.0,0.0,3521.354,0.0,0.0,0.0
frdm,125338,338125,125,213,338,125338,24503.30078,24258.2677722,2425826.77722,100.0,0.0,0.0,0.0,0.0,0.0,0.0,0.0,0.0,0.0,0.0,0.0,0.0,0.0,0.0,24503.30078,0.0,0.0,0.0
frdm,125339,339125,125,214,339,125339,432.13568,427.8143232,42781.43232,100.0,0.0,0.0,0.0,0.0,0.0,0.0,0.0,0.0,0.0,0.0,0.0,0.0,0.0,0.0,432.13568,0.0,0.0,0.0
frdm,126326,326126,126,200,326,126326,5.43422,5.3798778,537.98778,100.0,0.0,0.0,0.0,0.0,0.0,0.0,0.0,0.0,0.0,0.0,0.0,0.0,0.0,0.0,5.43422,0.0,0.0,0.0
frdm,127327,327127,127,200,327,127327,0.54148,0.5360651999999999,53.606519999999996,100.0,0.0,0.0,0.0,0.0,0.0,0.0,0.0,0.0,0.0,0.0,0.0,0.0,0.0,0.0,0.54148,0.0,0.0,0.0
frdm,127328,328127,127,201,328,127328,0.07499,0.0742401,7.424010000000001,100.0,0.0,0.0,0.0,0.0,0.0,0.0,0.0,0.0,0.0,0.0,0.0,0.0,0.0,0.0,0.07499,0.0,0.0,0.0
frdm,127338,338127,127,211,338,127338,223500.4375,221265.433125,22126543.3125,100.0,0.0,0.0,0.0,0.0,0.0,0.0,0.0,0.0,0.0,0.0,0.0,0.0,0.0,0.0,223500.4375,0.0,0.0,0.0
