source,nuclide,N,Z,A,T12,Dl_T12,Du_T12,P1n,Dl_P1n,Du_P1n,P2n,Dl_P2n,Du_P2n,b_br,Dl_b_br,Du_b_br,a_br,Dl_a_br,Du_a_br,Qb,D_Qb,Qbn,D_Qbn,Qb2n,D_Qb2n,S1n,D_S1n,S2n,D_S2n,e_mean,e_low,e_hi,eff_mean,eff_m,eff_p,eff_low,eff_hi,e_mean_fit,e_sigma,e_mean2,e_low2,e_hi2,eff_mean2,eff_m2,eff_p2,eff_low2,eff_hi2,e_mean_fit2
me,238Th,148,90,238,564.0,120.0,120.0,0.0,0.0,0.0,0.0,0.0,0.0,100.0,0.0,0.0,0.0,0.0,0.0,1631.0,284.0,-3074.0,284.0,-8951.5478,284.7841056283865,4704.8984,20.514,10582.5478,21.1184,0.0,0.0,0.0,0.6679999999999999,0.020000000000000018,0.020000000000000018,0.688,0.6479999999999999,0.0,0.0,0.0,0.0,0.0,0.6679999999999999,0.020000000000000018,0.020000000000000018,0.688,0.6479999999999999,0.0
me,235Th,145,90,235,432.0,6.0,6.0,0.0,0.0,0.0,0.0,0.0,0.0,100.0,0.0,0.0,0.0,0.0,0.0,1728.8531,19.1127,-4392.4342,13.6685,-9614.2927,23.713021834005048,6121.2873,14.5599,11343.1458,14.0361,0.0,0.0,0.0,0.6679999999999999,0.020000000000000018,0.020000000000000018,0.688,0.6479999999999999,0.0,0.0,0.0,0.0,0.0,0.6679999999999999,0.020000000000000018,0.020000000000000018,0.688,0.6479999999999999,0.0
me,234Th,144,90,234,2082844.8,1987.2,1987.2,0.0,0.0,0.0,0.0,0.0,0.0,100.0,0.0,0.0,0.0,0.0,0.0,274.0882,3.1716,-4947.7703,2.5322,-11476.2267,9.147897398309627,5221.8585,4.0585,11750.3149,8.5805,0.0,0.0,0.0,0.6679999999999999,0.020000000000000018,0.020000000000000018,0.688,0.6479999999999999,0.0,0.0,0.0,0.0,0.0,0.6679999999999999,0.020000000000000018,0.020000000000000018,0.688,0.6479999999999999,0.0
me,237Th,147,90,237,287.4,30.0,30.0,0.0,0.0,0.0,0.0,0.0,0.0,100.0,0.0,0.0,0.0,0.0,0.0,2427.4736,20.514,-3450.1758,21.1184,-8476.4397,28.03782262034625,5877.6495,19.1127,10903.9133,19.1127,0.0,0.0,0.0,0.6679999999999999,0.020000000000000018,0.020000000000000018,0.688,0.6479999999999999,0.0,0.0,0.0,0.0,0.0,0.6679999999999999,0.020000000000000018,0.020000000000000018,0.688,0.6479999999999999,0.0
me,236Th,146,90,236,2250.0,12.0,12.0,0.0,0.0,0.0,0.0,0.0,0.0,100.0,0.0,0.0,0.0,0.0,0.0,921.2477,19.76,-4105.0162,19.76,-10226.3034,24.544822020336596,5026.2638,19.76,11147.5511,14.5599,0.0,0.0,0.0,0.6679999999999999,0.020000000000000018,0.020000000000000018,0.688,0.6479999999999999,0.0,0.0,0.0,0.0,0.0,0.6679999999999999,0.020000000000000018,0.020000000000000018,0.688,0.6479999999999999,0.0
me,231Th,141,90,231,91872.0,36.0,36.0,0.0,0.0,0.0,0.0,0.0,0.0,100.0,0.0,0.0,0.0,0.0,0.0,391.4727,1.4598,-6429.0505,2.8401,-12223.6737,3.2008651955369816,6820.5232,3.1819,12615.1464,2.8486,0.0,0.0,0.0,0.6679999999999999,0.020000000000000018,0.020000000000000018,0.688,0.6479999999999999,0.0,0.0,0.0,0.0,0.0,0.6679999999999999,0.020000000000000018,0.020000000000000018,0.688,0.6479999999999999,0.0
me,233Th,143,90,233,1309.8,2.4,2.4,0.0,0.0,0.0,0.0,0.0,0.0,100.0,0.0,0.0,0.0,0.0,0.0,1242.232,1.1224,-5286.2244,7.7342,-10835.3316,2.005416009211056,6528.4564,7.6442,12077.5636,1.6619,0.0,0.0,0.0,0.6679999999999999,0.020000000000000018,0.020000000000000018,0.688,0.6479999999999999,0.0,0.0,0.0,0.0,0.0,0.6679999999999999,0.020000000000000018,0.020000000000000018,0.688,0.6479999999999999,0.0
me,228Th,138,90,228,60324219.7416,31556.926,31556.926,0.0,0.0,0.0,0.0,0.0,0.0,0.0,0.0,0.0,100.0,0.0,0.0,-2152.6993,4.3399,-8130.7892,7.372000000000001,-15405.3363,12.706425984516654,5978.0899,8.3605,13252.636999999999,11.9423,0.0,0.0,0.0,0.6679999999999999,0.020000000000000018,0.020000000000000018,0.688,0.6479999999999999,0.0,0.0,0.0,0.0,0.0,0.6679999999999999,0.020000000000000018,0.020000000000000018,0.688,0.6479999999999999,0.0
me,227Th,137,90,227,1615127.04,311.04,311.04,0.0,0.0,0.0,0.0,0.0,0.0,0.0,0.0,0.0,100.0,0.0,0.0,-1025.6117,7.2815,-8300.1587,11.3809,-14694.5172,82.49966436016572,7274.5471,13.2949,13668.9055,82.1777,0.0,0.0,0.0,0.6679999999999999,0.020000000000000018,0.020000000000000018,0.688,0.6479999999999999,0.0,0.0,0.0,0.0,0.0,0.6679999999999999,0.020000000000000018,0.020000000000000018,0.688,0.6479999999999999,0.0
me,224Th,134,90,224,1.04,0.02,0.02,0.0,0.0,0.0,0.0,0.0,0.0,0.0,0.0,0.0,100.0,0.0,0.0,-3866.7705,12.1339,-10413.3519,76.222,-18211.4165,87.76582169734414,6546.5814,75.9868,14344.646,86.92299999999999,0.0,0.0,0.0,0.6679999999999999,0.020000000000000018,0.020000000000000018,0.688,0.6479999999999999,0.0,0.0,0.0,0.0,0.0,0.6679999999999999,0.020000000000000018,0.020000000000000018,0.688,0.6479999999999999,0.0
me,223Th,133,90,223,0.6,0.02,0.02,0.0,0.0,0.0,0.0,0.0,0.0,0.0,0.0,0.0,100.0,0.0,0.0,-2952.2124,76.0305,-10750.277,86.9546,-17132.1711,122.57940047960753,7798.0646,114.9703,14179.9587,96.1513,0.0,0.0,0.0,0.6679999999999999,0.020000000000000018,0.020000000000000018,0.688,0.6479999999999999,0.0,0.0,0.0,0.0,0.0,0.6679999999999999,0.020000000000000018,0.020000000000000018,0.688,0.6479999999999999,0.0
me,226Th,136,90,226,1841.4,1.7999999999999998,1.7999999999999998,0.0,0.0,0.0,0.0,0.0,0.0,0.0,0.0,0.0,100.0,0.0,0.0,-2835.9504,11.9702,-9230.3089,81.9738,-16807.337900000002,17.968280059315642,6394.3584,82.6084,13971.3875,13.4005,0.0,0.0,0.0,0.6679999999999999,0.020000000000000018,0.020000000000000018,0.688,0.6479999999999999,0.0,0.0,0.0,0.0,0.0,0.6679999999999999,0.020000000000000018,0.020000000000000018,0.688,0.6479999999999999,0.0
me,225Th,135,90,225,523.2,2.4,2.4,0.0,0.0,0.0,0.0,0.0,0.0,0.0,0.0,0.0,90.0,0.0,0.0,-2046.4473,82.0038,-9623.4763,8.9473,-16170.0577,138.3588984648259,7577.0291,82.1947,14123.6104,111.4386,0.0,0.0,0.0,0.6679999999999999,0.020000000000000018,0.020000000000000018,0.688,0.6479999999999999,0.0,0.0,0.0,0.0,0.0,0.6679999999999999,0.020000000000000018,0.020000000000000018,0.688,0.6479999999999999,0.0
me,220Th,130,90,220,0.0102,0.0003,0.0003,0.0,0.0,0.0,0.0,0.0,0.0,0.0,0.0,0.0,100.0,0.0,0.0,-5588.8595,20.0508,-11965.0038,71.0347,-20102.6665,30.578038615974048,6376.1443,71.2272,14513.806999999999,23.0864,0.0,0.0,0.0,0.6679999999999999,0.020000000000000018,0.020000000000000018,0.688,0.6479999999999999,0.0,0.0,0.0,0.0,0.0,0.6679999999999999,0.020000000000000018,0.020000000000000018,0.688,0.6479999999999999,0.0
me,222Th,132,90,222,0.00197,1.4000000000000001e-05,1.4000000000000001e-05,0.0,0.0,0.0,0.0,0.0,0.0,0.0,0.0,0.0,100.0,0.0,0.0,-4861.322,87.1915,-11243.2162,60.2435,-19217.9944,123.76468091200331,6381.8941,105.0026,14356.6724,87.837,0.0,0.0,0.0,0.6679999999999999,0.020000000000000018,0.020000000000000018,0.688,0.6479999999999999,0.0,0.0,0.0,0.0,0.0,0.6679999999999999,0.020000000000000018,0.020000000000000018,0.688,0.6479999999999999,0.0
me,221Th,131,90,221,0.00173,2.9999999999999997e-05,2.9999999999999997e-05,0.0,0.0,0.0,0.0,0.0,0.0,0.0,0.0,0.0,100.0,0.0,0.0,-3435.0112,59.9069,-11409.7895,16.6918,-17785.9338,109.42339946693303,7974.7783,61.1613,14350.9226,91.5677,0.0,0.0,0.0,0.6679999999999999,0.020000000000000018,0.020000000000000018,0.688,0.6479999999999999,0.0,0.0,0.0,0.0,0.0,0.6679999999999999,0.020000000000000018,0.020000000000000018,0.688,0.6479999999999999,0.0
me,217Th,127,90,217,0.254,0.002,0.002,0.0,0.0,0.0,0.0,0.0,0.0,0.0,0.0,0.0,100.0,0.0,0.0,-4848.968,16.3966,-13689.3365,26.835,-21741.3932,84.98876886959829,8840.3684,27.6346,16892.4252,83.3921,0.0,0.0,0.0,0.6679999999999999,0.020000000000000018,0.020000000000000018,0.688,0.6479999999999999,0.0,0.0,0.0,0.0,0.0,0.6679999999999999,0.020000000000000018,0.020000000000000018,0.688,0.6479999999999999,0.0
me,216Th,126,90,216,0.026,0.0002,0.0002,0.0,0.0,0.0,0.0,0.0,0.0,0.0,0.0,0.0,100.0,0.0,0.0,-7525.2616,27.0327,-15577.3184,83.1944,-25303.9939,89.06751258736263,8052.0568,86.0552,17778.7323,84.8661,0.0,0.0,0.0,0.6679999999999999,0.020000000000000018,0.020000000000000018,0.688,0.6479999999999999,0.0,0.0,0.0,0.0,0.0,0.6679999999999999,0.020000000000000018,0.020000000000000018,0.688,0.6479999999999999,0.0
me,219Th,129,90,219,0.0010199999999999999,2e-05,2e-05,0.0,0.0,0.0,0.0,0.0,0.0,0.0,0.0,0.0,100.0,0.0,0.0,-4120.4434,89.70100000000001,-12258.1061,59.2112,-18734.6042,114.28134741719664,8137.6627,71.9486,14614.1608,70.8093,0.0,0.0,0.0,0.6679999999999999,0.020000000000000018,0.020000000000000018,0.688,0.6479999999999999,0.0,0.0,0.0,0.0,0.0,0.6679999999999999,0.020000000000000018,0.020000000000000018,0.688,0.6479999999999999,0.0
me,218Th,128,90,218,1.2099999999999998e-07,6.000000000000001e-09,6.000000000000001e-09,0.0,0.0,0.0,0.0,0.0,0.0,0.0,0.0,0.0,100.0,0.0,0.0,-6282.8212,20.7132,-12759.3193,16.3326,-21599.6878,36.81003874936836,6476.4981,21.7566,15316.8666,30.4293,0.0,0.0,0.0,0.6679999999999999,0.020000000000000018,0.020000000000000018,0.688,0.6479999999999999,0.0,0.0,0.0,0.0,0.0,0.6679999999999999,0.020000000000000018,0.020000000000000018,0.688,0.6479999999999999,0.0
me,215Th,125,90,215,1.4,0.2,0.2,0.0,0.0,0.0,0.0,0.0,0.0,0.0,0.0,0.0,100.0,0.0,0.0,-6883.1037,82.6932,-16609.7792,81.455,-24875.3967,130.01751863575925,9726.6755,115.7273,17992.293,100.3314,0.0,0.0,0.0,0.6679999999999999,0.020000000000000018,0.020000000000000018,0.688,0.6479999999999999,0.0,0.0,0.0,0.0,0.0,0.6679999999999999,0.020000000000000018,0.020000000000000018,0.688,0.6479999999999999,0.0
me,214Th,124,90,214,0.1,0.01,0.01,0.0,0.0,0.0,0.0,0.0,0.0,0.0,0.0,0.0,100.0,0.0,0.0,-8764.963,81.9051,-17030.5806,58.1551,-27044.2273,144.8370642981278,8265.6176,99.3133,18279.2643,119.4543,0.0,0.0,0.0,0.6679999999999999,0.020000000000000018,0.020000000000000018,0.688,0.6479999999999999,0.0,0.0,0.0,0.0,0.0,0.6679999999999999,0.020000000000000018,0.020000000000000018,0.688,0.6479999999999999,0.0
me,214Tl,133,81,214,11.0,2.4,2.4,34.0,12.0,12.0,0.0,0.0,0.0,100.0,0.0,0.0,0.0,0.0,0.0,6648.0,196.0,1597.0,196.0,-2128.7253,196.0102211694329,5050.7390000000005,7.0652,8776.7253,2.0017,0.2863797582443078,0.13936070520049335,0.5746931752178351,0.6669498226593126,0.003947368061055334,0.0005257022770909225,0.6674755249364035,0.6630024545982572,0.2878961324393749,0.0,0.0,0.0,0.0,0.6679999999999999,0.020000000000000018,0.020000000000000018,0.688,0.6479999999999999,0.0
me,215Tl,134,81,215,9.7,3.8,3.8,4.6,4.6,4.6,0.0,0.0,0.0,100.0,0.0,0.0,0.0,0.0,0.0,5688.0,305.0,2142.0,300.0,-2908.7936000000013,309.5950989700096,3546.0546,52.7223,8596.7936,53.1425,0.3762519889644452,0.1811226976764012,0.75605405546534,0.6664187400551778,0.007512469830068702,0.0013491188285570388,0.6677678588837348,0.6589062702251091,0.37848402884602544,0.0,0.0,0.0,0.0,0.6679999999999999,0.020000000000000018,0.020000000000000018,0.688,0.6479999999999999,0.0
me,212Tl,131,81,212,30.9,8.0,8.0,1.8,1.8,1.8,0.0,0.0,0.0,100.0,0.0,0.0,0.0,0.0,0.0,5998.0,200.0,871.0,200.0,-2965.1366,200.01100160951145,5127.2356,2.4564,8963.1366,2.0978,0.16228164119435762,0.07359233414064673,0.3284661515652646,0.6679999999999999,0.02,0.02,0.666751069680391,0.6666576692421736,0.16372670772112907,0.0,0.0,0.0,0.0,0.6679999999999999,0.020000000000000018,0.020000000000000018,0.688,0.6479999999999999,0.0
me,213Tl,132,81,213,23.8,4.4,4.4,7.6,3.4,3.4,0.0,0.0,0.0,100.0,0.0,0.0,0.0,0.0,0.0,4987.4088,27.8941,1261.4226,27.0759,-3865.8129999999987,28.797008265790392,3725.9863,7.0416,8853.2218,7.1545,0.2297918291305577,0.11478591577332926,0.45963867739806363,0.6679999999999999,0.02,0.02,0.6673035014104133,0.6646897557102522,0.23002188917994498,0.0,0.0,0.0,0.0,0.6679999999999999,0.020000000000000018,0.020000000000000018,0.688,0.6479999999999999,0.0
me,211Tl,130,81,211,79.6,15.2,15.4,2.2,2.2,2.2,0.0,0.0,0.0,100.0,0.0,0.0,0.0,0.0,0.0,4415.0129,41.9781,579.1119,41.9422,-4606.061600000001,42.0678908197214,3835.901,2.574,9021.0745,2.7471,0.11014049278220663,0.05452058989418014,0.22055683989622765,0.6679999999999999,0.02,0.02,0.666426850028201,0.6676738747611415,0.11051012346893549,0.0,0.0,0.0,0.0,0.6679999999999999,0.020000000000000018,0.020000000000000018,0.688,0.6479999999999999,0.0
me,209Tl,128,81,209,129.72,0.42,0.42,0.0,0.0,0.0,0.0,0.0,0.0,100.0,0.0,0.0,0.0,0.0,0.0,3969.7809,6.2115,32.4083,6.14,-7335.4604,6.355154853345432,3937.3726,1.3444,11305.2413,1.3436,0.006461549623063162,0.0029808576040475376,0.013051612944437232,0.6679999999999999,0.02,0.02,0.6655506745792688,0.6657218774200554,0.0065221472303383056,0.0,0.0,0.0,0.0,0.6679999999999999,0.020000000000000018,0.020000000000000018,0.688,0.6479999999999999,0.0
me,210Tl,129,81,210,78.0,1.7999999999999998,1.7999999999999998,0.006999999999999999,0.004,0.006999999999999999,0.0,0.0,0.0,100.0,0.0,0.0,0.0,0.0,0.0,5481.4334,11.561,296.2599,11.6204,-3641.1127,11.597421246121915,5185.1735,1.2521,9122.5461,0.9184,0.05763653934820557,0.028730577270506374,0.1153169748932439,0.6679999999999999,0.02,0.02,0.6659884198135986,0.6673072188242527,0.05774565540999174,0.0,0.0,0.0,0.0,0.6679999999999999,0.020000000000000018,0.020000000000000018,0.688,0.6479999999999999,0.0
me,207Tl,126,81,207,286.2,0.6,0.6,0.0,0.0,0.0,0.0,0.0,0.0,100.0,0.0,0.0,0.0,0.0,0.0,1417.5323,5.4024,-5320.2480000000005,5.4025,-13406.9103,5.403573310319755,6737.7802,0.0953,14824.4426,0.1126,0.0,0.0,0.0,0.6679999999999999,0.020000000000000018,0.020000000000000018,0.688,0.6479999999999999,0.0,0.0,0.0,0.0,0.0,0.6679999999999999,0.020000000000000018,0.020000000000000018,0.688,0.6479999999999999,0.0
me,208Tl,127,81,208,183.18,0.18,0.18,0.0,0.0,0.0,0.0,0.0,0.0,100.0,0.0,0.0,0.0,0.0,0.0,4998.3984,1.6693,-2369.4702,1.6698,-9107.2505,1.6728223874637738,7367.8686,0.052000000000000005,14105.6489,0.1085,0.0,0.0,0.0,0.6679999999999999,0.020000000000000018,0.020000000000000018,0.688,0.6479999999999999,0.0,0.0,0.0,0.0,0.0,0.6679999999999999,0.020000000000000018,0.020000000000000018,0.688,0.6479999999999999,0.0
me,206Tl,125,81,206,252.12,0.7799999999999999,0.7799999999999999,0.0,0.0,0.0,0.0,0.0,0.0,100.0,0.0,0.0,0.0,0.0,0.0,1532.2128,0.6117,-6554.4495,0.6105,-13286.1145,0.6241218631004686,8086.6623,0.0599,14818.3273,0.1239,0.0,0.0,0.0,0.6679999999999999,0.020000000000000018,0.020000000000000018,0.688,0.6479999999999999,0.0,0.0,0.0,0.0,0.0,0.6679999999999999,0.020000000000000018,0.020000000000000018,0.688,0.6479999999999999,0.0
me,216Tl,135,81,216,5.9,3.3,3.3,0.0,0.0,0.0,0.0,0.0,0.0,100.0,0.0,0.0,0.0,0.0,0.0,7361.0,361.0,2457.0,305.0,-1089.0,412.699648655048,4904.0,207.0,8450.0,200.0,0.4274641411933338,0.20265123689942866,0.8605750230026881,0.66555846818778,0.009027668555822932,0.0023123682063264095,0.6678708363941064,0.656530799631957,0.4297970767021179,0.0,0.0,0.0,0.0,0.6679999999999999,0.020000000000000018,0.020000000000000018,0.688,0.6479999999999999,0.0
me,208Po,124,84,208,91451971.548,63113.852,63113.852,0.0,0.0,0.0,0.0,0.0,0.0,0.0,0.0,0.0,99.99600000000001,0.0004,0.0004,-4999.3061,9.0736,-12313.0435,12.5132,-21172.4554,18.565982393883715,7313.7374,15.2745,16173.1493,16.1977,0.0,0.0,0.0,0.6679999999999999,0.020000000000000018,0.020000000000000018,0.688,0.6479999999999999,0.0,0.0,0.0,0.0,0.0,0.6679999999999999,0.020000000000000018,0.020000000000000018,0.688,0.6479999999999999,0.0
me,209Po,125,84,209,3913058824.0,91515085.4,91515085.4,0.0,0.0,0.0,0.0,0.0,0.0,0.0,0.0,0.0,99.545,0.006999999999999999,0.006999999999999999,-3482.2417,4.9599,-11967.4317,9.0936,-19281.1691,14.176563207279825,8485.19,10.1036,15798.9274,13.2806,0.0,0.0,0.0,0.6679999999999999,0.020000000000000018,0.020000000000000018,0.688,0.6479999999999999,0.0,0.0,0.0,0.0,0.0,0.6679999999999999,0.020000000000000018,0.020000000000000018,0.688,0.6479999999999999,0.0
me,210Po,126,84,210,11955859.2,345.6,345.6,0.0,0.0,0.0,0.0,0.0,0.0,0.0,0.0,0.0,100.0,0.0,0.0,-3980.9605,7.6101,-11140.6047,4.7701,-19625.7948,14.023580813044862,7159.6442,8.9809,15644.8343,11.7791,0.0,0.0,0.0,0.6679999999999999,0.020000000000000018,0.020000000000000018,0.688,0.6479999999999999,0.0,0.0,0.0,0.0,0.0,0.6679999999999999,0.020000000000000018,0.020000000000000018,0.688,0.6479999999999999,0.0
me,211Po,127,84,211,0.516,0.003,0.003,0.0,0.0,0.0,0.0,0.0,0.0,0.0,0.0,0.0,100.0,0.0,0.0,-785.3012,2.5385,-8531.7112,7.6274,-15691.3554,5.945286659194827,7746.41,8.0052,14906.0542,5.3761,0.0,0.0,0.0,0.6679999999999999,0.020000000000000018,0.020000000000000018,0.688,0.6479999999999999,0.0,0.0,0.0,0.0,0.0,0.6679999999999999,0.020000000000000018,0.020000000000000018,0.688,0.6479999999999999,0.0
me,212Po,128,84,212,2.9500000000000003e-07,4.0000000000000007e-10,4.0000000000000007e-10,0.0,0.0,0.0,0.0,0.0,0.0,0.0,0.0,0.0,100.0,0.0,0.0,-1741.2596,2.1066,-6793.5353,2.4899,-14539.9453,8.17063736314371,5052.2757,3.0713,12798.6857,7.8944,0.0,0.0,0.0,0.6679999999999999,0.020000000000000018,0.020000000000000018,0.688,0.6479999999999999,0.0,0.0,0.0,0.0,0.0,0.6679999999999999,0.020000000000000018,0.020000000000000018,0.688,0.6479999999999999,0.0
me,213Po,129,84,213,0.003706,1e-06,1e-06,0.0,0.0,0.0,0.0,0.0,0.0,0.0,0.0,0.0,100.0,0.0,0.0,-73.9972,5.4646,-6096.688,3.3996,-11148.9637,7.589395807309037,6022.6908,5.093999999999999,11074.9665,5.2666,0.0,0.0,0.0,0.6679999999999999,0.020000000000000018,0.020000000000000018,0.688,0.6479999999999999,0.0,0.0,0.0,0.0,0.0,0.6679999999999999,0.020000000000000018,0.020000000000000018,0.688,0.6479999999999999,0.0
me,214Po,130,84,214,0.16348,4e-05,4e-05,0.0,0.0,0.0,0.0,0.0,0.0,0.0,0.0,0.0,100.0,0.0,0.0,-1090.8208,3.775,-5961.7688,4.7314,-11984.4596,5.6636342934550425,4870.948,6.0109,10893.6388,4.2221,0.0,0.0,0.0,0.6679999999999999,0.020000000000000018,0.020000000000000018,0.688,0.6479999999999999,0.0,0.0,0.0,0.0,0.0,0.6679999999999999,0.020000000000000018,0.020000000000000018,0.688,0.6479999999999999,0.0
me,215Po,131,84,215,0.0017809999999999998,3e-06,3e-06,0.0,0.0,0.0,0.0,0.0,0.0,0.00022999999999999998,2e-05,2e-05,99.99977,2e-05,2e-05,714.8128,6.6491,-5233.9372,4.4488,-10104.8852,10.507689363984834,5948.75,7.6202,10819.698,8.1364,0.0,0.0,0.0,0.6679999999999999,0.020000000000000018,0.020000000000000018,0.688,0.6479999999999999,0.0,0.0,0.0,0.0,0.0,0.6679999999999999,0.020000000000000018,0.020000000000000018,0.688,0.6479999999999999,0.0
me,216Po,132,84,216,0.14400000000000002,0.0006,0.0006,0.0,0.0,0.0,0.0,0.0,0.0,0.0,0.0,0.0,100.0,0.0,0.0,-474.3423,3.5713,-5032.3988,6.7496,-10981.1488,6.280923971041204,4558.0565,7.4176,10506.8065,5.1668,0.0,0.0,0.0,0.6679999999999999,0.020000000000000018,0.020000000000000018,0.688,0.6479999999999999,0.0,0.0,0.0,0.0,0.0,0.6679999999999999,0.020000000000000018,0.020000000000000018,0.688,0.6479999999999999,0.0
me,217Po,133,84,217,1.53,0.05,0.05,0.0,0.0,0.0,0.0,0.0,0.0,2.5,2.5,2.5,97.5,2.5,2.5,1488.8543,7.9791,-4444.5437,7.3786,-9002.6002,11.413212920558347,5933.398,6.0287,10491.4545,8.1606,0.0,0.0,0.0,0.6679999999999999,0.020000000000000018,0.020000000000000018,0.688,0.6479999999999999,0.0,0.0,0.0,0.0,0.0,0.6679999999999999,0.020000000000000018,0.020000000000000018,0.688,0.6479999999999999,0.0
me,218Po,134,84,218,185.82,0.6,0.6,0.0,0.0,0.0,0.0,0.0,0.0,0.022000000000000002,0.003,0.003,99.978,0.003,0.003,256.4334,11.549000000000001,-4109.2646,5.1835,-10042.6626,16.631741298192438,4365.698,12.485999999999999,10299.096,11.9681,0.0,0.0,0.0,0.6679999999999999,0.020000000000000018,0.020000000000000018,0.688,0.6479999999999999,0.0,0.0,0.0,0.0,0.0,0.6679999999999999,0.020000000000000018,0.020000000000000018,0.688,0.6479999999999999,0.0
me,219Po,135,84,219,619.8,58.8,58.8,0.0,0.0,0.0,0.0,0.0,0.0,71.8,2.0,2.0,28.2,2.0,2.0,2285.3395,16.1628,-3490.1757,19.5726,-7855.873600000001,17.12279917770456,5775.5152,11.9105,10141.2131,5.6528,0.0,0.0,0.0,0.6679999999999999,0.020000000000000018,0.020000000000000018,0.688,0.6479999999999999,0.0,0.0,0.0,0.0,0.0,0.6679999999999999,0.020000000000000018,0.020000000000000018,0.688,0.6479999999999999,0.0
me,221Po,137,84,221,112.2,28.2,58.2,0.0,0.0,0.0,0.0,0.0,0.0,100.0,0.0,0.0,0.0,0.0,0.0,2991.0276,24.039,-2673.3097,24.039,-6764.9005,27.99246253476103,5664.3373,19.76,9755.9281,14.3424,0.0,0.0,0.0,0.6679999999999999,0.020000000000000018,0.020000000000000018,0.688,0.6479999999999999,0.0,0.0,0.0,0.0,0.0,0.6679999999999999,0.020000000000000018,0.020000000000000018,0.688,0.6479999999999999,0.0
me,222Po,138,84,222,145.2,66.0,694.2,0.0,0.0,0.0,0.0,0.0,0.0,100.0,0.0,0.0,0.0,0.0,0.0,1533.2393,43.0709,-2367.7797,42.4214,-8032.116999999998,47.969670056922425,3901.0190000000002,21.1184,9565.3563,21.1184,0.0,0.0,0.0,0.6679999999999999,0.020000000000000018,0.020000000000000018,0.688,0.6479999999999999,0.0,0.0,0.0,0.0,0.0,0.6679999999999999,0.020000000000000018,0.020000000000000018,0.688,0.6479999999999999,0.0
me,204Au,125,79,204,38.4,0.8,0.8,0.0,0.0,0.0,0.0,0.0,0.0,100.0,0.0,0.0,0.0,0.0,0.0,4300.0,200.0,-3192.0,200.0,-9187.4743,200.00134248509437,7492.263000000001,1.6482,13487.4743,0.7328,0.0,0.0,0.0,0.6679999999999999,0.020000000000000018,0.020000000000000018,0.688,0.6479999999999999,0.0,0.0,0.0,0.0,0.0,0.6679999999999999,0.020000000000000018,0.020000000000000018,0.688,0.6479999999999999,0.0
me,205Au,126,79,205,32.0,1.1,1.1,0.0,0.0,0.0,0.0,0.0,0.0,100.0,0.0,0.0,0.0,0.0,0.0,3717.0,200.0,-1951.0,200.0,-9444.1517,200.03376672474576,5668.8888,3.622,13161.1517,3.6753,0.0,0.0,0.0,0.6679999999999999,0.020000000000000018,0.020000000000000018,0.688,0.6479999999999999,0.0,0.0,0.0,0.0,0.0,0.6679999999999999,0.020000000000000018,0.020000000000000018,0.688,0.6479999999999999,0.0
me,203Au,124,79,203,60.0,6.0,6.0,0.0,0.0,0.0,0.0,0.0,0.0,100.0,0.0,0.0,0.0,0.0,0.0,2125.7592,3.4514,-3869.4521,3.1299,-11623.5506,3.796277513565098,5995.2113,1.5738,13749.3098,1.581,0.0,0.0,0.0,0.6679999999999999,0.020000000000000018,0.020000000000000018,0.688,0.6479999999999999,0.0,0.0,0.0,0.0,0.0,0.6679999999999999,0.020000000000000018,0.020000000000000018,0.688,0.6479999999999999,0.0
me,206Au,127,79,206,47.0,11.2,11.2,0.0,0.0,0.0,0.0,0.0,0.0,100.0,0.0,0.0,0.0,0.0,0.0,6755.0,301.0,26.0,300.0,-5643.215899999998,301.69338044817954,6729.3271,20.7406,12398.2159,20.4425,0.005122039606650847,0.0025610198033254234,0.0981902766893077,0.6679999999999999,0.02,0.02,0.6655435373366565,0.6671692347037183,-0.0124648769538544,0.0,0.0,0.0,0.0,0.6679999999999999,0.020000000000000018,0.020000000000000018,0.688,0.6479999999999999,0.0
me,225Ra,137,88,225,1278720.0,17280.0,17280.0,0.0,0.0,0.0,0.0,0.0,0.0,100.0,0.0,0.0,0.0,0.0,0.0,355.7386,5.0067,-6312.4222,4.7218,-11974.6474,9.673970573141103,6668.1608,6.1585,12330.386,8.2776,0.0,0.0,0.0,0.6679999999999999,0.020000000000000018,0.020000000000000018,0.688,0.6479999999999999,0.0,0.0,0.0,0.0,0.0,0.6679999999999999,0.020000000000000018,0.020000000000000018,0.688,0.6479999999999999,0.0
me,224Ra,136,88,224,313744.32,103.68,103.68,0.0,0.0,0.0,0.0,0.0,0.0,0.0,0.0,0.0,100.0,0.0,0.0,-1408.3152,4.0869,-7070.5404,7.0615,-13938.601,7.318538571326928,5662.2252,7.9549,12530.2858,6.0711,0.0,0.0,0.0,0.6679999999999999,0.020000000000000018,0.020000000000000018,0.688,0.6479999999999999,0.0,0.0,0.0,0.0,0.0,0.6679999999999999,0.020000000000000018,0.020000000000000018,0.688,0.6479999999999999,0.0
me,227Ra,139,88,227,2532.0,30.0,30.0,0.0,0.0,0.0,0.0,0.0,0.0,100.0,0.0,0.0,0.0,0.0,0.0,1327.9489,2.2622,-5203.0552,3.2841,-10602.4773,5.2081576665842215,6531.0041,3.3355,11930.4262,4.6912,0.0,0.0,0.0,0.6679999999999999,0.020000000000000018,0.020000000000000018,0.688,0.6479999999999999,0.0,0.0,0.0,0.0,0.0,0.6679999999999999,0.020000000000000018,0.020000000000000018,0.688,0.6479999999999999,0.0
me,219Ra,131,88,219,0.009000000000000001,0.002,0.002,0.0,0.0,0.0,0.0,0.0,0.0,0.0,0.0,0.0,100.0,0.0,0.0,-2175.7005,51.9016,-9528.3104,57.9952,-15451.1045,73.95026985454481,7352.6098,77.2462,13275.403999999999,52.677,0.0,0.0,0.0,0.6679999999999999,0.020000000000000018,0.020000000000000018,0.688,0.6479999999999999,0.0,0.0,0.0,0.0,0.0,0.6679999999999999,0.020000000000000018,0.020000000000000018,0.688,0.6479999999999999,0.0
me,218Ra,130,88,218,0.025910000000000002,0.00014,0.00014,0.0,0.0,0.0,0.0,0.0,0.0,0.0,0.0,0.0,100.0,0.0,0.0,-4205.2887,58.4224,-10128.0828,14.8695,-17646.8161,82.57071309974258,5922.7941,58.6903,13441.5274,58.3502,0.0,0.0,0.0,0.6679999999999999,0.020000000000000018,0.020000000000000018,0.688,0.6479999999999999,0.0,0.0,0.0,0.0,0.0,0.6679999999999999,0.020000000000000018,0.020000000000000018,0.688,0.6479999999999999,0.0
me,221Ra,133,88,221,16.0,2.0,2.0,0.0,0.0,0.0,0.0,0.0,0.0,0.0,0.0,0.0,100.0,0.0,0.0,-1567.1715,57.0591,-8851.1963,7.4535,-14748.3125,95.60188326188977,7284.0249,57.1978,13181.141000000001,76.7071,0.0,0.0,0.0,0.6679999999999999,0.020000000000000018,0.020000000000000018,0.688,0.6479999999999999,0.0,0.0,0.0,0.0,0.0,0.6679999999999999,0.020000000000000018,0.020000000000000018,0.688,0.6479999999999999,0.0
me,220Ra,132,88,220,0.018000000000000002,0.002,0.002,0.0,0.0,0.0,0.0,0.0,0.0,0.0,0.0,0.0,100.0,0.0,0.0,-3471.664,9.6266,-9368.7801,52.0099,-16721.39,58.713558813616466,5897.1161,51.8053,13249.726,57.919,0.0,0.0,0.0,0.6679999999999999,0.020000000000000018,0.020000000000000018,0.688,0.6479999999999999,0.0,0.0,0.0,0.0,0.0,0.6679999999999999,0.020000000000000018,0.020000000000000018,0.688,0.6479999999999999,0.0
me,223Ra,135,88,223,988001.28,86.4,86.4,0.0,0.0,0.0,0.0,0.0,0.0,0.0,0.0,0.0,100.0,0.0,0.0,-591.8099,6.9657,-7459.8704,5.0882,-13440.4396,57.730477844722536,6868.0606,8.2833,12848.6297,57.3087,0.0,0.0,0.0,0.6679999999999999,0.020000000000000018,0.020000000000000018,0.688,0.6479999999999999,0.0,0.0,0.0,0.0,0.0,0.6679999999999999,0.020000000000000018,0.020000000000000018,0.688,0.6479999999999999,0.0
me,222Ra,134,88,222,33.6,0.4,0.4,0.0,0.0,0.0,0.0,0.0,0.0,0.0,0.0,0.0,100.0,0.0,0.0,-2301.5922,6.2737,-8282.1614,57.0529,-15566.1862,9.761673287915345,5980.5691,57.0624,13264.594,7.4787,0.0,0.0,0.0,0.6679999999999999,0.020000000000000018,0.020000000000000018,0.688,0.6479999999999999,0.0,0.0,0.0,0.0,0.0,0.6679999999999999,0.020000000000000018,0.020000000000000018,0.688,0.6479999999999999,0.0
me,214Ra,126,88,214,2.438,0.016,0.016,0.0,0.0,0.0,0.0,0.0,0.0,0.0,0.0,0.0,99.94,0.004,0.004,-6340.5313,14.5317,-14119.6071,12.7899,-23349.4956,29.55828420493991,7779.0758,17.8427,17008.9643,25.7395,0.0,0.0,0.0,0.6679999999999999,0.020000000000000018,0.020000000000000018,0.688,0.6479999999999999,0.0,0.0,0.0,0.0,0.0,0.6679999999999999,0.020000000000000018,0.020000000000000018,0.688,0.6479999999999999,0.0
me,213Ra,125,88,213,163.8,3.0,3.0,0.0,0.0,0.0,0.0,0.0,0.0,0.0,0.0,0.0,86.0,2.0,2.0,-5795.4721,15.2463,-15025.3606,23.9852,-22940.5638,57.07773364570461,9229.8885,24.7982,17145.0917,55.0038,0.0,0.0,0.0,0.6679999999999999,0.020000000000000018,0.020000000000000018,0.688,0.6479999999999999,0.0,0.0,0.0,0.0,0.0,0.6679999999999999,0.020000000000000018,0.020000000000000018,0.688,0.6479999999999999,0.0
me,216Ra,128,88,216,1.72e-07,7.0000000000000015e-09,7.0000000000000015e-09,0.0,0.0,0.0,0.0,0.0,0.0,0.0,0.0,0.0,100.0,0.0,0.0,-4858.2701,12.2147,-10810.402,14.7595,-19284.4416,20.43915078788745,5952.1319,15.4563,14426.1715,16.3878,0.0,0.0,0.0,0.6679999999999999,0.020000000000000018,0.020000000000000018,0.688,0.6479999999999999,0.0,0.0,0.0,0.0,0.0,0.6679999999999999,0.020000000000000018,0.020000000000000018,0.688,0.6479999999999999,0.0
me,215Ra,127,88,215,0.00168,1e-05,1e-05,0.0,0.0,0.0,0.0,0.0,0.0,0.0,0.0,0.0,100.0,0.0,0.0,-3498.5554,14.3395,-11972.595,15.3395,-19751.6708,22.239470787093836,8474.0396,18.3558,16253.1154,16.9992,0.0,0.0,0.0,0.6679999999999999,0.020000000000000018,0.020000000000000018,0.688,0.6479999999999999,0.0,0.0,0.0,0.0,0.0,0.6679999999999999,0.020000000000000018,0.020000000000000018,0.688,0.6479999999999999,0.0
me,217Ra,129,88,217,0.00159,0.00014,0.00014,0.0,0.0,0.0,0.0,0.0,0.0,0.0,0.0,0.0,100.0,0.0,0.0,-2812.7853,13.2129,-10331.5186,11.6095,-16283.6505,21.31642518481933,7518.7333,14.5299,13470.8652,16.7275,0.0,0.0,0.0,0.6679999999999999,0.020000000000000018,0.020000000000000018,0.688,0.6479999999999999,0.0,0.0,0.0,0.0,0.0,0.6679999999999999,0.020000000000000018,0.020000000000000018,0.688,0.6479999999999999,0.0
me,212Ra,124,88,212,13.0,0.2,0.2,0.0,0.0,0.0,0.0,0.0,0.0,0.0,0.0,0.0,100.0,0.0,0.0,-7498.3626,24.1666,-15413.5658,54.7218,-25105.4777,70.23319468605996,7915.2032,58.0366,17607.1151,65.9445,0.0,0.0,0.0,0.6679999999999999,0.020000000000000018,0.020000000000000018,0.688,0.6479999999999999,0.0,0.0,0.0,0.0,0.0,0.6679999999999999,0.020000000000000018,0.020000000000000018,0.688,0.6479999999999999,0.0
me,228Ra,140,88,228,181452324.5,946707.78,946707.78,0.0,0.0,0.0,0.0,0.0,0.0,100.0,0.0,0.0,0.0,0.0,0.0,45.5402,0.6344,-4980.6388,2.3398,-11511.6429,3.5066629150803763,5026.179,2.4243,11557.1831,3.4488,0.0,0.0,0.0,0.6679999999999999,0.020000000000000018,0.020000000000000018,0.688,0.6479999999999999,0.0,0.0,0.0,0.0,0.0,0.6679999999999999,0.020000000000000018,0.020000000000000018,0.688,0.6479999999999999,0.0
me,230Ra,142,88,230,5580.0,120.0,120.0,0.0,0.0,0.0,0.0,0.0,0.0,100.0,0.0,0.0,0.0,0.0,0.0,677.9196,18.8884,-4244.9484,15.895,-10520.9842,24.736911141045884,4922.8679999999995,19.9348,11198.9038,15.9732,0.0,0.0,0.0,0.6679999999999999,0.020000000000000018,0.020000000000000018,0.688,0.6479999999999999,0.0,0.0,0.0,0.0,0.0,0.6679999999999999,0.020000000000000018,0.020000000000000018,0.688,0.6479999999999999,0.0
me,229Ra,141,88,229,240.0,12.0,12.0,0.0,0.0,0.0,0.0,0.0,0.0,100.0,0.0,0.0,0.0,0.0,0.0,1872.0266,19.6229,-4404.0093,15.5821,-9430.1882,23.13887402835324,6276.0358,12.289000000000001,11302.2148,12.2617,0.0,0.0,0.0,0.6679999999999999,0.020000000000000018,0.020000000000000018,0.688,0.6479999999999999,0.0,0.0,0.0,0.0,0.0,0.6679999999999999,0.020000000000000018,0.020000000000000018,0.688,0.6479999999999999,0.0
me,232Ra,144,88,232,252.0,48.0,48.0,0.0,0.0,0.0,0.0,0.0,0.0,100.0,0.0,0.0,0.0,0.0,0.0,1342.5322,15.9313,-3337.2158,15.9313,-9484.0671,25.973650411330322,4679.748,18.4426,10826.5993,20.514,0.0,0.0,0.0,0.6679999999999999,0.020000000000000018,0.020000000000000018,0.688,0.6479999999999999,0.0,0.0,0.0,0.0,0.0,0.6679999999999999,0.020000000000000018,0.020000000000000018,0.688,0.6479999999999999,0.0
me,231Ra,143,88,231,103.9,1.3,1.3,0.0,0.0,0.0,0.0,0.0,0.0,100.0,0.0,0.0,0.0,0.0,0.0,2453.6351,17.3014,-3693.2162,19.4944,-8616.0841,24.8202170901062,6146.8512,20.514,11069.7192,17.7962,0.0,0.0,0.0,0.6679999999999999,0.020000000000000018,0.020000000000000018,0.688,0.6479999999999999,0.0,0.0,0.0,0.0,0.0,0.6679999999999999,0.020000000000000018,0.020000000000000018,0.688,0.6479999999999999,0.0
me,234Ra,146,88,234,30.0,10.0,10.0,0.0,0.0,0.0,0.0,0.0,0.0,100.0,0.0,0.0,0.0,0.0,0.0,2089.4348,16.2945,-2448.7262,15.5032,-8366.429800000002,25.11585219617284,4538.1609,19.1127,10455.8646,19.1127,0.0,0.0,0.0,0.6679999999999999,0.020000000000000018,0.020000000000000018,0.688,0.6479999999999999,0.0,0.0,0.0,0.0,0.0,0.6679999999999999,0.020000000000000018,0.020000000000000018,0.688,0.6479999999999999,0.0
me,233Ra,145,88,233,30.0,5.0,5.0,0.0,0.0,0.0,0.0,0.0,0.0,100.0,0.0,0.0,0.0,0.0,0.0,3026.0244,15.6228,-2891.6793,15.6228,-7571.4272999999985,24.170258058200368,5917.7037,18.4426,10597.4517,18.4426,0.0,0.0,0.0,0.6679999999999999,0.020000000000000018,0.020000000000000018,0.688,0.6479999999999999,0.0,0.0,0.0,0.0,0.0,0.6679999999999999,0.020000000000000018,0.020000000000000018,0.688,0.6479999999999999,0.0
me,205Hg,125,80,205,306.0,6.0,6.0,0.0,0.0,0.0,0.0,0.0,0.0,100.0,0.0,0.0,0.0,0.0,0.0,1533.0836,3.7238,-6012.9668,3.6964,-12669.0455,3.762363317118644,7546.0504,0.4796,14202.1291,0.5373,0.0,0.0,0.0,0.6679999999999999,0.020000000000000018,0.020000000000000018,0.688,0.6479999999999999,0.0,0.0,0.0,0.0,0.0,0.6679999999999999,0.020000000000000018,0.020000000000000018,0.688,0.6479999999999999,0.0
me,206Hg,126,80,206,499.2000000000001,7.199999999999998,7.199999999999998,0.0,0.0,0.0,0.0,0.0,0.0,100.0,0.0,0.0,0.0,0.0,0.0,1307.5659,20.41,-5196.2435,20.4097,-12742.2939,20.41865351486233,6503.8094,0.3865,14049.8598,0.5944,0.0,0.0,0.0,0.6679999999999999,0.020000000000000018,0.020000000000000018,0.688,0.6479999999999999,0.0,0.0,0.0,0.0,0.0,0.6679999999999999,0.020000000000000018,0.020000000000000018,0.688,0.6479999999999999,0.0
me,207Hg,127,80,207,174.0,12.0,12.0,0.0,0.0,0.0,0.0,0.0,0.0,100.0,0.0,0.0,0.0,0.0,0.0,4546.9906,30.3,-2305.4702,29.8355,-8809.279600000002,30.78071327454905,6852.4608,5.4299,13356.2702,5.4187,0.0,0.0,0.0,0.6679999999999999,0.020000000000000018,0.020000000000000018,0.688,0.6479999999999999,0.0,0.0,0.0,0.0,0.0,0.6679999999999999,0.020000000000000018,0.020000000000000018,0.688,0.6479999999999999,0.0
me,208Hg,128,80,208,135.0,10.0,10.0,0.0,0.0,0.0,0.0,0.0,0.0,100.0,0.0,0.0,0.0,0.0,0.0,3484.7131,30.7951,-302.2894,31.2168,-7154.7502,30.84627554859744,3787.0025,5.5967,10639.4633,1.7761,0.0,0.0,0.0,0.6679999999999999,0.020000000000000018,0.020000000000000018,0.688,0.6479999999999999,0.0,0.0,0.0,0.0,0.0,0.6679999999999999,0.020000000000000018,0.020000000000000018,0.688,0.6479999999999999,0.0
me,209Hg,129,80,209,6.3,1.1,1.1,0.0,0.0,0.0,0.0,0.0,0.0,100.0,0.0,0.0,0.0,0.0,0.0,5035.0,150.0,69.0,150.0,-3717.9926,150.2151087714215,4965.9901,6.2704,8752.9926,8.0361,0.013706149191427241,0.006853074595713621,0.054024551953928975,0.6679999999999999,0.02,0.02,0.6656165022681271,0.6664184173832168,0.010432020013381817,0.0,0.0,0.0,0.0,0.6679999999999999,0.020000000000000018,0.020000000000000018,0.688,0.6479999999999999,0.0
me,210Hg,130,80,210,63.7,11.6,11.6,2.2,2.2,2.2,0.0,0.0,0.0,100.0,0.0,0.0,0.0,0.0,0.0,3947.0,201.0,273.0,200.0,-4692.5111,201.33853971021045,3673.5209999999997,13.0584,8639.5111,11.6708,0.053300881460787056,0.003503876716929928,0.12120139438103225,0.6679999999999999,0.02,0.02,0.6655595659041877,0.6673484097606672,0.0534279883833151,0.0,0.0,0.0,0.0,0.6679999999999999,0.020000000000000018,0.020000000000000018,0.688,0.6479999999999999,0.0
me,211Hg,131,80,211,26.4,8.1,8.1,6.3,6.3,6.3,0.0,0.0,0.0,100.0,0.0,0.0,0.0,0.0,0.0,5688.0,205.0,785.0,201.0,-2887.842500000001,209.3308064859064,4902.3215,43.4936,8575.8425,42.3602,0.1471784311736943,0.06428258909632234,0.2992239460229624,0.6679999999999999,0.02,0.02,0.6665928040146375,0.6668085365937474,0.1485271025886759,0.0,0.0,0.0,0.0,0.6679999999999999,0.020000000000000018,0.020000000000000018,0.688,0.6479999999999999,0.0
me,226Fr,139,87,226,49.0,1.0,1.0,0.0,0.0,0.0,0.0,0.0,0.0,100.0,0.0,0.0,0.0,0.0,0.0,3852.9638,6.5215,-2543.8221,6.7494,-7447.929100000001,6.7951632246768,6396.7859,2.8511,11300.8929,1.909,0.0,0.0,0.0,0.6679999999999999,0.020000000000000018,0.020000000000000018,0.688,0.6479999999999999,0.0,0.0,0.0,0.0,0.0,0.6679999999999999,0.020000000000000018,0.020000000000000018,0.688,0.6479999999999999,0.0
me,225Fr,138,87,225,240.0,6.0,6.0,0.0,0.0,0.0,0.0,0.0,0.0,100.0,0.0,0.0,0.0,0.0,0.0,1827.5584,12.1574,-3076.5486,12.0886,-9555.2792,12.514518754231027,4904.107,2.7922,11382.8376,2.9683,0.0,0.0,0.0,0.6679999999999999,0.020000000000000018,0.020000000000000018,0.688,0.6479999999999999,0.0,0.0,0.0,0.0,0.0,0.6679999999999999,0.020000000000000018,0.020000000000000018,0.688,0.6479999999999999,0.0
me,224Fr,137,87,224,199.8,6.0,6.0,0.0,0.0,0.0,0.0,0.0,0.0,100.0,0.0,0.0,0.0,0.0,0.0,2922.7819,11.3237,-3555.9486,11.3716,-8714.2269,12.2246610955069,6478.7305,2.2609,11637.0088,4.6061,0.0,0.0,0.0,0.6679999999999999,0.020000000000000018,0.020000000000000018,0.688,0.6479999999999999,0.0,0.0,0.0,0.0,0.0,0.6679999999999999,0.020000000000000018,0.020000000000000018,0.688,0.6479999999999999,0.0
me,219Fr,132,87,219,0.022000000000000002,0.004,0.004,0.0,0.0,0.0,0.0,0.0,0.0,0.0,0.0,0.0,100.0,0.0,0.0,-776.9137,9.5906,-6099.9355,11.905,-13415.2329,13.6180676298071,5323.0217,11.8317,12638.3192,9.6681,0.0,0.0,0.0,0.6679999999999999,0.020000000000000018,0.020000000000000018,0.688,0.6479999999999999,0.0,0.0,0.0,0.0,0.0,0.6679999999999999,0.020000000000000018,0.020000000000000018,0.688,0.6479999999999999,0.0
me,218Fr,131,87,218,0.0011,0.0003,0.0003,0.0,0.0,0.0,0.0,0.0,0.0,0.0,0.0,0.0,100.0,0.0,0.0,413.8838,10.5603,-6901.4137,8.0626,-12374.6622,16.410015492070688,7315.2974,11.9671,12788.546,12.5606,0.0,0.0,0.0,0.6679999999999999,0.020000000000000018,0.020000000000000018,0.688,0.6479999999999999,0.0,0.0,0.0,0.0,0.0,0.6679999999999999,0.020000000000000018,0.020000000000000018,0.688,0.6479999999999999,0.0
me,217Fr,130,87,217,0.022000000000000002,0.005,0.005,0.0,0.0,0.0,0.0,0.0,0.0,0.0,0.0,0.0,100.0,0.0,0.0,-1574.8729,9.4723,-7048.1214,10.2112,-14359.968,13.734606898269787,5473.2485,10.5472,12785.0951,9.9456,0.0,0.0,0.0,0.6679999999999999,0.020000000000000018,0.020000000000000018,0.688,0.6479999999999999,0.0,0.0,0.0,0.0,0.0,0.6679999999999999,0.020000000000000018,0.020000000000000018,0.688,0.6479999999999999,0.0
me,223Fr,136,87,223,1319.4,4.2,4.2,0.0,0.0,0.0,0.0,0.0,0.0,99.994,0.0,0.0,0.006,0.0,0.0,1149.0844,0.8476,-4009.1938,4.7255,-10724.1837,5.069164684639866,5158.2782,4.7922,11873.2681,4.9978,0.0,0.0,0.0,0.6679999999999999,0.020000000000000018,0.020000000000000018,0.688,0.6479999999999999,0.0,0.0,0.0,0.0,0.0,0.6679999999999999,0.020000000000000018,0.020000000000000018,0.688,0.6479999999999999,0.0
me,222Fr,135,87,222,852.0,18.0,18.0,0.0,0.0,0.0,0.0,0.0,0.0,100.0,0.0,0.0,0.0,0.0,0.0,2057.8979999999997,8.6816,-4657.0919,8.7732,-10036.6243,12.290512544235087,6714.9899,6.2331,12094.5223,8.6998,0.0,0.0,0.0,0.6679999999999999,0.020000000000000018,0.020000000000000018,0.688,0.6479999999999999,0.0,0.0,0.0,0.0,0.0,0.6679999999999999,0.020000000000000018,0.020000000000000018,0.688,0.6479999999999999,0.0
me,221Fr,134,87,221,288.06,0.5399999999999999,0.5399999999999999,0.0,0.0,0.0,0.0,0.0,0.0,0.005,0.003,0.003,99.995,0.003,0.003,313.3741,6.3858,-5066.1583,8.9809,-12259.2379,10.304663890200398,5379.5324,8.7557,12572.612,8.0875,0.0,0.0,0.0,0.6679999999999999,0.020000000000000018,0.020000000000000018,0.688,0.6479999999999999,0.0,0.0,0.0,0.0,0.0,0.6679999999999999,0.020000000000000018,0.020000000000000018,0.688,0.6479999999999999,0.0
me,220Fr,133,87,220,27.4,0.3,0.3,0.0,0.0,0.0,0.0,0.0,0.0,0.35,0.05,0.05,99.65,0.05,0.05,1210.2406,8.4809,-5982.8389,7.7906,-11305.8607,14.938839594158573,7193.0796,10.074,12516.1013,12.2981,0.0,0.0,0.0,0.6679999999999999,0.020000000000000018,0.020000000000000018,0.688,0.6479999999999999,0.0,0.0,0.0,0.0,0.0,0.6679999999999999,0.020000000000000018,0.020000000000000018,0.688,0.6479999999999999,0.0
me,216Fr,129,87,216,0.0007,2e-05,2e-05,0.0,0.0,0.0,0.0,0.0,0.0,0.0,0.0,0.0,100.0,0.0,0.0,-320.4441,8.8904,-7632.2907,8.1377,-13264.3544,13.050305939708846,7311.8466,10.6514,12943.9103,9.5536,0.0,0.0,0.0,0.6679999999999999,0.020000000000000018,0.020000000000000018,0.688,0.6479999999999999,0.0,0.0,0.0,0.0,0.0,0.6679999999999999,0.020000000000000018,0.020000000000000018,0.688,0.6479999999999999,0.0
me,215Fr,128,87,215,8.9e-08,5e-09,5e-09,0.0,0.0,0.0,0.0,0.0,0.0,0.0,0.0,0.0,100.0,0.0,0.0,-2213.8573,9.7691,-7845.920999999999,8.7816,-16170.056,15.606605063882409,5632.0637,8.8906,13956.1987,12.1709,0.0,0.0,0.0,0.6679999999999999,0.020000000000000018,0.020000000000000018,0.688,0.6479999999999999,0.0,0.0,0.0,0.0,0.0,0.6679999999999999,0.020000000000000018,0.020000000000000018,0.688,0.6479999999999999,0.0
me,214Fr,127,87,214,0.0055,0.0002,0.0002,0.0,0.0,0.0,0.0,0.0,0.0,0.0,0.0,0.0,100.0,0.0,0.0,-1051.0675,9.9879,-9375.2025,12.9941,-16902.2005,15.236344128760024,8324.1349,11.1331,15851.133,11.505999999999998,0.0,0.0,0.0,0.6679999999999999,0.020000000000000018,0.020000000000000018,0.688,0.6479999999999999,0.0,0.0,0.0,0.0,0.0,0.6679999999999999,0.020000000000000018,0.020000000000000018,0.688,0.6479999999999999,0.0
me,213Fr,126,87,213,34.17,0.06,0.06,0.0,0.0,0.0,0.0,0.0,0.0,0.0,0.0,0.0,99.45,0.05,0.05,-3899.7568,10.8862,-11426.7548,11.2447,-20528.7055,15.478293189173026,7526.9981,14.1928,16628.9487,11.0031,0.0,0.0,0.0,0.6679999999999999,0.020000000000000018,0.020000000000000018,0.688,0.6479999999999999,0.0,0.0,0.0,0.0,0.0,0.6679999999999999,0.020000000000000018,0.020000000000000018,0.688,0.6479999999999999,0.0
me,212Fr,125,87,212,1218.0,36.0,36.0,0.0,0.0,0.0,0.0,0.0,0.0,0.0,0.0,0.0,43.0,2.0,2.0,-3317.2355,13.4939,-12419.1862,10.0827,-20101.4729,19.24615026700145,9101.9506,11.3932,16784.2374,13.7233,0.0,0.0,0.0,0.6679999999999999,0.020000000000000018,0.020000000000000018,0.688,0.6479999999999999,0.0,0.0,0.0,0.0,0.0,0.6679999999999999,0.020000000000000018,0.020000000000000018,0.688,0.6479999999999999,0.0
me,211Fr,124,87,211,186.0,1.2,1.2,0.0,0.0,0.0,0.0,0.0,0.0,0.0,0.0,0.0,87.0,3.0,3.0,-4972.1844,12.9786,-12654.4711,15.1062,-22141.1909,15.03770727371696,7682.2867,10.4486,17169.0065,7.5953,0.0,0.0,0.0,0.6679999999999999,0.020000000000000018,0.020000000000000018,0.688,0.6479999999999999,0.0,0.0,0.0,0.0,0.0,0.6679999999999999,0.020000000000000018,0.020000000000000018,0.688,0.6479999999999999,0.0
me,230Fr,143,87,230,19.1,0.5,0.5,0.0,0.0,0.0,0.0,0.0,0.0,100.0,0.0,0.0,0.0,0.0,0.0,4970.4627,12.1984,-1146.5122,16.7693,-5596.0617,16.087038691132687,6116.9749,18.5589,10566.5244,10.4877,0.0,0.0,0.0,0.6679999999999999,0.020000000000000018,0.020000000000000018,0.688,0.6479999999999999,0.0,0.0,0.0,0.0,0.0,0.6679999999999999,0.020000000000000018,0.020000000000000018,0.688,0.6479999999999999,0.0
me,229Fr,142,87,229,50.2,0.4,0.4,0.0,0.0,0.0,0.0,0.0,0.0,100.0,0.0,0.0,0.0,0.0,0.0,3106.2907,16.2305,-1343.2588,5.3522,-7651.8464,22.486353622808657,4449.5495,15.5692,10758.1371,15.562999999999999,0.0,0.0,0.0,0.6679999999999999,0.020000000000000018,0.020000000000000018,0.688,0.6479999999999999,0.0,0.0,0.0,0.0,0.0,0.6679999999999999,0.020000000000000018,0.020000000000000018,0.688,0.6479999999999999,0.0
me,228Fr,141,87,228,38.0,1.0,1.0,0.0,0.0,0.0,0.0,0.0,0.0,100.0,0.0,0.0,0.0,0.0,0.0,4444.027,7.021,-1864.5606,7.0073,-6425.990599999999,7.394065322946504,6308.5876,2.3347,10870.0176,2.319,0.0,0.0,0.0,0.6679999999999999,0.020000000000000018,0.020000000000000018,0.688,0.6479999999999999,0.0,0.0,0.0,0.0,0.0,0.6679999999999999,0.020000000000000018,0.020000000000000018,0.688,0.6479999999999999,0.0
me,227Fr,140,87,227,148.20000000000005,1.7999999999999998,1.7999999999999998,0.0,0.0,0.0,0.0,0.0,0.0,100.0,0.0,0.0,0.0,0.0,0.0,2504.9813,6.2112,-2056.4486,6.2053,-8453.2346,6.839658518522691,4561.43,0.27,10958.2159,2.8639,0.0,0.0,0.0,0.6679999999999999,0.020000000000000018,0.020000000000000018,0.688,0.6479999999999999,0.0,0.0,0.0,0.0,0.0,0.6679999999999999,0.020000000000000018,0.020000000000000018,0.688,0.6479999999999999,0.0
me,233Fr,146,87,233,0.9,0.1,0.1,0.0,0.0,0.0,0.0,0.0,0.0,100.0,0.0,0.0,0.0,0.0,0.0,4585.9906,21.3694,351.779,21.596,-5439.0718000000015,25.689055307854357,4234.2115,12.5596,10025.0624,14.2575,0.0682158499834646,0.03376786231910079,0.13660236543679846,0.6679999999999999,0.02,0.02,0.6660740536594247,0.6674562165580576,0.06839412758871913,0.0,0.0,0.0,0.0,0.6679999999999999,0.020000000000000018,0.020000000000000018,0.688,0.6479999999999999,0.0
me,232Fr,145,87,232,5.5,0.6,0.6,0.0,0.0,0.0,0.0,0.0,0.0,100.0,0.0,0.0,0.0,0.0,0.0,5575.8791,16.7023,-214.9718,18.0139,-4586.1075999999985,21.649947004554075,5790.8509,14.595,10161.9867,13.7751,0.0,0.0,0.0,0.6679999999999999,0.020000000000000018,0.020000000000000018,0.688,0.6479999999999999,0.0,0.0,0.0,0.0,0.0,0.6679999999999999,0.020000000000000018,0.020000000000000018,0.688,0.6479999999999999,0.0
me,231Fr,144,87,231,17.6,0.5,0.5,0.0,0.0,0.0,0.0,0.0,0.0,100.0,0.0,0.0,0.0,0.0,0.0,3864.0868,13.7495,-507.04900000000004,12.8758,-6624.023899999999,23.595357177631364,4371.1358,15.339,10488.1107,19.1753,0.0,0.0,0.0,0.6679999999999999,0.020000000000000018,0.020000000000000018,0.688,0.6479999999999999,0.0,0.0,0.0,0.0,0.0,0.6679999999999999,0.020000000000000018,0.020000000000000018,0.688,0.6479999999999999,0.0
me,202Pt,124,78,202,158400.0,54000.0,54000.0,0.0,0.0,0.0,0.0,0.0,0.0,100.0,0.0,0.0,0.0,0.0,0.0,1660.854,34.2759,-4362.7404,25.3554,-11594.6702,49.30424819445075,6023.5944,23.5087,13255.5242,35.4411,0.0,0.0,0.0,0.6679999999999999,0.020000000000000018,0.020000000000000018,0.688,0.6479999999999999,0.0,0.0,0.0,0.0,0.0,0.6679999999999999,0.020000000000000018,0.020000000000000018,0.688,0.6479999999999999,0.0
me,203Pt,125,78,203,22.0,4.0,4.0,0.0,0.0,0.0,0.0,0.0,0.0,100.0,0.0,0.0,0.0,0.0,0.0,3633.0,200.0,-3228.0,202.0,-9252.3743,200.04786114950093,6861.7799,23.4905,12885.3743,4.3757,0.0,0.0,0.0,0.6679999999999999,0.020000000000000018,0.020000000000000018,0.688,0.6479999999999999,0.0,0.0,0.0,0.0,0.0,0.6679999999999999,0.020000000000000018,0.020000000000000018,0.688,0.6479999999999999,0.0
me,204Pt,126,78,204,10.7,1.3,1.3,0.0,0.0,0.0,0.0,0.0,0.0,100.0,0.0,0.0,0.0,0.0,0.0,2770.0,283.0,-2548.0,200.0,-9410.0,347.11669507530166,5318.0,200.0,12180.0,201.0,0.0,0.0,0.0,0.6679999999999999,0.020000000000000018,0.020000000000000018,0.688,0.6479999999999999,0.0,0.0,0.0,0.0,0.0,0.6679999999999999,0.020000000000000018,0.020000000000000018,0.688,0.6479999999999999,0.0
me,218Bi,135,83,218,33.0,1.0,1.0,0.0,0.0,0.0,0.0,0.0,0.0,100.0,0.0,0.0,0.0,0.0,0.0,4859.3866,27.0849,-738.7322,27.7947,-4708.9337,27.155407921259442,5598.1188,6.6612,9568.3203,1.9556,0.0,0.0,0.0,0.6679999999999999,0.020000000000000018,0.020000000000000018,0.688,0.6479999999999999,0.0,0.0,0.0,0.0,0.0,0.6679999999999999,0.020000000000000018,0.020000000000000018,0.688,0.6479999999999999,0.0
me,219Bi,136,83,219,8.7,2.9,2.9,0.0,0.0,0.0,0.0,0.0,0.0,100.0,0.0,0.0,0.0,0.0,0.0,3638.0,201.0,-108.0,200.0,-5706.7279,201.728987100243,3746.6091,15.9571,9344.7279,17.1343,0.0,0.0,0.0,0.6679999999999999,0.020000000000000018,0.020000000000000018,0.688,0.6479999999999999,0.0,0.0,0.0,0.0,0.0,0.6679999999999999,0.020000000000000018,0.020000000000000018,0.688,0.6479999999999999,0.0
me,216Bi,133,83,216,135.0,3.0,3.0,0.0,0.0,0.0,0.0,0.0,0.0,100.0,0.0,0.0,0.0,0.0,0.0,4091.652,11.3243,-1655.5596,11.3773,-5798.676,11.514986847582588,5747.2116,2.294,9890.328000000001,2.0869,0.0,0.0,0.0,0.6679999999999999,0.020000000000000018,0.020000000000000018,0.688,0.6479999999999999,0.0,0.0,0.0,0.0,0.0,0.6679999999999999,0.020000000000000018,0.020000000000000018,0.688,0.6479999999999999,0.0
me,217Bi,134,83,217,98.5,1.3,1.3,0.0,0.0,0.0,0.0,0.0,0.0,100.0,0.0,0.0,0.0,0.0,0.0,2846.5103,18.8695,-1123.6912,17.7912,-6870.9028,20.02713550011584,3970.2015,6.6259,9717.4131,6.7103,0.0,0.0,0.0,0.6679999999999999,0.020000000000000018,0.020000000000000018,0.688,0.6479999999999999,0.0,0.0,0.0,0.0,0.0,0.6679999999999999,0.020000000000000018,0.020000000000000018,0.688,0.6479999999999999,0.0
me,220Bi,137,83,220,9.5,5.7,5.7,0.0,0.0,0.0,0.0,0.0,0.0,100.0,0.0,0.0,0.0,0.0,0.0,5696.0,300.0,207.0,300.0,-3539.8255000000013,300.52804111223963,5489.2164,23.7485,9235.8255,17.8074,0.04056295597504349,0.020281477987521744,0.12532854527490733,0.6679999999999999,0.02,0.02,0.6658447851257878,0.6673772998169244,0.03476306881228811,0.0,0.0,0.0,0.0,0.6679999999999999,0.020000000000000018,0.020000000000000018,0.688,0.6479999999999999,0.0
me,214Bi,131,83,214,1182.6,1.2,1.2,0.0,0.0,0.0,0.0,0.0,0.0,99.979,0.0013,0.0013,0.021,0.0013,0.0013,3269.1925,11.1649,-2618.5791,11.5056,-6974.0076,11.203342237921682,5887.7716,2.8269,10243.2001,0.9273,0.0,0.0,0.0,0.6679999999999999,0.020000000000000018,0.020000000000000018,0.688,0.6479999999999999,0.0,0.0,0.0,0.0,0.0,0.6679999999999999,0.020000000000000018,0.020000000000000018,0.688,0.6479999999999999,0.0
me,215Bi,132,83,215,456.0,12.0,12.0,0.0,0.0,0.0,0.0,0.0,0.0,100.0,0.0,0.0,0.0,0.0,0.0,2171.0426,5.5297,-1972.0738,5.7717,-7859.8454,6.6003208846237165,4143.1164,2.4554,10030.888,3.6037,0.0,0.0,0.0,0.6679999999999999,0.020000000000000018,0.020000000000000018,0.688,0.6479999999999999,0.0,0.0,0.0,0.0,0.0,0.6679999999999999,0.020000000000000018,0.020000000000000018,0.688,0.6479999999999999,0.0
me,213Bi,130,83,213,2736.42,2.28,2.28,0.0,0.0,0.0,0.0,0.0,0.0,97.87200000000001,0.022000000000000002,0.022000000000000002,2.128,0.022000000000000002,0.022000000000000002,1421.8481,5.4898,-2933.5803,5.1189,-8941.814400000001,6.2107990057640725,4355.4284,2.8619,10363.6625,2.9045,0.0,0.0,0.0,0.6679999999999999,0.020000000000000018,0.020000000000000018,0.688,0.6479999999999999,0.0,0.0,0.0,0.0,0.0,0.6679999999999999,0.020000000000000018,0.020000000000000018,0.688,0.6479999999999999,0.0
me,211Bi,128,83,211,128.4,1.7999999999999998,1.7999999999999998,0.0,0.0,0.0,0.0,0.0,0.0,0.276,0.004,0.004,99.72399999999999,0.004,0.004,573.3763,5.4297,-3977.3744,5.4063,-11635.7375,5.621916785225482,4550.7508,0.5234,12209.1138,1.4575,0.0,0.0,0.0,0.6679999999999999,0.020000000000000018,0.020000000000000018,0.688,0.6479999999999999,0.0,0.0,0.0,0.0,0.0,0.6679999999999999,0.020000000000000018,0.020000000000000018,0.688,0.6479999999999999,0.0
me,212Bi,129,83,212,3633.06,3.54,3.54,0.0,0.0,0.0,0.0,0.0,0.0,64.06,0.06,0.06,35.94,0.06,0.06,2251.4656,1.6671,-3756.7685,1.7456,-8307.5192,1.6760213900783008,6008.234,0.5249,10558.9848,0.1727,0.0,0.0,0.0,0.6679999999999999,0.020000000000000018,0.020000000000000018,0.688,0.6479999999999999,0.0,0.0,0.0,0.0,0.0,0.6679999999999999,0.020000000000000018,0.020000000000000018,0.688,0.6479999999999999,0.0
me,210Bi,127,83,210,433036.8,432.0,432.0,0.0,0.0,0.0,0.0,0.0,0.0,99.999868,1e-05,1e-05,0.000132,1e-05,1e-05,1161.1549,0.7662,-6497.2081,1.5621,-13465.3338,1.4910262405470938,7658.3631,1.364,14626.4887,1.2791,0.0,0.0,0.0,0.6679999999999999,0.020000000000000018,0.020000000000000018,0.688,0.6479999999999999,0.0,0.0,0.0,0.0,0.0,0.6679999999999999,0.020000000000000018,0.020000000000000018,0.688,0.6479999999999999,0.0
me,214Rn,128,86,214,2.5900000000000003e-07,3.0000000000000004e-09,3.0000000000000004e-09,0.0,0.0,0.0,0.0,0.0,0.0,0.0,0.0,0.0,100.0,0.0,0.0,-3361.3369,12.4238,-8836.7826,10.2726,-16946.3019,17.431513753257345,5475.4457,9.6799,13584.965,12.2273,0.0,0.0,0.0,0.6679999999999999,0.020000000000000018,0.020000000000000018,0.688,0.6479999999999999,0.0,0.0,0.0,0.0,0.0,0.6679999999999999,0.020000000000000018,0.020000000000000018,0.688,0.6479999999999999,0.0
me,213Rn,127,86,213,0.01938,0.00018999999999999998,0.00018999999999999998,0.0,0.0,0.0,0.0,0.0,0.0,0.0,0.0,0.0,100.0,0.0,0.0,-2141.7493,5.6996,-10251.2686,9.3965,-17698.2704,14.084189167999696,8109.5193,9.9563,15556.5211,12.8794,0.0,0.0,0.0,0.6679999999999999,0.020000000000000018,0.020000000000000018,0.688,0.6479999999999999,0.0,0.0,0.0,0.0,0.0,0.6679999999999999,0.020000000000000018,0.020000000000000018,0.688,0.6479999999999999,0.0
me,215Rn,129,86,215,0.0023,0.0001,0.0001,0.0,0.0,0.0,0.0,0.0,0.0,0.0,0.0,0.0,100.0,0.0,0.0,-1487.1274,9.189,-8281.9809,10.3464,-13757.4266,12.470204210036016,6794.8535,10.9506,12270.2992,8.4302,0.0,0.0,0.0,0.6679999999999999,0.020000000000000018,0.020000000000000018,0.688,0.6479999999999999,0.0,0.0,0.0,0.0,0.0,0.6679999999999999,0.020000000000000018,0.020000000000000018,0.688,0.6479999999999999,0.0
me,210Rn,124,86,210,8712.0,144.0,144.0,0.0,0.0,0.0,0.0,0.0,0.0,0.0,0.0,0.0,96.0,1.0,1.0,-6261.2558,14.172,-13893.9378,12.3713,-23082.4723,22.73416868262396,7632.682,17.6354,16821.2165,17.7763,0.0,0.0,0.0,0.6679999999999999,0.020000000000000018,0.020000000000000018,0.688,0.6479999999999999,0.0,0.0,0.0,0.0,0.0,0.6679999999999999,0.020000000000000018,0.020000000000000018,0.688,0.6479999999999999,0.0
me,212Rn,126,86,212,1434.0,72.0,72.0,0.0,0.0,0.0,0.0,0.0,0.0,0.0,0.0,0.0,100.0,0.0,0.0,-5143.221,9.3064,-12590.2228,12.3821,-21458.3472,18.532268133447673,7447.0018,14.8518,16315.1262,16.0261,0.0,0.0,0.0,0.6679999999999999,0.020000000000000018,0.020000000000000018,0.688,0.6479999999999999,0.0,0.0,0.0,0.0,0.0,0.6679999999999999,0.020000000000000018,0.020000000000000018,0.688,0.6479999999999999,0.0
me,211Rn,125,86,211,52920.0,720.0,720.0,0.0,0.0,0.0,0.0,0.0,0.0,0.0,0.0,0.0,27.4,1.7,1.7,-4615.0152,13.7862,-13483.1396,15.0444,-21115.821600000007,21.566368901602324,8868.1244,17.9796,16500.8064,16.5846,0.0,0.0,0.0,0.6679999999999999,0.020000000000000018,0.020000000000000018,0.688,0.6479999999999999,0.0,0.0,0.0,0.0,0.0,0.6679999999999999,0.020000000000000018,0.020000000000000018,0.688,0.6479999999999999,0.0
me,226Rn,140,86,226,444.0,6.0,6.0,0.0,0.0,0.0,0.0,0.0,0.0,100.0,0.0,0.0,0.0,0.0,0.0,1226.6542,12.1895,-3144.7263,15.9052,-9144.0569,17.67334488007293,4371.3805,13.4916,10370.7111,12.797,0.0,0.0,0.0,0.6679999999999999,0.020000000000000018,0.020000000000000018,0.688,0.6479999999999999,0.0,0.0,0.0,0.0,0.0,0.6679999999999999,0.020000000000000018,0.020000000000000018,0.688,0.6479999999999999,0.0
me,225Rn,139,86,225,279.6,2.4,2.4,0.0,0.0,0.0,0.0,0.0,0.0,100.0,0.0,0.0,0.0,0.0,0.0,2713.5412,16.3492,-3285.7893,15.7809,-7990.8223,20.34369937351612,5999.3305,16.3754,10704.3635,12.1066,0.0,0.0,0.0,0.6679999999999999,0.020000000000000018,0.020000000000000018,0.688,0.6479999999999999,0.0,0.0,0.0,0.0,0.0,0.6679999999999999,0.020000000000000018,0.020000000000000018,0.688,0.6479999999999999,0.0
me,224Rn,138,86,224,6840.0,360.0,360.0,0.0,0.0,0.0,0.0,0.0,0.0,100.0,0.0,0.0,0.0,0.0,0.0,696.4839999999999,14.875,-4008.5490000000004,10.0025,-10075.6408,20.04353648037192,4705.032999999999,11.3435,10772.1248,13.4342,0.0,0.0,0.0,0.6679999999999999,0.020000000000000018,0.020000000000000018,0.688,0.6479999999999999,0.0,0.0,0.0,0.0,0.0,0.6679999999999999,0.020000000000000018,0.020000000000000018,0.688,0.6479999999999999,0.0
me,221Rn,135,86,221,1542.0,30.0,30.0,0.0,0.0,0.0,0.0,0.0,0.0,80.0,2.0,2.0,20.0,2.0,2.0,1194.1032,7.2312,-5082.2957,6.9079999999999995,-10288.2209,11.002611880821753,6276.3989,6.2181,11482.3241,8.2926,0.0,0.0,0.0,0.6679999999999999,0.020000000000000018,0.020000000000000018,0.688,0.6479999999999999,0.0,0.0,0.0,0.0,0.0,0.6679999999999999,0.020000000000000018,0.020000000000000018,0.688,0.6479999999999999,0.0
me,220Rn,134,86,220,55.6,0.1,0.1,0.0,0.0,0.0,0.0,0.0,0.0,0.0,0.0,0.0,100.0,0.0,0.0,-870.3384,4.0256,-6076.2636,6.9910000000000005,-12590.0828,6.958867512030963,5205.9252,7.8607,11719.7444,5.6763,0.0,0.0,0.0,0.6679999999999999,0.020000000000000018,0.020000000000000018,0.688,0.6479999999999999,0.0,0.0,0.0,0.0,0.0,0.6679999999999999,0.020000000000000018,0.020000000000000018,0.688,0.6479999999999999,0.0
me,223Rn,137,86,223,1458.0,60.0,60.0,0.0,0.0,0.0,0.0,0.0,0.0,100.0,0.0,0.0,0.0,0.0,0.0,2007.4091,8.0568,-4059.6828,10.8035,-9030.1487,9.393869830905686,6067.0918,7.6981,11037.5578,4.8304,0.0,0.0,0.0,0.6679999999999999,0.020000000000000018,0.020000000000000018,0.688,0.6479999999999999,0.0,0.0,0.0,0.0,0.0,0.6679999999999999,0.020000000000000018,0.020000000000000018,0.688,0.6479999999999999,0.0
me,222Rn,136,86,222,330174.14400000003,13.824000000000002,13.824000000000002,0.0,0.0,0.0,0.0,0.0,0.0,0.0,0.0,0.0,100.0,0.0,0.0,-6.1461,7.7013,-4976.6121,5.061,-11253.011,11.448487353794825,4970.465999999999,8.911,11246.8649,8.471,0.0,0.0,0.0,0.6679999999999999,0.020000000000000018,0.020000000000000018,0.688,0.6479999999999999,0.0,0.0,0.0,0.0,0.0,0.6679999999999999,0.020000000000000018,0.020000000000000018,0.688,0.6479999999999999,0.0
me,217Rn,131,86,217,0.00059,5.9999999999999995e-05,5.9999999999999995e-05,0.0,0.0,0.0,0.0,0.0,0.0,0.0,0.0,0.0,100.0,0.0,0.0,-656.0967,7.5383,-7383.7739,5.621,-12802.2074,12.07070162210963,6727.6772,7.5063,12146.1107,9.4274,0.0,0.0,0.0,0.6679999999999999,0.020000000000000018,0.020000000000000018,0.688,0.6479999999999999,0.0,0.0,0.0,0.0,0.0,0.6679999999999999,0.020000000000000018,0.020000000000000018,0.688,0.6479999999999999,0.0
me,216Rn,130,86,216,0.028999999999999998,0.004,0.004,0.0,0.0,0.0,0.0,0.0,0.0,0.0,0.0,0.0,100.0,0.0,0.0,-2717.7096,6.9366,-8136.1431,8.9789,-14930.9965,11.641636479464559,5418.4334,7.9778,12213.2869,9.3494,0.0,0.0,0.0,0.6679999999999999,0.020000000000000018,0.020000000000000018,0.688,0.6479999999999999,0.0,0.0,0.0,0.0,0.0,0.6679999999999999,0.020000000000000018,0.020000000000000018,0.688,0.6479999999999999,0.0
me,219Rn,133,86,219,3.96,0.01,0.01,0.0,0.0,0.0,0.0,0.0,0.0,0.0,0.0,0.0,100.0,0.0,0.0,212.3984,6.8938,-6301.4208,4.6672,-11627.9616,11.649290480110796,6513.8192,7.9664,11840.36,9.3905,0.0,0.0,0.0,0.6679999999999999,0.020000000000000018,0.020000000000000018,0.688,0.6479999999999999,0.0,0.0,0.0,0.0,0.0,0.6679999999999999,0.020000000000000018,0.020000000000000018,0.688,0.6479999999999999,0.0
me,218Rn,132,86,218,0.03375,0.00015,0.00015,0.0,0.0,0.0,0.0,0.0,0.0,0.0,0.0,0.0,100.0,0.0,0.0,-1842.0267,4.4418,-7168.5675,6.667000000000001,-13896.2448,7.166987679632218,5326.5408,7.541,12054.2181,5.6246,0.0,0.0,0.0,0.6679999999999999,0.020000000000000018,0.020000000000000018,0.688,0.6479999999999999,0.0,0.0,0.0,0.0,0.0,0.6679999999999999,0.020000000000000018,0.020000000000000018,0.688,0.6479999999999999,0.0
me,228Rn,142,86,228,65.0,2.0,2.0,0.0,0.0,0.0,0.0,0.0,0.0,100.0,0.0,0.0,0.0,0.0,0.0,1859.2451,18.9157,-2510.2969,18.6354,-8419.7093,21.022245212631308,4369.542,8.9502,10278.9544,9.1723,0.0,0.0,0.0,0.6679999999999999,0.020000000000000018,0.020000000000000018,0.688,0.6479999999999999,0.0,0.0,0.0,0.0,0.0,0.6679999999999999,0.020000000000000018,0.020000000000000018,0.688,0.6479999999999999,0.0
me,227Rn,141,86,227,20.8,0.7,0.7,0.0,0.0,0.0,0.0,0.0,0.0,100.0,0.0,0.0,0.0,0.0,0.0,3203.3894,15.2755,-2706.0229999999997,15.4067,-7077.4035,20.281498731849183,5909.4124,8.5795,10280.7929,13.3416,0.0,0.0,0.0,0.6679999999999999,0.020000000000000018,0.020000000000000018,0.688,0.6479999999999999,0.0,0.0,0.0,0.0,0.0,0.6679999999999999,0.020000000000000018,0.020000000000000018,0.688,0.6479999999999999,0.0
me,229Rn,143,86,229,12.0,1.3,1.2,0.0,0.0,0.0,0.0,0.0,0.0,100.0,0.0,0.0,0.0,0.0,0.0,3694.1465,13.967,-2093.1393,14.6758,-6462.681299999998,15.964945074756756,5787.2858,8.386000000000001,10156.8278,7.7332,0.0,0.0,0.0,0.6679999999999999,0.020000000000000018,0.020000000000000018,0.688,0.6479999999999999,0.0,0.0,0.0,0.0,0.0,0.6679999999999999,0.020000000000000018,0.020000000000000018,0.688,0.6479999999999999,0.0
me,222U,130,92,222,0.0047,0.0007,0.0007,0.0,0.0,0.0,0.0,0.0,0.0,0.0,0.0,0.0,100.0,0.0,0.0,-7001.8072,64.43,-13709.0,207.0,-22344.8245,80.8870726903255,6707.0,204.0,15343.0173,48.9029,0.0,0.0,0.0,0.6679999999999999,0.020000000000000018,0.020000000000000018,0.688,0.6479999999999999,0.0,0.0,0.0,0.0,0.0,0.6679999999999999,0.020000000000000018,0.020000000000000018,0.688,0.6479999999999999,0.0
me,224U,132,92,224,0.396,0.017,0.017,0.0,0.0,0.0,0.0,0.0,0.0,0.0,0.0,0.0,100.0,0.0,0.0,-6289.5572,32.7036,-12987.2104,84.2557,-21674.5868,57.91226229668464,6697.6533,87.7652,15385.0296,47.7944,0.0,0.0,0.0,0.6679999999999999,0.020000000000000018,0.020000000000000018,0.688,0.6479999999999999,0.0,0.0,0.0,0.0,0.0,0.6679999999999999,0.020000000000000018,0.020000000000000018,0.688,0.6479999999999999,0.0
me,223U,131,92,223,0.062,0.01,0.013999999999999999,0.0,0.0,0.0,0.0,0.0,0.0,0.0,0.0,0.0,100.0,0.0,0.0,-4613.3046,101.75200000000001,-13300.681,70.25,-20007.3046,239.67158676822746,8687.3764,91.1786,15394.0,217.0,0.0,0.0,0.0,0.6679999999999999,0.020000000000000018,0.020000000000000018,0.688,0.6479999999999999,0.0,0.0,0.0,0.0,0.0,0.6679999999999999,0.020000000000000018,0.020000000000000018,0.688,0.6479999999999999,0.0
me,226U,134,92,226,0.267,0.006,0.006,0.0,0.0,0.0,0.0,0.0,0.0,0.0,0.0,0.0,100.0,0.0,0.0,-5488.0792,102.6485,-12360.6185,92.2786,-20846.0862,147.61479090070887,6872.5393,137.148,15358.007,106.0821,0.0,0.0,0.0,0.6679999999999999,0.020000000000000018,0.020000000000000018,0.688,0.6479999999999999,0.0,0.0,0.0,0.0,0.0,0.6679999999999999,0.020000000000000018,0.020000000000000018,0.688,0.6479999999999999,0.0
me,225U,133,92,225,0.061,0.003,0.003,0.0,0.0,0.0,0.0,0.0,0.0,0.0,0.0,0.0,100.0,0.0,0.0,-4246.0969,92.1491,-12731.5646,30.5827,-19429.2179,154.1150979520501,8485.4677,96.0753,15183.121000000001,123.5314,0.0,0.0,0.0,0.6679999999999999,0.020000000000000018,0.020000000000000018,0.688,0.6479999999999999,0.0,0.0,0.0,0.0,0.0,0.6679999999999999,0.020000000000000018,0.020000000000000018,0.688,0.6479999999999999,0.0
me,219U,127,92,219,0.06,0.006999999999999999,0.006999999999999999,0.0,0.0,0.0,0.0,0.0,0.0,0.0,0.0,0.0,100.0,0.0,0.0,-6140.9976,92.9309,999999.0,999999.0,-1006139.9976,999999.0043180805,999999.0,999999.0,999999.0,999999.0,0.0,0.0,0.0,0.6679999999999999,0.020000000000000018,0.020000000000000018,0.688,0.6479999999999999,0.0,0.0,0.0,0.0,0.0,0.6679999999999999,0.020000000000000018,0.020000000000000018,0.688,0.6479999999999999,0.0
me,221U,129,92,221,0.00066,0.00014,0.00014,0.0,0.0,0.0,0.0,0.0,0.0,0.0,0.0,0.0,100.0,0.0,0.0,-5390.0,213.0,-14026.3444,78.4032,-21059.0,306.2172431461037,8636.0,203.0,15669.0,220.0,0.0,0.0,0.0,0.6679999999999999,0.020000000000000018,0.020000000000000018,0.688,0.6479999999999999,0.0,0.0,0.0,0.0,0.0,0.6679999999999999,0.020000000000000018,0.020000000000000018,0.688,0.6479999999999999,0.0
me,232U,140,92,232,2174272201.4,8835939.280000001,8835939.280000001,0.0,0.0,0.0,0.0,0.0,0.0,0.0,0.0,0.0,100.0,0.0,0.0,-2750.0,100.0,-9085.5592,51.1699,-16770.0,151.6443206981389,6336.0,112.0,14020.0,114.0,0.0,0.0,0.0,0.6679999999999999,0.020000000000000018,0.020000000000000018,0.688,0.6479999999999999,0.0,0.0,0.0,0.0,0.0,0.6679999999999999,0.020000000000000018,0.020000000000000018,0.688,0.6479999999999999,0.0
me,237U,145,92,237,583372.7999999999,432.0,432.0,0.0,0.0,0.0,0.0,0.0,0.0,100.0,0.0,0.0,0.0,0.0,0.0,518.5338,0.52,-6059.2786,50.4173,-11795.5473,1.050177965870547,6577.8124,50.4154,12314.0811,0.9124,0.0,0.0,0.0,0.6679999999999999,0.020000000000000018,0.020000000000000018,0.688,0.6479999999999999,0.0,0.0,0.0,0.0,0.0,0.6679999999999999,0.020000000000000018,0.020000000000000018,0.688,0.6479999999999999,0.0
me,228U,136,92,228,546.0,12.0,12.0,0.0,0.0,0.0,0.0,0.0,0.0,0.0,0.0,0.0,95.0,0.0,0.0,-4605.0,101.0,-11430.3355,78.1432,-19739.0,175.07141400011596,6825.0,126.0,15134.0,143.0,0.0,0.0,0.0,0.6679999999999999,0.020000000000000018,0.020000000000000018,0.688,0.6479999999999999,0.0,0.0,0.0,0.0,0.0,0.6679999999999999,0.020000000000000018,0.020000000000000018,0.688,0.6479999999999999,0.0
me,227U,135,92,227,66.0,6.0,6.0,0.0,0.0,0.0,0.0,0.0,0.0,0.0,0.0,0.0,100.0,0.0,0.0,-3533.9848,77.4417,-11843.1612,102.4041,-18715.7005,142.53906080264454,8309.1764,127.8342,15181.7157,119.6669,0.0,0.0,0.0,0.6679999999999999,0.020000000000000018,0.020000000000000018,0.688,0.6479999999999999,0.0,0.0,0.0,0.0,0.0,0.6679999999999999,0.020000000000000018,0.020000000000000018,0.688,0.6479999999999999,0.0
me,230U,138,92,230,1747872.0,1728.0,1728.0,0.0,0.0,0.0,0.0,0.0,0.0,0.0,0.0,0.0,100.0,0.0,0.0,-3621.5986,55.1683,-10257.6788,101.2651,-18352.5986,126.6473107684881,6636.0801,115.1469,14731.0,114.0,0.0,0.0,0.0,0.6679999999999999,0.020000000000000018,0.020000000000000018,0.688,0.6479999999999999,0.0,0.0,0.0,0.0,0.0,0.6679999999999999,0.020000000000000018,0.020000000000000018,0.688,0.6479999999999999,0.0
me,229U,137,92,229,3468.0,30.0,30.0,0.0,0.0,0.0,0.0,0.0,0.0,0.0,0.0,0.0,20.0,0.0,0.0,-2590.7577,101.3342,-10686.0,100.0,-17511.0346,162.57031106831897,8095.0,142.0,14920.2769,127.1239,0.0,0.0,0.0,0.6679999999999999,0.020000000000000018,0.020000000000000018,0.688,0.6479999999999999,0.0,0.0,0.0,0.0,0.0,0.6679999999999999,0.020000000000000018,0.020000000000000018,0.688,0.6479999999999999,0.0
me,231U,139,92,231,362880.0,8640.0,8640.0,0.0,0.0,0.0,0.0,0.0,0.0,0.0,0.0,0.0,0.004,0.001,0.001,-1817.7347,51.1839,-9501.9818,55.0663,-16138.0619,124.38496252369093,7684.2471,75.105,14320.3272,113.3659,0.0,0.0,0.0,0.6679999999999999,0.020000000000000018,0.020000000000000018,0.688,0.6479999999999999,0.0,0.0,0.0,0.0,0.0,0.6679999999999999,0.020000000000000018,0.020000000000000018,0.688,0.6479999999999999,0.0
me,242U,150,92,242,1008.0,30.0,30.0,0.0,0.0,0.0,0.0,0.0,0.0,100.0,0.0,0.0,0.0,0.0,0.0,1203.0,283.0,-3767.0,224.0,-9838.9888,346.95660147568884,4969.5572,223.6078,11041.9888,200.7234,0.0,0.0,0.0,0.6679999999999999,0.020000000000000018,0.020000000000000018,0.688,0.6479999999999999,0.0,0.0,0.0,0.0,0.0,0.6679999999999999,0.020000000000000018,0.020000000000000018,0.688,0.6479999999999999,0.0
me,239U,147,92,239,1407.0,1.2,1.2,0.0,0.0,0.0,0.0,0.0,0.0,100.0,0.0,0.0,0.0,0.0,0.0,1261.6634,1.4935,-4953.2474,1.2128,-10441.5673,1.7828177725163052,6214.9108,0.9939,11703.2307,0.9736,0.0,0.0,0.0,0.6679999999999999,0.020000000000000018,0.020000000000000018,0.688,0.6479999999999999,0.0,0.0,0.0,0.0,0.0,0.6679999999999999,0.020000000000000018,0.020000000000000018,0.688,0.6479999999999999,0.0
me,240U,148,92,240,50760.0,360.0,360.0,0.0,0.0,0.0,0.0,0.0,0.0,100.0,0.0,0.0,0.0,0.0,0.0,399.2685,17.083,-4666.8254,2.7866,-10881.7362,24.112668698424894,5066.0939,17.0381,11281.0047,17.0174,0.0,0.0,0.0,0.6679999999999999,0.020000000000000018,0.020000000000000018,0.688,0.6479999999999999,0.0,0.0,0.0,0.0,0.0,0.6679999999999999,0.020000000000000018,0.020000000000000018,0.688,0.6479999999999999,0.0
me,201Ir,124,77,201,21.0,5.0,5.0,0.0,0.0,0.0,0.0,0.0,0.0,100.0,0.0,0.0,0.0,0.0,0.0,3901.0,206.0,-1312.0,201.0,-8593.6419,212.01627801053385,5212.8457,53.9875,12494.6419,50.1488,0.0,0.0,0.0,0.6679999999999999,0.020000000000000018,0.020000000000000018,0.688,0.6479999999999999,0.0,0.0,0.0,0.0,0.0,0.6679999999999999,0.020000000000000018,0.020000000000000018,0.688,0.6479999999999999,0.0
me,202Ir,125,77,202,11.0,3.0,3.0,0.0,0.0,0.0,0.0,0.0,0.0,100.0,0.0,0.0,0.0,0.0,0.0,6052.0,301.0,-971.0,304.0,-6183.5861,302.71760682670913,7022.7404,56.0616,12235.5861,32.2017,0.0,0.0,0.0,0.6679999999999999,0.020000000000000018,0.020000000000000018,0.688,0.6479999999999999,0.0,0.0,0.0,0.0,0.0,0.6679999999999999,0.020000000000000018,0.020000000000000018,0.688,0.6479999999999999,0.0
me,216Pb,134,82,216,99.4,11.7,11.7,0.0,0.0,0.0,0.0,0.0,0.0,100.0,0.0,0.0,0.0,0.0,0.0,1636.0,201.0,-2191.0,200.0,-7431.8685,201.62238401033244,3826.6022,12.5129,9067.8685,15.8299,0.0,0.0,0.0,0.6679999999999999,0.020000000000000018,0.020000000000000018,0.688,0.6479999999999999,0.0,0.0,0.0,0.0,0.0,0.6679999999999999,0.020000000000000018,0.020000000000000018,0.688,0.6479999999999999,0.0
me,217Pb,135,82,217,19.9,5.3,5.3,0.0,0.0,0.0,0.0,0.0,0.0,100.0,0.0,0.0,0.0,0.0,0.0,3530.0,300.0,-1685.0,300.0,-5511.945400000001,300.5742167188663,5215.3432,20.9327,9041.9454,18.5704,0.0,0.0,0.0,0.6679999999999999,0.020000000000000018,0.020000000000000018,0.688,0.6479999999999999,0.0,0.0,0.0,0.0,0.0,0.6679999999999999,0.020000000000000018,0.020000000000000018,0.688,0.6479999999999999,0.0
me,218Pb,136,82,218,15.0,7.0,7.0,0.0,0.0,0.0,0.0,0.0,0.0,100.0,0.0,0.0,0.0,0.0,0.0,2414.0,301.0,-1172.0,300.0,-6386.5857,302.41638130909837,3585.2425,32.2948,8800.5857,29.2347,0.0,0.0,0.0,0.6679999999999999,0.020000000000000018,0.020000000000000018,0.688,0.6479999999999999,0.0,0.0,0.0,0.0,0.0,0.6679999999999999,0.020000000000000018,0.020000000000000018,0.688,0.6479999999999999,0.0
me,209Pb,127,82,209,11646.0,18.0,18.0,0.0,0.0,0.0,0.0,0.0,0.0,100.0,0.0,0.0,0.0,0.0,0.0,644.0152,1.1462,-6815.7406,2.1822,-13702.6553,2.285582026530661,7459.7558,1.857,14346.6705,1.9774,0.0,0.0,0.0,0.6679999999999999,0.020000000000000018,0.020000000000000018,0.688,0.6479999999999999,0.0,0.0,0.0,0.0,0.0,0.6679999999999999,0.020000000000000018,0.020000000000000018,0.688,0.6479999999999999,0.0
me,210Pb,128,82,210,700563757.1999999,5364677.42,5364677.42,0.0,0.0,0.0,0.0,0.0,0.0,100.0,0.0,0.0,1.9e-06,4e-07,4e-07,63.4758,0.4992,-4541.1583,0.5053,-12000.9141,1.9244725511162792,4604.6341,0.0785,12064.3899,1.8586,0.0,0.0,0.0,0.6679999999999999,0.020000000000000018,0.020000000000000018,0.688,0.6479999999999999,0.0,0.0,0.0,0.0,0.0,0.6679999999999999,0.020000000000000018,0.020000000000000018,0.688,0.6479999999999999,0.0
me,211Pb,129,82,211,2169.9,0.06,0.06,0.0,0.0,0.0,0.0,0.0,0.0,100.0,0.0,0.0,0.0,0.0,0.0,1366.1041,5.4713,-3772.4252,2.5286,-8377.059299999999,7.725787005218303,5138.5294,5.4542,9743.1634,5.4546,0.0,0.0,0.0,0.6679999999999999,0.020000000000000018,0.020000000000000018,0.688,0.6479999999999999,0.0,0.0,0.0,0.0,0.0,0.6679999999999999,0.020000000000000018,0.020000000000000018,0.688,0.6479999999999999,0.0
me,212Pb,130,82,212,38260.8,21.6,21.6,0.0,0.0,0.0,0.0,0.0,0.0,100.0,0.0,0.0,0.0,0.0,0.0,569.0133,1.8246,-3761.1315,5.5972,-8899.660899999999,2.5853285516545093,4330.1448,5.5996,9468.6742,1.8316,0.0,0.0,0.0,0.6679999999999999,0.020000000000000018,0.020000000000000018,0.688,0.6479999999999999,0.0,0.0,0.0,0.0,0.0,0.6679999999999999,0.020000000000000018,0.020000000000000018,0.688,0.6479999999999999,0.0
me,213Pb,131,82,213,612.0,18.0,18.0,0.0,0.0,0.0,0.0,0.0,0.0,100.0,0.0,0.0,0.0,0.0,0.0,2028.0729999999999,8.3708,-3156.9729,7.1159,-7487.117699999999,11.098162201463806,5185.0459,5.2737,9515.1907,7.2869,0.0,0.0,0.0,0.6679999999999999,0.020000000000000018,0.020000000000000018,0.688,0.6479999999999999,0.0,0.0,0.0,0.0,0.0,0.6679999999999999,0.020000000000000018,0.020000000000000018,0.688,0.6479999999999999,0.0
me,214Pb,132,82,214,1623.6,4.2,4.2,0.0,0.0,0.0,0.0,0.0,0.0,100.0,0.0,0.0,0.0,0.0,0.0,1017.7611,11.2559,-3022.6661,5.2644,-8207.712,15.934305845250995,4040.4272,12.2481,9225.4731,11.2786,0.0,0.0,0.0,0.6679999999999999,0.020000000000000018,0.020000000000000018,0.688,0.6479999999999999,0.0,0.0,0.0,0.0,0.0,0.6679999999999999,0.020000000000000018,0.020000000000000018,0.688,0.6479999999999999,0.0
me,215Pb,133,82,215,142.0,12.0,12.0,0.0,0.0,0.0,0.0,0.0,0.0,100.0,0.0,0.0,0.0,0.0,0.0,2712.9729,52.9848,-2528.2934,53.8646,-6568.720599999999,53.49503900222898,5241.2663,12.507,9281.6935,7.3709,0.0,0.0,0.0,0.6679999999999999,0.020000000000000018,0.020000000000000018,0.688,0.6479999999999999,0.0,0.0,0.0,0.0,0.0,0.6679999999999999,0.020000000000000018,0.020000000000000018,0.688,0.6479999999999999,0.0
me,200Os,124,76,200,6.0,3.0,4.0,0.0,0.0,0.0,0.0,0.0,0.0,100.0,0.0,0.0,0.0,0.0,0.0,3020.0,358.0,-2223.0,303.0,-8982.0,454.4931242604227,5242.0,200.0,12002.0,280.0,0.0,0.0,0.0,0.6679999999999999,0.020000000000000018,0.020000000000000018,0.688,0.6479999999999999,0.0,0.0,0.0,0.0,0.0,0.6679999999999999,0.020000000000000018,0.020000000000000018,0.688,0.6479999999999999,0.0
me,213At,128,85,213,1.24e-07,6.000000000000001e-09,6.000000000000001e-09,0.0,0.0,0.0,0.0,0.0,0.0,0.0,0.0,0.0,100.0,0.0,0.0,-883.5727,5.7243,-5991.6203,5.5868,-13966.828,9.378336429239463,5108.0476,4.3071,13083.2553,7.4287,0.0,0.0,0.0,0.6679999999999999,0.020000000000000018,0.020000000000000018,0.688,0.6479999999999999,0.0,0.0,0.0,0.0,0.0,0.6679999999999999,0.020000000000000018,0.020000000000000018,0.688,0.6479999999999999,0.0
me,214At,129,85,214,5.58e-07,1e-08,1e-08,0.0,0.0,0.0,0.0,0.0,0.0,0.0,0.0,0.0,100.0,0.0,0.0,940.5125,9.8827,-5754.5207,4.9633,-10862.5684,13.757260975208693,6695.0333,9.6509,11803.0809,9.5705,0.0,0.0,0.0,0.6679999999999999,0.020000000000000018,0.020000000000000018,0.688,0.6479999999999999,0.0,0.0,0.0,0.0,0.0,0.6679999999999999,0.020000000000000018,0.020000000000000018,0.688,0.6479999999999999,0.0
me,211At,126,85,211,25977.6,21.6,21.6,0.0,0.0,0.0,0.0,0.0,0.0,0.0,0.0,0.0,41.78,0.08,0.08,-2891.8615,6.8937,-10113.7452,5.2769,-18848.778000000002,13.892721352564445,7221.8838,8.1742,15956.9165,12.0617,0.0,0.0,0.0,0.6679999999999999,0.020000000000000018,0.020000000000000018,0.688,0.6479999999999999,0.0,0.0,0.0,0.0,0.0,0.6679999999999999,0.020000000000000018,0.020000000000000018,0.688,0.6479999999999999,0.0
me,212At,127,85,212,0.314,0.002,0.002,0.0,0.0,0.0,0.0,0.0,0.0,0.0,0.0,0.0,100.0,0.0,0.0,31.0705,3.5927,-7944.1372,7.0039,-15166.0209,6.5566323200252725,7975.2076,7.3228,15197.0914,5.4847,0.0,0.0,0.0,0.6679999999999999,0.020000000000000018,0.020000000000000018,0.688,0.6479999999999999,0.0,0.0,0.0,0.0,0.0,0.6679999999999999,0.020000000000000018,0.020000000000000018,0.688,0.6479999999999999,0.0
me,209At,124,85,209,19512.0,180.0,180.0,0.0,0.0,0.0,0.0,0.0,0.0,0.0,0.0,0.0,4.1,0.5,0.5,-3942.7237,11.0298,-11299.7018,11.1763,-20391.6675,15.599129159347324,7356.9781,14.2258,16448.9438,11.0307,0.0,0.0,0.0,0.6679999999999999,0.020000000000000018,0.020000000000000018,0.688,0.6479999999999999,0.0,0.0,0.0,0.0,0.0,0.6679999999999999,0.020000000000000018,0.020000000000000018,0.688,0.6479999999999999,0.0
me,210At,125,85,210,29160.0,1440.0,1440.0,0.0,0.0,0.0,0.0,0.0,0.0,0.0,0.0,0.0,0.175,0.02,0.02,-2367.3352,8.9225,-11102.368,12.5809,-18459.346,14.260315812070925,8735.0327,10.9519,16092.0108,11.1241,0.0,0.0,0.0,0.6679999999999999,0.020000000000000018,0.020000000000000018,0.688,0.6479999999999999,0.0,0.0,0.0,0.0,0.0,0.6679999999999999,0.020000000000000018,0.020000000000000018,0.688,0.6479999999999999,0.0
me,215At,130,85,215,0.037000000000000005,0.003,0.003,0.0,0.0,0.0,0.0,0.0,0.0,0.0,0.0,0.0,100.0,0.0,0.0,-87.5935,8.9062,-5008.2375,11.2531,-11703.2708,11.187375050922356,4920.644,10.9029,11615.6773,6.7703,0.0,0.0,0.0,0.6679999999999999,0.020000000000000018,0.020000000000000018,0.688,0.6479999999999999,0.0,0.0,0.0,0.0,0.0,0.6679999999999999,0.020000000000000018,0.020000000000000018,0.688,0.6479999999999999,0.0
me,215Pa,124,91,215,0.013999999999999999,0.002,0.002,0.0,0.0,0.0,0.0,0.0,0.0,0.0,0.0,0.0,100.0,0.0,0.0,-7084.7747,132.8246,999999.0,999999.0,-1007083.7747,999999.0088211959,999999.0,999999.0,999999.0,999999.0,0.0,0.0,0.0,0.6679999999999999,0.020000000000000018,0.020000000000000018,0.688,0.6479999999999999,0.0,0.0,0.0,0.0,0.0,0.6679999999999999,0.020000000000000018,0.020000000000000018,0.688,0.6479999999999999,0.0
me,224At,139,85,224,76.2,22.8,138.0,0.0,0.0,0.0,0.0,0.0,0.0,100.0,0.0,0.0,0.0,0.0,0.0,5265.9197,24.4153,-750.0384,23.6848,-4803.574999999999,26.38569495200003,6015.9581,12.5501,10069.4947,10.0049,0.0,0.0,0.0,0.6679999999999999,0.020000000000000018,0.020000000000000018,0.688,0.6479999999999999,0.0,0.0,0.0,0.0,0.0,0.6679999999999999,0.020000000000000018,0.020000000000000018,0.688,0.6479999999999999,0.0
me,222At,137,85,222,54.0,10.0,10.0,0.0,0.0,0.0,0.0,0.0,0.0,100.0,0.0,0.0,0.0,0.0,0.0,4581.0714,15.9542,-1589.644,16.8349,-5801.601299999998,16.070501288074368,6170.7153,5.8402,10382.6727,1.9299,0.0,0.0,0.0,0.6679999999999999,0.020000000000000018,0.020000000000000018,0.688,0.6479999999999999,0.0,0.0,0.0,0.0,0.0,0.6679999999999999,0.020000000000000018,0.020000000000000018,0.688,0.6479999999999999,0.0
me,219Pa,128,91,219,5.5e-08,8e-09,8e-09,0.0,0.0,0.0,0.0,0.0,0.0,0.0,0.0,0.0,100.0,0.0,0.0,-4712.7298,70.9693,-11382.7496,71.0403,-20529.7298,108.44649160987184,6670.0197,19.1308,15817.0,82.0,0.0,0.0,0.0,0.6679999999999999,0.020000000000000018,0.020000000000000018,0.688,0.6479999999999999,0.0,0.0,0.0,0.0,0.0,0.6679999999999999,0.020000000000000018,0.020000000000000018,0.688,0.6479999999999999,0.0
me,223At,138,85,223,50.0,7.0,7.0,0.0,0.0,0.0,0.0,0.0,0.0,100.0,0.0,0.0,0.0,0.0,0.0,3038.2698,16.0129,-1015.2669,14.107000000000001,-7185.9822,18.71494050271066,4053.5366,8.0599,10224.252,9.6869,0.0,0.0,0.0,0.6679999999999999,0.020000000000000018,0.020000000000000018,0.688,0.6479999999999999,0.0,0.0,0.0,0.0,0.0,0.6679999999999999,0.020000000000000018,0.020000000000000018,0.688,0.6479999999999999,0.0
me,218Pa,127,91,218,0.109,0.004,0.004,0.0,0.0,0.0,0.0,0.0,0.0,0.0,0.0,0.0,100.0,0.0,0.0,-3245.0869,22.5042,-12392.0,82.0,-20559.4974,38.498885661795455,9147.0,82.0,17314.4105,31.2366,0.0,0.0,0.0,0.6679999999999999,0.020000000000000018,0.020000000000000018,0.688,0.6479999999999999,0.0,0.0,0.0,0.0,0.0,0.6679999999999999,0.020000000000000018,0.020000000000000018,0.688,0.6479999999999999,0.0
me,220At,135,85,220,222.6,2.4,2.4,0.0,0.0,0.0,0.0,0.0,0.0,92.0,2.0,2.0,8.0,2.0,2.0,3763.755,14.0896,-2524.907,14.1293,-6984.3011,14.353703800761672,6288.661999999999,2.2734,10748.0561,2.7408,0.0,0.0,0.0,0.6679999999999999,0.020000000000000018,0.020000000000000018,0.688,0.6479999999999999,0.0,0.0,0.0,0.0,0.0,0.6679999999999999,0.020000000000000018,0.020000000000000018,0.688,0.6479999999999999,0.0
me,217Pa,126,91,217,0.0037,0.0004,0.0004,0.0,0.0,0.0,0.0,0.0,0.0,0.0,0.0,0.0,100.0,0.0,0.0,-5916.0,81.0,-14082.9992,30.7428,-23977.0,154.8709139896837,8167.0,85.0,18061.0,132.0,0.0,0.0,0.0,0.6679999999999999,0.020000000000000018,0.020000000000000018,0.688,0.6479999999999999,0.0,0.0,0.0,0.0,0.0,0.6679999999999999,0.020000000000000018,0.020000000000000018,0.688,0.6479999999999999,0.0
me,221At,136,85,221,138.0,12.0,12.0,0.0,0.0,0.0,0.0,0.0,0.0,100.0,0.0,0.0,0.0,0.0,0.0,2311.375,15.0957,-1900.5823,14.0896,-8189.2443,16.20644534560247,4211.9573,5.8073,10500.6193,5.8965,0.0,0.0,0.0,0.6679999999999999,0.020000000000000018,0.020000000000000018,0.688,0.6479999999999999,0.0,0.0,0.0,0.0,0.0,0.6679999999999999,0.020000000000000018,0.020000000000000018,0.688,0.6479999999999999,0.0
me,216Pa,125,91,216,0.118,0.015,0.015,0.0,0.0,0.0,0.0,0.0,0.0,0.0,0.0,0.0,100.0,0.0,0.0,-5242.6308,37.3721,-15136.8315,107.0131,-1005241.6308,999999.0006983377,9894.2007,107.8586,999999.0,999999.0,0.0,0.0,0.0,0.6679999999999999,0.020000000000000018,0.020000000000000018,0.688,0.6479999999999999,0.0,0.0,0.0,0.0,0.0,0.6679999999999999,0.020000000000000018,0.020000000000000018,0.688,0.6479999999999999,0.0
me,218At,133,85,218,1.28,0.05,0.05,0.0,0.0,0.0,0.0,0.0,0.0,0.05,0.05,0.05,99.95,0.05,0.05,2882.8048,11.6054,-3629.6659999999997,12.1395,-8295.7303,13.070680195383867,6512.4708,4.4364,11178.5351,6.0131,0.0,0.0,0.0,0.6679999999999999,0.020000000000000018,0.020000000000000018,0.688,0.6479999999999999,0.0,0.0,0.0,0.0,0.0,0.6679999999999999,0.020000000000000018,0.020000000000000018,0.688,0.6479999999999999,0.0
me,219At,134,85,219,56.0,3.0,3.0,0.0,0.0,0.0,0.0,0.0,0.0,6.4,1.0,1.0,93.6,1.0,1.0,1566.6838,2.9473,-2892.7103,3.9123,-9405.1811,5.4673285341197495,4459.3941,3.0210000000000004,10971.8649,4.6049,0.0,0.0,0.0,0.6679999999999999,0.020000000000000018,0.020000000000000018,0.688,0.6479999999999999,0.0,0.0,0.0,0.0,0.0,0.6679999999999999,0.020000000000000018,0.020000000000000018,0.688,0.6479999999999999,0.0
me,216At,131,85,216,0.0003,2.9999999999999997e-05,2.9999999999999997e-05,0.0,0.0,0.0,0.0,0.0,0.0,0.0,0.0,0.0,100.0,0.0,0.0,2003.3657,6.6383,-4645.65,6.9215,-9566.2939,12.614469039162927,6649.0156,8.2301,11569.6596,10.7265,0.0,0.0,0.0,0.6679999999999999,0.020000000000000018,0.020000000000000018,0.688,0.6479999999999999,0.0,0.0,0.0,0.0,0.0,0.6679999999999999,0.020000000000000018,0.020000000000000018,0.688,0.6479999999999999,0.0
me,217At,132,85,217,0.032600000000000004,0.0002,0.0002,0.0,0.0,0.0,0.0,0.0,0.0,0.006999999999999999,0.003,0.003,99.993,0.003,0.003,736.0319999999999,6.1505,-3930.0323,7.5731,-10579.048,9.491269656373694,4666.0643,6.9598,11315.08,7.2288,0.0,0.0,0.0,0.6679999999999999,0.020000000000000018,0.020000000000000018,0.688,0.6479999999999999,0.0,0.0,0.0,0.0,0.0,0.6679999999999999,0.020000000000000018,0.020000000000000018,0.688,0.6479999999999999,0.0
me,220Pa,129,91,220,0.0008900000000000002,5.9999999999999995e-05,5.9999999999999995e-05,0.0,0.0,0.0,0.0,0.0,0.0,0.0,0.0,0.0,100.0,0.0,0.0,-2735.0,102.0,-11088.8742,19.8161,-17759.0,144.2497833620557,8354.0,101.0,15024.0,102.0,0.0,0.0,0.0,0.6679999999999999,0.020000000000000018,0.020000000000000018,0.688,0.6479999999999999,0.0,0.0,0.0,0.0,0.0,0.6679999999999999,0.020000000000000018,0.020000000000000018,0.688,0.6479999999999999,0.0
me,222Pa,131,91,222,0.00389,0.00073,0.00073,0.0,0.0,0.0,0.0,0.0,0.0,0.0,0.0,0.0,100.0,0.0,0.0,-2208.4729,101.0129,-10526.9531,112.7119,-17091.4729,151.5671665183789,8318.4802,88.9202,14883.0,113.0,0.0,0.0,0.0,0.6679999999999999,0.020000000000000018,0.020000000000000018,0.688,0.6479999999999999,0.0,0.0,0.0,0.0,0.0,0.6679999999999999,0.020000000000000018,0.020000000000000018,0.688,0.6479999999999999,0.0
me,221Pa,130,91,221,0.005900000000000001,0.0014,0.0015,0.0,0.0,0.0,0.0,0.0,0.0,0.0,0.0,0.0,100.0,0.0,0.0,-4145.059,93.4311,-10710.0,117.0,-19063.6525,118.78868607582123,6565.0,124.0,14918.5935,73.3579,0.0,0.0,0.0,0.6679999999999999,0.020000000000000018,0.020000000000000018,0.688,0.6479999999999999,0.0,0.0,0.0,0.0,0.0,0.6679999999999999,0.020000000000000018,0.020000000000000018,0.688,0.6479999999999999,0.0
me,226Pa,135,91,226,108.0,12.0,12.0,0.0,0.0,0.0,0.0,0.0,0.0,0.0,0.0,0.0,74.0,5.0,5.0,-1295.1978,15.6747,-9409.7194,14.8938,-15851.7268,24.467966946601837,8114.5216,14.7859,14556.528999999999,18.7879,0.0,0.0,0.0,0.6679999999999999,0.020000000000000018,0.020000000000000018,0.688,0.6479999999999999,0.0,0.0,0.0,0.0,0.0,0.6679999999999999,0.020000000000000018,0.020000000000000018,0.688,0.6479999999999999,0.0
me,225Pa,134,91,225,1.7,0.1,0.1,0.0,0.0,0.0,0.0,0.0,0.0,0.0,0.0,0.0,100.0,0.0,0.0,-3015.361,82.4514,-9457.3684,83.2622,-17831.2742,101.89053161884081,6442.0074,18.1413,14815.9132,59.8619,0.0,0.0,0.0,0.6679999999999999,0.020000000000000018,0.020000000000000018,0.688,0.6479999999999999,0.0,0.0,0.0,0.0,0.0,0.6679999999999999,0.020000000000000018,0.020000000000000018,0.688,0.6479999999999999,0.0
me,224Pa,133,91,224,0.85,0.02,0.02,0.0,0.0,0.0,0.0,0.0,0.0,0.0,0.0,0.0,100.0,0.0,0.0,-1880.3393,16.9711,-10254.2451,59.5136,-16553.1189,56.779609819106724,8373.9058,60.9737,14672.7796,54.184,0.0,0.0,0.0,0.6679999999999999,0.020000000000000018,0.020000000000000018,0.688,0.6479999999999999,0.0,0.0,0.0,0.0,0.0,0.6679999999999999,0.020000000000000018,0.020000000000000018,0.688,0.6479999999999999,0.0
me,223Pa,132,91,223,0.0053,0.0006,0.0006,0.0,0.0,0.0,0.0,0.0,0.0,0.0,0.0,0.0,100.0,0.0,0.0,-3707.6637,95.9225,-10006.5375,91.7775,-18325.0177,133.7603137610704,6298.8738,78.6787,14617.354,93.2239,0.0,0.0,0.0,0.6679999999999999,0.020000000000000018,0.020000000000000018,0.688,0.6479999999999999,0.0,0.0,0.0,0.0,0.0,0.6679999999999999,0.020000000000000018,0.020000000000000018,0.688,0.6479999999999999,0.0
me,230Pa,139,91,230,1503359.9999999998,34560.0,34560.0,0.0,0.0,0.0,0.0,0.0,0.0,7.8,0.7,0.7,0.0035,0.0004,0.0004,558.5262,4.5919,-7108.3949,6.5947,-13189.0939,14.87186029553801,7666.9211,7.2944,13747.6201,14.1452,0.0,0.0,0.0,0.6679999999999999,0.020000000000000018,0.020000000000000018,0.688,0.6479999999999999,0.0,0.0,0.0,0.0,0.0,0.6679999999999999,0.020000000000000018,0.020000000000000018,0.688,0.6479999999999999,0.0
me,229Pa,138,91,229,133920.0,4320.0,4320.0,0.0,0.0,0.0,0.0,0.0,0.0,0.0,0.0,0.0,0.51,0.04,0.04,-1313.7716,6.6554,-7394.4707,13.845999999999998,-15290.8214,12.227790543266597,6080.6990000000005,14.6412,13977.0498,10.2579,0.0,0.0,0.0,0.6679999999999999,0.020000000000000018,0.020000000000000018,0.688,0.6479999999999999,0.0,0.0,0.0,0.0,0.0,0.6679999999999999,0.020000000000000018,0.020000000000000018,0.688,0.6479999999999999,0.0
me,228Pa,137,91,228,71280.0,3240.0,3240.0,0.0,0.0,0.0,0.0,0.0,0.0,0.0,0.0,0.0,1.85,0.17,0.17,-296.402,14.0858,-8192.7528,9.4496,-14547.8348,22.358774225122446,7896.3508,15.8542,14251.4328,17.3639,0.0,0.0,0.0,0.6679999999999999,0.020000000000000018,0.020000000000000018,0.688,0.6479999999999999,0.0,0.0,0.0,0.0,0.0,0.6679999999999999,0.020000000000000018,0.020000000000000018,0.688,0.6479999999999999,0.0
me,227Pa,136,91,227,2298.0,18.0,18.0,0.0,0.0,0.0,0.0,0.0,0.0,0.0,0.0,0.0,85.0,2.0,2.0,-2214.6629,11.1118,-8569.7449,13.1763,-16684.2665,17.086921413759708,6355.081999999999,13.8696,14469.6036,12.9804,0.0,0.0,0.0,0.6679999999999999,0.020000000000000018,0.020000000000000018,0.688,0.6479999999999999,0.0,0.0,0.0,0.0,0.0,0.6679999999999999,0.020000000000000018,0.020000000000000018,0.688,0.6479999999999999,0.0
me,233Pa,142,91,233,2330640.0,1123.2,1123.2,0.0,0.0,0.0,0.0,0.0,0.0,100.0,0.0,0.0,0.0,0.0,0.0,570.2993,1.975,-5191.353,1.8061,-12459.1773,3.724472350548464,5761.6522,2.4922,13029.4766,3.1577,0.0,0.0,0.0,0.6679999999999999,0.020000000000000018,0.020000000000000018,0.688,0.6479999999999999,0.0,0.0,0.0,0.0,0.0,0.6679999999999999,0.020000000000000018,0.020000000000000018,0.688,0.6479999999999999,0.0
me,232Pa,141,91,232,113184.0,1728.0,1728.0,0.0,0.0,0.0,0.0,0.0,0.0,100.0,0.0,0.0,0.0,0.0,0.0,1337.1034,7.4278,-5930.721,7.9386,-11811.1042,8.766019614397402,7267.8244,2.8016,13148.2076,4.6552,0.0,0.0,0.0,0.6679999999999999,0.020000000000000018,0.020000000000000018,0.688,0.6479999999999999,0.0,0.0,0.0,0.0,0.0,0.6679999999999999,0.020000000000000018,0.020000000000000018,0.688,0.6479999999999999,0.0
me,237Pa,146,91,237,522.0,12.0,12.0,0.0,0.0,0.0,0.0,0.0,0.0,100.0,0.0,0.0,0.0,0.0,0.0,2137.4905,13.0962,-2988.2765,13.0883,-9533.7949,13.106791090118131,5125.7669,0.4621,11671.2854,0.5268,0.0,0.0,0.0,0.6679999999999999,0.020000000000000018,0.020000000000000018,0.688,0.6479999999999999,0.0,0.0,0.0,0.0,0.0,0.6679999999999999,0.020000000000000018,0.020000000000000018,0.688,0.6479999999999999,0.0
me,236Pa,145,91,236,546.0,6.0,6.0,0.0,0.0,0.0,0.0,0.0,0.0,100.0,0.0,0.0,0.0,0.0,0.0,2889.373,14.0166,-3656.1455,14.0169,-8953.6406,14.020559824771619,6545.5184,0.259,11843.0136,0.3332,0.0,0.0,0.0,0.6679999999999999,0.020000000000000018,0.020000000000000018,0.688,0.6479999999999999,0.0,0.0,0.0,0.0,0.0,0.6679999999999999,0.020000000000000018,0.020000000000000018,0.688,0.6479999999999999,0.0
me,235Pa,144,91,235,1464.0,12.0,12.0,0.0,0.0,0.0,0.0,0.0,0.0,100.0,0.0,0.0,0.0,0.0,0.0,1370.1184,14.0169,-3927.3768,14.017999999999999,-10772.8465,14.158273314567705,5297.4952,0.2319,12142.9649,1.9958,0.0,0.0,0.0,0.6679999999999999,0.020000000000000018,0.020000000000000018,0.688,0.6479999999999999,0.0,0.0,0.0,0.0,0.0,0.6679999999999999,0.020000000000000018,0.020000000000000018,0.688,0.6479999999999999,0.0
me,234Pa,143,91,234,24015.6,79.19999999999997,79.19999999999997,0.0,0.0,0.0,0.0,0.0,0.0,100.0,0.0,0.0,0.0,0.0,0.0,2193.9105,3.9998,-4651.5592,4.4539,-10413.2114,4.2984672303043086,6845.4697,2.0011,12607.1219,1.5743,0.0,0.0,0.0,0.6679999999999999,0.020000000000000018,0.020000000000000018,0.688,0.6479999999999999,0.0,0.0,0.0,0.0,0.0,0.6679999999999999,0.020000000000000018,0.020000000000000018,0.688,0.6479999999999999,0.0
me,239Pa,148,91,239,6480.0,1800.0,1800.0,0.0,0.0,0.0,0.0,0.0,0.0,100.0,0.0,0.0,0.0,0.0,0.0,2765.0,196.0,-2042.0,196.0,-8195.1012,196.0041294138723,4806.3822,0.172,10960.1012,1.2723,0.0,0.0,0.0,0.6679999999999999,0.020000000000000018,0.020000000000000018,0.688,0.6479999999999999,0.0,0.0,0.0,0.0,0.0,0.6679999999999999,0.020000000000000018,0.020000000000000018,0.688,0.6479999999999999,0.0
me,238Pa,147,91,238,138.0,6.0,6.0,0.0,0.0,0.0,0.0,0.0,0.0,100.0,0.0,0.0,0.0,0.0,0.0,3586.3111,15.9056,-2567.4079,15.880999999999998,-7693.1748,15.948978387658565,6153.719,1.2606,11279.4859,1.1755,0.0,0.0,0.0,0.6679999999999999,0.020000000000000018,0.020000000000000018,0.688,0.6479999999999999,0.0,0.0,0.0,0.0,0.0,0.6679999999999999,0.020000000000000018,0.020000000000000018,0.688,0.6479999999999999,0.0
me,234Ac,145,89,234,44.0,7.0,7.0,0.0,0.0,0.0,0.0,0.0,0.0,100.0,0.0,0.0,0.0,0.0,0.0,4228.2364,14.2103,-1961.7659,14.0448,-6748.1515,14.441309198961156,6190.0023,2.5741,10976.3879,2.5727,0.0,0.0,0.0,0.6679999999999999,0.020000000000000018,0.020000000000000018,0.688,0.6479999999999999,0.0,0.0,0.0,0.0,0.0,0.6679999999999999,0.020000000000000018,0.020000000000000018,0.688,0.6479999999999999,0.0
me,233Ac,144,89,233,143.0,9.0,9.0,0.0,0.0,0.0,0.0,0.0,0.0,100.0,0.0,0.0,0.0,0.0,0.0,2576.395,13.1184,-2209.9906,13.1181,-8650.4093,13.162364095024873,4786.3856,0.0928,11226.8043,1.0749,0.0,0.0,0.0,0.6679999999999999,0.020000000000000018,0.020000000000000018,0.688,0.6479999999999999,0.0,0.0,0.0,0.0,0.0,0.6679999999999999,0.020000000000000018,0.020000000000000018,0.688,0.6479999999999999,0.0
me,232Ac,143,89,232,119.0,5.0,5.0,0.0,0.0,0.0,0.0,0.0,0.0,100.0,0.0,0.0,0.0,0.0,0.0,3707.7131,13.1181,-2732.7056,13.0976,-7850.724800000001,13.161098609538643,6440.4187,1.0715,11558.4379,1.063,0.0,0.0,0.0,0.6679999999999999,0.020000000000000018,0.020000000000000018,0.688,0.6479999999999999,0.0,0.0,0.0,0.0,0.0,0.6679999999999999,0.020000000000000018,0.020000000000000018,0.688,0.6479999999999999,0.0
me,231Ac,142,89,231,450.0,6.0,6.0,0.0,0.0,0.0,0.0,0.0,0.0,100.0,0.0,0.0,0.0,0.0,0.0,1947.0425,13.0976,-3170.9767,13.0968,-9965.3002,13.283324433664939,5118.0192,0.1981,11912.3427,2.2135,0.0,0.0,0.0,0.6679999999999999,0.020000000000000018,0.020000000000000018,0.688,0.6479999999999999,0.0,0.0,0.0,0.0,0.0,0.6679999999999999,0.020000000000000018,0.020000000000000018,0.688,0.6479999999999999,0.0
me,230Ac,141,89,230,122.0,3.0,3.0,0.0,0.0,0.0,0.0,0.0,0.0,100.0,0.0,0.0,0.0,0.0,0.0,2975.8745,15.8815,-3818.4489,16.0169,-9075.1494,15.922642665713505,6794.3235,2.2089,12051.0239,1.1439,0.0,0.0,0.0,0.6679999999999999,0.020000000000000018,0.020000000000000018,0.688,0.6479999999999999,0.0,0.0,0.0,0.0,0.0,0.6679999999999999,0.020000000000000018,0.020000000000000018,0.688,0.6479999999999999,0.0
me,229Ac,140,89,229,3762.0,30.0,30.0,0.0,0.0,0.0,0.0,0.0,0.0,100.0,0.0,0.0,0.0,0.0,0.0,1104.4191,12.3458,-4152.2814,12.2433,-11257.4588,12.66024306441231,5256.7004,2.609,12361.8779,2.8041,0.0,0.0,0.0,0.6679999999999999,0.020000000000000018,0.020000000000000018,0.688,0.6479999999999999,0.0,0.0,0.0,0.0,0.0,0.6679999999999999,0.020000000000000018,0.020000000000000018,0.688,0.6479999999999999,0.0
me,236Ac,147,89,236,72.0,30.0,348.0,0.0,0.0,0.0,0.0,0.0,0.0,100.0,0.0,0.0,0.0,0.0,0.0,4965.7951,40.6669,-868.0742,40.3564,-5534.5966,43.07817755778439,5833.8692,19.1127,10500.3917,14.2103,0.0,0.0,0.0,0.6679999999999999,0.020000000000000018,0.020000000000000018,0.688,0.6479999999999999,0.0,0.0,0.0,0.0,0.0,0.6679999999999999,0.020000000000000018,0.020000000000000018,0.688,0.6479999999999999,0.0
me,235Ac,146,89,235,62.0,4.0,4.0,0.0,0.0,0.0,0.0,0.0,0.0,100.0,0.0,0.0,0.0,0.0,0.0,3339.4064,19.1127,-1327.1161,14.2103,-7517.1183999999985,23.181624616277443,4666.5225,13.2954,10856.5248,13.1184,0.0,0.0,0.0,0.6679999999999999,0.020000000000000018,0.020000000000000018,0.688,0.6479999999999999,0.0,0.0,0.0,0.0,0.0,0.6679999999999999,0.020000000000000018,0.020000000000000018,0.688,0.6479999999999999,0.0
me,218Ac,129,89,218,0.0010199999999999999,5e-05,5e-05,0.0,0.0,0.0,0.0,0.0,0.0,0.0,0.0,0.0,100.0,0.0,0.0,-1515.9019,58.5648,-9426.2531,58.5846,-15590.3281,60.52615185132787,7910.3513,14.9407,14074.4262,15.2833,0.0,0.0,0.0,0.6679999999999999,0.020000000000000018,0.020000000000000018,0.688,0.6479999999999999,0.0,0.0,0.0,0.0,0.0,0.6679999999999999,0.020000000000000018,0.020000000000000018,0.688,0.6479999999999999,0.0
me,217Ac,128,89,217,6.900000000000001e-08,4e-09,4e-09,0.0,0.0,0.0,0.0,0.0,0.0,0.0,0.0,0.0,100.0,0.0,0.0,-3503.4590000000003,15.4454,-9667.5339,15.761,-18361.7485,19.782374513945488,6164.0749,15.3576,14858.2895,12.3605,0.0,0.0,0.0,0.6679999999999999,0.020000000000000018,0.020000000000000018,0.688,0.6479999999999999,0.0,0.0,0.0,0.0,0.0,0.6679999999999999,0.020000000000000018,0.020000000000000018,0.688,0.6479999999999999,0.0
me,216Ac,127,89,216,0.36,0.006999999999999999,0.006999999999999999,0.0,0.0,0.0,0.0,0.0,0.0,0.0,0.0,0.0,100.0,0.0,0.0,-2148.8006,14.4375,-10843.0152,11.1943,-18687.8314,21.07340662754838,8694.2146,12.7841,16539.0308,15.3508,0.0,0.0,0.0,0.6679999999999999,0.020000000000000018,0.020000000000000018,0.688,0.6479999999999999,0.0,0.0,0.0,0.0,0.0,0.6679999999999999,0.020000000000000018,0.020000000000000018,0.688,0.6479999999999999,0.0
me,215Ac,126,89,215,0.17,0.01,0.01,0.0,0.0,0.0,0.0,0.0,0.0,0.0,0.0,0.0,99.91,0.02,0.02,-4890.8833,13.9296,-12735.6995,16.3548,-22232.1935,17.863932540177146,7844.8162,12.401,17341.3102,11.1842,0.0,0.0,0.0,0.6679999999999999,0.020000000000000018,0.020000000000000018,0.688,0.6479999999999999,0.0,0.0,0.0,0.0,0.0,0.6679999999999999,0.020000000000000018,0.020000000000000018,0.688,0.6479999999999999,0.0
me,214Ac,125,89,214,8.2,0.2,0.2,0.0,0.0,0.0,0.0,0.0,0.0,0.0,0.0,0.0,89.0,0.0,0.0,-4261.6599,17.2389,-13758.1539,16.3871,-21820.2506,22.615599825341803,9496.494,14.0753,17558.5907,14.6385,0.0,0.0,0.0,0.6679999999999999,0.020000000000000018,0.020000000000000018,0.688,0.6479999999999999,0.0,0.0,0.0,0.0,0.0,0.6679999999999999,0.020000000000000018,0.020000000000000018,0.688,0.6479999999999999,0.0
me,213Ac,124,89,213,0.738,0.021,0.021,0.0,0.0,0.0,0.0,0.0,0.0,0.0,0.0,0.0,100.0,0.0,0.0,-5979.0781,14.8635,-14041.1749,15.4257,-23878.0028,87.82843632224133,8062.0967,13.6507,17898.9247,86.5616,0.0,0.0,0.0,0.6679999999999999,0.020000000000000018,0.020000000000000018,0.688,0.6479999999999999,0.0,0.0,0.0,0.0,0.0,0.6679999999999999,0.020000000000000018,0.020000000000000018,0.688,0.6479999999999999,0.0
me,223Ac,134,89,223,127.2,2.4,2.4,0.0,0.0,0.0,0.0,0.0,0.0,0.0,0.0,0.0,99.0,0.0,0.0,-1560.3471,10.4712,-7449.3021,12.2847,-15257.507,15.298289742647706,5888.955,12.8389,13697.1599,11.1531,0.0,0.0,0.0,0.6679999999999999,0.020000000000000018,0.020000000000000018,0.688,0.6479999999999999,0.0,0.0,0.0,0.0,0.0,0.6679999999999999,0.020000000000000018,0.020000000000000018,0.688,0.6479999999999999,0.0
me,222Ac,133,89,222,4.9,0.4,0.4,0.0,0.0,0.0,0.0,0.0,0.0,0.0,0.0,0.0,99.0,1.0,1.0,-581.2415,11.1289,-8389.4465,9.1328,-14210.3765,20.323873952079122,7808.205,12.8705,13629.135,17.0061,0.0,0.0,0.0,0.6679999999999999,0.020000000000000018,0.020000000000000018,0.688,0.6479999999999999,0.0,0.0,0.0,0.0,0.0,0.6679999999999999,0.020000000000000018,0.020000000000000018,0.688,0.6479999999999999,0.0
me,221Ac,132,89,221,0.052000000000000005,0.002,0.002,0.0,0.0,0.0,0.0,0.0,0.0,0.0,0.0,0.0,100.0,0.0,0.0,-2408.8773,57.4376,-8229.8074,58.5032,-16074.3677,80.92019459788762,5820.93,15.7719,13665.4904,57.0,0.0,0.0,0.0,0.6679999999999999,0.020000000000000018,0.020000000000000018,0.688,0.6479999999999999,0.0,0.0,0.0,0.0,0.0,0.6679999999999999,0.020000000000000018,0.020000000000000018,0.688,0.6479999999999999,0.0
me,220Ac,131,89,220,0.0264,0.0002,0.0002,0.0,0.0,0.0,0.0,0.0,0.0,0.0,0.0,0.0,100.0,0.0,0.0,-945.7825,14.9144,-8790.3429,56.7644,-14765.6279,22.80332163194652,7844.5604,58.0735,13819.8454,17.2497,0.0,0.0,0.0,0.6679999999999999,0.020000000000000018,0.020000000000000018,0.688,0.6479999999999999,0.0,0.0,0.0,0.0,0.0,0.6679999999999999,0.020000000000000018,0.020000000000000018,0.688,0.6479999999999999,0.0
me,219Ac,130,89,219,0.0095,0.0016,0.0016,0.0,0.0,0.0,0.0,0.0,0.0,0.0,0.0,0.0,100.0,0.0,0.0,-2893.2268,76.3627,-8868.5117,52.5371,-16778.863,95.55870299480841,5975.285,57.4273,13885.6362,57.4474,0.0,0.0,0.0,0.6679999999999999,0.020000000000000018,0.020000000000000018,0.688,0.6479999999999999,0.0,0.0,0.0,0.0,0.0,0.6679999999999999,0.020000000000000018,0.020000000000000018,0.688,0.6479999999999999,0.0
me,228Ac,139,89,228,22140.0,72.0,72.0,0.0,0.0,0.0,0.0,0.0,0.0,100.0,0.0,0.0,0.0,0.0,0.0,2123.7545,2.6446,-4981.4231,2.5566,-10445.6313,5.3294500804492015,7105.1775,2.2521,12569.3858,4.627,0.0,0.0,0.0,0.6679999999999999,0.020000000000000018,0.020000000000000018,0.688,0.6479999999999999,0.0,0.0,0.0,0.0,0.0,0.6679999999999999,0.020000000000000018,0.020000000000000018,0.688,0.6479999999999999,0.0
me,227Ac,138,89,227,687073171.335,82048.0076,82048.0076,0.0,0.0,0.0,0.0,0.0,0.0,98.62,0.0036,0.0036,1.38,0.0036,0.0036,44.7559,0.8297,-5419.4524,4.7467,-12603.313999999998,5.491540252060436,5464.2083,4.8141,12648.0699,5.4285,0.0,0.0,0.0,0.6679999999999999,0.020000000000000018,0.020000000000000018,0.688,0.6479999999999999,0.0,0.0,0.0,0.0,0.0,0.6679999999999999,0.020000000000000018,0.020000000000000018,0.688,0.6479999999999999,0.0
me,226Ac,137,89,226,105732.0,432.0,432.0,0.0,0.0,0.0,0.0,0.0,0.0,83.0,3.0,3.0,0.006,0.002,0.002,1111.5517,4.5626,-6072.3099,5.8762,-11829.0158,11.460020834186995,7183.8616,6.6054,12940.5675,10.5126,0.0,0.0,0.0,0.6679999999999999,0.020000000000000018,0.020000000000000018,0.688,0.6479999999999999,0.0,0.0,0.0,0.0,0.0,0.6679999999999999,0.020000000000000018,0.020000000000000018,0.688,0.6479999999999999,0.0
me,225Ac,136,89,225,857001.6000000002,181.44,181.44,0.0,0.0,0.0,0.0,0.0,0.0,0.0,0.0,0.0,100.0,0.0,0.0,-672.8878,6.6576,-6429.5936,10.6775,-13890.7331,11.441119653250725,5756.7058,10.7574,13217.8453,9.3046,0.0,0.0,0.0,0.6679999999999999,0.020000000000000018,0.020000000000000018,0.688,0.6479999999999999,0.0,0.0,0.0,0.0,0.0,0.6679999999999999,0.020000000000000018,0.020000000000000018,0.688,0.6479999999999999,0.0
me,224Ac,135,89,224,10008.0,612.0,612.0,0.0,0.0,0.0,0.0,0.0,0.0,0.0,0.0,0.0,9.1,1.4,2.0,238.5672,10.3428,-7222.5723,8.8233,-13111.5272,17.34819616703708,7461.1394,12.3576,13350.0944,13.9279,0.0,0.0,0.0,0.6679999999999999,0.020000000000000018,0.020000000000000018,0.688,0.6479999999999999,0.0,0.0,0.0,0.0,0.0,0.6679999999999999,0.020000000000000018,0.020000000000000018,0.688,0.6479999999999999,0.0
me,198W,124,74,198,20.46721,20.262537899999998,2026.25379,0.0,0.0,0.0,0.0,0.0,0.0,100.0,0.0,0.0,0.0,0.0,0.0,4149.346995999849,1000.0,-670.6530040002469,1000.0,-5991.653004000152,1414.213562373095,5795.0,1000.0,10141.0,1000.0,0.0,0.0,0.0,0.6679999999999999,0.020000000000000018,0.020000000000000018,0.688,0.6479999999999999,0.0,0.0,0.0,0.0,0.0,0.6679999999999999,0.020000000000000018,0.020000000000000018,0.688,0.6479999999999999,0.0
me,199W,125,74,199,11.26523,11.152577699999998,1115.2577700000004,0.0,0.0,0.0,0.0,0.0,0.0,100.0,0.0,0.0,0.0,0.0,0.0,5833.346995999818,1000.0,62.34699599992766,1000.0,-4049.653004000181,1414.213562373095,4088.0,1000.0,9883.0,1000.0,0.3088406969705585,0.15442034848527925,3.039030939839402,0.6667557965151472,0.07351905395900149,0.0008251459242498704,0.667580942439397,0.5932367425561457,0.21252284272920224,0.0,0.0,0.0,0.0,0.6679999999999999,0.020000000000000018,0.020000000000000018,0.688,0.6479999999999999,0.0
me,200W,126,74,200,13.4719,13.337181,1333.7181,0.0,0.0,0.0,0.0,0.0,0.0,100.0,0.0,0.0,0.0,0.0,0.0,4904.3469959999575,1000.0,332.3469959999095,1000.0,-4685.6530040000425,1414.213562373095,5502.0,1000.0,9590.0,1000.0,-0.29826467211508206,-0.14913233605754103,0.46726029749368886,0.6679999999999999,0.020000000000000018,0.020000000000000018,0.688,0.6479999999999999,-0.09007606188522187,0.0,0.0,0.0,0.0,0.6679999999999999,0.020000000000000018,0.020000000000000018,0.688,0.6479999999999999,0.0
me,201W,127,74,201,2.46766,2.4429833999999997,244.29834,0.15,0.135,1.35,0.0,0.0,0.0,100.0,0.0,0.0,0.0,0.0,0.0,7791.346995999902,1000.0,2281.346995999979,1000.0,-333.653004000098,1414.213562373095,2623.0,1000.0,8125.0,1000.0,0.8491021073167224,0.36705548502711943,1.7283630114561532,0.6567143662829324,0.02513251685574014,0.009750356291931994,0.6664647225748644,0.6315818494271923,0.8554584893286228,0.0,0.0,0.0,0.0,0.6679999999999999,0.020000000000000018,0.020000000000000018,0.688,0.6479999999999999,0.0
me,202W,128,74,202,2.2639299999999998,2.2412907000000004,224.12907000000004,0.23,0.207,2.0700000000000003,0.0,0.0,0.0,100.0,0.0,0.0,0.0,0.0,0.0,6783.346996000091,1000.0,3763.346995999949,1000.0,132.34699600009114,1414.213562373095,4028.0,1000.0,6651.0,1000.0,0.4712737679996385,0.1308014628805224,1.0027769324836868,0.6643756082640098,0.012100600656362981,0.00304000197615395,0.6674156102401637,0.6522750076076468,0.47037494816369146,0.5097523587957348,0.013061982794284901,0.006530991397142451,0.5229816653839391,0.6679999999999999,0.02,0.02,0.6656110268537514,0.6634161466769285,0.022252313004522874
me,203W,129,74,203,1.55241,1.5368859,153.68858999999998,0.25,0.225,2.25,0.01,0.009000000000000001,0.09000000000000001,100.0,0.0,0.0,0.0,0.0,0.0,8238.346996000246,1000.0,4278.346996000277,1000.0,1706.3469960002456,1414.213562373095,2504.0,1000.0,6532.0,1000.0,0.9372210377764408,0.41607416907774275,1.9017838993839773,0.6545600426400482,0.029786801130807783,0.011305954794852746,0.6658659974349009,0.6247732415092404,0.9439087060838938,0.13833819255059207,0.15122279218163098,0.07561139609081549,0.3561759292480673,0.6679999999999999,0.02,0.02,0.6667853937335438,0.6665191203537596,0.1462317493839146
me,204W,130,74,204,1.15044,1.1389356000000002,113.89356000000001,0.42,0.37799999999999995,3.78,0.0,0.0,0.0,100.0,0.0,0.0,0.0,0.0,0.0,7338.3469959997,1000.0,4364.346995999836,1000.0,962.3469959997,1414.213562373095,3872.0,1000.0,6376.0,1000.0,0.5832953731340428,0.20937479404016518,1.211779039357428,0.6629336370149276,0.015516577628582051,0.004863240250630674,0.6677968772655583,0.6474170593863455,0.5870739387338981,0.1606120958278117,0.08876221738319184,0.04438110869159592,0.2722696465542834,0.6679999999999999,0.02,0.02,0.6662544788477571,0.6671050338879029,0.07835511989117368
me,205W,131,74,205,0.82824,0.8199576,81.99576,0.35,0.315,3.15,0.12,0.10800000000000001,1.08,100.0,0.0,0.0,0.0,0.0,0.0,8864.346995999995,1000.0,5023.346995999713,1000.0,2680.346995999995,1414.213562373095,2312.0,1000.0,6184.0,1000.0,1.064665866823244,0.4855291899499923,2.1534883254838197,0.6517180071985907,0.03444358691600824,0.012272704672759427,0.6639907118713502,0.6172744202825825,1.0716647922992706,0.1243149553607616,0.22968889123386965,0.06044511789077364,0.4908616212088664,0.6679999999999999,0.02,0.02,0.6665275670041432,0.6638467362273606,0.22875873028005297
me,206W,132,74,206,0.26736,0.2646864,26.46864,0.82,0.738,7.379999999999999,0.01,0.009000000000000001,0.09000000000000001,100.0,0.0,0.0,0.0,0.0,0.0,8094.346996000014,1000.0,5245.346996000148,1000.0,2166.346996000013,1414.213562373095,3616.0,1000.0,5928.0,1000.0,0.7416041407120401,0.3056175116305806,1.5178559470730602,0.6593686674972147,0.02190793049160278,0.007403244944632403,0.6667719124418471,0.6374607370056119,0.7473356925044209,0.12649689156143312,0.1886049880297943,0.030825319022235897,0.4157025553536735,0.6679999999999999,0.02,0.02,0.666024030423378,0.6658760310054508,0.18625796319928486
me,207W,133,74,207,0.06345,0.06281550000000001,6.281550000000001,0.6,0.54,5.4,0.03,0.027000000000000003,0.27,100.0,0.0,0.0,0.0,0.0,0.0,9682.346995999753,1000.0,6032.346995999955,1000.0,4007.346995999751,1414.213562373095,2058.0,1000.0,5675.0,1000.0,1.232071021478634,0.5749853752238884,2.4851714954988022,0.6465850881193761,0.03822540447983902,0.016415028878832727,0.6630001169982088,0.6083596836395371,1.239300826728344,0.1157769551317792,0.33403413743101784,0.1308125721828704,0.6875636387585169,0.6666298293128449,0.005668665726773825,0.0007858586924353039,0.6674156880052802,0.660961163586071,0.3364689309224486
me,208W,134,74,208,0.0983,0.097317,9.7317,0.91,0.8190000000000001,8.19,0.0,0.0,0.0,100.0,0.0,0.0,0.0,0.0,0.0,8999.346995999758,1000.0,6356.346995999797,1000.0,3619.3469959997583,1414.213562373095,3322.0,1000.0,5380.0,1000.0,0.9283466190634257,0.41117984322940826,1.8842922544796994,0.6548795217137167,0.029576873857066976,0.01111862251908935,0.665998144232806,0.6253026478566497,0.9350054784864187,0.11661307959602599,0.3036542668998809,0.11221213782559611,0.6289303406270661,0.6667817286655006,0.0045892658186690305,0.0005037562992786793,0.6672854849647792,0.6621924628468315,0.3057303590105148
me,209W,135,74,209,0.06727999999999999,0.0666072,6.6607199999999995,0.82,0.738,7.379999999999999,0.05,0.045000000000000005,0.45,100.0,0.0,0.0,0.0,0.0,0.0,10626.346996000166,1000.0,7233.346995999977,1000.0,5542.346996000166,1414.213562373095,1762.0,1000.0,5084.0,1000.0,1.4264743186210742,0.6772079414018517,2.87130020442715,0.6405939758923992,0.03752087854995212,0.020584657338161838,0.661178633230561,0.6030730973424471,1.433839156150818,0.11404484330447609,0.45366560361781927,0.19977715122027012,0.9214462212050198,0.6648510287023188,0.009723092665699484,0.0030474113562231064,0.6678984400585419,0.6551279360366193,0.456958008363843
me,210W,136,74,210,0.062279999999999995,0.0616572,6.1657199999999985,0.93,0.8370000000000001,8.370000000000001,0.01,0.009000000000000001,0.09000000000000001,100.0,0.0,0.0,0.0,0.0,0.0,9992.346996000153,1000.0,7609.346996000179,1000.0,5217.346996000151,1414.213562373095,3013.0,1000.0,4775.0,1000.0,1.131283300943944,0.5213273728209349,2.2853620090476725,0.650305084466962,0.03649768665696307,0.013124296550470427,0.6634293810174324,0.6138073978099989,1.1383923207819462,0.11413592239432707,0.42836606501381,0.18566999954372915,0.8716768977668791,0.6655341162446271,0.009180946608897123,0.002265573752179062,0.6677996899968062,0.65635316963573,0.4315604202412069
me,211W,137,74,211,0.04616,0.04569840000000001,4.569839999999999,0.85,0.765,7.65,0.08,0.07200000000000001,0.7200000000000001,100.0,0.0,0.0,0.0,0.0,0.0,11605.346995999751,1000.0,8529.346995999798,1000.0,7134.346995999754,1414.213562373095,1458.0,1000.0,4471.0,1000.0,1.6285944758043445,0.78224782160609,3.2734478534760143,0.6350707602016741,0.04154420805515002,0.02299730950693102,0.6580680697086051,0.5935265521465241,1.6360503524541854,0.11416038704806418,0.5777436687099555,0.26713212569428857,1.1666582131944696,0.6629780506503203,0.013911088112126713,0.004183495967042483,0.6671615466173628,0.6490669625381936,0.5813138366937637
me,212W,138,74,212,0.03715,0.036778500000000006,3.67785,0.93,0.8370000000000001,8.370000000000001,0.01,0.009000000000000001,0.09000000000000001,100.0,0.0,0.0,0.0,0.0,0.0,10993.3469959999,1000.0,8896.34699599976,1000.0,6830.3469959999,1414.213562373095,2704.0,1000.0,4163.0,1000.0,1.3362126418729008,0.6299225212441276,2.6919205391441103,0.6430033218787962,0.03861140133965202,0.01916830517507706,0.6621716270538732,0.6043919205391441,1.3435300486683845,0.11408979935387845,0.554013789476032,0.2544319107700486,1.119653039569412,0.6631678896841917,0.012455746069121143,0.004133359297337713,0.6673012489815294,0.6507121436150706,0.5575512790232897
me,213W,139,74,213,0.02793,0.0276507,2.76507,0.73,0.657,6.57,0.09,0.081,0.8099999999999999,100.0,0.0,0.0,0.0,0.0,0.0,12555.346995999796,1000.0,9805.346995999866,1000.0,8668.346995999798,1414.213562373095,1183.0,1000.0,3887.0,1000.0,1.822572081599064,0.8822384568470762,3.6598401813350474,0.62727769338883,0.04243034173024218,0.02890649130161682,0.6561841846904468,0.5848473516585878,1.8301140942573548,0.1146931147193205,0.6978419259012276,0.33055409742007197,1.4050461850156322,0.6607453195560742,0.019337074586668224,0.00590190995682538,0.6666472295128996,0.641408244969406,0.70151751729846
me,214W,140,74,214,0.030869999999999998,0.030561300000000007,3.05613,0.9,0.81,8.1,0.01,0.009000000000000001,0.09000000000000001,100.0,0.0,0.0,0.0,0.0,0.0,11340.34699599988,1000.0,9542.346995999946,1000.0,7147.346995999879,1414.213562373095,3009.0,1000.0,4193.0,1000.0,1.3427987929502139,0.6333823232834476,2.705004055087999,0.6428584265550953,0.03847844277544721,0.019240544655952263,0.6620989712110475,0.6043799837796481,1.3501204441189767,0.1141637338385566,0.5787589588295688,0.26767401668300267,1.168670215332992,0.6629699283293634,0.013973385866018151,0.0041856574871235175,0.6671555858164869,0.6489965424633453,0.5823303572535515
me,215W,141,74,215,0.027280000000000002,0.0270072,2.70072,0.82,0.738,7.379999999999999,0.11,0.099,0.99,100.0,0.0,0.0,0.0,0.0,0.0,12750.34699599996,1000.0,9862.346995999882,1000.0,8267.346995999962,1414.213562373095,1474.0,1000.0,4483.0,1000.0,1.807335716603858,0.8744078727490053,3.629477631006699,0.6277652570686766,0.04152122809498471,0.02854421696733933,0.6563094740360159,0.5862440289736919,1.8148683925867082,0.1145337441832111,0.6663815893964816,0.3140549167923904,1.342534235803494,0.6614059866226738,0.018541739810350677,0.00532373879336423,0.666729725416038,0.6428642468123231,0.6700391468405723
me,216W,142,74,216,0.01989,0.019691100000000003,1.96911,0.87,0.7829999999999999,7.829999999999999,0.02,0.018000000000000002,0.18000000000000002,100.0,0.0,0.0,0.0,0.0,0.0,12087.346996000178,1000.0,10069.346996000217,1000.0,7936.3469960001785,1414.213562373095,2677.0,1000.0,4151.0,1000.0,1.512359699794526,0.7219684054904799,3.042112063506891,0.6375651657039041,0.044254476179738655,0.022431845320400545,0.6599970110243046,0.5933106895241654,1.51976949685812,0.11441080128889568,0.6404496598004654,0.3003999970507427,1.2910383149352587,0.6619505571441902,0.017783128056535702,0.004847442870556051,0.6667980000147462,0.6441674290876545,0.6440877554416656
me,217W,143,74,217,0.01599,0.015830100000000003,1.58301,0.72,0.648,6.48,0.15,0.135,1.35,100.0,0.0,0.0,0.0,0.0,0.0,13492.346996000151,1000.0,10895.34699600024,1000.0,9627.346996000153,1414.213562373095,1188.0,1000.0,3865.0,1000.0,1.9708054214040172,0.9582468757492049,3.955328113427262,0.6237379186789397,0.04903177774147571,0.030065193794089007,0.6538031124730287,0.574706140937464,1.9784756503105163,0.1151089674503844,0.7732735519931112,0.36986548199388036,1.5550676812877335,0.6583552463362204,0.021601532280687397,0.0080954262538101,0.6664506725900305,0.636753714055533,0.7769856992363929
me,218W,144,74,218,0.014669999999999999,0.0145233,1.45233,0.9,0.81,8.1,0.04,0.036000000000000004,0.36000000000000004,100.0,0.0,0.0,0.0,0.0,0.0,12758.346995999544,1000.0,11085.346995999611,1000.0,9167.346995999544,1414.213562373095,2403.0,1000.0,3591.0,1000.0,1.6614626171434925,0.7992395475550904,3.3388928371092663,0.6341175841028387,0.04096761963682205,0.02340675037539841,0.6575243344782371,0.5931499644660166,1.668930344581604,0.11490421362256839,0.737055916027671,0.3510302249835798,1.483014629134241,0.6595142106871145,0.021068766594215638,0.007030638187967564,0.666544848875082,0.6384454440928988,0.7407519172132015
me,219W,145,74,219,0.01384,0.0137016,1.3701599999999998,0.61,0.5489999999999999,5.489999999999998,0.33,0.29700000000000004,2.97,100.0,0.0,0.0,0.0,0.0,0.0,14062.346995999858,1000.0,11805.346995999638,1000.0,10708.34699599986,1414.213562373095,951.0,1000.0,3354.0,1000.0,2.099721649364185,1.024127718821533,4.212427392487605,0.6192114123760684,0.05678249157039894,0.03287143815453786,0.6520828505306062,0.5624289208056694,2.107479341506958,0.11562075460349905,0.8586541747938857,0.4140308433459906,1.7250577474931512,0.6565615332032978,0.024814420577955354,0.00935963402636042,0.6659211672296582,0.6317471126253424,0.8623983604609966
me,220W,146,74,220,0.01184,0.0117216,1.17216,0.86,0.774,7.739999999999998,0.07,0.063,0.6300000000000001,100.0,0.0,0.0,0.0,0.0,0.0,13272.346995999895,1000.0,11884.346996000044,1000.0,10146.346995999897,1414.213562373095,2176.0,1000.0,3126.0,1000.0,1.778785433609224,0.8597248290259645,3.572588825570621,0.6290607283195389,0.04050133721451055,0.02748367441604571,0.6565444027355846,0.5885593911050283,1.7863002239465713,0.11534972258343733,0.8142182620035635,0.39108305542639643,1.6365666897883921,0.657272507807943,0.02243294181180633,0.009072076914925065,0.6663445847228681,0.6348395659961367,0.8179461708962917
me,221W,147,74,221,0.01027,0.0101673,1.01673,0.47,0.423,4.23,0.43,0.387,3.87,100.0,0.0,0.0,0.0,0.0,0.0,14498.34699600001,1000.0,12525.346995999893,1000.0,11578.34699600001,1414.213562373095,745.0,1000.0,2920.0,1000.0,2.202705514966704,1.0766334946959464,4.417874105409701,0.6155431841856993,0.06359728145340005,0.036067114362037134,0.6516102985477364,0.5519459027322993,2.2104848325252533,0.1160667952330384,0.9276435815830738,0.44952000491200406,1.8625201057336918,0.6549048310630093,0.0289054744464875,0.010058128804366517,0.6649629598673759,0.6259993566165218,0.9314257757663726
me,222W,148,74,222,0.00927,0.0091773,0.9177299999999999,0.8,0.7200000000000001,7.2,0.12,0.10800000000000001,1.08,100.0,0.0,0.0,0.0,0.0,0.0,13682.346995999978,1000.0,12531.346995999978,1000.0,10972.346995999978,1414.213562373095,1965.0,1000.0,2710.0,1000.0,1.877377608298716,0.9103761984189634,3.7690704321513318,0.6255239165344411,0.04411253647392166,0.03000254032247629,0.6555264568569174,0.5814113800605194,1.8849586454629899,0.11575266169308233,0.8795636859049054,0.42480358642421334,1.7667113377936179,0.6562269810255216,0.026562547915202517,0.009403322141024684,0.6656303031665463,0.629664433110319,0.8833166123628616
me,223W,149,74,223,0.0067599999999999995,0.006692399999999999,0.6692400000000001,0.45,0.405,4.05,0.48,0.43200000000000005,4.32,100.0,0.0,0.0,0.0,0.0,0.0,14881.34699600005,1000.0,13145.346996000013,1000.0,12380.34699600005,1414.213562373095,535.0,1000.0,2501.0,1000.0,2.2981295532368553,1.1252020729417618,4.608282893737625,0.6135392793820261,0.06897059513153114,0.036978648065012165,0.6505179274470383,0.544568684250495,2.305938620328903,0.11650801471316383,0.9914590755565864,0.4822224978068307,1.9897402062987855,0.6526074732799629,0.029153576374444712,0.011472519279252635,0.6640799925592156,0.6234538969055182,0.9953014226555824
me,224W,150,74,224,0.00743,0.007355700000000001,0.73557,0.69,0.621,6.209999999999999,0.27,0.243,2.43,100.0,0.0,0.0,0.0,0.0,0.0,14083.346995999593,1000.0,13138.346995999722,1000.0,11805.346995999593,1414.213562373095,1743.0,1000.0,2278.0,1000.0,1.9765425606915001,0.9611828204437787,3.966767616504185,0.6236518615896275,0.049254587235240455,0.030045556874396473,0.653697418464024,0.574397274354387,1.9842195636034012,0.116188567688041,0.9456847326083014,0.45877643874434687,1.8984803018411947,0.6542553496261012,0.029406719285019367,0.010457686527801435,0.6647130361539026,0.6248486303410818,0.9494808302521706
me,225W,151,74,225,0.00656,0.0064944,0.64944,0.24,0.21600000000000003,2.16,0.71,0.639,6.39,100.0,0.0,0.0,0.0,0.0,0.0,15272.346995999895,1000.0,13755.346995999686,1000.0,13203.346995999895,1414.213562373095,327.0,1000.0,2069.0,1000.0,2.394805390571919,1.1743359052784061,4.801227092719499,0.611129865235702,0.07335931546097008,0.03766837807955381,0.6487982433152558,0.5377705497747319,2.4026697636842727,0.11698940729350094,1.0572279069173542,0.5158230369631792,2.1209089533705354,0.6517849488377438,0.03333767115908315,0.011688466866550673,0.6634734157042945,0.6184472776786607,1.0611096574664116
me,226W,152,74,226,0.00551,0.0054549,0.5454899999999999,0.51,0.45899999999999996,4.59,0.43,0.387,3.87,100.0,0.0,0.0,0.0,0.0,0.0,14522.346995999895,1000.0,13775.346995999893,1000.0,12698.346995999895,1414.213562373095,1497.0,1000.0,1824.0,1000.0,2.0859323727561803,1.0170894883915733,4.184922727484144,0.6197767727169966,0.055772136366045166,0.032369421887479266,0.6521461946044759,0.5640046363509514,2.0937068486213684,0.11669089173016019,1.0168255983390762,0.49519321957776397,2.0403250178066203,0.6521485696149483,0.03050189534501968,0.011581213456452022,0.6637297830714003,0.6216466742699286,1.0206971349716187
me,199Re,124,75,199,2.3698099999999998,2.3461119000000004,234.61119,0.0,0.0,0.0,0.0,0.0,0.0,100.0,0.0,0.0,0.0,0.0,0.0,5541.0,447.0,799.0,447.0,-5792.0,529.0538724931516,4741.0,283.0,11333.0,283.0,0.1493243215670951,0.019438892905692257,0.33260972561542973,0.6679999999999999,0.02,0.02,0.6658304611793967,0.6666369513719228,0.14681808524949883,0.0,0.0,0.0,0.0,0.6679999999999999,0.020000000000000018,0.020000000000000018,0.688,0.6479999999999999,0.0
me,200Re,125,75,200,1.00196,0.9919404,99.19404,0.0,0.0,0.0,0.0,0.0,0.0,100.0,0.0,0.0,0.0,0.0,0.0,7030.346996000162,1000.0,784.3469959999077,1000.0,-3315.6530039998383,1414.213562373095,4574.0,1000.0,10346.0,1000.0,0.4242210838943628,0.09229725437878311,0.9193433663819001,0.6656460307348522,0.010442391924600503,0.0014230225895871529,0.6670690533244393,0.6552036388102517,0.421877927210764,0.0,0.0,0.0,0.0,0.6679999999999999,0.020000000000000018,0.020000000000000018,0.688,0.6479999999999999,0.0
me,201Re,126,75,201,1.2101899999999999,1.1980881,119.80881,0.01,0.009000000000000001,0.09000000000000001,0.0,0.0,0.0,100.0,0.0,0.0,0.0,0.0,0.0,6065.3469960000175,1000.0,1520.3469960002387,1000.0,-4019.6530039999843,1414.213562373095,5511.0,1000.0,10085.0,1000.0,0.1054063627889033,0.05270318139445165,0.6153628260576963,0.6679999999999999,0.02,0.02,0.6663959540837057,0.6624773806527883,0.06344161567674018,0.0,0.0,0.0,0.0,0.6679999999999999,0.020000000000000018,0.020000000000000018,0.688,0.6479999999999999,0.0
me,202Re,127,75,202,0.44747,0.4429952999999999,44.29953,0.24,0.21600000000000003,2.16,0.0,0.0,0.0,100.0,0.0,0.0,0.0,0.0,0.0,9032.346996000117,1000.0,3045.3469959998747,1000.0,499.3469960001148,1414.213562373095,3021.0,1000.0,8533.0,1000.0,0.9820194785929864,0.44043770250659364,1.9902766444197026,0.6529472987706525,0.02950144843694802,0.01226088326166952,0.665208182032322,0.6234458503337045,0.9888623649179935,0.27079999265387533,0.04768886041239128,0.02384443020619564,0.32265588285103114,0.6679999999999999,0.02,0.02,0.6659053553135054,0.6666867205857449,0.03869503977225395
me,203Re,128,75,203,0.5484600000000001,0.5429754,54.297540000000005,0.84,0.7559999999999999,7.56,0.0,0.0,0.0,100.0,0.0,0.0,0.0,0.0,0.0,7950.346996000006,1000.0,5072.346996000146,1000.0,968.3469960000076,1414.213562373095,3960.0,1000.0,6982.0,1000.0,0.666388051934604,0.2603068224879239,1.372048552267324,0.6614058509093733,0.01919091905925452,0.00583077404325949,0.6672366249526328,0.6422149318501188,0.6712516747973859,0.15943007157868583,0.08933646640937706,0.04466823320468853,0.27209026788584056,0.6679999999999999,0.02,0.02,0.6662593599644797,0.6671070070532558,0.07991361335109104
me,204Re,129,75,204,0.36808,0.3643992,36.43992,0.81,0.7290000000000001,7.290000000000001,0.02,0.018000000000000002,0.18000000000000002,100.0,0.0,0.0,0.0,0.0,0.0,9330.346996000117,1000.0,4976.346996000142,1000.0,2396.346996000117,1414.213562373095,2974.0,1000.0,6934.0,1000.0,1.0358969812243284,0.4697608843310692,2.0967089329800537,0.651976927168981,0.03264199342116325,0.01243952895408007,0.6644164561230611,0.6193349337478178,1.0428651084601879,0.14499250667425567,0.20730750314308596,0.029074713773286714,0.460288189858702,0.6679999999999999,0.02,0.02,0.6659942701341459,0.664672218873815,0.20411171531366562
me,205Re,130,75,205,0.34105,0.33763950000000004,33.76395,0.87,0.7829999999999999,7.829999999999999,0.01,0.009000000000000001,0.09000000000000001,100.0,0.0,0.0,0.0,0.0,0.0,8349.346995999667,1000.0,5489.346995999836,1000.0,1536.3469959996673,1414.213562373095,3840.0,1000.0,6813.0,1000.0,0.7475855718255303,0.3088483464594973,1.529668363685295,0.659177261701583,0.021940960611603555,0.00757849656611953,0.6667557582677025,0.6372363010899794,0.7533901366275968,161.65858078754553,0.13733580961326228,0.06866790480663114,161.79597493344104,0.6679999999999999,0.02,0.02,0.6666673543817128,-20.96309624001663,-4.980125642703962
me,206Re,131,75,206,0.07603,0.0752697,7.526969999999999,0.88,0.792,7.920000000000001,0.08,0.07200000000000001,0.7200000000000001,100.0,0.0,0.0,0.0,0.0,0.0,9792.346996000106,1000.0,5500.346995999802,1000.0,3105.3469960001057,1414.213562373095,2847.0,1000.0,6687.0,1000.0,1.127972449589531,0.5193538443097262,2.278910324527831,0.6504209642643665,0.03647808107945083,0.01302420498115564,0.6634451692455221,0.6139428831849156,1.1351088985800744,0.11940683163826182,0.2636174630225865,0.08576490289340422,0.5530171144604432,0.6679999999999999,0.02,0.02,0.6669580033491879,0.6631758630843164,0.2646356446049176
me,207Re,132,75,207,0.32696,0.32369040000000004,32.369040000000005,0.83,0.747,7.469999999999999,0.06,0.054000000000000006,0.54,100.0,0.0,0.0,0.0,0.0,0.0,8931.34699600023,1000.0,6142.3469960003085,1000.0,2437.346996000229,1414.213562373095,3647.0,1000.0,6494.0,1000.0,0.8685720816580141,0.37773695343163743,1.7667548129982498,0.6564028466934718,0.026740587343384248,0.010008468539369986,0.6664113152328418,0.6296622593500876,0.8750353795364499,0.12873220480721106,0.21059045301734275,0.04428030516088108,0.4574108724655225,0.6679999999999999,0.02,0.02,0.666252765187735,0.6647499064434309,0.20901870984433482
me,208Re,133,75,208,0.0796,0.078804,7.880400000000002,0.78,0.7020000000000001,7.0200000000000005,0.18,0.162,1.62,100.0,0.0,0.0,0.0,0.0,0.0,10456.346996000091,1000.0,6288.3469960002685,1000.0,4169.346996000093,1414.213562373095,2640.0,1000.0,6287.0,1000.0,1.26443871196444,0.5919207755706266,2.5495007015225752,0.645258012809458,0.0391400380642708,0.017606620985976873,0.6628646337954349,0.6061179747451872,1.2717335967421532,0.11549381100708928,0.34720859038844987,0.1386965483121591,0.7131220031249546,0.6665639570480577,0.006283861148056347,0.0009069187901273867,0.6674708758381851,0.6602800959000014,0.34984301520511507
me,209Re,134,75,209,0.13479000000000002,0.13344209999999998,13.34421,0.9,0.81,8.1,0.04,0.036000000000000004,0.36000000000000004,100.0,0.0,0.0,0.0,0.0,0.0,9700.34699600001,1000.0,7063.346995999904,1000.0,3671.346996000008,1414.213562373095,3389.0,1000.0,6029.0,1000.0,1.0288770650143757,0.46595423984393336,2.082833002557459,0.6520401064148706,0.03213625951972654,0.012479129109343123,0.6645192355242138,0.6199038468951441,1.0358207320272923,0.11672707547894057,0.3081693839752664,0.11486314389287772,0.6377047832415084,0.6667591530801236,0.004750953528195323,0.0005448889271265633,0.6673040420072501,0.6620081995519282,0.310316464973017
me,210Re,135,75,210,0.06217999999999999,0.0615582,6.155819999999999,0.73,0.657,6.57,0.23,0.207,2.0700000000000003,100.0,0.0,0.0,0.0,0.0,0.0,11278.34699600021,1000.0,7317.346996000037,1000.0,5510.3469960002085,1414.213562373095,2379.0,1000.0,5768.0,1000.0,1.434729381388373,0.681343458338818,2.887804275333461,0.6402802835072418,0.037421739086576755,0.020811503867642966,0.6610917873748847,0.602858544420665,1.4421322715878486,0.1143039447969571,0.4519174406225329,0.19869276749439763,0.9180663062598595,0.6648982291031916,0.009648616128546506,0.002992620269269164,0.6678908493724608,0.6552496129746451,0.4552167006880045
me,211Re,136,75,211,0.061360000000000005,0.060746400000000006,6.0746400000000005,0.94,0.846,8.459999999999999,0.03,0.027000000000000003,0.27,100.0,0.0,0.0,0.0,0.0,0.0,10621.346996000057,1000.0,8202.346996000255,1000.0,5170.346996000057,1414.213562373095,3072.0,1000.0,5451.0,1000.0,1.2225654753421613,0.5697551707051428,2.466414762822051,0.6469748155109715,0.03803367315845507,0.016067143123387306,0.6630419586343588,0.6089411423525164,1.2298177459537982,0.11440238857834764,0.42539082060159183,0.18388048112219155,0.8658965036120689,0.665614447843757,0.009168791901550066,0.0021727155240983675,0.6677871633678554,0.6564456559422069,0.42858576742187143
me,212Re,137,75,212,0.03537,0.0350163,3.5016300000000005,0.69,0.621,6.209999999999999,0.28,0.252,2.5200000000000005,100.0,0.0,0.0,0.0,0.0,0.0,12221.346995999966,1000.0,8524.346995999917,1000.0,7056.346995999966,1414.213562373095,2093.0,1000.0,5165.0,1000.0,1.6288583423001468,0.7822200101041153,3.2740577496682217,0.6350631080732958,0.04153716582296396,0.02300585160337243,0.6580689596766682,0.5935259422503318,1.6363490214943885,0.11441299931364358,0.5726718260735836,0.2643236632664136,1.1566609995951451,0.6630186253914113,0.013601760377241368,0.004173814312658064,0.6671924397040694,0.64941686501417,0.5762518789470196
me,213Re,138,75,213,0.03713,0.036758700000000005,3.6758700000000006,0.93,0.8370000000000001,8.370000000000001,0.05,0.045000000000000005,0.45,100.0,0.0,0.0,0.0,0.0,0.0,11605.346996000208,1000.0,9471.346996000031,1000.0,6767.346996000208,1414.213562373095,2746.0,1000.0,4838.0,1000.0,1.4284265924336044,0.6780514044367223,2.875273101307288,0.640519789487523,0.037498339804517666,0.02064113101930576,0.6611609205068287,0.6030214496830053,1.4358269281983376,0.11434570784266748,0.5500645620935262,0.25220940178935025,1.1118883452971062,0.6631994835032518,0.012215575588650496,0.004126213077065399,0.6673256965803172,0.6509839079146013,0.5536115130633116
me,214Re,139,75,214,0.0279,0.027620999999999996,2.7621,0.63,0.5670000000000001,5.67,0.34,0.30600000000000005,3.0600000000000005,100.0,0.0,0.0,0.0,0.0,0.0,13196.346996000102,1000.0,9807.346996000273,1000.0,8656.346996000102,1414.213562373095,1794.0,1000.0,4540.0,1000.0,1.83115522084588,0.8864936652575357,3.677024267319636,0.6270030329329318,0.04294614922963513,0.029113068422947697,0.6561161013558795,0.5840568837032967,1.8387368659973145,0.11498083183289018,0.6982279273140813,0.3306668421740561,1.4058597738065224,0.6607372135264042,0.019359884931052118,0.005909452262725434,0.6666466657891297,0.6413773285953521,0.7019209259152412
me,215Re,140,75,215,0.02947,0.029175299999999998,2.9175299999999997,0.91,0.8190000000000001,8.19,0.07,0.063,0.6300000000000001,100.0,0.0,0.0,0.0,0.0,0.0,12140.34699600006,1000.0,10308.346996000022,1000.0,7463.346996000062,1414.213562373095,2883.0,1000.0,4677.0,1000.0,1.4911737666779992,0.7107736665487548,3.0000553783703223,0.6381353968662361,0.045834067785348265,0.022219845804203664,0.6603552426704398,0.5923013290808878,1.4986082820296287,0.11453075473181976,0.6045434875967629,0.28130131695939914,1.2198402632872405,0.662704586760468,0.015618037555244824,0.004301098752978572,0.6670056855134465,0.6470865492052231,0.6081618796139956
me,216Re,141,75,216,0.03148,0.031165199999999997,3.11652,0.53,0.477,4.7700000000000005,0.44,0.396,3.96,100.0,0.0,0.0,0.0,0.0,0.0,13549.346996000168,1000.0,10122.3469960001,1000.0,8652.346996000168,1414.213562373095,2015.0,1000.0,4897.0,1000.0,1.852176722378587,0.8972897693432346,3.7189193536129928,0.6263303448838853,0.043765490016984154,0.029613018806623037,0.6559433636905083,0.5825648548669011,1.8597727969884872,0.11497915304813168,0.6979130775883564,0.3305020385559418,1.4052339874337512,0.6607438253706445,0.019342716893127054,0.005903664436575751,0.6666474898072202,0.6414011084775174,0.7016059156656266
me,217Re,142,75,217,0.02197,0.0217503,2.17503,0.91,0.8190000000000001,8.19,0.07,0.063,0.6300000000000001,100.0,0.0,0.0,0.0,0.0,0.0,12960.346996000228,1000.0,10952.346996000257,1000.0,8353.346996000226,1414.213562373095,2593.0,1000.0,4607.0,1000.0,1.6667267746186085,0.8017966070915313,3.3494590173183587,0.6339649235360604,0.040910054691925546,0.023506330750475146,0.6574712542865355,0.5930548688441348,1.6742311782240868,0.1148558201459625,0.6743924403326202,0.31817179197566664,1.35849551955328,0.6612377587530149,0.01872466018318708,0.005471382287106641,0.6667091410401216,0.6425130985698279,0.6780721565485001
me,218Re,143,75,218,0.01709,0.016919099999999996,1.6919099999999998,0.55,0.4950000000000001,4.95,0.42,0.37799999999999995,3.78,100.0,0.0,0.0,0.0,0.0,0.0,14466.346996000084,1000.0,11287.346996000293,1000.0,10205.346996000084,1414.213562373095,1669.0,1000.0,4261.0,1000.0,2.053937372130822,1.0006051864139045,4.121182577698834,0.6210885677426363,0.05325952240456633,0.031205985579638496,0.6522945533222748,0.56782904533807,2.0617219524383543,0.11568942186886844,0.8205272312571396,0.3942640770425395,1.6491700853063738,0.6571715642998858,0.022697496773770642,0.009157115314901487,0.6663286796147873,0.6344740675261151,0.8242747623920441
me,219Re,144,75,219,0.0167,0.016533000000000003,1.6533,0.8,0.7200000000000001,7.2,0.19,0.171,1.71,100.0,0.0,0.0,0.0,0.0,0.0,13802.346995999871,1000.0,12209.34699599986,1000.0,9880.346995999871,1414.213562373095,2253.0,1000.0,3922.0,1000.0,1.8545662690581814,0.8985165638519629,3.723681854989449,0.6262538793901382,0.04379856205489552,0.02966985558823043,0.6559237349783686,0.5824553173352427,1.8621640640497208,0.11553284897042072,0.7948021032356295,0.3809477387326475,1.5979572703727167,0.6576663326964598,0.021727520833541347,0.008728928609876951,0.6663952613063368,0.6359388118629185,0.7985400511026383
me,220Re,145,75,220,0.013999999999999999,0.013859999999999999,1.386,0.3,0.27,2.7,0.62,0.5579999999999999,5.58,100.0,0.0,0.0,0.0,0.0,0.0,15187.346996000088,1000.0,12414.346996000017,1000.0,11550.346996000088,1414.213562373095,1384.0,1000.0,3637.0,1000.0,2.2156797657916925,1.08309966946754,4.443832653946739,0.6152707249183745,0.06412953719072345,0.036281378056417624,0.6515521029747922,0.5511411877276511,2.223506874680519,0.11638033496530406,0.9273627887683271,0.4492991759878953,1.8619996831603713,0.6549149396043402,0.028898929465472123,0.010053982643986603,0.6649689222483268,0.6260160101388681,0.9311617352962493
me,221Re,146,75,221,0.01269,0.0125631,1.2563099999999998,0.68,0.6120000000000001,6.120000000000001,0.3,0.27,2.7,100.0,0.0,0.0,0.0,0.0,0.0,14454.346995999913,1000.0,13214.346995999973,1000.0,11100.346995999913,1414.213562373095,1970.0,1000.0,3354.0,1000.0,2.0038121086719514,0.9749846641375264,4.021219637103549,0.6231437035444499,0.05057736757700604,0.03005684854659918,0.6532005520910491,0.5725663359674439,2.0115568022727968,0.11614043644381541,0.8915530584782357,0.4308955772648791,1.7906389593015422,0.6560351510643483,0.027567099029425446,0.009430668349500015,0.6654658194138483,0.6284680520349228,0.8953287869095802
me,222Re,147,75,222,0.01155,0.0114345,1.14345,0.29,0.261,2.61,0.68,0.6120000000000001,6.120000000000001,100.0,0.0,0.0,0.0,0.0,0.0,15737.346996000042,1000.0,13303.346995999913,1000.0,12619.346996000042,1414.213562373095,1148.0,1000.0,3118.0,1000.0,2.342647654596402,1.1476969094805913,4.697197677093769,0.61243380863509,0.0714217157188407,0.037296799533089287,0.6497306081681793,0.5410120929162493,2.3505224034786223,0.11698789830142123,1.012707874454179,0.49301519787083625,2.0321505689350827,0.6521856291299124,0.030203802456250872,0.011602960527575035,0.6637885896574874,0.6219818266736615,1.0165919044017793
me,223Re,148,75,223,0.01166,0.0115434,1.15434,0.5,0.45,4.5,0.46,0.414,4.1400000000000015,100.0,0.0,0.0,0.0,0.0,0.0,14947.346996000078,1000.0,14001.346996000006,1000.0,12066.346996000078,1414.213562373095,1733.0,1000.0,2881.0,1000.0,2.1208717642602584,1.034775066498721,4.254689661180198,0.6184486164866307,0.05830185819036138,0.03353840791488072,0.6519870244015115,0.5601467582962694,2.1286802594661713,0.11666687590204809,0.9685090778903755,0.4703990313928568,1.9440197102715964,0.6534336731959465,0.029293968850020446,0.010965552956446412,0.6643992261523929,0.624139704345926,0.9723428744077682
me,224Re,149,75,224,0.0082,0.008118,0.8118000000000001,0.23,0.207,2.0700000000000003,0.73,0.657,6.57,100.0,0.0,0.0,0.0,0.0,0.0,16164.346996000177,1000.0,14002.34699600021,1000.0,13487.346996000177,1414.213562373095,944.0,1000.0,2677.0,1000.0,2.4449523818531262,1.1996583947029864,4.901393145759158,0.609606476162553,0.07427474030475179,0.03830548002284251,0.6479119561853955,0.5353317358578012,2.452895082235336,0.11751692863426359,1.0823804194020987,0.528578043466516,2.171121711363001,0.651558576225381,0.034918957834449094,0.011812799426886733,0.6633713756522678,0.616639618390932,1.0862974756360053
me,225Re,150,75,225,0.008320000000000001,0.008236799999999999,0.82368,0.36,0.324,3.24,0.59,0.5309999999999999,5.31,100.0,0.0,0.0,0.0,0.0,0.0,15356.346995999957,1000.0,14647.346995999964,1000.0,12897.346995999957,1414.213562373095,1515.0,1000.0,2459.0,1000.0,2.2218055330212843,1.0862192698738538,4.456055078388172,0.6151420838065531,0.06437979123658644,0.036381942764582176,0.6515240265711353,0.5507622925699667,2.229635007739067,0.1171541917314097,1.034984083540103,0.5043965620739677,2.076577650062855,0.651985143248139,0.031824826900716086,0.011579684255269118,0.6635648275034082,0.620160316347423,1.038882974743843
me,226Re,151,75,226,0.0078,0.007722,0.7721999999999999,0.1,0.09000000000000001,0.9,0.83,0.747,7.469999999999999,100.0,0.0,0.0,0.0,0.0,0.0,16524.346996000077,1000.0,14609.346995999951,1000.0,14263.346996000075,1414.213562373095,746.0,1000.0,2261.0,1000.0,2.5357261868462952,1.2457043728606687,5.082604030707737,0.6066138572735333,0.07875718625618089,0.03941226343917925,0.6460261207127126,0.5278566710173525,2.5437348210811614,0.11801126123140528,1.1449626639535764,0.5604444578732657,2.295990969263701,0.6498263067616248,0.03624211711616243,0.013290137575388994,0.6631164443370138,0.6135841896454624,1.1488875978589057
me,227Re,152,75,227,0.00677,0.0067023,0.67023,0.24,0.21600000000000003,2.16,0.63,0.5670000000000001,5.67,100.0,0.0,0.0,0.0,0.0,0.0,15744.346996000106,1000.0,15239.346996000291,1000.0,13714.346996000106,1414.213562373095,1284.0,1000.0,2030.0,1000.0,2.32177573600304,1.137086554642164,4.65554315857386,0.612955606599924,0.0702773329428783,0.037146363987600295,0.6501019705875243,0.5426782736570457,2.329638500332832,0.117659809019356,1.1006683257058907,0.5378970387148756,2.207607616665734,0.6513766086002938,0.035936368550274156,0.011920215089987196,0.663296823690281,0.6154402400500196,1.1045796383023263
me,201Os,125,76,201,56.08576,55.524902399999995,5552.49024,0.0,0.0,0.0,0.0,0.0,0.0,100.0,0.0,0.0,0.0,0.0,0.0,5000.0,361.0,-1341.0,358.0,-6584.0,414.6528668657676,6342.0,280.0,11584.0,204.0,0.0,0.0,0.0,0.6679999999999999,0.020000000000000018,0.020000000000000018,0.688,0.6479999999999999,0.0,0.0,0.0,0.0,0.0,0.6679999999999999,0.020000000000000018,0.020000000000000018,0.688,0.6479999999999999,0.0
me,202Os,126,76,202,50.61697,50.110800299999994,5011.08003,0.0,0.0,0.0,0.0,0.0,0.0,100.0,0.0,0.0,0.0,0.0,0.0,4110.0,500.0,-762.0,447.0,-7103.0,614.9504045042983,4872.0,361.0,11213.0,358.0,0.0,0.0,0.0,0.6679999999999999,0.020000000000000018,0.020000000000000018,0.688,0.6479999999999999,0.0,0.0,0.0,0.0,0.0,0.6679999999999999,0.020000000000000018,0.020000000000000018,0.688,0.6479999999999999,0.0
me,203Os,127,76,203,6.615460000000001,6.549305400000001,654.9305400000001,0.0,0.0,0.0,0.0,0.0,0.0,100.0,0.0,0.0,0.0,0.0,0.0,7100.0,565.0,1299.0,500.0,-3573.0,720.4401432457801,5801.0,500.0,10673.0,447.0,0.2352137820283757,0.05069200015424674,0.5100636145334598,0.6679999999999999,0.02,0.02,0.6663617640026221,0.6635194910837323,0.23266803661105223,0.0,0.0,0.0,0.0,0.6679999999999999,0.020000000000000018,0.020000000000000018,0.688,0.6479999999999999,0.0
me,204Os,128,76,204,5.92264,5.8634135999999994,586.34136,0.05,0.045000000000000005,0.45,0.0,0.0,0.0,100.0,0.0,0.0,0.0,0.0,0.0,5602.346996000051,1000.0,2383.3469960000675,1000.0,-1632.6530039999486,1414.213562373095,4355.0,1000.0,7235.0,1000.0,0.22649436291214448,0.11324718145607224,0.607828474311382,0.6679999999999999,0.02,0.02,0.6672927302701925,0.6626356020394609,0.20401215851065355,0.0,0.0,0.0,0.0,0.6679999999999999,0.020000000000000018,0.020000000000000018,0.688,0.6479999999999999,0.0
me,205Os,129,76,205,3.26105,3.2284395,322.84395,0.09,0.081,0.8099999999999999,0.0,0.0,0.0,100.0,0.0,0.0,0.0,0.0,0.0,6955.3469960001175,1000.0,2742.3469960002185,1000.0,-259.65300399988337,1414.213562373095,2861.0,1000.0,7215.0,1000.0,0.683684611065224,0.27059142502315475,1.4056364556573289,0.6610426231676303,0.019656808482608867,0.006080871157114975,0.6671234943247453,0.6413858146850214,0.6888074599392712,0.0,0.0,0.0,0.0,0.6679999999999999,0.020000000000000018,0.020000000000000018,0.688,0.6479999999999999,0.0
me,206Os,130,76,206,2.6327700000000003,2.6064423,260.64423,0.22,0.198,1.98,0.0,0.0,0.0,100.0,0.0,0.0,0.0,0.0,0.0,5895.346995999944,1000.0,2663.346995999813,1000.0,-1257.6530040000564,1414.213562373095,4292.0,1000.0,7153.0,1000.0,0.28602492774577154,0.14301246387288577,0.6934081967303682,0.6669537257947965,0.0061152979261343,0.0005473614523137105,0.6675010872471102,0.6608384278686622,0.269081731715356,0.0,0.0,0.0,0.0,0.6679999999999999,0.020000000000000018,0.020000000000000018,0.688,0.6479999999999999,0.0
me,207Os,131,76,207,1.75575,1.7381925,173.81924999999995,0.27,0.243,2.43,0.0,0.0,0.0,100.0,0.0,0.0,0.0,0.0,0.0,7300.346996000144,1000.0,3106.346996000024,1000.0,220.3469960001439,1414.213562373095,2788.0,1000.0,7080.0,1000.0,0.7491964581073496,0.30953483465042003,1.5329526974899979,0.6591257133405648,0.021951814592874763,0.007626612486183015,0.6667523258267478,0.63717389874769,0.7550267513541039,0.2376517721196213,0.02156465623008255,0.010782328115041276,0.260192817162354,0.6679999999999999,0.02,0.02,0.6656832995779557,0.6672378790112141,0.022219515884993598
me,208Os,132,76,208,0.88561,0.8767539000000001,87.67539000000002,0.66,0.5940000000000001,5.94,0.0,0.0,0.0,100.0,0.0,0.0,0.0,0.0,0.0,6326.346996000211,1000.0,3132.3469960003185,1000.0,-626.6530039997888,1414.213562373095,4165.0,1000.0,6953.0,1000.0,0.3772384785865923,0.06101148837548276,0.8319154646247272,0.666413807607067,0.009424455041062707,0.00012338769531616833,0.6665371953023832,0.6569893525660043,0.37260529486159794,0.0,0.0,0.0,0.0,0.6679999999999999,0.020000000000000018,0.020000000000000018,0.688,0.6479999999999999,0.0
me,209Os,133,76,209,0.10151,0.1004949,10.049489999999999,0.29,0.261,2.61,0.0,0.0,0.0,100.0,0.0,0.0,0.0,0.0,0.0,7809.34699599993,1000.0,3689.346996000108,1000.0,1009.3469959999312,1414.213562373095,2635.0,1000.0,6800.0,1000.0,0.8527603784485392,0.36864607121380866,1.7358044655461966,0.6566558339448234,0.025446057222133223,0.00980093569910756,0.666456769643931,0.6312097767226902,0.8591747527047991,3.797063879756837,0.09293528246955864,0.04646764123477932,3.8911363137054957,0.6679999999999999,0.02,0.02,0.6662899499009912,0.5765988658832527,-0.007995962392888032
me,210Os,134,76,210,0.22411999999999999,0.2218788,22.187880000000003,0.84,0.7559999999999999,7.56,0.0,0.0,0.0,100.0,0.0,0.0,0.0,0.0,0.0,6965.346995999879,1000.0,3848.3469959997583,1000.0,373.3469959998802,1414.213562373095,3958.0,1000.0,6592.0,1000.0,0.5124391708633375,0.16056961700446631,1.0787938396082588,0.6635004866330932,0.01190963118956756,0.004123500685938031,0.6676239873190313,0.6515908554435257,0.5137552539913449,0.4390678187910422,0.03603574456519098,0.01801787228259549,0.47657986764969107,0.6679999999999999,0.02,0.02,0.6658063038288041,0.6642323435734583,0.03471056424347625
me,211Os,135,76,211,0.12592,0.12466079999999999,12.46608,0.7,0.63,6.3,0.01,0.009000000000000001,0.09000000000000001,100.0,0.0,0.0,0.0,0.0,0.0,8504.346996000095,1000.0,4546.346996000078,1000.0,2131.346996000095,1414.213562373095,2416.0,1000.0,6373.0,1000.0,0.9956955600380684,0.4477033846210434,2.0173866388519754,0.6524549598386296,0.029867812031560637,0.012557048776602242,0.6650120086152318,0.6225871478070689,1.002590260952711,0.12726349340935222,0.18619250679946614,0.028512739068093734,0.41172220848645347,0.6679999999999999,0.02,0.02,0.6659847165641576,0.6659835003708657,0.18367630067048593
me,212Os,136,76,212,0.12435,0.1231065,12.31065,0.81,0.7290000000000001,7.290000000000001,0.0,0.0,0.0,100.0,0.0,0.0,0.0,0.0,0.0,7758.346995999999,1000.0,4807.346996000046,1000.0,1650.3469960000002,1414.213562373095,3692.0,1000.0,6108.0,1000.0,0.6792911788087522,0.26791424824838433,1.3971409947193003,0.6611348852450162,0.019471987128840795,0.0060180580242515935,0.6671529432692678,0.6416628981161754,0.6843515077382326,0.13823613420892014,0.14689725937820874,0.07344862968910437,0.34861000962929056,0.6679999999999999,0.02,0.02,0.6667486267047148,0.6665569499518536,0.1401520707606105
me,213Os,137,76,213,0.11539,0.1142361,11.423610000000002,0.88,0.792,7.920000000000001,0.01,0.009000000000000001,0.09000000000000001,100.0,0.0,0.0,0.0,0.0,0.0,9354.346995999775,1000.0,5624.346995999826,1000.0,3531.3469959997765,1414.213562373095,2131.0,1000.0,5823.0,1000.0,1.1735241178493343,0.5435075933375751,2.3692623678599376,0.6488266558752733,0.03705821507177176,0.014425283378026066,0.6632519392532994,0.6117684408035016,1.1807402200102806,0.11725890707052311,0.2975801089958109,0.10813847786668646,0.6174294056299168,0.666826618801046,0.0043926363192743345,0.00043035054402085215,0.6672569693450668,0.6624339824817717,0.29958970813639463
me,214Os,138,76,214,0.06895,0.0682605,6.82605,0.84,0.7559999999999999,7.56,0.0,0.0,0.0,100.0,0.0,0.0,0.0,0.0,0.0,8689.34699600004,1000.0,5965.3469959999475,1000.0,3174.3469960000402,1414.213562373095,3385.0,1000.0,5515.0,1000.0,0.8730897842668868,0.38004053813543676,1.7757590967253254,0.6563305634517298,0.027118518287996052,0.010069233857593063,0.6663997973093229,0.6292120451637337,0.8795872256979347,0.11893181843060384,0.269415110390867,0.08971841353212984,0.5639134620706908,0.6679999999999999,0.02,0.02,0.6670252130300462,0.6630886923034345,0.27071753090345735
me,215Os,139,76,215,0.0631,0.062469,6.2469,0.84,0.7559999999999999,7.56,0.01,0.009000000000000001,0.09000000000000001,100.0,0.0,0.0,0.0,0.0,0.0,10307.346995999978,1000.0,6857.346995999999,1000.0,5095.346995999978,1414.213562373095,1827.0,1000.0,5212.0,1000.0,1.3712272709594184,0.6479583330765109,2.7616646582492526,0.6422330000388927,0.03807965867188967,0.019559874966500468,0.6617928750053932,0.604153341367003,1.3786238390803338,0.11466898459714958,0.420203547812835,0.18084663559352032,0.8557721389934145,0.6657545042090535,0.009146858432948046,0.0020114222401012016,0.6677659264491547,0.6566076457761054,0.4233829032108188
me,216Os,140,76,216,0.05074,0.050232599999999995,5.02326,0.82,0.738,7.379999999999999,0.0,0.0,0.0,100.0,0.0,0.0,0.0,0.0,0.0,9330.34699599989,1000.0,6880.346995999911,1000.0,4080.346995999889,1414.213562373095,3423.0,1000.0,5250.0,1000.0,0.9673766206038239,0.43221660895570124,1.9614889797641828,0.6534744416582623,0.02959677635472502,0.011955709899933775,0.6654301515581961,0.6238776653035373,0.9741997038573027,0.11600767629150673,0.3407439856567209,0.13462655092869524,0.7006943221196594,0.6665962800717163,0.0059184983795455,0.000846105784784501,0.6674423858565008,0.6606777816921708,0.3432897100932896
me,217Os,141,76,217,0.05317,0.052638300000000006,5.2638300000000005,0.82,0.738,7.379999999999999,0.02,0.018000000000000002,0.18000000000000002,100.0,0.0,0.0,0.0,0.0,0.0,10757.346996000024,1000.0,7322.346995999918,1000.0,5330.346996000024,1414.213562373095,2004.0,1000.0,5427.0,1000.0,1.4142942818329167,0.6705091662337354,2.8472588783620325,0.6410568172903491,0.03767118270905556,0.02026249021874238,0.6613193075090915,0.6033856345812936,1.421712767481804,0.11458526478718027,0.43857796491698214,0.19115637989653853,0.8918774401175054,0.6652583949472415,0.009228433989121543,0.0025796997120343113,0.6678380946592758,0.6560299609581199,0.4418344058170915
me,218Os,142,76,218,0.04281,0.0423819,4.23819,0.79,0.7110000000000001,7.11,0.0,0.0,0.0,100.0,0.0,0.0,0.0,0.0,0.0,10199.34699600026,1000.0,7578.34699600023,1000.0,5020.3469960002585,1414.213562373095,3175.0,1000.0,5179.0,1000.0,1.1423006316553659,0.5268384834917551,2.307389343141471,0.6499194778920622,0.03660421147059889,0.013465814240003704,0.6633852921320659,0.6133152664214633,1.1494783253967762,0.1147030169201264,0.41433975800193146,0.17753574440449774,0.844263259513163,0.6659128265339479,0.009121038686158545,0.0018299236768836158,0.6677427502108315,0.6567917878477894,0.41749101692810653
me,219Os,143,76,219,0.028960000000000003,0.028670400000000002,2.8670400000000003,0.68,0.6120000000000001,6.120000000000001,0.02,0.018000000000000002,0.18000000000000002,100.0,0.0,0.0,0.0,0.0,0.0,11804.34699600005,1000.0,8606.346996000251,1000.0,7040.346996000048,1414.213562373095,1589.0,1000.0,4764.0,1000.0,1.6457329109236314,0.7908060750075715,3.3077279486245033,0.6345737455832147,0.0411432971208352,0.023220460016542988,0.6577942055997577,0.5934304484623795,1.6532546249628066,0.11465685763797308,0.5724051318501352,0.26409018938787454,1.1561806280571831,0.6630207589451989,0.01358708092720029,0.004174248971534511,0.6671950079167334,0.6494336780179986,0.5759956680238247
me,220Os,144,76,220,0.028130000000000002,0.0278487,2.78487,0.82,0.738,7.379999999999999,0.0,0.0,0.0,100.0,0.0,0.0,0.0,0.0,0.0,11224.346995999895,1000.0,9031.346995999978,1000.0,6866.346995999895,1414.213562373095,2769.0,1000.0,4358.0,1000.0,1.367285807617678,0.6458913663603407,2.7538328856721987,0.642319712232411,0.0381350437750998,0.019516569074021772,0.6618362813064328,0.6041846684573112,1.3746801089048386,0.11461393801101362,0.5587626514813534,0.2567853676353486,1.1291590535359814,0.6631298987881491,0.012750465661908406,0.004145462167862046,0.6672753609560111,0.6503794331262407,0.5623338159620762
me,221Os,145,76,221,0.02194,0.0217206,2.1720599999999997,0.74,0.6659999999999999,6.66,0.06,0.054000000000000006,0.54,100.0,0.0,0.0,0.0,0.0,0.0,12729.346996000231,1000.0,9984.346995999953,1000.0,8724.346996000231,1414.213562373095,1236.0,1000.0,4005.0,1000.0,1.8492188514785668,0.8956401521843865,3.713091193203011,0.6264249967526859,0.0437260941963552,0.0295447608123639,0.6559697575650498,0.5826989025563307,1.856838967204094,0.11526883314039102,0.7048585513577403,0.3340576637521679,1.4190801425433328,0.6605445263565523,0.019669571773198946,0.006085185324686826,0.6666297116812391,0.6408749545833533,0.7085667454898358
me,222Os,146,76,222,0.02005,0.0198495,1.98495,0.82,0.738,7.379999999999999,0.01,0.009000000000000001,0.09000000000000001,100.0,0.0,0.0,0.0,0.0,0.0,12066.346995999993,1000.0,10295.346996000102,1000.0,8399.346995999993,1414.213562373095,2431.0,1000.0,3667.0,1000.0,1.5537470638404967,0.7431530784856952,3.1246258188334157,0.6367788057870306,0.042349689794198175,0.022540295701427127,0.6593191014884577,0.5944291159928324,1.5612332283854484,0.11513140820957116,0.6792291900769882,0.3206300903577066,1.3681468439435154,0.6611361870083832,0.018835417575140512,0.005560662539828232,0.6666968495482114,0.6423007694332427,0.6829237118065358
me,223Os,147,76,223,0.018080000000000002,0.0178992,1.7899199999999995,0.7,0.63,6.3,0.12,0.10800000000000001,1.08,100.0,0.0,0.0,0.0,0.0,0.0,13461.346995999975,1000.0,11120.34699599992,1000.0,10088.346995999975,1414.213562373095,942.0,1000.0,3373.0,1000.0,2.01337738689293,0.9797515263538665,4.040357602907376,0.6227515271373898,0.05102726166531435,0.030277417913871063,0.6530289450512609,0.5717242654720754,2.0211638016700744,0.11590152559516255,0.8127858830766993,0.39018869121726607,1.6337938339298295,0.6572954258707728,0.022375447054737818,0.0090536306731408,0.6663490565439136,0.634919978816035,0.8165430283844471
me,224Os,148,76,224,0.01623,0.0160677,1.6067700000000005,0.86,0.774,7.739999999999998,0.02,0.018000000000000002,0.18000000000000002,100.0,0.0,0.0,0.0,0.0,0.0,12727.346996000051,1000.0,11299.346996000007,1000.0,9626.346996000053,1414.213562373095,2159.0,1000.0,3101.0,1000.0,1.7018288210675496,0.8197800173446625,3.4194364870702083,0.6329085589466226,0.04060010625267574,0.024274960775862775,0.6571835197224853,0.5923084526939468,1.709371312558651,0.1156786551329175,0.7761607404826864,0.3712065146496689,1.5608944827927724,0.6582628563045541,0.02161985147761669,0.008181111122197549,0.6664439674267516,0.6366430048269374,0.7799035330712796
me,225Os,149,76,225,0.01128,0.0111672,1.1167200000000002,0.71,0.639,6.39,0.15,0.135,1.35,100.0,0.0,0.0,0.0,0.0,0.0,14011.34699599993,1000.0,12018.346996000058,1000.0,11146.34699599993,1414.213562373095,707.0,1000.0,2865.0,1000.0,2.13962129465839,1.0442184790292663,4.292152779191182,0.617773633392298,0.05964988346862188,0.0341284002964386,0.6519020336887366,0.5581237499236761,2.147467031955719,0.11644152991452018,0.896931484852787,0.43359558939584053,1.8013897306602202,0.6559490962423554,0.027993567623482485,0.00944382284395684,0.6653929190863123,0.6279555286188729,0.9007227438688278
me,226Os,150,76,226,0.01197,0.0118503,1.18503,0.87,0.7829999999999999,7.829999999999999,0.04,0.036000000000000004,0.36000000000000004,100.0,0.0,0.0,0.0,0.0,0.0,13221.346995999738,1000.0,12096.346995999807,1000.0,10602.346995999738,1414.213562373095,1912.0,1000.0,2619.0,1000.0,1.81985465908838,0.8805550090951278,3.654571821931664,0.6273646509091718,0.042274954718028335,0.02884646894530618,0.656211119854478,0.5850896961911435,1.8274548655748368,0.11615815045291443,0.853618148296974,0.41128490096852527,1.7151032955970287,0.6566421096272484,0.024397274407099823,0.009353198046601396,0.6659953076738498,0.6322448352201486,0.857390461474657
me,227Os,151,76,227,0.010209999999999999,0.0101079,1.0107899999999999,0.59,0.5309999999999999,5.31,0.35,0.315,3.15,100.0,0.0,0.0,0.0,0.0,0.0,14426.34699600012,1000.0,12716.346995999924,1000.0,12010.34699600012,1414.213562373095,503.0,1000.0,2416.0,1000.0,2.2395691161716536,1.095146822828405,4.4915581825490705,0.6147690485603953,0.06510735221941644,0.03667463003414906,0.6514436785945443,0.5496616963409788,2.24743301320076,0.11691979514834362,0.9659244747173854,0.46901124163534635,1.9388994637872934,0.6535267189101741,0.029310210866983488,0.01090997756567147,0.6644366964758456,0.6242165080431906,0.9697694367170334
me,228Os,152,76,228,0.00861,0.0085239,0.85239,0.85,0.765,7.65,0.1,0.09000000000000001,0.9,100.0,0.0,0.0,0.0,0.0,0.0,13617.346996000151,1000.0,12719.34699600008,1000.0,11409.346996000151,1414.213562373095,1705.0,1000.0,2208.0,1000.0,1.9161720577512282,0.9299887969322809,3.846546099251845,0.6245574191337316,0.04595199360006463,0.030262984176706254,0.6548204033104379,0.578605425533667,1.9238468732833862,0.11658344544375898,0.9179053018599156,0.44437680689137243,1.8431846342423484,0.655255409133043,0.02863731742879816,0.009846417080889847,0.6651018262139329,0.6266180917042449,0.9217106677293777
me,203Ir,126,77,203,43.374790000000004,42.941042100000004,4294.10421,0.0,0.0,0.0,0.0,0.0,0.0,100.0,0.0,0.0,0.0,0.0,0.0,5140.0,447.0,251.0,400.0,-6772.0,492.1839087170567,4889.0,202.0,11912.0,206.0,0.04899465012711898,0.02449732506355949,0.1902515297080304,0.6679999999999999,0.02,0.02,0.6659164545260805,0.6678317607079562,0.03037915955958306,0.0,0.0,0.0,0.0,0.6679999999999999,0.020000000000000018,0.020000000000000018,0.688,0.6479999999999999,0.0
me,204Ir,127,77,204,7.04392,6.973480800000001,697.3480800000002,0.01,0.009000000000000001,0.09000000000000001,0.0,0.0,0.0,100.0,0.0,0.0,0.0,0.0,0.0,8050.0,447.0,1869.0,447.0,-3021.0,490.52319007361933,6181.0,283.0,11071.0,202.0,0.33005609282556564,0.14207584433683026,0.6721662244065312,0.6666497195358722,0.005365210248409413,0.0008448113744856656,0.6674945309103578,0.6612845092874627,0.3323570425845683,0.0,0.0,0.0,0.0,0.6679999999999999,0.020000000000000018,0.020000000000000018,0.688,0.6479999999999999,0.0
me,205Ir,128,77,205,6.29535,6.232396499999999,623.23965,0.19,0.171,1.71,0.0,0.0,0.0,100.0,0.0,0.0,0.0,0.0,0.0,7220.0,583.0,3949.0,539.0,-2233.0,685.7186011768968,3271.0,361.0,9453.0,361.0,0.6619280358503512,0.3126160635713341,1.3332181351822157,0.6614995112471426,0.01843031022115127,0.005237408435000757,0.6667369196821433,0.6430692010259913,0.6658821834921836,0.0,0.0,0.0,0.0,0.6679999999999999,0.020000000000000018,0.020000000000000018,0.688,0.6479999999999999,0.0
me,206Ir,129,77,206,3.60775,3.5716725,357.16725,0.18,0.162,1.62,0.0,0.0,0.0,100.0,0.0,0.0,0.0,0.0,0.0,8242.346995999924,1000.0,3691.34699600006,1000.0,795.3469959999237,1414.213562373095,3233.0,1000.0,7447.0,1000.0,0.8283462496880004,0.3546596437133506,1.68799567399358,0.657046460004992,0.023698334550805833,0.009480241776441245,0.6665267017814333,0.6333481254541862,0.8346281204298138,0.4889430779756386,0.07432911079548776,0.03716455539774388,0.5688896735296581,0.6679999999999999,0.02,0.02,0.6661317974417617,0.6630488826117626,0.07456837185185577
me,207Ir,130,77,207,3.0709299999999997,3.0402207000000003,304.0220700000001,0.39,0.35100000000000003,3.51,0.0,0.0,0.0,100.0,0.0,0.0,0.0,0.0,0.0,7113.346995999791,1000.0,4048.346995999804,1000.0,-314.6530040002089,1414.213562373095,4195.0,1000.0,7428.0,1000.0,0.49899417293210246,0.15058969062074723,1.0540906255957707,0.6636271573308332,0.01181397296119513,0.003926970503512095,0.6675541278343453,0.6518131843696381,0.49973599075106906,0.0,0.0,0.0,0.0,0.6679999999999999,0.020000000000000018,0.020000000000000018,0.688,0.6479999999999999,0.0
me,208Ir,131,77,208,2.15158,2.1300642000000005,213.00642,0.34,0.30600000000000005,3.0600000000000005,0.02,0.018000000000000002,0.18000000000000002,100.0,0.0,0.0,0.0,0.0,0.0,8465.346995999878,1000.0,3919.3469959998974,1000.0,1076.3469959998802,1414.213562373095,3194.0,1000.0,7389.0,1000.0,0.8693917216549998,0.37775997693927865,1.76860429200414,0.6563897324535201,0.026819947053727033,0.010021467661783579,0.6664112001153036,0.629569785399793,0.8758624213859438,0.20460003213769784,0.09876052276328373,0.049380261381641866,0.32594946177049877,0.6679999999999999,0.02,0.02,0.6663394644434879,0.6666702526911474,0.08746524986930308
me,209Ir,132,77,209,1.60374,1.5877026,158.77026,0.65,0.585,5.85,0.0,0.0,0.0,100.0,0.0,0.0,0.0,0.0,0.0,7408.346996000091,1000.0,4345.346996000057,1000.0,95.34699600009115,1414.213562373095,4119.0,1000.0,7313.0,1000.0,0.5577823088585012,0.1919367426460159,1.163739243280391,0.663137741529132,0.013968615043945642,0.004705815669390212,0.6678435571985222,0.6491691264851863,0.5610500926573295,0.3365526518326578,0.00944388393281336,0.00472194196640668,0.3461290104224322,0.6679999999999999,0.02,0.02,0.6655802730134289,0.6665693549478878,-0.01641576569897006
me,210Ir,133,77,210,0.69647,0.6895053000000001,68.95053,0.68,0.6120000000000001,6.120000000000001,0.04,0.036000000000000004,0.36000000000000004,100.0,0.0,0.0,0.0,0.0,0.0,8811.346995999884,1000.0,4291.346995999969,1000.0,1576.3469959998838,1414.213562373095,3116.0,1000.0,7235.0,1000.0,0.9357958122221718,0.41465546969202904,1.89931675555545,0.6546113507600019,0.029789486937776277,0.011292951558313336,0.6659043023183152,0.6248218638222256,0.9425309903919696,0.1602491704623979,0.14090696036972547,0.07045348018486274,0.35429526397262223,0.6679999999999999,0.02,0.02,0.6666977091631426,0.6665285236801368,0.1303827629148873
me,211Ir,134,77,211,0.1624,0.160776,16.077599999999997,0.95,0.855,8.55,0.0,0.0,0.0,100.0,0.0,0.0,0.0,0.0,0.0,7876.346995999711,1000.0,4853.3469959998665,1000.0,805.346995999711,1414.213562373095,3955.0,1000.0,7071.0,1000.0,0.6575734433967512,0.25433875044960064,1.3553558899312552,0.6615909576886682,0.019008787267155824,0.005711316056386195,0.6673022737450544,0.6425821704215123,0.6622995526744053,0.28543354855464764,0.07521047021953826,0.03760523510976913,0.37038656252909924,0.6679999999999999,0.02,0.02,0.666139288996866,0.6664480671873545,0.05435628224984976
me,212Ir,135,77,212,0.11373,0.11259269999999999,11.25927,0.9,0.81,8.1,0.03,0.027000000000000003,0.27,100.0,0.0,0.0,0.0,0.0,0.0,9346.346996000191,1000.0,4925.346995999757,1000.0,2443.346996000193,1414.213562373095,2948.0,1000.0,6903.0,1000.0,1.045981878283092,0.47484814354344074,2.1168470939989312,0.6518861630954521,0.03329265847941365,0.012392937028875006,0.6642791001243271,0.6185935046160385,1.0530209530591965,0.12862856773901596,0.21157226278060526,0.045030934477036766,0.4591770503286171,0.6679999999999999,0.02,0.02,0.6662655258861097,0.6647022196411273,0.21019260332081466
me,213Ir,136,77,213,0.11218,0.11105819999999998,11.10582,0.97,0.873,8.729999999999999,0.0,0.0,0.0,100.0,0.0,0.0,0.0,0.0,0.0,8527.346996000233,1000.0,5616.346996000242,1000.0,1854.3469960002328,1414.213562373095,3725.0,1000.0,6673.0,1000.0,0.7959244044663453,0.3362263317884988,1.6244436023384021,0.657630419057077,0.022439283524890663,0.00898844928398046,0.6666188683410574,0.6351911355321863,0.8020181821081788,0.1328496279234957,0.16382790669547886,0.007754464391969473,0.3747511312385191,0.6679999999999999,0.02,0.02,0.6656318258946634,0.6664262443438074,0.15896009356455762
me,214Ir,137,77,214,0.10615,0.1050885,10.50885,0.89,0.8009999999999999,8.01,0.06,0.054000000000000006,0.54,100.0,0.0,0.0,0.0,0.0,0.0,10057.346995999978,1000.0,5803.34699600014,1000.0,3611.3469959999775,1414.213562373095,2720.0,1000.0,6446.0,1000.0,1.1934752616247462,0.5539608173607254,2.408903632408073,0.6481283658431339,0.037404378447784215,0.01503994761798022,0.6631683134611142,0.6107239873953497,1.2007563955783844,0.11730340769735176,0.30434728451170656,0.11220955564300275,0.6305180358783194,0.6667782635774414,0.004619142330886117,0.0005072033120596675,0.6672854668895011,0.6621591212465553,0.30645011705951763
me,215Ir,138,77,215,0.08457,0.0837243,8.372430000000001,0.97,0.873,8.729999999999999,0.0,0.0,0.0,100.0,0.0,0.0,0.0,0.0,0.0,9338.346995999927,1000.0,6607.346996,1000.0,3172.3469959999275,1414.213562373095,3446.0,1000.0,6166.0,1000.0,0.9666601382550969,0.431632509583154,1.9601783467499612,0.6535002350228165,0.029602910224065915,0.011945687218438361,0.6654459222412549,0.6238973247987506,0.9734934154599905,0.11917264331321557,0.26962437567464614,0.08968981839410434,0.564411456246712,0.6679999999999999,0.02,0.02,0.6670247269126998,0.6630847083500263,0.2709510644606344
me,216Ir,139,77,216,0.06784,0.06716160000000002,6.71616,0.89,0.8009999999999999,8.01,0.07,0.063,0.6300000000000001,100.0,0.0,0.0,0.0,0.0,0.0,10914.34699599995,1000.0,6888.346995999948,1000.0,5023.346995999948,1414.213562373095,2445.0,1000.0,5891.0,1000.0,1.3719275787174052,0.6481585647104517,2.7631430712169136,0.642217593268217,0.038070165553084734,0.019571076872863413,0.6617886701410804,0.6041474277151323,1.379382795393467,0.11492751124305053,0.4152697197991777,0.17795017175046893,0.8461493700759215,0.6658877175654222,0.009126107486636892,0.0018579336368311772,0.6677456512022534,0.6567616100787853,0.4184163009300828
me,217Ir,140,77,217,0.054470000000000005,0.0539253,5.392530000000001,0.97,0.873,8.729999999999999,0.01,0.009000000000000001,0.09000000000000001,100.0,0.0,0.0,0.0,0.0,0.0,9959.346995999796,1000.0,7479.346995999844,1000.0,4083.346995999794,1414.213562373095,3431.0,1000.0,5876.0,1000.0,1.066373423813976,0.48587308396050266,2.1571735218303605,0.6517026391856742,0.034560885971567146,0.0122787875473922,0.6639814267330664,0.617141753214107,1.0734586353003979,0.11622969422441393,0.3415314003437604,0.134963575708138,0.7022986927086181,0.6665923429982812,0.005965901164956988,0.000852402031675803,0.667444745029957,0.6606264418333242,0.3440698093213141
me,218Ir,141,77,218,0.04766,0.0471834,4.71834,0.85,0.765,7.65,0.12,0.10800000000000001,1.08,100.0,0.0,0.0,0.0,0.0,0.0,11385.34699600018,1000.0,7338.3469959997665,1000.0,5338.346996000179,1414.213562373095,2616.0,1000.0,6047.0,1000.0,1.4193662467487957,0.6729938058363722,2.85742821598409,0.6408640826235458,0.03761064943133896,0.02040304745389032,0.6612671300774361,0.6032534331922068,1.4268458814620972,0.11480680771345918,0.43994461608223223,0.1918147722458028,0.8946223792476392,0.6652214953657797,0.00923545343374188,0.0026212080399410365,0.6678427034057207,0.6559860419320378,0.44320068702846765
me,219Ir,142,77,219,0.04941,0.048915900000000005,4.89159,0.97,0.873,8.729999999999999,0.01,0.009000000000000001,0.09000000000000001,100.0,0.0,0.0,0.0,0.0,0.0,10844.34699600024,1000.0,8187.346996000382,1000.0,5033.346996000239,1414.213562373095,3194.0,1000.0,5811.0,1000.0,1.2427300900704388,0.5801001078271634,2.5065979830650287,0.6461480663071121,0.03848559369745308,0.01681113283027058,0.6629591991373827,0.607662472609659,1.250078779578209,0.11492270922331001,0.4160530018845873,0.17839304692894156,0.8476863294583532,0.6658665689491161,0.009129550220449811,0.0018821823793865322,0.6677487513285026,0.6567370187286663,0.4192035609148443
me,220Ir,143,77,220,0.03776,0.0373824,3.73824,0.72,0.648,6.48,0.14,0.126,1.2600000000000002,100.0,0.0,0.0,0.0,0.0,0.0,12467.346996000288,1000.0,8651.346996000324,1000.0,7084.3469960002885,1414.213562373095,2188.0,1000.0,5383.0,1000.0,1.659059552194646,0.7975270958392474,3.334349712629546,0.6341872729863552,0.04099642040002116,0.02339185994678883,0.6575791329331441,0.5931908525863341,1.6666482354998589,0.11490339896958278,0.5768431739501585,0.26637610173800536,1.165019030669606,0.6629852546083986,0.013860920681834865,0.004184608272483237,0.6671698628808819,0.6491243339265638,0.5804604823589326
me,221Ir,144,77,221,0.03854,0.0381546,3.81546,0.94,0.846,8.459999999999999,0.02,0.018000000000000002,0.18000000000000002,100.0,0.0,0.0,0.0,0.0,0.0,11926.346995999893,1000.0,9722.34699600001,1000.0,6996.346995999893,1414.213562373095,2742.0,1000.0,4930.0,1000.0,1.485079371366554,0.7072816094809382,2.988097971663348,0.638366983888071,0.04482917294105915,0.022100004608538892,0.6604669884966099,0.5935378109470119,1.4925979392528534,0.11487901124579598,0.5699278038960661,0.26267934964729384,1.151318282729874,0.6630405775688314,0.013436717464377024,0.004169949585048349,0.6672105271538797,0.6496038601044544,0.5735354153215885
me,222Ir,145,77,222,0.02992,0.029620799999999996,2.96208,0.59,0.5309999999999999,5.31,0.28,0.252,2.5200000000000005,100.0,0.0,0.0,0.0,0.0,0.0,13510.346995999951,1000.0,10155.346996000002,1000.0,9001.346995999953,1414.213562373095,1767.0,1000.0,4509.0,1000.0,1.8930114868519266,0.9179524093840982,3.8004599321755266,0.6250236324207383,0.04434432936863708,0.030230080841434193,0.6552537132621725,0.5806793030521012,1.9007056034803391,0.11567492066032375,0.7280433318611323,0.3460846161121172,1.4652188742777477,0.6598026133804438,0.020680930602998138,0.006766963538995641,0.6665695769194394,0.6391216827774456,0.7317949149310589
me,223Ir,146,77,223,0.02497,0.0247203,2.47203,0.92,0.8280000000000001,8.280000000000001,0.05,0.045000000000000005,0.45,100.0,0.0,0.0,0.0,0.0,0.0,12931.346995999775,1000.0,11169.346995999898,1000.0,8826.346995999775,1414.213562373095,2338.0,1000.0,4105.0,1000.0,1.7091092192408295,0.8233685441711448,3.434022923152825,0.6325445390379585,0.0404548828852509,0.024581564255303223,0.6571261032932617,0.5920896561527076,1.7167146295905114,0.11559223757072161,0.7141933348853494,0.33885402801052933,1.4376805047655505,0.6602458132836688,0.020077672464759777,0.006359916576278546,0.6666057298599474,0.640168140818909,0.717935159444809
me,224Ir,147,77,224,0.02405,0.0238095,2.38095,0.51,0.45899999999999996,4.59,0.43,0.387,3.87,100.0,0.0,0.0,0.0,0.0,0.0,14408.346995999636,1000.0,11503.346995999731,1000.0,10646.346995999636,1414.213562373095,1425.0,1000.0,3762.0,1000.0,2.0924135106351214,1.019981746812836,4.19806201232558,0.61951104606396,0.05629476680349477,0.03260911821472445,0.6521201642786845,0.5632162792604652,2.1002617173194884,0.11651104905647243,0.8587820722227635,0.41386467939006505,1.7254316393047897,0.6565594868444358,0.024831068809675227,0.009366166812032506,0.6659256536564683,0.6317284180347605,0.8625861875712871
me,225Ir,148,77,225,0.02103,0.0208197,2.08197,0.84,0.7559999999999999,7.56,0.14,0.126,1.2600000000000002,100.0,0.0,0.0,0.0,0.0,0.0,13767.346996000242,1000.0,12415.346995999766,1000.0,10352.346996000242,1414.213562373095,1990.0,1000.0,3415.0,1000.0,1.8984630861447878,0.9207484782272937,3.8113267565682847,0.6248491812433669,0.04465888528893969,0.03030387354045061,0.6551530547838175,0.5801902959544272,1.9061607813835144,0.11635525039207006,0.8353444647931341,0.40176789945670677,1.6787535702421617,0.6569344885633098,0.023318342100332456,0.009317778151359146,0.666252266714669,0.6336161464629774,0.8391407625377179
me,226Ir,149,77,226,0.01493,0.0147807,1.47807,0.51,0.45899999999999996,4.59,0.46,0.414,4.1400000000000015,100.0,0.0,0.0,0.0,0.0,0.0,15144.346996000195,1000.0,12642.34699600031,1000.0,12033.346996000195,1414.213562373095,1121.0,1000.0,3111.0,1000.0,2.26073978099038,1.105784861455712,4.533871790833111,0.6143244645992021,0.06644869518669205,0.036873065249848014,0.6511975298490501,0.54787576941251,2.2686293147802354,0.11728633289129509,0.9697686284383398,0.4709010287098323,1.9466039659370742,0.6533883293762198,0.029287388865275932,0.010997342848614644,0.6643856722248345,0.6241009405109439,0.9736321999430656
me,227Ir,150,77,227,0.0158,0.015642000000000003,1.5642,0.7,0.63,6.3,0.28,0.252,2.5200000000000005,100.0,0.0,0.0,0.0,0.0,0.0,14422.346995999987,1000.0,13434.346995999998,1000.0,11594.346995999987,1414.213562373095,1707.0,1000.0,2828.0,1000.0,2.0491983191720458,0.9979086117692633,4.111871430056119,0.6212828689139461,0.05289515471731321,0.03109242106236043,0.6523752899763066,0.5683877141966329,2.057024866938591,0.11703363251240605,0.9345652604432658,0.45284965176331426,1.8764299519815135,0.6546556506240424,0.029101409087450847,0.010217408778348092,0.6648730594023905,0.6255542415365916,0.9384048624634743
me,228Ir,151,77,228,0.01321,0.0130779,1.30779,0.26,0.23399999999999999,2.34,0.71,0.639,6.39,100.0,0.0,0.0,0.0,0.0,0.0,15686.346995999882,1000.0,13524.346995999917,1000.0,13084.346995999882,1414.213562373095,895.0,1000.0,2602.0,1000.0,2.385628670767272,1.1692920217806988,4.783105043905911,0.6113592832308182,0.07303553959190145,0.03761549600685732,0.6489747792376755,0.5383237436389168,2.3935796893835066,0.11791979043871262,1.054362868115575,0.5141542589724633,2.1152993104334037,0.6518107341869598,0.03316150936256235,0.011676031741260529,0.6634867659282203,0.6186492248243974,1.058286006271839
me,229Ir,152,77,229,0.011590000000000001,0.0114741,1.14741,0.49,0.441,4.41,0.48,0.43200000000000005,4.32,100.0,0.0,0.0,0.0,0.0,0.0,14895.346995999944,1000.0,14212.346996000017,1000.0,12528.346995999944,1414.213562373095,1471.0,1000.0,2367.0,1000.0,2.1636749011275125,1.0563386735504636,4.3402112158329285,0.6169077035594096,0.06129868678272188,0.03488524837863616,0.6517929519380458,0.5556090167766877,2.1715414454936983,0.11757986271242146,1.0095460450849318,0.49125961037712595,2.02591617513702,0.6522140855942355,0.0299766487748534,0.011621904925582016,0.6638359905198176,0.6222374368193822,1.0134456322789192
me,205Pt,127,78,205,21.35204,21.138519600000002,2113.8519599999995,0.0,0.0,0.0,0.0,0.0,0.0,100.0,0.0,0.0,0.0,0.0,0.0,5750.0,361.0,-501.0,361.0,-5819.0,412.699648655048,6251.0,283.0,11569.0,200.0,0.0,0.0,0.0,0.6679999999999999,0.020000000000000018,0.020000000000000018,0.688,0.6479999999999999,0.0,0.0,0.0,0.0,0.0,0.6679999999999999,0.020000000000000018,0.020000000000000018,0.688,0.6479999999999999,0.0
me,206Pt,128,78,206,20.73779,20.530412100000003,2053.0412100000003,0.0,0.0,0.0,0.0,0.0,0.0,100.0,0.0,0.0,0.0,0.0,0.0,4950.0,424.0,1259.0,361.0,-4993.0,556.8635380414128,3691.0,361.0,9943.0,361.0,0.22882473341211088,0.07668241322370617,0.47866038850992465,0.6679999999999999,0.02,0.02,0.666803601024803,0.6641761695102321,0.22943106906542016,0.0,0.0,0.0,0.0,0.6679999999999999,0.020000000000000018,0.020000000000000018,0.688,0.6479999999999999,0.0
me,207Pt,129,78,207,9.150889999999999,9.0593811,905.9381099999999,0.01,0.009000000000000001,0.09000000000000001,0.0,0.0,0.0,100.0,0.0,0.0,0.0,0.0,0.0,6501.0,500.0,1980.0,500.0,-1712.0,616.7017107159667,4521.0,424.0,8213.0,361.0,0.3485707458202935,0.14160871984183593,0.7145754641346815,0.6665571462708985,0.00632356112320831,0.0009341147679944317,0.6674912610388929,0.6602335851476901,0.3506104478011839,0.0,0.0,0.0,0.0,0.6679999999999999,0.020000000000000018,0.020000000000000018,0.688,0.6479999999999999,0.0
me,208Pt,130,78,208,9.24788,9.155401199999998,915.5401199999999,0.05,0.045000000000000005,0.45,0.0,0.0,0.0,100.0,0.0,0.0,0.0,0.0,0.0,5410.0,500.0,2069.0,500.0,-2453.0,655.5730317821196,3341.0,424.0,7863.0,424.0,0.36308365177874175,0.15022840715280356,0.7427936184724117,0.6664845817411063,0.0071539775322234656,0.0010670171089633973,0.6675515988500696,0.6593306042088828,0.36524040492251514,0.0,0.0,0.0,0.0,0.6679999999999999,0.020000000000000018,0.020000000000000018,0.688,0.6479999999999999,0.0
me,209Pt,131,78,209,5.1191,5.067908999999999,506.7909,0.07,0.063,0.6300000000000001,0.0,0.0,0.0,100.0,0.0,0.0,0.0,0.0,0.0,6241.346996000175,1000.0,1836.3469959998151,1000.0,-1370.6530039998254,1414.213562373095,3064.0,1000.0,7612.0,1000.0,0.5407993613728007,0.18010493698694569,1.1319409939186442,0.6632736051090176,0.012991539896170079,0.0044871294498910475,0.6677607345589086,0.6502820652128475,0.5435288539005559,0.0,0.0,0.0,0.0,0.6679999999999999,0.020000000000000018,0.020000000000000018,0.688,0.6479999999999999,0.0
me,210Pt,132,78,210,4.025530000000001,3.9852747,398.52747,0.34,0.30600000000000005,3.0600000000000005,0.0,0.0,0.0,100.0,0.0,0.0,0.0,0.0,0.0,5119.34699600033,1000.0,1721.3469960002606,1000.0,-2464.6530039996687,1414.213562373095,4520.0,1000.0,7584.0,1000.0,0.11368846698015331,0.056844233490076654,0.5685175536901514,0.6679999999999999,0.02,0.02,0.6664663519693313,0.6630518595704787,0.08402615770752891,0.0,0.0,0.0,0.0,0.6679999999999999,0.020000000000000018,0.020000000000000018,0.688,0.6479999999999999,0.0
me,211Pt,133,78,211,2.29281,2.2698819,226.98819,0.42,0.37799999999999995,3.78,0.0,0.0,0.0,100.0,0.0,0.0,0.0,0.0,0.0,6474.34699600035,1000.0,2096.346996000488,1000.0,-1068.6530039996503,1414.213562373095,3023.0,1000.0,7543.0,1000.0,0.5842646737589866,0.20878559182565504,1.2143507375006939,0.662925882609928,0.015614262847456484,0.004877475879989768,0.6678033584899178,0.6473116197624715,0.5881313496078364,0.0,0.0,0.0,0.0,0.6679999999999999,0.020000000000000018,0.020000000000000018,0.688,0.6479999999999999,0.0
me,212Pt,134,78,212,0.97044,0.9607356,96.07356,0.46,0.414,4.1400000000000015,0.0,0.0,0.0,100.0,0.0,0.0,0.0,0.0,0.0,5453.3469959999375,1000.0,2053.346995999913,1000.0,-1988.6530040000634,1414.213562373095,4419.0,1000.0,7442.0,1000.0,0.1904289217984749,0.09521446089923745,0.8447552447353494,0.6679999999999999,0.02,0.02,0.667118645835287,0.6567839160842344,0.18456899254146264,0.0,0.0,0.0,0.0,0.6679999999999999,0.020000000000000018,0.020000000000000018,0.688,0.6479999999999999,0.0
me,213Pt,135,78,213,0.24586,0.24340140000000002,24.34014,0.36,0.324,3.24,0.0,0.0,0.0,100.0,0.0,0.0,0.0,0.0,0.0,6873.346995999782,1000.0,2542.346995999945,1000.0,-454.65300400021806,1414.213562373095,2908.0,1000.0,7328.0,1000.0,0.6655302758649494,0.2589058037096989,1.3708964023731571,0.661423864206836,0.019183585059045494,0.005828171952357297,0.6672520361591933,0.6422402791477905,0.6703734897486866,0.0,0.0,0.0,0.0,0.6679999999999999,0.020000000000000018,0.020000000000000018,0.688,0.6479999999999999,0.0
me,214Pt,136,78,214,0.30113,0.2981187,29.811870000000003,0.61,0.5489999999999999,5.489999999999998,0.0,0.0,0.0,100.0,0.0,0.0,0.0,0.0,0.0,5966.346995999857,1000.0,2619.346995999944,1000.0,-1192.6530040001435,1414.213562373095,4251.0,1000.0,7159.0,1000.0,0.30511013842905893,0.15255506921452947,0.7221506563060194,0.6667744493078547,0.006783270309647316,0.0007934361766470666,0.6675678854845017,0.6599911789982074,0.2965499944634357,0.0,0.0,0.0,0.0,0.6679999999999999,0.020000000000000018,0.020000000000000018,0.688,0.6479999999999999,0.0
me,215Pt,137,78,215,0.19196,0.1900404,19.00404,0.49,0.441,4.41,0.0,0.0,0.0,100.0,0.0,0.0,0.0,0.0,0.0,7452.346995999959,1000.0,3235.3469959999293,1000.0,473.3469959999602,1414.213562373095,2728.0,1000.0,6979.0,1000.0,0.7849839144515846,0.3297017275606693,1.6031719607838282,0.6579805147375493,0.02217250160028028,0.00867097662464733,0.6666514913621966,0.635808013137269,0.7910391787262634,0.25550783666347987,0.04533904641796838,0.02266952320898419,0.30483834068780297,0.6679999999999999,0.02,0.02,0.6658853818945527,0.6667758082965609,0.02197244823060464
me,216Pt,138,78,216,0.15444000000000002,0.15289560000000002,15.28956,0.51,0.45899999999999996,4.59,0.0,0.0,0.0,100.0,0.0,0.0,0.0,0.0,0.0,6645.346996000171,1000.0,3426.34699599996,1000.0,-104.6530039998288,1414.213562373095,4022.0000000000014,1000.0,6750.0,1000.0,0.4525644606803612,0.11248192530294371,0.9714739654804874,0.6648807595616303,0.011553822318927875,0.002406613915490352,0.6672873734771206,0.6533269372427024,0.4499684006930329,0.0,0.0,0.0,0.0,0.6679999999999999,0.020000000000000018,0.020000000000000018,0.688,0.6479999999999999,0.0
me,217Pt,139,78,217,0.14321,0.1417779,14.17779,0.69,0.621,6.209999999999999,0.0,0.0,0.0,100.0,0.0,0.0,0.0,0.0,0.0,8191.346996000219,1000.0,4165.34699600022,1000.0,1694.3469960002205,1414.213562373095,2476.0,1000.0,6497.0,1000.0,0.9405711523579925,0.4170567575427646,1.9088546289622284,0.6544394385151123,0.029772257949545744,0.01140002903123305,0.6658394675463454,0.6246671805655666,0.9473438895344735,0.13748340095992054,0.1508201565932934,0.0754100782966467,0.3548995655848225,0.6679999999999999,0.02,0.02,0.666781971331043,0.6665255021720758,0.14549402646603993
me,218Pt,140,78,218,0.09539,0.0944361,9.443610000000001,0.54,0.486,4.86,0.0,0.0,0.0,100.0,0.0,0.0,0.0,0.0,0.0,7175.346995999689,1000.0,4144.346995999807,1000.0,658.3469959996893,1414.213562373095,4042.0,1000.0,6517.0,1000.0,0.5338205232437963,0.17518515326419365,1.118921020489882,0.6633294358140496,0.012591671531195447,0.004396860258799817,0.6677262960728494,0.6507377642828541,0.5362290814877487,0.17017469096749174,0.06216601995008562,0.03108300997504281,0.24334007847479758,0.6679999999999999,0.02,0.02,0.6660284111695757,0.6674232591367772,0.048567830008396415
me,219Pt,141,78,219,0.08217999999999999,0.0813582,8.135819999999999,0.54,0.486,4.86,0.0,0.0,0.0,100.0,0.0,0.0,0.0,0.0,0.0,8680.346995999798,1000.0,4518.346995999831,1000.0,1985.3469959997985,1414.213562373095,2653.0,1000.0,6695.0,1000.0,0.9895736960797781,0.44395060220123606,2.0055198735682005,0.6526753469411279,0.02960166175742418,0.012437986799438638,0.6651133337405666,0.6230736851837038,0.9964927053749562,0.12964106875068437,0.17472200155251144,0.01839301779246577,0.39228712866008697,0.6679999999999999,0.02,0.02,0.665812681302472,0.6663385643566996,0.1712694548445288
me,220Pt,142,78,220,0.09222999999999999,0.0913077,9.13077,0.55,0.4950000000000001,4.95,0.0,0.0,0.0,100.0,0.0,0.0,0.0,0.0,0.0,8081.346995999866,1000.0,4864.346995999836,1000.0,1616.3469959998654,1414.213562373095,3812.0,1000.0,6465.0,1000.0,0.7134338626305257,0.287945767593221,1.4636211900890799,0.6602701163958231,0.021087721619208133,0.006662480160651407,0.6669325965564745,0.639182394776615,0.7189070179238916,0.1424870974692024,0.14436087666912073,0.07218043833456037,0.3471973518353863,0.6679999999999999,0.02,0.02,0.6667270674516875,0.666564013240823,0.1365755430890713
me,221Pt,143,78,221,0.06597,0.0653103,6.53103,0.44,0.396,3.96,0.0,0.0,0.0,100.0,0.0,0.0,0.0,0.0,0.0,9742.346995999924,1000.0,5877.346995999982,1000.0,3730.346995999924,1414.213562373095,2200.0,1000.0,6012.0,1000.0,1.2280442084445595,0.5721266060332874,2.4775630496685004,0.6467501874537731,0.03815464199349661,0.016272799697960583,0.6630229871517337,0.6085955454602765,1.2354028048217296,0.11732253657692991,0.31420960722095986,0.11813182442461007,0.6496082578723823,0.6667289519638951,0.0049707253792152795,0.0005979708070771306,0.6673269227709723,0.6617582265846799,0.31643433474423366
me,222Pt,144,78,222,0.055779999999999996,0.055222200000000006,5.52222,0.52,0.46799999999999997,4.68,0.0,0.0,0.0,100.0,0.0,0.0,0.0,0.0,0.0,9186.346995999884,1000.0,6387.346995999973,1000.0,3634.3469959998843,1414.213562373095,3351.0,1000.0,5552.0,1000.0,0.959414125271875,0.42742700483695084,1.946007706305646,0.6537610914902126,0.029651207084797293,0.011798379379189816,0.6655594708694024,0.6241098844054153,0.966248166307807,0.11749246137840391,0.30662008032532606,0.11346613422162077,0.634980175555342,0.6667668995983733,0.0047014832850355015,0.0005273633411780887,0.6672942629395514,0.6620654163133378,0.30876330908495586
me,223Pt,145,78,223,0.0443,0.043857,4.3857,0.62,0.5579999999999999,5.58,0.0,0.0,0.0,100.0,0.0,0.0,0.0,0.0,0.0,10815.346996000473,1000.0,7424.346996000006,1000.0,5706.346996000471,1414.213562373095,1758.0,1000.0,5109.0,1000.0,1.4678669971111238,0.6981417731074195,2.953953152545449,0.6390210541097773,0.04193218197450399,0.02171796865496689,0.6607390227647442,0.5970888721352733,1.4754052518606187,0.11499954954976593,0.4695790595478488,0.2081387801567236,0.953034734416281,0.6644213653922081,0.010430615831194201,0.003389108026067955,0.667810473418276,0.6539907495610139,0.4729630218669772
me,224Pt,146,78,224,0.03808,0.037699199999999995,3.76992,0.64,0.5760000000000001,5.760000000000002,0.0,0.0,0.0,100.0,0.0,0.0,0.0,0.0,0.0,10272.346996000351,1000.0,7910.346996000567,1000.0,5612.346996000351,1414.213562373095,2902.0,1000.0,4660.0,1000.0,1.20092093493856,0.557724816713293,2.423769889421627,0.647862241667519,0.03759910823958945,0.015275959798774608,0.6631382014662937,0.6102631334279296,1.208236779242754,0.115010555881946,0.4622006155683359,0.20406348104055938,0.9384955210586454,0.6646205833796549,0.010106422137766136,0.003234718328898989,0.6678553017085539,0.6545141612418888,0.4655581977367401
me,225Pt,147,78,225,0.03193,0.031610700000000005,3.16107,0.64,0.5760000000000001,5.760000000000002,0.01,0.009000000000000001,0.09000000000000001,100.0,0.0,0.0,0.0,0.0,0.0,11857.346995999931,1000.0,8920.346995999875,1000.0,7607.346995999933,1414.213562373095,1348.0,1000.0,4250.0,1000.0,1.6992180721009522,0.8181096096451129,3.4144028041421253,0.6330226759090724,0.04063871797120422,0.02418757033660579,0.6572102462456781,0.5923839579378681,1.7068500543236733,0.1153549401848767,0.6191511197723761,0.28878194823256176,1.2489565431695104,0.6623978264847801,0.016505044754729914,0.004525572084661755,0.6669233985694418,0.6458927817300502,0.6228364233374596
me,226Pt,148,78,226,0.03234,0.0320166,3.20166,0.71,0.639,6.39,0.0,0.0,0.0,100.0,0.0,0.0,0.0,0.0,0.0,11279.346995999958,1000.0,9355.346996000048,1000.0,7432.346995999958,1414.213562373095,2498.0,1000.0,3847.0,1000.0,1.4240657429744303,0.6752759657656611,2.8668611410428277,0.6406855017669716,0.03755469660052835,0.02053370295194945,0.661219204718921,0.6031308051664432,1.4315764002799989,0.11529123727969291,0.605345308672151,0.28145828349774255,1.2215717379372906,0.6626877485178848,0.01567218977331364,0.0043162103636399385,0.6670039588815247,0.6470155587445712,0.6090138359069824
me,227Pt,149,78,227,0.01955,0.0193545,1.93545,0.65,0.585,5.85,0.02,0.018000000000000002,0.18000000000000002,100.0,0.0,0.0,0.0,0.0,0.0,12771.34699599992,1000.0,10291.346995999971,1000.0,9287.34699599992,1414.213562373095,985.0,1000.0,3484.0,1000.0,1.9039544148059409,0.9234187708779256,3.8223474817392016,0.6247406837779109,0.04504632045617496,0.030316240470483757,0.6550569242483947,0.579694363321736,1.9116874321699142,0.11610774595009031,0.7522056211735784,0.3585886337341477,1.5133194794068519,0.6590294201224455,0.021482490231175655,0.007477636708883795,0.6665070568313293,0.6375469298912698,0.7559840747416019
me,228Pt,150,78,228,0.02036,0.0201564,2.0156400000000003,0.79,0.7110000000000001,7.11,0.01,0.009000000000000001,0.09000000000000001,100.0,0.0,0.0,0.0,0.0,0.0,12125.346995999736,1000.0,10609.346995999953,1000.0,8981.346995999735,1414.213562373095,2159.0,1000.0,3144.0,1000.0,1.6125200206281098,0.7732927469365442,3.2417738466486714,0.6355369194017848,0.04197869324843351,0.022817712696245773,0.6583546320980306,0.5935582261533513,1.6201220127940177,0.11595718974385545,0.727899932032715,0.34592395423227756,1.4649782052890385,0.659807202174953,0.02067637397593647,0.006763178053885599,0.6665703802288386,0.6391308281990166,0.7316657020151616
me,229Pt,151,78,229,0.01792,0.017740799999999998,1.77408,0.79,0.7110000000000001,7.11,0.06,0.054000000000000006,0.54,100.0,0.0,0.0,0.0,0.0,0.0,13517.346996000242,1000.0,11442.34699599981,1000.0,10678.346996000242,1414.213562373095,680.0,1000.0,2839.0,1000.0,2.073378851799469,1.010122402719907,4.16016805385756,0.6202914670762217,0.054801550307675306,0.03191743129929914,0.6522088983755209,0.5654899167685464,2.081250569820404,0.11683568233886896,0.8631228662248208,0.4160257322397923,1.7341175039050645,0.6564900341404029,0.025195909335656075,0.009377271089122785,0.6658673052295256,0.6312941248047468,0.8669434765577316
me,230Pt,152,78,230,0.014530000000000001,0.0143847,1.4384700000000001,0.85,0.765,7.65,0.01,0.009000000000000001,0.09000000000000001,100.0,0.0,0.0,0.0,0.0,0.0,12789.346996000402,1000.0,11629.346996000391,1000.0,10224.346996000404,1414.213562373095,1885.0,1000.0,2565.0,1000.0,1.7624221515386274,0.8506922247222797,3.5403001956204134,0.6298788924230686,0.040189399269783044,0.026810031981374882,0.6566889244044435,0.5896894931532856,1.770076159119606,0.11659138745626352,0.826843270079491,0.39729583387725603,1.661866230784598,0.6570705076787281,0.022964628371481388,0.009243013151885582,0.6663135208306137,0.6341058793072467,0.8306515611112117
me,207Au,128,79,207,23.42289,23.1886611,2318.86611,0.03,0.027000000000000003,0.27,0.0,0.0,0.0,100.0,0.0,0.0,0.0,0.0,0.0,5847.0,301.0,2234.0,301.0,-4495.3632,302.4943982307772,3613.0362,36.1431,10342.3632,30.031,0.39032286168718716,0.1887879401512048,0.7838711774824283,0.6663483856915641,0.008332263371001791,0.00147312988949444,0.6678215155810585,0.6580161223205623,0.39255469416081906,0.0,0.0,0.0,0.0,0.6679999999999999,0.020000000000000018,0.020000000000000018,0.688,0.6479999999999999,0.0
me,208Au,129,79,208,9.47298,9.3782502,937.8250199999999,0.04,0.036000000000000004,0.36000000000000004,0.0,0.0,0.0,100.0,0.0,0.0,0.0,0.0,0.0,7355.0,302.0,2506.0,301.0,-1107.3161,304.2477891867088,4849.28,42.8183,8462.3161,36.915,0.4342351613635657,0.2113796521059515,0.8713675320818666,0.6653756506431837,0.009017531156493508,0.0023991731836509045,0.6677748238268346,0.6563581194866902,0.43648765310645105,0.0,0.0,0.0,0.0,0.6679999999999999,0.020000000000000018,0.020000000000000018,0.688,0.6479999999999999,0.0
me,209Au,130,79,209,10.410219999999999,10.3061178,1030.6117800000004,0.16,0.14400000000000002,1.4400000000000002,0.0,0.0,0.0,100.0,0.0,0.0,0.0,0.0,0.0,6380.0,427.0,2964.0,401.0,-1885.0,453.583509400419,3416.0,153.0,8265.0,153.0,0.5076198690242338,0.24306522719764745,1.0206964783947339,0.6635390410478061,0.011425309353358726,0.003887241453019774,0.6674262825008259,0.6521137316944474,0.5106442519128322,0.0,0.0,0.0,0.0,0.6679999999999999,0.020000000000000018,0.020000000000000018,0.688,0.6479999999999999,0.0
me,210Au,131,79,210,5.8317,5.773383,577.3383,0.12,0.10800000000000001,1.08,0.0,0.0,0.0,100.0,0.0,0.0,0.0,0.0,0.0,7980.0,447.0,3218.0,427.0,-197.0,490.93584102202186,4762.0,250.0,8177.0,203.0,0.548019078763155,0.2613447965338678,1.1024790206056563,0.6632158473698947,0.01190261309109264,0.004009359868232698,0.6672252072381274,0.6513132342788021,0.5511022262871266,0.0,0.0,0.0,0.0,0.6679999999999999,0.020000000000000018,0.020000000000000018,0.688,0.6479999999999999,0.0
me,211Au,132,79,211,5.01377,4.9636322999999996,496.36323,0.38,0.342,3.42,0.0,0.0,0.0,100.0,0.0,0.0,0.0,0.0,0.0,6375.346995999962,1000.0,3147.346995999964,1000.0,-1402.6530040000382,1414.213562373095,4379.0,1000.0,7778.0,1000.0,0.351626005250591,0.03836803860511134,0.7885026346818607,0.6679999999999999,0.02,0.02,0.6661522566562869,0.6578679156901804,0.3449545392683649,0.0,0.0,0.0,0.0,0.6679999999999999,0.020000000000000018,0.020000000000000018,0.688,0.6479999999999999,0.0
me,212Au,133,79,212,0.33966999999999997,0.33627330000000005,33.62733000000001,0.36,0.324,3.24,0.0,0.0,0.0,100.0,0.0,0.0,0.0,0.0,0.0,7695.346995999897,1000.0,2975.3469959999384,1000.0,-84.65300400010165,1414.213562373095,3401.0,1000.0,7780.0,1000.0,0.7184224980305137,0.2906189862612574,1.4734814420470792,0.6601104800630235,0.021302774860812557,0.006792711088102643,0.6669031911511262,0.638807705202211,0.724020533144474,0.0,0.0,0.0,0.0,0.6679999999999999,0.020000000000000018,0.020000000000000018,0.688,0.6479999999999999,0.0
me,213Au,134,79,213,1.53912,1.5237288,152.37288,0.78,0.7020000000000001,7.0200000000000005,0.0,0.0,0.0,100.0,0.0,0.0,0.0,0.0,0.0,6604.346996000004,1000.0,3364.346996000062,1000.0,-1126.6530039999961,1414.213562373095,4331.0,1000.0,7731.0,1000.0,0.39670771412349753,0.07544361709236125,0.8670728678870914,0.6663164614293825,0.009889627315575966,0.0004660800611876459,0.6667825414905701,0.6564268341138065,0.39405092999443875,0.0,0.0,0.0,0.0,0.6679999999999999,0.020000000000000018,0.020000000000000018,0.688,0.6479999999999999,0.0
me,214Au,135,79,214,0.42249,0.4182651,41.82650999999999,0.68,0.6120000000000001,6.120000000000001,0.0,0.0,0.0,100.0,0.0,0.0,0.0,0.0,0.0,7953.346996000164,1000.0,3257.346996000091,1000.0,277.3469960001639,1414.213562373095,3346.0,1000.0,7676.0,1000.0,0.7677605812242438,0.319505140045364,1.5696490853866454,0.6585316614008242,0.02205499402317046,0.008170812898948943,0.6667024742997731,0.6364766673776537,0.7737829190976918,1.482413682552633,0.027012872034429414,0.013506436017214707,1.509672651442641,0.6679999999999999,0.02,0.02,0.6657296094122926,0.6376162196225899,-0.040024815725992084
me,215Au,136,79,215,0.39855,0.3945645,39.45645,0.93,0.8370000000000001,8.370000000000001,0.0,0.0,0.0,100.0,0.0,0.0,0.0,0.0,0.0,6950.346996000008,1000.0,3736.346996000133,1000.0,-609.6530039999925,1414.213562373095,4214.0,1000.0,7560.0,1000.0,0.47125828347368015,0.12886504837394658,1.003983733165152,0.6643760263462106,0.01211187994469698,0.003026028992407004,0.6674020553386176,0.6522641464015136,0.47038322952808814,0.0,0.0,0.0,0.0,0.6679999999999999,0.020000000000000018,0.020000000000000018,0.688,0.6479999999999999,0.0
me,216Au,137,79,216,0.3002,0.297198,29.719800000000006,0.9,0.81,8.1,0.0,0.0,0.0,100.0,0.0,0.0,0.0,0.0,0.0,8368.346995999673,1000.0,3731.346995999797,1000.0,937.3469959996727,1414.213562373095,3216.0,1000.0,7431.0,1000.0,0.8535748405359055,0.3683693142240133,1.7378072246185756,0.6566428025514255,0.025533163782354262,0.009815350877454443,0.6664581534288799,0.6311096387690712,0.860057854987681,0.22845081751487517,0.08686476760621396,0.04343238380310698,0.3312727541256736,0.6679999999999999,0.02,0.02,0.6662383505246529,0.6666436362293716,0.07016836959519424
me,217Au,138,79,217,0.18921,0.1873179,18.73179,0.95,0.855,8.55,0.0,0.0,0.0,100.0,0.0,0.0,0.0,0.0,0.0,7488.346996000018,1000.0,4342.346995999673,1000.0,249.34699600001844,1414.213562373095,4023.0,1000.0,7239.0,1000.0,0.5872982019710887,0.21040126565266676,1.2203390254059348,0.6629016143842312,0.015835514425874497,0.004883971693589451,0.6677855860778207,0.6470660999583567,0.5912479427717626,0.4567020902033779,0.024346711906537102,0.012173355953268551,0.48169730125435267,0.6679999999999999,0.02,0.02,0.6657069470512056,0.6640941728661325,0.020828406488094288
me,218Au,139,79,218,0.16808,0.16639920000000002,16.63992,0.92,0.8280000000000001,8.280000000000001,0.0,0.0,0.0,100.0,0.0,0.0,0.0,0.0,0.0,8964.346995999904,1000.0,4457.346996000137,1000.0,1915.3469959999038,1414.213562373095,3026.0,1000.0,7049.0,1000.0,0.9773115290977797,0.4369887732433062,1.9814539737612615,0.6531167849524799,0.029538594558898845,0.012184518169950809,0.6653013031224307,0.6235781903935811,0.9842354370951653,0.1311950513794394,0.16918000705823658,0.013078725181661366,0.3832688117507723,0.6679999999999999,0.02,0.02,0.6657223383280882,0.6663836559412462,0.165141914866399
me,219Au,140,79,219,0.14101,0.1395999,13.95999,0.96,0.8640000000000001,8.64,0.0,0.0,0.0,100.0,0.0,0.0,0.0,0.0,0.0,7866.3469959999475,1000.0,4802.3469959999375,1000.0,682.3469959999475,1414.213562373095,4158.0,1000.0,7184.0,1000.0,0.6258168334420228,0.2343806535259803,1.2943654963767524,0.6622578464977175,0.018226831849164293,0.005263966313496793,0.6675218128112143,0.6440310146485532,0.630298460135702,0.20555029441943062,0.0643459200827546,0.0321729600413773,0.2797323657268825,0.6679999999999999,0.02,0.02,0.6660469403207034,0.6670229439770042,0.057022677242821375
me,220Au,141,79,220,0.12334,0.1221066,12.21066,0.87,0.7829999999999999,7.829999999999999,0.01,0.009000000000000001,0.09000000000000001,100.0,0.0,0.0,0.0,0.0,0.0,9456.346996000091,1000.0,4649.3469959999165,1000.0,2085.346996000093,1414.213562373095,3212.0,1000.0,7371.0,1000.0,1.0255285793921007,0.4632917163823943,2.076666981549248,0.6520702427854711,0.03191358902899033,0.012520880872204265,0.6645911236576754,0.6201566537564808,1.032565192192793,0.12836198844196034,0.18307834561559688,0.025419789757977956,0.40667280151761137,0.6679999999999999,0.02,0.02,0.6659321364258857,0.6661198343590244,0.18037409823894268
me,221Au,142,79,221,0.11335999999999999,0.11222639999999999,11.22264,0.92,0.8280000000000001,8.280000000000001,0.0,0.0,0.0,100.0,0.0,0.0,0.0,0.0,0.0,8799.346996000168,1000.0,5591.346996000151,1000.0,1726.3469960001676,1414.213562373095,3860.0,1000.0,7073.0,1000.0,0.8200473252801553,0.3494293321138968,1.672009476590992,0.6571792427955175,0.02336751761665634,0.009373610543912947,0.6665528533394305,0.6338117251788612,0.826367930099368,0.1557978298827195,0.15361691101048908,0.07680845550524454,0.3724116073460477,0.6679999999999999,0.02,0.02,0.6668057437435891,0.6664379419632698,0.15058659714873648
me,222Au,143,79,222,0.06907,0.0683793,6.837930000000001,0.77,0.6930000000000001,6.93,0.01,0.009000000000000001,0.09000000000000001,100.0,0.0,0.0,0.0,0.0,0.0,10410.346996000044,1000.0,6000.346996000258,1000.0,3755.346996000044,1414.213562373095,2795.0,1000.0,6655.0,1000.0,1.242022982596741,0.5793226758440023,2.505406342287715,0.6461770577135336,0.03847168603589135,0.01678836087971436,0.662965418593248,0.6077053716776423,1.2494044240117073,0.11751997348595024,0.316628832618983,0.11946291624509894,0.6543635832944182,0.6667168558369051,0.005058491086087913,0.0006193845768106554,0.6673362404137158,0.6616583647508172,0.3189067102018744
me,223Au,144,79,223,0.07096000000000001,0.07025039999999999,7.025039999999999,0.94,0.846,8.459999999999999,0.0,0.0,0.0,100.0,0.0,0.0,0.0,0.0,0.0,9825.346995999553,1000.0,7019.34699599958,1000.0,3644.346995999553,1414.213562373095,3387.0,1000.0,6181.0,1000.0,1.0561023419592621,0.4798675733420408,2.1371021690093044,0.6517950789223667,0.03393075700670156,0.012348496597398229,0.6641435755197649,0.6178643219156651,1.0632118358314038,0.11770321937042623,0.3078399652819684,0.1140735881512506,0.6374146792315767,0.6667608001735901,0.0047465084374532784,0.000537714943468659,0.6672985151170587,0.6620142917361368,0.31002421001938635
me,224Au,145,79,224,0.05245,0.0519255,5.192549999999999,0.79,0.7110000000000001,7.11,0.04,0.036000000000000004,0.36000000000000004,100.0,0.0,0.0,0.0,0.0,0.0,11450.346996000007,1000.0,7463.3469959997665,1000.0,5704.346996000008,1414.213562373095,2359.0,1000.0,5746.0,1000.0,1.4763518921716599,0.7023902805808003,2.970917969116888,0.6386986280974769,0.04337409688563321,0.02192488292393746,0.6606235110214144,0.5953245312118437,1.4838937324881554,0.11529354709986726,0.47023221987747893,0.20836930315272628,0.9543922581022078,0.664403730063308,0.01046185135498745,0.0034042076020120993,0.6678079376653201,0.6539418787083205,0.4736392417997122
me,225Au,146,79,225,0.04988,0.04938119999999999,4.9381200000000005,0.94,0.846,8.459999999999999,0.0,0.0,0.0,100.0,0.0,0.0,0.0,0.0,0.0,10886.346995999702,1000.0,8513.34699599995,1000.0,5594.346995999702,1414.213562373095,2933.0,1000.0,5292.0,1000.0,1.2955567059683861,0.6076208477289226,2.6116517362896805,0.6439821750552962,0.039670523319006556,0.01865778714239641,0.6626399621976926,0.6043116517362896,1.30298942643404,0.1153045192758736,0.4615746663062789,0.20358643923113023,0.9373333285933602,0.6646374840097304,0.010081483839091354,0.0032230651587271675,0.6678605491684576,0.6545560001706391,0.46495186391472815
me,226Au,147,79,226,0.03851,0.0381249,3.81249,0.77,0.6930000000000001,6.93,0.1,0.09000000000000001,0.9,100.0,0.0,0.0,0.0,0.0,0.0,12502.346995999917,1000.0,8962.346995999791,1000.0,7648.346995999915,1414.213562373095,1921.0,1000.0,4854.0,1000.0,1.7144124374172935,0.825804387357914,3.444739507889423,0.6322793781291354,0.040350470747476774,0.02480775167313798,0.6570871298022734,0.5919289073816586,1.7220509334802627,0.11568045603041156,0.6236232128733055,0.29104473218640053,1.2578848935239877,0.6623039125296605,0.016777193164143944,0.004594595416289038,0.6668985079459495,0.6455267193655165,0.6273167163729668
me,227Au,148,79,227,0.04485,0.044401499999999997,4.44015,0.91,0.8190000000000001,8.19,0.01,0.009000000000000001,0.09000000000000001,100.0,0.0,0.0,0.0,0.0,0.0,11957.346996000071,1000.0,10022.346995999964,1000.0,7559.346996000069,1414.213562373095,2477.0,1000.0,4398.0,1000.0,1.538350988990083,0.7346589237095267,3.0942474379191243,0.6370713312091885,0.042509392699129456,0.022519583232106677,0.6595909144412951,0.594561938510059,1.5459218496084213,0.11564733055150334,0.6165802645572158,0.28731272785787726,1.243912335876015,0.6624518144442985,0.016352220215214985,0.004487745549264899,0.6669395599935634,0.6460995942290835,0.620266131028533
me,228Au,149,79,228,0.0274,0.027126,2.7126,0.7,0.63,6.3,0.17,0.15300000000000002,1.5300000000000002,100.0,0.0,0.0,0.0,0.0,0.0,13532.346996000117,1000.0,10441.346996000288,1000.0,9543.346996000117,1414.213562373095,1513.0,1000.0,3989.0,1000.0,1.9456625268928351,0.9446666728550082,3.9055591316190075,0.6241150620966075,0.04806515865032068,0.030176937680612248,0.6542919997772197,0.5760499034462868,1.9534508739709855,0.11653243222678239,0.7742010138231277,0.369940441652307,1.5571231156732723,0.6583255675576599,0.021610906755452075,0.008124730234078559,0.6664502977917385,0.6367146608022078,0.7779885717034339
me,229Au,150,79,229,0.03138,0.031066200000000002,3.10662,0.91,0.8190000000000001,8.19,0.04,0.036000000000000004,0.36000000000000004,100.0,0.0,0.0,0.0,0.0,0.0,12959.346995999567,1000.0,11457.346995999682,1000.0,9375.346995999567,1414.213562373095,2072.0,1000.0,3584.0,1000.0,1.7634994329080789,0.8511068830649234,3.542518222131406,0.6298250283545961,0.040213166129195344,0.02685726151636514,0.6566822898709612,0.5896118622254007,1.771157817363739,0.1164490630572683,0.760802750854711,0.36297666986712734,1.5304658005037188,0.6587543119726492,0.0215331621822199,0.007730804678015124,0.6664851166506643,0.6372211497904293,0.7645844995081424
me,230Au,151,79,230,0.025240000000000002,0.0249876,2.49876,0.6,0.54,5.4,0.36,0.324,3.24,100.0,0.0,0.0,0.0,0.0,0.0,14446.346995999875,1000.0,11799.346995999551,1000.0,11217.346995999875,1414.213562373095,1157.0,1000.0,3229.0,1000.0,2.1512746976132795,1.04975217386081,4.315608079691313,0.617354110885922,0.060465731029870295,0.034498119549330686,0.6518522304352526,0.5568883798560517,2.1592344176769256,0.11742051608987014,0.9082546527459064,0.4391926033777464,1.82406800263408,0.6556028325011474,0.028373008585437898,0.009638967207653448,0.6652417997088008,0.6272298239157095,0.9120978648066521
me,231Au,152,79,231,0.01944,0.0192456,1.9245599999999998,0.85,0.765,7.65,0.13,0.11699999999999999,1.17,100.0,0.0,0.0,0.0,0.0,0.0,13818.346995999716,1000.0,12725.346995999938,1000.0,10942.346995999718,1414.213562373095,1719.0,1000.0,2876.0,1000.0,1.958570897760227,0.951278548109906,3.9312943575561103,0.6239214365335966,0.0485663841876115,0.030132535734446853,0.6540539722680434,0.575355052345985,1.966372727870941,0.11726680432064943,0.8861647014347925,0.42782697342974246,1.780054729047022,0.6561213647770433,0.02712410122939446,0.009427306940353652,0.665548671717397,0.6289972635476488,0.8899958364367485
me,212Hg,132,80,212,20.599,20.39301,2039.301,0.02,0.018000000000000002,0.18000000000000002,0.0,0.0,0.0,100.0,0.0,0.0,0.0,0.0,0.0,4571.0,361.0,1027.0,303.0,-3876.0,413.185188505106,3544.0,205.0,8447.0,201.0,0.18941503663972342,0.0684659024121416,0.3932218941036528,0.6679999999999999,0.02,0.02,0.6666639203410064,0.6663338905294818,0.19077701379498466,0.0,0.0,0.0,0.0,0.6679999999999999,0.020000000000000018,0.020000000000000018,0.688,0.6479999999999999,0.0
me,213Hg,133,80,213,9.907169999999999,9.8080983,980.80983,0.04,0.036000000000000004,0.36000000000000004,0.0,0.0,0.0,100.0,0.0,0.0,0.0,0.0,0.0,6416.0,301.0,1680.0,361.0,-1864.8259,305.1028966263021,4737.0,202.0,8280.8259,49.8676,0.29969192728612987,0.13738303767040233,0.6058056546958078,0.6668033887998526,0.0041253075484646295,0.0006582924638403043,0.6674616812636929,0.6626780812513879,0.3014174991026521,0.0,0.0,0.0,0.0,0.6679999999999999,0.020000000000000018,0.020000000000000018,0.688,0.6479999999999999,0.0
me,214Hg,134,80,214,5.47294,5.4182106,541.82106,0.1,0.09000000000000001,0.9,0.0,0.0,0.0,100.0,0.0,0.0,0.0,0.0,0.0,5306.0,445.0,1915.0,401.0,-2821.0,525.76135270672,3391.0,197.0,8127.0,280.0,0.33866529933934075,0.15016357054422588,0.6873105925690085,0.6666066735033033,0.005640195947252513,0.00094447149050636,0.6675511449938096,0.6609664775560508,0.34131989217549563,0.0,0.0,0.0,0.0,0.6679999999999999,0.020000000000000018,0.020000000000000018,0.688,0.6479999999999999,0.0
me,215Hg,135,80,215,0.39519,0.3912381,39.12381,0.04,0.036000000000000004,0.36000000000000004,0.0,0.0,0.0,100.0,0.0,0.0,0.0,0.0,0.0,7079.0,500.0,2574.0,445.0,-817.0,583.6103151932804,4506.0,358.0,7896.0,301.0,0.44562030923265017,0.20024288971642043,0.9029420482839399,0.6650682516507185,0.009274165388940325,0.002829076562400945,0.6678973282131194,0.6557940862617782,0.4484775375723839,0.0,0.0,0.0,0.0,0.6679999999999999,0.020000000000000018,0.020000000000000018,0.688,0.6479999999999999,0.0
me,216Hg,136,80,216,1.29798,1.2850001999999998,128.50002,0.2,0.18000000000000002,1.8,0.0,0.0,0.0,100.0,0.0,0.0,0.0,0.0,0.0,6050.0,500.0,2819.0,500.0,-1687.0,614.9504045042983,3231.0,424.0,7737.0,358.0,0.48512223420392075,0.21920339959976737,0.982334978596584,0.6640016996764941,0.011065758905971168,0.0036870629279084355,0.6676887626044026,0.652935940770523,0.48794427859783174,0.0,0.0,0.0,0.0,0.6679999999999999,0.020000000000000018,0.020000000000000018,0.688,0.6479999999999999,0.0
me,217Hg,137,80,217,0.3026,0.29957399999999995,29.9574,0.09,0.081,0.8099999999999999,0.0,0.0,0.0,100.0,0.0,0.0,0.0,0.0,0.0,5903.346995999755,1000.0,1381.3469959998874,1000.0,-1876.6530040002453,1414.213562373095,3144.0,1000.0,7780.0,1000.0,0.47556298753253917,0.13191922934942674,1.011950113469925,0.6642597993366214,0.01206735035785067,0.0031636352688246827,0.6674234346054461,0.6521924489787707,0.475003482158063,0.0,0.0,0.0,0.0,0.6679999999999999,0.020000000000000018,0.020000000000000018,0.688,0.6479999999999999,0.0
me,218Hg,138,80,218,0.4794,0.47460600000000003,47.4606,0.15,0.135,1.35,0.0,0.0,0.0,100.0,0.0,0.0,0.0,0.0,0.0,4929.346996000277,1000.0,1396.3469959999875,1000.0,-2718.6530039997233,1414.213562373095,4505.0,1000.0,7648.0,1000.0,0.08165534709372116,0.04082767354686058,0.5552635213197435,0.6679999999999999,0.02,0.02,0.6661940704502967,0.663157891829442,0.06515137461851918,0.0,0.0,0.0,0.0,0.6679999999999999,0.020000000000000018,0.020000000000000018,0.688,0.6479999999999999,0.0
me,219Hg,139,80,219,0.18903,0.18713970000000002,18.71397,0.14,0.126,1.2600000000000002,0.0,0.0,0.0,100.0,0.0,0.0,0.0,0.0,0.0,6303.346996000073,1000.0,1865.346996000266,1000.0,-1261.653003999927,1414.213562373095,3061.0,1000.0,7565.0,1000.0,0.552667748619527,0.18752954273717443,1.1546703563116498,0.6631786580110437,0.013692120481951453,0.004634048788116574,0.6678127067991603,0.6494865375290922,0.5558251054414141,0.0,0.0,0.0,0.0,0.6679999999999999,0.020000000000000018,0.020000000000000018,0.688,0.6479999999999999,0.0
me,220Hg,140,80,220,0.24239000000000002,0.23996610000000002,23.99661,0.23,0.207,2.0700000000000003,0.0,0.0,0.0,100.0,0.0,0.0,0.0,0.0,0.0,5326.346995999757,1000.0,1496.3469959998968,1000.0,-2536.6530040002435,1414.213562373095,4803.0,1000.0,7863.0,1000.0,0.0999222600795396,0.0499611300397698,0.5976489514265539,0.6679999999999999,0.02,0.02,0.6663493392106761,0.6628188083885875,0.07787070374330506,0.0,0.0,0.0,0.0,0.6679999999999999,0.020000000000000018,0.020000000000000018,0.688,0.6479999999999999,0.0
me,221Hg,141,80,221,0.16999,0.1682901,16.82901,0.21,0.18899999999999997,1.89,0.0,0.0,0.0,100.0,0.0,0.0,0.0,0.0,0.0,6873.346996000008,1000.0,2118.34699599974,1000.0,-1132.6530039999907,1414.213562373095,3204.0,1000.0,8006.0,1000.0,0.6205643781677453,0.23086489287513945,1.28440984167967,0.6623681480584773,0.017928951567343754,0.005192338119896167,0.6675604861783735,0.6444391964911336,0.625012059546636,0.0,0.0,0.0,0.0,0.6679999999999999,0.020000000000000018,0.020000000000000018,0.688,0.6479999999999999,0.0
me,222Hg,142,80,222,0.23986999999999997,0.23747129999999997,23.74713,0.23,0.207,2.0700000000000003,0.0,0.0,0.0,100.0,0.0,0.0,0.0,0.0,0.0,6149.346996000077,1000.0,2463.3469960002217,1000.0,-1459.6530039999234,1414.213562373095,4406.0,1000.0,7609.0,1000.0,0.3103572476332681,0.15517862381663405,4.009779536280604,0.6667482137618336,0.09367851335818012,0.000838036604882908,0.6675862503667165,0.5730697004036535,0.4161241829485516,0.0,0.0,0.0,0.0,0.6679999999999999,0.020000000000000018,0.020000000000000018,0.688,0.6479999999999999,0.0
me,223Hg,143,80,223,0.13527,0.1339173,13.391729999999999,0.16,0.14400000000000002,1.4400000000000002,0.0,0.0,0.0,100.0,0.0,0.0,0.0,0.0,0.0,7739.346996000222,1000.0,3343.346996000104,1000.0,532.3469960002221,1414.213562373095,2801.0,1000.0,7207.0,1000.0,0.8212446799821361,0.34985846738251797,1.6744955690694159,0.6571600851202858,0.023420456623298835,0.009390622542801652,0.6665507076630874,0.633739628496987,0.8275889543294906,1.1077089461704877,0.050785916905845975,0.025392958452922988,1.1596584608810767,0.6679999999999999,0.02,0.02,0.6659316802936996,0.6493119538691623,0.07314196081401314
me,224Hg,144,80,224,0.12787,0.12659130000000002,12.65913,0.2,0.18000000000000002,1.8,0.0,0.0,0.0,100.0,0.0,0.0,0.0,0.0,0.0,7089.346995999904,1000.0,3752.3469959999825,1000.0,306.3469959999038,1414.213562373095,3982.0,1000.0,6783.0,1000.0,0.5311714196629007,0.1725696809084047,1.1144402383372525,0.6633506286426968,0.012456036984500596,0.004357359123662086,0.6677079877663589,0.6508945916581962,0.5334260775512084,1.0693633077045759,0.029767061102044114,0.014883530551022057,1.0995445902133658,0.6679999999999999,0.02,0.02,0.6657530200193673,0.6514040986880797,-0.02367451294940838
me,225Hg,145,80,225,0.09498999999999999,0.0940401,9.40401,0.31,0.27899999999999997,2.79,0.0,0.0,0.0,100.0,0.0,0.0,0.0,0.0,0.0,8705.346996000117,1000.0,4716.346996000151,1000.0,2353.346996000117,1414.213562373095,2370.0,1000.0,6352.0,1000.0,1.0417106568585697,0.47186386732697594,2.1087608820115373,0.6519246040882729,0.033039995840688285,0.012435071493898775,0.6643596755821717,0.6188846082475846,1.0488091422915458,0.14480755374618354,0.20507518552304718,0.027640167696007523,0.4561231079188839,0.6679999999999999,0.02,0.02,0.6659698828508321,0.6647846760861901,0.20638485059770756
me,226Hg,146,80,226,0.09391000000000001,0.0929709,9.297089999999999,0.4,0.36000000000000004,3.6,0.0,0.0,0.0,100.0,0.0,0.0,0.0,0.0,0.0,8102.346996000051,1000.0,5165.346995999993,1000.0,2196.346996000051,1414.213562373095,3536.0,1000.0,5906.0,1000.0,0.7625274745278832,0.3162093955541701,1.5595757413701046,0.6586991208151077,0.022031059901139738,0.008019832207121325,0.666718953022229,0.636668060913968,0.7685291594471783,0.12725689066622325,0.1923318024585368,0.032825699812674025,0.42295235327520775,0.6679999999999999,0.02,0.02,0.6660580368968154,0.6656802864615694,0.19039262577099725
me,227Hg,147,80,227,0.07522000000000001,0.0744678,7.446779999999999,0.44,0.396,3.96,0.0,0.0,0.0,100.0,0.0,0.0,0.0,0.0,0.0,9728.3469959998,1000.0,6167.346995999947,1000.0,4261.3469959998,1414.213562373095,1931.0,1000.0,5467.0,1000.0,1.2732161777885245,0.5956448180237612,2.5674002930172213,0.6448981367106705,0.039424547259290565,0.01793670474513931,0.6628348414558098,0.60547358945138,1.2806535589694976,0.11647934453006441,0.35716941108155853,0.14395605607010462,0.732852024353055,0.6665141529445922,0.006865417723889933,0.0009935394478985948,0.6675076923924907,0.6596487352207022,0.35995516372844577
me,228Hg,148,80,228,0.06883,0.06814169999999999,6.81417,0.46,0.414,4.1400000000000015,0.0,0.0,0.0,100.0,0.0,0.0,0.0,0.0,0.0,9159.346996000068,1000.0,6637.346995999973,1000.0,4140.3469960000675,1414.213562373095,3088.0,1000.0,5019.0,1000.0,1.0000134143642712,0.4491821190785913,2.026383346478158,0.6522998792707215,0.030081596476326022,0.012672203514156544,0.6649720827848781,0.6222182827943955,1.0070158727169036,0.11678070547399613,0.3475998435458204,0.13820990591921442,0.7142923365206331,0.6665620007822709,0.006319355550931216,0.0009054685591636247,0.6674674693414345,0.6602426452313397,0.35027071384526787
me,229Hg,149,80,229,0.04307,0.042639300000000005,4.263929999999998,0.42,0.37799999999999995,3.78,0.0,0.0,0.0,100.0,0.0,0.0,0.0,0.0,0.0,10779.346996000186,1000.0,7657.346996000182,1000.0,6193.346996000186,1414.213562373095,1498.0,1000.0,4586.0,1000.0,1.509560819433358,0.7195254481493354,3.0370542853951985,0.6376183444307663,0.04442904158128147,0.022456841228454927,0.6600751856592212,0.5931893028494848,1.5171447656154633,0.11556200297340712,0.5096412366600529,0.22984108645043855,1.0322201939819238,0.6635228701067195,0.011512851852556794,0.004048877942325668,0.6675717480490452,0.6520100182541627,0.5131641663610935
me,230Hg,150,80,230,0.0473,0.046827,4.6827000000000005,0.56,0.504,5.040000000000001,0.0,0.0,0.0,100.0,0.0,0.0,0.0,0.0,0.0,10222.346995999942,1000.0,8132.346995999865,1000.0,6079.346995999941,1414.213562373095,2645.0,1000.0,4143.0,1000.0,1.2383038924818186,0.5771663916817763,2.4981253848234295,0.6463295404082454,0.03837142733777177,0.01665312845830036,0.6629826688665458,0.6079581130704736,1.2457054924368858,0.11555183194411342,0.5006383783450256,0.22493578072645964,1.014438934726174,0.6635948929732398,0.01142484338577543,0.00403081343876921,0.667625706412009,0.6521700495874644,0.5041411158889532
me,231Hg,151,80,231,0.03688,0.036511199999999994,3.6511199999999997,0.69,0.621,6.209999999999999,0.0,0.0,0.0,100.0,0.0,0.0,0.0,0.0,0.0,11799.346996000168,1000.0,9129.346996000162,1000.0,8065.3469960001685,1414.213562373095,1090.0,1000.0,3734.0,1000.0,1.7384402003016133,0.8380475444468896,3.4926744156319547,0.6310779899849194,0.039868106219398736,0.025813249303930363,0.6568912392888497,0.5912098837655206,1.7461162815690041,0.11612046035101863,0.6578942924462318,0.30905308742528753,1.325957808397717,0.661584219858629,0.01835529164337879,0.0051705147042444555,0.6667547345628735,0.6432289282152502,0.6616313532888889
me,232Hg,152,80,232,0.03107,0.030759300000000003,3.07593,0.71,0.639,6.39,0.0,0.0,0.0,100.0,0.0,0.0,0.0,0.0,0.0,11240.346996000198,1000.0,9569.346996000217,1000.0,7922.346996000198,1414.213562373095,2228.0,1000.0,3318.0,1000.0,1.466609943785101,0.6971455244244907,2.951629821789757,0.6390688221361661,0.041738323602300786,0.02169112185091948,0.6607599439870856,0.5973304985338653,1.4741723511219025,0.11606058541694757,0.6465333895450589,0.3030637177594989,1.3034013239762865,0.6618227988195537,0.01809762794703207,0.0049618825916487586,0.6667846814112025,0.6437251708725217,0.6502610942125321
me,217Tl,136,81,217,3.10764,3.0765636,307.65636,0.72,0.648,6.48,0.0,0.0,0.0,100.0,0.0,0.0,0.0,0.0,0.0,6399.0,500.0,3079.0,447.0,-1826.0,585.6833615529811,3321.0,361.0,8225.0,305.0,0.5272599683689164,0.24449471996022132,1.0643432872226342,0.6633819202530487,0.011661009838052405,0.004028637827388937,0.6674105580804376,0.6517209104149962,0.5304319636374712,0.0,0.0,0.0,0.0,0.6679999999999999,0.020000000000000018,0.020000000000000018,0.688,0.6479999999999999,0.0
me,218Tl,137,81,218,1.4366,1.422234,142.2234,0.59,0.5309999999999999,5.31,0.0,0.0,0.0,100.0,0.0,0.0,0.0,0.0,0.0,8081.0,500.0,3379.0,500.0,58.0,616.7017107159667,4702.0,424.0,8023.0,361.0,0.575286296705281,0.2679484295652288,1.1606684855023555,0.6629977096263577,0.013721106618940215,0.004154857648424715,0.6671525672747824,0.6492766030074175,0.5784581649750471,0.08791748586749143,0.005766468484355521,0.0028832342421777606,0.09387286144219724,0.6679999999999999,0.02,0.02,0.665549014982117,0.6670958386445174,-0.013917161695407231
me,219Tl,138,81,219,0.77118,0.7634681999999999,76.34682,0.87,0.7829999999999999,7.829999999999999,0.0,0.0,0.0,100.0,0.0,0.0,0.0,0.0,0.0,6692.346996000197,1000.0,3374.3469959998256,1000.0,-1275.6530039998033,1414.213562373095,4437.0,1000.0,7968.0,1000.0,0.3947397932655138,0.07328848049432113,0.86398980634255,0.6663263010336724,0.009850137935153214,0.0004196031347311058,0.6667459041684035,0.6564761630985192,0.3918688925686292,0.0,0.0,0.0,0.0,0.6679999999999999,0.020000000000000018,0.020000000000000018,0.688,0.6479999999999999,0.0
me,220Tl,139,81,220,0.40299,0.3989601,39.89601,0.56,0.504,5.040000000000001,0.0,0.0,0.0,100.0,0.0,0.0,0.0,0.0,0.0,7565.346996000244,1000.0,2862.3469960003367,1000.0,-698.653003999756,1414.213562373095,3827.0,1000.0,8264.0,1000.0,0.6325149408728976,0.2378623793817578,1.307649747494584,0.662117186241669,0.01848548068654987,0.005366327585131669,0.6674835138268007,0.6436317055551192,0.6371121382350102,0.0,0.0,0.0,0.0,0.6679999999999999,0.020000000000000018,0.020000000000000018,0.688,0.6479999999999999,0.0
me,221Tl,140,81,221,0.38259,0.37876409999999994,37.87641,0.93,0.8370000000000001,8.370000000000001,0.0,0.0,0.0,100.0,0.0,0.0,0.0,0.0,0.0,5987.346995999815,1000.0,2810.3469959999748,1000.0,-2591.653004000185,1414.213562373095,4752.0,1000.0,8579.0,1000.0,0.22534950312712895,0.11267475156356448,0.6159924726453376,0.6679999999999999,0.02,0.02,0.667288723260945,0.6624641580744478,0.20096646948566194,0.0,0.0,0.0,0.0,0.6679999999999999,0.020000000000000018,0.020000000000000018,0.688,0.6479999999999999,0.0
me,222Tl,141,81,222,0.29138000000000003,0.28846619999999995,28.84662,0.66,0.5940000000000001,5.94,0.0,0.0,0.0,100.0,0.0,0.0,0.0,0.0,0.0,6817.346995999969,1000.0,2301.34699599996,1000.0,-1616.653004000031,1414.213562373095,3683.0,1000.0,8434.0,1000.0,0.5362553852506099,0.17582198270530347,1.1241240919599371,0.6633099569179951,0.012754300136592955,0.004420796960942108,0.6677307538789372,0.6505556567814021,0.5387755771502852,0.0,0.0,0.0,0.0,0.6679999999999999,0.020000000000000018,0.020000000000000018,0.688,0.6479999999999999,0.0
me,223Tl,142,81,223,0.33131,0.3279969,32.799690000000005,0.8,0.7200000000000001,7.2,0.0,0.0,0.0,100.0,0.0,0.0,0.0,0.0,0.0,5441.3469959997665,1000.0,2421.346995999851,1000.0,-2632.6530040002344,1414.213562373095,4392.0,1000.0,8074.0,1000.0,0.1934144682843113,0.09670723414215565,0.7618679819662415,0.6679999999999999,0.02,0.02,0.6671440229804166,0.6587202245770802,0.1699605087033633,0.0,0.0,0.0,0.0,0.6679999999999999,0.020000000000000018,0.020000000000000018,0.688,0.6479999999999999,0.0
me,224Tl,143,81,224,0.24461,0.24216390000000002,24.21639,0.47,0.423,4.23,0.0,0.0,0.0,100.0,0.0,0.0,0.0,0.0,0.0,6663.3469959997465,1000.0,2104.3469959998442,1000.0,-1059.6530040002544,1414.213562373095,3332.0,1000.0,7723.0,1000.0,0.5676909960095674,0.1971440477797452,1.1833287474959309,0.6630584720319234,0.014574978194280885,0.004821536302534901,0.6678800083344583,0.6484834938376425,0.5712897959771326,0.0,0.0,0.0,0.0,0.6679999999999999,0.020000000000000018,0.020000000000000018,0.688,0.6479999999999999,0.0
me,225Tl,144,81,225,0.27952,0.2767248,27.67248,0.76,0.684,6.84,0.0,0.0,0.0,100.0,0.0,0.0,0.0,0.0,0.0,5732.3469959997055,1000.0,2674.34699599978,1000.0,-1583.6530040002945,1414.213562373095,3985.0,1000.0,7316.0,1000.0,0.31134633694200137,0.15567316847100068,1.3952887490803314,0.66674326831529,0.025039620795057282,0.0008464438640071181,0.6675897121792971,0.6417036475202327,0.2693271893567871,0.0,0.0,0.0,0.0,0.6679999999999999,0.020000000000000018,0.020000000000000018,0.688,0.6479999999999999,0.0
me,226Tl,145,81,226,0.17676,0.1749924,17.499239999999997,0.74,0.6659999999999999,6.66,0.0,0.0,0.0,100.0,0.0,0.0,0.0,0.0,0.0,7140.346996000062,1000.0,2795.3469959996473,1000.0,223.3469960000621,1414.213562373095,2932.0,1000.0,6917.0,1000.0,0.7071301375771932,0.2832989358138438,1.4518835606580276,0.6604718355975298,0.02084341090253483,0.006511876108517889,0.6669837117060476,0.6396284246949949,0.7126452445238829,0.2664913751640586,0.021868322088075383,0.010934161044037691,0.2892554507008394,0.6679999999999999,0.02,0.02,0.6656858807377486,0.6669181900422907,0.025774996644337078
me,227Tl,146,81,227,0.13957,0.1381743,13.817429999999998,0.84,0.7559999999999999,7.56,0.0,0.0,0.0,100.0,0.0,0.0,0.0,0.0,0.0,6404.346996000186,1000.0,3579.346996000208,1000.0,-84.65300399981426,1414.213562373095,3557.0,1000.0,6489.0,1000.0,0.49034371687097855,0.14282101326442115,1.0390692858288557,0.6638607196444836,0.011912343216943233,0.0036390274483674157,0.667499747092851,0.6519483764275403,0.4907022930365056,0.0,0.0,0.0,0.0,0.6679999999999999,0.020000000000000018,0.020000000000000018,0.688,0.6479999999999999,0.0
me,228Tl,147,81,228,0.10837999999999999,0.1072962,10.729619999999999,0.67,0.603,6.03,0.01,0.009000000000000001,0.09000000000000001,100.0,0.0,0.0,0.0,0.0,0.0,7972.346995999941,1000.0,3882.346996000091,1000.0,1897.346995999942,1414.213562373095,2518.0,1000.0,6075.0,1000.0,0.9042979073221126,0.3962250921896814,1.8378149207540895,0.655745275336404,0.02895535280053485,0.010573599202647554,0.6663188745390516,0.6267899225358692,0.9110245674699545,0.1320289298614682,0.1680674296290844,0.011564063703950717,0.38179225088878677,0.6679999999999999,0.02,0.02,0.6656965890829671,0.666391038745556,0.16391795169442774
me,229Tl,148,81,229,0.09767,0.0966933,9.66933,0.84,0.7559999999999999,7.56,0.0,0.0,0.0,100.0,0.0,0.0,0.0,0.0,0.0,7421.346996000011,1000.0,4850.3469959999375,1000.0,1785.3469960000114,1414.213562373095,3118.0,1000.0,5636.0,1000.0,0.72218882153076,0.2922661129191442,1.4811361555651708,0.6599899577110157,0.021473131622492092,0.006895115046873679,0.6668850727578893,0.6385168260885236,0.7278611358553171,0.14103189193061794,0.15882076585301083,0.07941038292650542,0.37122140193413555,0.6679999999999999,0.02,0.02,0.6668499765097506,0.6664438929903294,0.15264510627326672
me,230Tl,149,81,230,0.051629999999999995,0.051113700000000005,5.11137,0.76,0.684,6.84,0.02,0.018000000000000002,0.18000000000000002,100.0,0.0,0.0,0.0,0.0,0.0,9139.346995999858,1000.0,5331.346995999933,1000.0,3934.346995999858,1414.213562373095,2087.0,1000.0,5205.0,1000.0,1.1573879845684225,0.533883774727783,2.3378191387686647,0.6493914205401052,0.036836899009321855,0.01393750926207249,0.6633289298021777,0.6125545215307834,1.1647275154292585,0.11767407464572865,0.3318305575473421,0.12842193537445212,0.6839082574459702,0.6666408472122632,0.0056029206186286595,0.0007581063353579998,0.6673989535476212,0.6610379265936346,0.3342923104097135
me,231Tl,150,81,231,0.056670000000000005,0.0561033,5.6103299999999985,0.9,0.81,8.1,0.0,0.0,0.0,100.0,0.0,0.0,0.0,0.0,0.0,8763.346995999655,1000.0,6469.346995999854,1000.0,4009.346995999655,1414.213562373095,2667.0,1000.0,4754.0,1000.0,1.0058585388507326,0.452126824637926,2.038056369433248,0.6522472731503434,0.030507584297106538,0.012645302584432638,0.664892575734776,0.6217396888532368,1.0129062055945397,0.11744948694728574,0.337784521421352,0.13206875218587605,0.6954055008059967,0.6666110773928932,0.005814592909819116,0.000813403872408025,0.6674244812653012,0.660796484483074,0.3403269110675901
me,232Tl,151,81,232,0.048889999999999996,0.048401099999999996,4.84011,0.85,0.765,7.65,0.07,0.063,0.6300000000000001,100.0,0.0,0.0,0.0,0.0,0.0,10588.346996000157,1000.0,7092.346995999673,1000.0,6253.346996000155,1414.213562373095,1668.0,1000.0,4335.0,1000.0,1.4550326575756598,0.6909087462029644,2.928710158893459,0.6395087590121249,0.039794615537044664,0.021382157317612838,0.6608909163297377,0.5997141434750802,1.462622818648815,0.11586363362903604,0.5153607561558942,0.23283012269446357,1.0435852260390097,0.6634771139507528,0.01156938098510396,0.004061754699608122,0.6675388686503609,0.6519077329656489,0.5189115778952837
me,233Tl,152,81,233,0.03707,0.036699300000000004,3.6699300000000004,0.94,0.846,8.459999999999999,0.01,0.009000000000000001,0.09000000000000001,100.0,0.0,0.0,0.0,0.0,0.0,10359.346996000113,1000.0,8361.346996000133,1000.0,6465.346996000114,1414.213562373095,2225.0,1000.0,3894.0,1000.0,1.3295062515994596,0.6251221120847049,2.6792644413436357,0.6431508624648119,0.03877159802346819,0.01912157318140928,0.6622724356462212,0.6043792644413437,1.33702671957016,0.11589896392555765,0.5321475613580713,0.2419272543431188,1.0767699965352864,0.6633428195091354,0.011733749477953026,0.004095980693090251,0.6674388002022257,0.6516090700311824,0.5357380054146051
me,219Pb,137,82,219,16.79196,16.624040400000002,1662.4040400000001,0.0,0.0,0.0,0.0,0.0,0.0,100.0,0.0,0.0,0.0,0.0,0.0,4300.0,447.0,-668.0,401.0,-4253.0,490.11223204486544,4968.0,202.0,8553.0,201.0,0.0,0.0,0.0,0.6679999999999999,0.020000000000000018,0.020000000000000018,0.688,0.6479999999999999,0.0,0.0,0.0,0.0,0.0,0.6679999999999999,0.020000000000000018,0.020000000000000018,0.688,0.6479999999999999,0.0
me,220Pb,138,82,220,6.92232,6.853096799999999,685.30968,0.0,0.0,0.0,0.0,0.0,0.0,100.0,0.0,0.0,0.0,0.0,0.0,3171.0,500.0,-261.0,447.0,-5228.0,583.6103151932804,3432.0,361.0,8399.0,301.0,0.0,0.0,0.0,0.6679999999999999,0.020000000000000018,0.020000000000000018,0.688,0.6479999999999999,0.0,0.0,0.0,0.0,0.0,0.6679999999999999,0.020000000000000018,0.020000000000000018,0.688,0.6479999999999999,0.0
me,221Pb,139,82,221,0.5312,0.525888,52.5888,0.0,0.0,0.0,0.0,0.0,0.0,100.0,0.0,0.0,0.0,0.0,0.0,4860.346995999862,1000.0,137.34699599997313,1000.0,-3017.653004000138,1414.213562373095,3175.0,1000.0,7878.0,1000.0,0.3013641765005581,0.15068208825027904,0.7098353404234141,0.6667931791174971,0.006407910011046458,0.0007615955002548969,0.667554774617752,0.6603852691064507,0.29046921559842304,0.0,0.0,0.0,0.0,0.6679999999999999,0.020000000000000018,0.020000000000000018,0.688,0.6479999999999999,0.0
me,222Pb,140,82,222,1.51068,1.4955732,149.55732,0.0,0.0,0.0,0.0,0.0,0.0,100.0,0.0,0.0,0.0,0.0,0.0,4027.3469959997774,1000.0,344.3469959998531,1000.0,-3661.6530040002217,1414.213562373095,4513.0,1000.0,7689.0,1000.0,-0.20546648522145172,-0.10273324261072586,0.5161996623920373,0.6679999999999999,0.020000000000000018,0.020000000000000018,0.688,0.6479999999999999,-0.0698875317677157,0.0,0.0,0.0,0.0,0.6679999999999999,0.020000000000000018,0.020000000000000018,0.688,0.6479999999999999,0.0
me,223Pb,141,82,223,0.93147,0.9221553,92.21553,0.01,0.009000000000000001,0.09000000000000001,0.0,0.0,0.0,100.0,0.0,0.0,0.0,0.0,0.0,5568.3469960004,1000.0,1007.346995999864,1000.0,-1961.6530039995998,1414.213562373095,3017.0,1000.0,7530.0,1000.0,0.4433054395519241,0.0818702528213966,0.9705863691892236,0.665130753132098,0.011771862422910062,0.0017610411658657288,0.6668917942979637,0.653358890709188,0.4376426811078563,0.0,0.0,0.0,0.0,0.6679999999999999,0.020000000000000018,0.020000000000000018,0.688,0.6479999999999999,0.0
me,224Pb,142,82,224,0.72916,0.7218684000000001,72.18684,0.01,0.009000000000000001,0.09000000000000001,0.0,0.0,0.0,100.0,0.0,0.0,0.0,0.0,0.0,4537.346996000451,1000.0,1009.3469960004988,1000.0,-3034.653003999549,1414.213562373095,4556.0,1000.0,7572.0,1000.0,-0.0062371016000403135,-0.0031185508000201568,0.4023331127530988,0.6679999999999999,0.020000000000000018,0.020000000000000018,0.688,0.6479999999999999,-0.0399858366544795,0.0,0.0,0.0,0.0,0.6679999999999999,0.020000000000000018,0.020000000000000018,0.688,0.6479999999999999,0.0
me,225Pb,143,82,225,0.36648000000000003,0.3628152,36.28151999999999,0.02,0.018000000000000002,0.18000000000000002,0.0,0.0,0.0,100.0,0.0,0.0,0.0,0.0,0.0,5828.34699600039,1000.0,1479.3469960005261,1000.0,-1780.6530039996087,1414.213562373095,3053.0,1000.0,7609.0,1000.0,0.47945536098477914,0.1341442849187106,1.0194996384627373,0.6641547052534109,0.012030201999575607,0.0032843047410200388,0.667439009994431,0.6521245032538353,0.47918644917802883,0.0,0.0,0.0,0.0,0.6679999999999999,0.020000000000000018,0.020000000000000018,0.688,0.6479999999999999,0.0
me,226Pb,144,82,226,0.57998,0.5741801999999999,57.41802000000001,0.04,0.036000000000000004,0.36000000000000004,0.0,0.0,0.0,100.0,0.0,0.0,0.0,0.0,0.0,4779.3469959999575,1000.0,1483.3469959999768,1000.0,-2614.6530040000416,1414.213562373095,4341.0,1000.0,7394.0,1000.0,0.08430406232107102,0.04215203116053551,1.056407150617259,0.6679999999999999,0.02,0.02,0.6662165845297291,0.6517923356444446,0.04178121349783032,0.0,0.0,0.0,0.0,0.6679999999999999,0.020000000000000018,0.020000000000000018,0.688,0.6479999999999999,0.0
me,227Pb,145,82,227,0.31545,0.3122955,31.229550000000003,0.06,0.054000000000000006,0.54,0.0,0.0,0.0,100.0,0.0,0.0,0.0,0.0,0.0,6277.346995999777,1000.0,1954.3469959999804,1000.0,-883.6530040002217,1414.213562373095,2821.0,1000.0,7161.0,1000.0,0.5885370616432459,0.21020135096307946,1.2232967127487773,0.662891703506854,0.015946868729553865,0.004896081632552174,0.6677877851394062,0.6469448347773001,0.5925843266821467,0.0,0.0,0.0,0.0,0.6679999999999999,0.020000000000000018,0.020000000000000018,0.688,0.6479999999999999,0.0
me,228Pb,146,82,228,0.26082,0.2582118,25.82118,0.1,0.09000000000000001,0.9,0.0,0.0,0.0,100.0,0.0,0.0,0.0,0.0,0.0,5594.346996000014,1000.0,2187.3469959999275,1000.0,-1311.653003999987,1414.213562373095,4085.0,1000.0,6906.0,1000.0,0.2719292342358964,0.1359646171179482,1.6383161747404498,0.6671087784234051,0.032319947490878076,0.0003429738964205731,0.6674517523198257,0.634788830932527,0.21379182453791146,0.0,0.0,0.0,0.0,0.6679999999999999,0.020000000000000018,0.020000000000000018,0.688,0.6479999999999999,0.0
me,229Pb,147,82,229,0.17703,0.17525970000000002,17.52597,0.15,0.135,1.35,0.0,0.0,0.0,100.0,0.0,0.0,0.0,0.0,0.0,7187.346995999859,1000.0,3023.3469959999397,1000.0,535.3469959998602,1414.213562373095,2566.0,1000.0,6652.0,1000.0,0.7738937763053826,0.3221973872112835,1.5821099049948575,0.6583353991582277,0.02209548735312994,0.008353613905715873,0.6666890130639436,0.6362399118050978,0.7800295079005882,1.0193562860830827,0.051096264878921216,0.025548132439460608,1.0717323735198376,0.6679999999999999,0.02,0.02,0.6659343182514709,0.6516544086383215,0.009428274141646398
me,230Pb,148,82,230,0.18814,0.1862586,18.62586,0.2,0.18000000000000002,1.8,0.0,0.0,0.0,100.0,0.0,0.0,0.0,0.0,0.0,6555.346996000253,1000.0,3379.346995999935,1000.0,184.34699600025303,1414.213562373095,3804.0,1000.0,6371.0,1000.0,0.4755905951301453,0.1311002353484158,1.0125388408808227,0.6642590539314861,0.012071903499413561,0.003158647715952867,0.667417701647439,0.6521871504320725,0.475059989222791,0.41114336709953164,0.018115790029252614,0.009057895014626307,0.4296580723749725,0.6679999999999999,0.02,0.02,0.6656539842152487,0.6654992320458757,0.018671770128596107
me,231Pb,149,82,231,0.09102,0.0901098,9.01098,0.18,0.162,1.62,0.0,0.0,0.0,100.0,0.0,0.0,0.0,0.0,0.0,8164.346996000404,1000.0,4261.346996000451,1000.0,2070.346996000404,1414.213562373095,2290.0,1000.0,6094.0,1000.0,0.9725814123672235,0.4336684671045655,1.9725129676915567,0.65328706915478,0.029574763670153326,0.012103882233396757,0.6653909513881767,0.6237123054846266,0.9795719028413296,0.1291367391202978,0.1824874964623472,0.024368177649313955,0.40604505897303267,0.6679999999999999,0.02,0.02,0.6659142590200383,0.6661367834077281,0.17980010125250556
me,232Pb,150,82,232,0.11400999999999999,0.11286989999999998,11.28699,0.32,0.28800000000000003,2.8800000000000003,0.0,0.0,0.0,100.0,0.0,0.0,0.0,0.0,0.0,7584.346995999795,1000.0,4668.346995999922,1000.0,1801.3469959997947,1414.213562373095,3493.0,1000.0,5783.0,1000.0,0.6897266857275026,0.2724361614065786,1.4183717004236271,0.6609157395997224,0.0200138642158203,0.0061874626248051845,0.6671032022245276,0.6409018753839021,0.6950344239324331,0.13771120372731194,0.16031733555466188,0.0009756032562406869,0.37166071423346336,0.6679999999999999,0.02,0.02,0.6655165852553561,0.6664416964288327,0.1546967572886788
me,233Pb,151,82,233,0.09386,0.09292139999999999,9.29214,0.47,0.423,4.23,0.0,0.0,0.0,100.0,0.0,0.0,0.0,0.0,0.0,9184.346995999704,1000.0,5586.346995999815,1000.0,3695.346995999704,1414.213562373095,1995.0,1000.0,5489.0,1000.0,1.1815602332895851,0.546560963978871,2.3858390675691075,0.6485453918348646,0.03719136852409233,0.014682120453304415,0.663227512288169,0.6113540233107723,1.188957406193018,0.11836453616559367,0.3133392278044828,0.11698360312830114,0.6482894257486036,0.6667333038609775,0.004947381801698292,0.0005855813609205729,0.6673188852218981,0.6617859220592792,0.3156261822800152
me,234Pb,152,82,234,0.0676,0.066924,6.6924,0.49,0.441,4.41,0.0,0.0,0.0,100.0,0.0,0.0,0.0,0.0,0.0,8621.346996000057,1000.0,5994.346995999944,1000.0,3438.3469960000566,1414.213562373095,3187.0,1000.0,5183.0,1000.0,0.9028132596722005,0.39512854099802963,1.835040490531303,0.6557987226518008,0.028920018348802534,0.010525634643208992,0.6663243572950098,0.6268787043029983,0.9095649626553058,0.11894252971396088,0.2928310137353157,0.10419160633042157,0.6088963993440678,0.6668788588489115,0.0042656832351369856,0.00035048239540147463,0.667229341244313,0.6626131756137745,0.2948311696597375
me,221Bi,138,83,221,4.97564,4.9258836000000015,492.58835999999997,0.02,0.018000000000000002,0.18000000000000002,0.0,0.0,0.0,100.0,0.0,0.0,0.0,0.0,0.0,4426.0,301.0,865.0,300.0,-4624.24,302.0503403238606,3561.0236,26.3795,9050.24,25.1676,0.16145225216176617,0.06391536959612429,0.3319326491483514,0.6679999999999999,0.02,0.02,0.6665865612831341,0.6666403367542582,0.1632787351232255,0.0,0.0,0.0,0.0,0.6679999999999999,0.020000000000000018,0.020000000000000018,0.688,0.6479999999999999,0.0
me,222Bi,139,83,222,3.93335,3.8940165,389.40165,0.07,0.063,0.6300000000000001,0.0,0.0,0.0,100.0,0.0,0.0,0.0,0.0,0.0,6464.0,303.0,1105.0,301.0,-2455.830900000001,306.1479590949612,5358.8072,44.5757,8919.8309,43.7901,0.20335135839561086,0.0880969737467091,0.4138208440741817,0.6679999999999999,0.02,0.02,0.666997648553694,0.6659268372099971,0.20532176607602742,0.0,0.0,0.0,0.0,0.6679999999999999,0.020000000000000018,0.020000000000000018,0.688,0.6479999999999999,0.0
me,223Bi,140,83,223,3.4066,3.3725339999999995,337.2534,0.17,0.15300000000000002,1.5300000000000002,0.0,0.0,0.0,100.0,0.0,0.0,0.0,0.0,0.0,5161.0,445.0,1682.0,402.0,-3677.0,486.65593595475644,3479.0,200.0,8838.0,197.0,0.3011189418130428,0.12851176959030133,0.613845177907308,0.6667944052909347,0.004285154026988258,0.0006051770961974512,0.6673995823871322,0.6625092512639464,0.30365332431904973,0.0,0.0,0.0,0.0,0.6679999999999999,0.020000000000000018,0.020000000000000018,0.688,0.6479999999999999,0.0
me,224Bi,141,83,224,2.2795099999999997,2.2567149,225.67149000000003,0.12,0.10800000000000001,1.08,0.0,0.0,0.0,100.0,0.0,0.0,0.0,0.0,0.0,7159.0,445.0,1920.0,445.0,-1560.0,487.87805853512214,5240.0,277.0,8719.0,200.0,0.3404681540290142,0.14794176631903277,0.6926120633836947,0.6665976592298549,0.005742512560912516,0.0009379331343782882,0.6675355923642332,0.6608551466689424,0.34290586506575343,0.0,0.0,0.0,0.0,0.6679999999999999,0.020000000000000018,0.020000000000000018,0.688,0.6479999999999999,0.0
me,225Bi,142,83,225,1.4461600000000001,1.4316984,143.16984,0.26,0.23399999999999999,2.34,0.0,0.0,0.0,100.0,0.0,0.0,0.0,0.0,0.0,5814.346995999813,1000.0,2280.346996000002,1000.0,-2056.653004000187,1414.213562373095,4346.0,1000.0,7871.0,1000.0,0.26528372320290966,0.13264186160145483,1.508103653156767,0.667181879044768,0.02953584845474655,0.00024661398644221233,0.6674284930312102,0.6376460305900215,0.2975473746273201,0.0,0.0,0.0,0.0,0.6679999999999999,0.020000000000000018,0.020000000000000018,0.688,0.6479999999999999,0.0
me,226Bi,143,83,226,0.65074,0.6442325999999999,64.42326,0.16,0.14400000000000002,1.4400000000000002,0.0,0.0,0.0,100.0,0.0,0.0,0.0,0.0,0.0,7393.346995999765,1000.0,2518.346995999831,1000.0,-245.65300400023625,1414.213562373095,3293.0,1000.0,7639.0,1000.0,0.6923173386216057,0.2736847402692984,1.423570185057284,0.6608613358889462,0.0201570029211231,0.006228131968091466,0.6670894678570377,0.6407043329678231,0.6976784068569541,0.0,0.0,0.0,0.0,0.6679999999999999,0.020000000000000018,0.020000000000000018,0.688,0.6479999999999999,0.0
me,227Bi,144,83,227,1.18082,1.1690118,116.90118000000001,0.4,0.36000000000000004,3.6,0.0,0.0,0.0,100.0,0.0,0.0,0.0,0.0,0.0,6413.346995999973,1000.0,3070.346995999965,1000.0,-1197.653004000027,1414.213562373095,4318.0,1000.0,7611.0,1000.0,0.36951554618004245,0.05214928030338806,0.820212396477493,0.6679999999999999,0.02,0.02,0.6663865377651575,0.65717660165636,0.3645520903777387,0.0,0.0,0.0,0.0,0.6679999999999999,0.020000000000000018,0.020000000000000018,0.688,0.6479999999999999,0.0
me,228Bi,145,83,228,0.45633,0.4517667,45.17667,0.22,0.198,1.98,0.0,0.0,0.0,100.0,0.0,0.0,0.0,0.0,0.0,7635.346996000179,1000.0,3006.346995999888,1000.0,-85.6530039998197,1414.213562373095,3403.0,1000.0,7721.0,1000.0,0.7133478204151873,0.2863788454788013,1.464314757254987,0.660272869746714,0.02111683052240343,0.006676962953019228,0.6669498326997332,0.6391560392243105,0.718979216247797,0.0,0.0,0.0,0.0,0.6679999999999999,0.020000000000000018,0.020000000000000018,0.688,0.6479999999999999,0.0
me,229Bi,146,83,229,0.48208999999999996,0.4772691,47.72691,0.54,0.486,4.86,0.0,0.0,0.0,100.0,0.0,0.0,0.0,0.0,0.0,6562.346996000315,1000.0,3471.346996000261,1000.0,-1000.6530039996852,1414.213562373095,4160.0,1000.0,7563.0,1000.0,0.4196964938917565,0.07045805347260281,0.9237563598850507,0.6657681946649225,0.010723423620784378,0.0009295922441117099,0.6666977869090343,0.6550447710441382,0.4148094231820578,0.0,0.0,0.0,0.0,0.6679999999999999,0.020000000000000018,0.020000000000000018,0.688,0.6479999999999999,0.0
me,230Bi,147,83,230,0.29502,0.2920698,29.20698,0.42,0.37799999999999995,3.78,0.0,0.0,0.0,100.0,0.0,0.0,0.0,0.0,0.0,7969.346996000014,1000.0,3386.346995999997,1000.0,638.346996000013,1414.213562373095,3171.0,1000.0,7331.0,1000.0,0.8034000660051407,0.33884707254491875,1.639999273078427,0.6574455989439177,0.02270557786319216,0.009160165693357647,0.6666057646372754,0.6347400210807256,0.8097264408860355,0.2173740246572684,0.060494175677354704,0.030247087838677352,0.2861288624756867,0.6679999999999999,0.02,0.02,0.6660142004932575,0.6669525825127675,0.04145853903400712
me,231Bi,148,83,231,0.15598,0.15442020000000004,15.44202,0.44,0.396,3.96,0.0,0.0,0.0,100.0,0.0,0.0,0.0,0.0,0.0,7283.346995999865,1000.0,4066.34699600006,1000.0,214.34699599986382,1414.213562373095,3898.0,1000.0,7069.0,1000.0,0.5780803601301936,0.20319195099181575,1.2035194030292553,0.6629753571189584,0.015219652643157833,0.00488953142013171,0.6678648885390901,0.6477557044758006,0.5819703131075948,0.21172779764893873,0.021009106944780018,0.010504553472390009,0.23377668641093635,0.6679999999999999,0.02,0.02,0.6656785774090306,0.6675284564494797,0.017973222824162804
me,232Bi,149,83,232,0.09735,0.0963765,9.63765,0.42,0.37799999999999995,3.78,0.0,0.0,0.0,100.0,0.0,0.0,0.0,0.0,0.0,8862.346996000042,1000.0,4367.346995999991,1000.0,2051.346996000042,1414.213562373095,2913.0,1000.0,6811.0,1000.0,0.9863552676178,0.44096887349284153,1.9998239915381097,0.6527912103657592,0.02948857023883089,0.012402630049934138,0.6651938404156933,0.6233026401269283,0.9934095266908407,0.12958953332114126,0.18114230498198017,0.023039234771634914,0.4038663086290408,0.6679999999999999,0.02,0.02,0.6658916669911178,0.6661956096670159,0.1783676158733142
me,233Bi,150,83,233,0.10334000000000002,0.1023066,10.23066,0.6,0.54,5.4,0.0,0.0,0.0,100.0,0.0,0.0,0.0,0.0,0.0,8231.346995999957,1000.0,5264.346996000153,1000.0,1724.3469959999563,1414.213562373095,3594.0,1000.0,6507.0,1000.0,0.777795690194932,0.32415780186263143,1.5898990921672098,0.6582105379137622,0.02211862066493908,0.008468673076924671,0.6666792109906868,0.6360919172488231,0.7839795831376687,0.15220738471151907,0.15408923311782446,0.07704461655891223,0.3706777363296977,0.6679999999999999,0.02,0.02,0.6668097584815015,0.6664466113183515,0.1509423295223387
me,234Bi,151,83,234,0.13805,0.1366695,13.66695,0.78,0.7020000000000001,7.0200000000000005,0.01,0.009000000000000001,0.09000000000000001,100.0,0.0,0.0,0.0,0.0,0.0,9811.34699600034,1000.0,5604.346995999844,1000.0,3593.3469960003385,1414.213562373095,2623.0,1000.0,6218.0,1000.0,1.183778806193071,0.5475250317253949,2.390351664340594,0.6484677417832425,0.03722653339175741,0.014752057962954312,0.6632197997461968,0.6112412083914851,1.1912085613012313,0.11881495261247497,0.30568969405753116,0.11209594357071553,0.6336579577924415,0.6667715515297123,0.004678368643353692,0.0005131200752827025,0.667284671604995,0.6620931828863587,0.30789839860540813
me,235Bi,152,83,235,0.10055,0.09954450000000001,9.95445,0.84,0.7559999999999999,7.56,0.0,0.0,0.0,100.0,0.0,0.0,0.0,0.0,0.0,9233.346996000364,1000.0,6528.346996000504,1000.0,3329.3469960003636,1414.213562373095,3281.0,1000.0,5904.0,1000.0,0.9868324904934495,0.44123016033699025,2.000765760433975,0.6527740303422358,0.029505426520028855,0.012412755328665481,0.6651867856709013,0.623268603822207,0.9938880068659782,0.11961138649920071,0.28455686370143163,0.09868046404251862,0.5932306275036963,0.6669698744992842,0.004115719519313887,0.00020769338943860127,0.6671775678887228,0.6628541549799704,0.28639779245029784
me,220Po,136,84,220,421.17444000000006,416.9626956,41696.26956,0.0,0.0,0.0,0.0,0.0,0.0,100.0,0.0,0.0,0.0,0.0,0.0,887.7139,22.5491,-3203.8769,17.9919,-8979.3921,28.913969168206574,4091.5908,14.3424,9867.106,18.0985,0.0,0.0,0.0,0.6679999999999999,0.020000000000000018,0.020000000000000018,0.688,0.6479999999999999,0.0,0.0,0.0,0.0,0.0,0.6679999999999999,0.020000000000000018,0.020000000000000018,0.688,0.6479999999999999,0.0
me,223Po,139,84,223,4.00515,3.9650985,396.50985,0.0,0.0,0.0,0.0,0.0,0.0,100.0,0.0,0.0,0.0,0.0,0.0,3651.0,196.0,-1946.0,196.0,-5846.3572,196.99354710243682,5596.3382,21.1184,9497.3572,19.76,0.0,0.0,0.0,0.6679999999999999,0.020000000000000018,0.020000000000000018,0.688,0.6479999999999999,0.0,0.0,0.0,0.0,0.0,0.6679999999999999,0.020000000000000018,0.020000000000000018,0.688,0.6479999999999999,0.0
me,224Po,140,84,224,12.26569,12.143033099999998,1214.30331,0.0,0.0,0.0,0.0,0.0,0.0,100.0,0.0,0.0,0.0,0.0,0.0,2199.0,197.0,-1589.0,196.0,-7185.6464,198.89581769159958,3788.3082,26.3631,9384.6464,27.3961,0.0,0.0,0.0,0.6679999999999999,0.020000000000000018,0.020000000000000018,0.688,0.6479999999999999,0.0,0.0,0.0,0.0,0.0,0.6679999999999999,0.020000000000000018,0.020000000000000018,0.688,0.6479999999999999,0.0
me,225Po,141,84,225,6.78719,6.7193181,671.9318099999998,0.0,0.0,0.0,0.0,0.0,0.0,100.0,0.0,0.0,0.0,0.0,0.0,4280.0,424.0,-1202.0,301.0,-4991.0,519.3996534461686,5483.0,301.0,9271.0,300.0,0.0,0.0,0.0,0.6679999999999999,0.020000000000000018,0.020000000000000018,0.688,0.6479999999999999,0.0,0.0,0.0,0.0,0.0,0.6679999999999999,0.020000000000000018,0.020000000000000018,0.688,0.6479999999999999,0.0
me,226Po,142,84,226,4.05044,4.0099356,400.99356,0.0,0.0,0.0,0.0,0.0,0.0,100.0,0.0,0.0,0.0,0.0,0.0,2889.0,500.0,-822.0,500.0,-6305.0,583.6103151932804,3711.0,424.0,9194.0,301.0,0.0,0.0,0.0,0.6679999999999999,0.020000000000000018,0.020000000000000018,0.688,0.6479999999999999,0.0,0.0,0.0,0.0,0.0,0.6679999999999999,0.020000000000000018,0.020000000000000018,0.688,0.6479999999999999,0.0
me,227Po,143,84,227,1.3363,1.322937,132.2937,0.0,0.0,0.0,0.0,0.0,0.0,100.0,0.0,0.0,0.0,0.0,0.0,4850.0,500.0,-451.0,500.0,-4162.0,655.5730317821196,5301.0,424.0,9012.0,424.0,0.0,0.0,0.0,0.6679999999999999,0.020000000000000018,0.020000000000000018,0.688,0.6479999999999999,0.0,0.0,0.0,0.0,0.0,0.6679999999999999,0.020000000000000018,0.020000000000000018,0.688,0.6479999999999999,0.0
me,228Po,144,84,228,2.08545,2.0645955000000002,206.45955,0.0,0.0,0.0,0.0,0.0,0.0,100.0,0.0,0.0,0.0,0.0,0.0,4262.346995999677,1000.0,421.3469959998513,1000.0,-3703.6530040003217,1414.213562373095,4625.0,1000.0,7966.0,1000.0,-0.13576385293569307,-0.06788192646784653,1.1964257607358748,0.6679999999999999,0.020000000000000018,0.020000000000000018,0.688,0.6479999999999999,-0.1392273406884633,0.0,0.0,0.0,0.0,0.6679999999999999,0.020000000000000018,0.020000000000000018,0.688,0.6479999999999999,0.0
me,229Po,145,84,229,0.91533,0.9061767,90.61766999999999,0.0,0.0,0.0,0.0,0.0,0.0,100.0,0.0,0.0,0.0,0.0,0.0,5846.346995999966,1000.0,1171.346995999624,1000.0,-1865.6530040000346,1414.213562373095,3087.0,1000.0,7712.0,1000.0,0.478193356976057,0.13233528220795782,1.0177482410002119,0.6641887793616464,0.012048513530648397,0.0032375676138093334,0.6674263469754558,0.652140265830998,0.4778625594205223,0.0,0.0,0.0,0.0,0.6679999999999999,0.020000000000000018,0.020000000000000018,0.688,0.6479999999999999,0.0
me,230Po,146,84,230,0.8705,0.8617950000000001,86.1795,0.0,0.0,0.0,0.0,0.0,0.0,100.0,0.0,0.0,0.0,0.0,0.0,4889.346995999857,1000.0,1263.3469959999495,1000.0,-2776.6530040001417,1414.213562373095,4579.0,1000.0,7666.0,1000.0,0.06034246895028498,0.03017123447514249,0.9722002992097416,0.6679999999999999,0.02,0.02,0.6660129109860774,0.6533007892284493,0.012859894138964592,0.0,0.0,0.0,0.0,0.6679999999999999,0.020000000000000018,0.020000000000000018,0.688,0.6479999999999999,0.0
me,231Po,147,84,231,0.5423600000000001,0.5369364000000001,53.69364,0.01,0.009000000000000001,0.09000000000000001,0.0,0.0,0.0,100.0,0.0,0.0,0.0,0.0,0.0,6067.346995999969,1000.0,1672.346996000055,1000.0,-1723.653004000031,1414.213562373095,3212.0,1000.0,7791.0,1000.0,0.49370518491431176,0.14413596338957851,1.045979797626017,0.6637699600073136,0.011883778185947769,0.003738991736413455,0.667508951743727,0.6518861818213658,0.49429314947128294,0.0,0.0,0.0,0.0,0.6679999999999999,0.020000000000000018,0.020000000000000018,0.688,0.6479999999999999,0.0
me,232Po,148,84,232,0.57917,0.5733783,57.337830000000004,0.02,0.018000000000000002,0.18000000000000002,0.0,0.0,0.0,100.0,0.0,0.0,0.0,0.0,0.0,4925.3469959999165,1000.0,1572.3469959999186,1000.0,-2776.6530040000835,1414.213562373095,4490.0,1000.0,7702.0,1000.0,0.08379563443988572,0.04189781721994286,5.203017241662076,0.6679999999999999,0.02,0.02,0.666212262892739,0.5240336206834343,-0.09514679003553465,0.0,0.0,0.0,0.0,0.6679999999999999,0.020000000000000018,0.020000000000000018,0.688,0.6479999999999999,0.0
me,233Po,149,84,233,0.22651999999999997,0.22425479999999998,22.42548,0.04,0.036000000000000004,0.36000000000000004,0.0,0.0,0.0,100.0,0.0,0.0,0.0,0.0,0.0,6361.346996000066,1000.0,1958.3469960001125,1000.0,-1091.6530039999343,1414.213562373095,2963.0,1000.0,7453.0,1000.0,0.5810355075365125,0.20476398786558353,1.209352268636461,0.6629517159397078,0.015435158953802652,0.004895880193770852,0.6678475961334787,0.6475165569859052,0.5849956527063623,0.0,0.0,0.0,0.0,0.6679999999999999,0.020000000000000018,0.020000000000000018,0.688,0.6479999999999999,0.0
me,234Po,150,84,234,0.27573000000000003,0.2729727,27.29727,0.08,0.07200000000000001,0.7200000000000001,0.0,0.0,0.0,100.0,0.0,0.0,0.0,0.0,0.0,5691.346995999538,1000.0,2154.346995999571,1000.0,-1474.6530040004618,1414.213562373095,4203.0,1000.0,7166.0,1000.0,0.26890569191360725,0.13445284595680362,0.8044734078403218,0.6671420373889503,0.009713611914395459,0.0002991325327473815,0.6674411699216977,0.6574284254745548,0.2683048730653245,0.0,0.0,0.0,0.0,0.6679999999999999,0.020000000000000018,0.020000000000000018,0.688,0.6479999999999999,0.0
me,235Po,151,84,235,0.23904,0.2366496,23.66496,0.17,0.15300000000000002,1.5300000000000002,0.0,0.0,0.0,100.0,0.0,0.0,0.0,0.0,0.0,7251.3469959999375,1000.0,2986.3469959996783,1000.0,347.3469959999384,1414.213562373095,2701.0,1000.0,6904.0,1000.0,0.7652269875591942,0.31660961766350404,1.5654999418934112,0.6586127363981058,0.022057235294080546,0.008104215513576651,0.6667169519116825,0.6365555011040253,0.7713391616949812,0.18526103169743308,0.03366468406409679,0.016832342032048395,0.22195956136757722,0.6679999999999999,0.02,0.02,0.6657861498145448,0.6676584448249567,0.016340537916164976
me,236Po,152,84,236,0.15821,0.1566279,15.66279,0.22,0.198,1.98,0.0,0.0,0.0,100.0,0.0,0.0,0.0,0.0,0.0,6622.346995999806,1000.0,3342.3469959998997,1000.0,15.346995999805586,1414.213562373095,3906.0,1000.0,6607.0,1000.0,0.4712356429914414,0.1267181731271737,1.0053138773923993,0.664376637639231,0.012124462535762603,0.0030103895726592,0.6673870272118902,0.6522521751034684,0.4703963591307402,1.6903096957169421,0.0015321963631716926,0.0007660981815858463,1.6918425865165294,0.6679999999999999,0.02,0.02,0.6655130236690869,0.6332365649910207,0.043895443135235836
me,225At,140,85,225,4.70464,4.657593599999999,465.75936000000013,0.0,0.0,0.0,0.0,0.0,0.0,100.0,0.0,0.0,0.0,0.0,0.0,3765.0,300.0,-217.0,300.0,-6233.2314000000015,300.30862946683703,3982.2733,14.8462,9998.2314,13.6115,0.0,0.0,0.0,0.6679999999999999,0.020000000000000018,0.020000000000000018,0.688,0.6479999999999999,0.0,0.0,0.0,0.0,0.0,0.6679999999999999,0.020000000000000018,0.020000000000000018,0.688,0.6479999999999999,0.0
me,226At,141,85,226,14.15695,14.0153805,1401.53805,0.0,0.0,0.0,0.0,0.0,0.0,100.0,0.0,0.0,0.0,0.0,0.0,5913.0,300.0,55.0,300.0,-3927.5409,300.3432852481307,5858.2675,15.2924,9840.5409,14.3558,0.010889192732699608,0.005444596366349804,0.10061978232311133,0.6679999999999999,0.02,0.02,0.6655925581382279,0.6672043384762618,-0.003937860752500456,0.0,0.0,0.0,0.0,0.6679999999999999,0.020000000000000018,0.020000000000000018,0.688,0.6479999999999999,0.0
me,227At,142,85,227,8.89936,8.810366400000001,881.0366399999998,0.0,0.0,0.0,0.0,0.0,0.0,100.0,0.0,0.0,0.0,0.0,0.0,4544.0,300.0,612.0,300.0,-5246.9447,300.537253312863,3932.6771,17.559,9790.9447,17.9622,0.116184877390276,0.03470400786518543,0.24565814258124094,0.6679999999999999,0.02,0.02,0.6660899681337081,0.6673977604316064,0.1175808271340211,0.0,0.0,0.0,0.0,0.6679999999999999,0.020000000000000018,0.020000000000000018,0.688,0.6479999999999999,0.0
me,228At,143,85,228,2.30294,2.2799106,227.99106,0.0,0.0,0.0,0.0,0.0,0.0,100.0,0.0,0.0,0.0,0.0,0.0,6637.0,400.0,923.0,400.0,-3009.3634,400.5274738282132,5713.6863,22.6061,9646.3634,20.5489,0.17193011718814846,0.058916810653036125,0.3588578608519693,0.6679999999999999,0.02,0.02,0.6665015857811016,0.6665057106957402,0.17390087931376183,0.0,0.0,0.0,0.0,0.6679999999999999,0.020000000000000018,0.020000000000000018,0.688,0.6479999999999999,0.0
me,229At,144,85,229,2.40203,2.3780097000000002,237.80097,0.03,0.027000000000000003,0.27,0.0,0.0,0.0,100.0,0.0,0.0,0.0,0.0,0.0,5527.0,400.0,1575.0,400.0,-4139.0708,400.46050611809403,3952.3845,21.9671,9666.0708,19.1994,0.28371869688221407,0.12601216252036426,0.5756837208163004,0.6669790943342956,0.003984564100826038,0.0004029908033469365,0.6673820851376425,0.6629945302334695,0.2864630621112883,0.0,0.0,0.0,0.0,0.6679999999999999,0.020000000000000018,0.020000000000000018,0.688,0.6479999999999999,0.0
me,230At,145,85,230,0.77255,0.7648244999999999,76.48245,0.02,0.018000000000000002,0.18000000000000002,0.0,0.0,0.0,100.0,0.0,0.0,0.0,0.0,0.0,6802.346996000097,1000.0,1636.3469959997697,1000.0,-1492.6530039999036,1414.213562373095,3623.0,1000.0,8295.0,1000.0,0.5467133412971241,0.18161332555562792,1.144600980957487,0.663226293269623,0.013387327603135102,0.004545000009266387,0.6677712932788894,0.6498389656664879,0.5497451362857828,0.0,0.0,0.0,0.0,0.6679999999999999,0.020000000000000018,0.020000000000000018,0.688,0.6479999999999999,0.0
me,231At,146,85,231,1.84227,1.8238473,182.38473,0.12,0.10800000000000001,1.08,0.0,0.0,0.0,100.0,0.0,0.0,0.0,0.0,0.0,6040.346996000153,1000.0,2407.3469960001817,1000.0,-1973.6530039998459,1414.213562373095,4391.0,1000.0,8013.999999999999,1000.0,0.2962742750935142,0.1481371375467571,0.7036204907391911,0.6668409829739713,0.006256838677625498,0.0006959769888560396,0.6675369599628274,0.6605841442963458,0.2835965376831591,0.0,0.0,0.0,0.0,0.6679999999999999,0.020000000000000018,0.020000000000000018,0.688,0.6479999999999999,0.0
me,232At,147,85,232,0.99072,0.9808128,98.08128,0.09,0.081,0.8099999999999999,0.0,0.0,0.0,100.0,0.0,0.0,0.0,0.0,0.0,7607.346995999933,1000.0,2687.346996000155,1000.0,-132.65300400006709,1414.213562373095,3349.0,1000.0,7740.0,1000.0,0.7199273145553942,0.28967201201843146,1.4774503366764247,0.6600623259342273,0.021405438727931436,0.006851281933569875,0.6669136078677972,0.6386568872062959,0.7256696218252182,0.0,0.0,0.0,0.0,0.6679999999999999,0.020000000000000018,0.020000000000000018,0.688,0.6479999999999999,0.0
me,233At,148,85,233,1.0184799999999998,1.0082951999999998,100.82952,0.29,0.261,2.61,0.0,0.0,0.0,100.0,0.0,0.0,0.0,0.0,0.0,6589.34699600013,1000.0,3204.3469959999798,1000.0,-1158.6530039998688,1414.213562373095,4399.0,1000.0,7748.0,1000.0,0.38604264116427756,0.06487856434275857,0.849635193777493,0.6663697867941786,0.009663949894618495,0.00023314879964830837,0.6666029355938269,0.6567058368995601,0.38247052281396465,0.0,0.0,0.0,0.0,0.6679999999999999,0.020000000000000018,0.020000000000000018,0.688,0.6479999999999999,0.0
me,234At,149,85,234,0.36878,0.3650922,36.50922,0.22,0.198,1.98,0.0,0.0,0.0,100.0,0.0,0.0,0.0,0.0,0.0,7680.346996000253,1000.0,3052.3469960001644,1000.0,-250.6530039997469,1414.213562373095,3532.0,1000.0,7931.0,1000.0,0.7023220854197922,0.27911492431251866,1.4432988292949172,0.6606256932665666,0.020671048779773438,0.0064040425659956934,0.6670297358325623,0.6399546444867932,0.7078602582141758,0.0,0.0,0.0,0.0,0.6679999999999999,0.020000000000000018,0.020000000000000018,0.688,0.6479999999999999,0.0
me,235At,150,85,235,0.55165,0.5461334999999999,54.61335,0.46,0.414,4.1400000000000015,0.0,0.0,0.0,100.0,0.0,0.0,0.0,0.0,0.0,6499.346995999758,1000.0,3415.3469959999934,1000.0,-1292.6530040002415,1414.213562373095,4261.0,1000.0,7792.0,1000.0,0.3939276399686536,0.07116849553903881,0.8635633546043613,0.6663303618001567,0.009847375473826414,0.00037950262400698875,0.6667098644241637,0.6564829863263303,0.3910656960690394,0.0,0.0,0.0,0.0,0.6679999999999999,0.020000000000000018,0.020000000000000018,0.688,0.6479999999999999,0.0
me,236At,151,85,236,0.21679,0.2146221,21.46221,0.35,0.315,3.15,0.0,0.0,0.0,100.0,0.0,0.0,0.0,0.0,0.0,8042.346996000107,1000.0,3219.346995999853,1000.0,505.34699600010566,1414.213562373095,3276.0,1000.0,7537.0,1000.0,0.8011344343948925,0.3369815727024239,1.6358800037136079,0.6574818490496817,0.022622369157376254,0.009133243086806186,0.6666150921364878,0.6348594798923054,0.8074994191322475,1.1861732536555856,0.04839195897696994,0.02419597948848497,1.2355519184523165,0.6679999999999999,0.02,0.02,0.6659113316513042,0.6464423713434551,0.07192536433033735
me,237At,152,85,237,0.1536,0.15206399999999998,15.2064,0.56,0.504,5.040000000000001,0.0,0.0,0.0,100.0,0.0,0.0,0.0,0.0,0.0,7385.346996000179,1000.0,4069.346996000217,1000.0,139.3469960001803,1414.213562373095,3969.0,1000.0,7246.0,1000.0,0.5848702066654098,0.20685205688431607,1.2168928253647335,0.6629210383466767,0.015713644186630793,0.0049035890275959115,0.6678246273742726,0.6472073941600459,0.5889297964214347,2.663794401263351,0.013753204802020717,0.0068766024010103585,2.677583109815534,0.6679999999999999,0.02,0.02,0.6656169022408172,0.6043775831098156,-0.09331073980178917
me,230Rn,144,86,230,13.552389999999999,13.4168661,1341.68661,0.0,0.0,0.0,0.0,0.0,0.0,100.0,0.0,0.0,0.0,0.0,0.0,2683.0,200.0,-1570.0,200.0,-7357.088799999998,200.22014010823187,4252.8029,8.2341,10040.0888,9.3864,0.0,0.0,0.0,0.6679999999999999,0.020000000000000018,0.020000000000000018,0.688,0.6479999999999999,0.0,0.0,0.0,0.0,0.0,0.6679999999999999,0.020000000000000018,0.020000000000000018,0.688,0.6479999999999999,0.0
me,231Rn,145,86,231,4.742369999999999,4.6949463,469.49463,0.0,0.0,0.0,0.0,0.0,0.0,100.0,0.0,0.0,0.0,0.0,0.0,4469.0,300.0,-1009.0,300.0,-5261.3146,300.14127577261013,5477.5117,10.1274,9730.3146,9.2079,0.0,0.0,0.0,0.6679999999999999,0.020000000000000018,0.020000000000000018,0.688,0.6479999999999999,0.0,0.0,0.0,0.0,0.0,0.6679999999999999,0.020000000000000018,0.020000000000000018,0.688,0.6479999999999999,0.0
me,232Rn,146,86,232,5.54486,5.4894114,548.94114,0.0,0.0,0.0,0.0,0.0,0.0,100.0,0.0,0.0,0.0,0.0,0.0,3689.346996000268,1000.0,-413.6530039997304,1000.0,-4858.653003999732,1414.213562373095,4917.0,1000.0,8548.0,1000.0,0.0,0.0,0.0,0.6679999999999999,0.020000000000000018,0.020000000000000018,0.688,0.6479999999999999,0.0,0.0,0.0,0.0,0.0,0.6679999999999999,0.020000000000000018,0.020000000000000018,0.688,0.6479999999999999,0.0
me,233Rn,147,86,233,1.98134,1.9615266,196.15266000000003,0.0,0.0,0.0,0.0,0.0,0.0,100.0,0.0,0.0,0.0,0.0,0.0,5246.346996000057,1000.0,304.34699600011686,1000.0,-3050.6530039999434,1414.213562373095,3381.0,1000.0,8297.0,1000.0,0.33271337446555055,0.01723647832403452,0.7599712756918182,0.6679999999999999,0.02,0.02,0.6657930201315085,0.6587809191778617,0.32407636374223514,0.0,0.0,0.0,0.0,0.6679999999999999,0.020000000000000018,0.020000000000000018,0.688,0.6479999999999999,0.0
me,234Rn,148,86,234,2.29003,2.2671297000000004,226.71297,0.0,0.0,0.0,0.0,0.0,0.0,100.0,0.0,0.0,0.0,0.0,0.0,4499.346995999758,1000.0,618.3469959999677,1000.0,-3505.653004000242,1414.213562373095,4624.0,1000.0,8005.000000000001,1000.0,-0.04257905191257248,-0.02128952595628624,7.536251805451452,0.6679999999999999,0.020000000000000018,0.020000000000000018,0.688,0.6479999999999999,0.16920027151689282,0.0,0.0,0.0,0.0,0.6679999999999999,0.020000000000000018,0.020000000000000018,0.688,0.6479999999999999,0.0
me,235Rn,149,86,235,0.66676,0.6600924,66.00924,0.0,0.0,0.0,0.0,0.0,0.0,100.0,0.0,0.0,0.0,0.0,0.0,6076.346995999984,1000.0,1415.3469959999934,1000.0,-1627.6530040000162,1414.213562373095,3080.0,1000.0,7704.0,1000.0,0.5179956623301577,0.16079699873779368,1.0914331174347356,0.6634560347013587,0.011978932758271332,0.004169544289805871,0.6676255789911646,0.6514771019430874,0.5197213517008349,0.0,0.0,0.0,0.0,0.6679999999999999,0.020000000000000018,0.020000000000000018,0.688,0.6479999999999999,0.0
me,236Rn,150,86,236,1.09194,1.0810206,108.10206000000001,0.0,0.0,0.0,0.0,0.0,0.0,100.0,0.0,0.0,0.0,0.0,0.0,4862.346995999586,1000.0,1253.3469959997312,1000.0,-3035.653004000413,1414.213562373095,4818.0,1000.0,7898.0,1000.0,0.008832014025995124,0.004416007012997562,0.7554301298910023,0.6679999999999999,0.02,0.02,0.665575072119221,0.6589262358434879,0.012538731258406188,0.0,0.0,0.0,0.0,0.6679999999999999,0.020000000000000018,0.020000000000000018,0.688,0.6479999999999999,0.0
me,237Rn,151,86,237,0.72722,0.7199478,71.99477999999998,0.01,0.009000000000000001,0.09000000000000001,0.0,0.0,0.0,100.0,0.0,0.0,0.0,0.0,0.0,5886.346996000158,1000.0,1546.346995999624,1000.0,-2243.6530039998443,1414.213562373095,3312.0,1000.0,8130.000000000001,1000.0,0.4494596010562809,0.10092002520955534,0.9719443239598973,0.6649645907714804,0.011654586434036718,0.0022418494049865068,0.6672064401764669,0.6533100043374437,0.44590163000125904,0.0,0.0,0.0,0.0,0.6679999999999999,0.020000000000000018,0.020000000000000018,0.688,0.6479999999999999,0.0
me,238Rn,152,86,238,0.52231,0.5170869,51.70869000000001,0.03,0.027000000000000003,0.27,0.0,0.0,0.0,100.0,0.0,0.0,0.0,0.0,0.0,4923.346995999964,1000.0,1350.346996000166,1000.0,-2920.653004000036,1414.213562373095,4532.0,1000.0,7844.0,1000.0,0.07563019996324992,0.03781509998162496,0.7492961830657948,0.6679999999999999,0.02,0.02,0.6661428566996876,0.6591225221418945,0.059619446005468486,0.0,0.0,0.0,0.0,0.6679999999999999,0.020000000000000018,0.020000000000000018,0.688,0.6479999999999999,0.0
me,234Fr,147,87,234,1.51834,1.5031566,150.31566,0.0,0.0,0.0,0.0,0.0,0.0,100.0,0.0,0.0,0.0,0.0,0.0,6226.346995999847,1000.0,813.346995999904,1000.0,-2591.653004000153,1414.213562373095,3878.0,1000.0,8818.0,1000.0,0.4130630329638863,0.06769243812016401,0.9103020596740793,0.6659472981099751,0.010418172258241931,0.0007034733380676395,0.6666507714480427,0.6555291258517332,0.415031541521661,0.0,0.0,0.0,0.0,0.6679999999999999,0.020000000000000018,0.020000000000000018,0.688,0.6479999999999999,0.0
me,235Fr,148,87,235,1.50644,1.4913756,149.13756,0.01,0.009000000000000001,0.09000000000000001,0.0,0.0,0.0,100.0,0.0,0.0,0.0,0.0,0.0,5437.346996000315,1000.0,1565.346995999857,1000.0,-3097.653003999685,1414.213562373095,4657.0,1000.0,8535.0,1000.0,0.14678653359054325,0.07339326679527163,0.5486942574203337,0.6679999999999999,0.02,0.02,0.6667476855355197,0.6632104459406373,0.12042331187931996,0.0,0.0,0.0,0.0,0.6679999999999999,0.020000000000000018,0.020000000000000018,0.688,0.6479999999999999,0.0
me,236Fr,149,87,236,0.6865399999999999,0.6796746,67.96746000000002,0.01,0.009000000000000001,0.09000000000000001,0.0,0.0,0.0,100.0,0.0,0.0,0.0,0.0,0.0,6991.346996000401,1000.0,1828.3469960004586,1000.0,-1270.6530039995978,1414.213562373095,3605.0,1000.0,8262.0,1000.0,0.5819777783603003,0.20428876352692976,1.2117972705996998,0.6629441777731175,0.01552786586770516,0.0049086458280862555,0.6678528236012038,0.6474163119054124,0.5859688926106319,0.0,0.0,0.0,0.0,0.6679999999999999,0.020000000000000018,0.020000000000000018,0.688,0.6479999999999999,0.0
me,237Fr,150,87,237,0.86735,0.8586765,85.86765,0.08,0.07200000000000001,0.7200000000000001,0.0,0.0,0.0,100.0,0.0,0.0,0.0,0.0,0.0,6265.346995999836,1000.0,2651.3469959998693,1000.0,-1675.653004000165,1414.213562373095,4335.0,1000.0,7941.0,1000.0,0.34392949559364117,0.028239235558989773,0.7779524946791945,0.6679999999999999,0.02,0.02,0.6659800670045029,0.6582055201702658,0.33687779080687325,0.0,0.0,0.0,0.0,0.6679999999999999,0.020000000000000018,0.020000000000000018,0.688,0.6479999999999999,0.0
me,238Fr,151,87,238,0.5656800000000001,0.5600231999999999,56.00232,0.09,0.081,0.8099999999999999,0.0,0.0,0.0,100.0,0.0,0.0,0.0,0.0,0.0,7549.34699599994,1000.0,2692.346996000037,1000.0,-354.6530040000598,1414.213562373095,3569.0,1000.0,7904.0,1000.0,0.6777582916483189,0.2634813627180701,1.3961889426282268,0.6611670758753853,0.01948323261320628,0.006034629134715974,0.6672017050101012,0.641683843262179,0.6829766576997935,0.0,0.0,0.0,0.0,0.6679999999999999,0.020000000000000018,0.020000000000000018,0.688,0.6479999999999999,0.0
me,239Fr,152,87,239,0.49075,0.4858425,48.58425,0.23,0.207,2.0700000000000003,0.0,0.0,0.0,100.0,0.0,0.0,0.0,0.0,0.0,6280.346995999707,1000.0,2968.3469959998765,1000.0,-1865.6530040002933,1414.213562373095,4577.0,1000.0,8146.000000000001,1000.0,0.3059753083996799,0.15298765419983995,0.7206047729706804,0.6667701234580016,0.006729476193063411,0.0008007901213973323,0.6675709135793989,0.6600406472649382,0.29693949689005966,0.0,0.0,0.0,0.0,0.6679999999999999,0.020000000000000018,0.020000000000000018,0.688,0.6479999999999999,0.0
me,235Ra,147,88,235,7.826960000000001,7.748690400000001,774.8690399999998,0.0,0.0,0.0,0.0,0.0,0.0,100.0,0.0,0.0,0.0,0.0,0.0,3773.0,300.0,-1783.0,300.0,-6320.5134,300.6082089718942,5555.3525,19.76,10093.5134,19.1127,0.0,0.0,0.0,0.6679999999999999,0.020000000000000018,0.020000000000000018,0.688,0.6479999999999999,0.0,0.0,0.0,0.0,0.0,0.6679999999999999,0.020000000000000018,0.020000000000000018,0.688,0.6479999999999999,0.0
me,236Ra,148,88,236,17.53033,17.3550267,1735.50267,0.0,0.0,0.0,0.0,0.0,0.0,100.0,0.0,0.0,0.0,0.0,0.0,3098.3469959999184,1000.0,-1239.6530040002071,1000.0,-5930.653004000082,1414.213562373095,5160.0,1000.0,9029.0,1000.0,0.0,0.0,0.0,0.6679999999999999,0.020000000000000018,0.020000000000000018,0.688,0.6479999999999999,0.0,0.0,0.0,0.0,0.0,0.6679999999999999,0.020000000000000018,0.020000000000000018,0.688,0.6479999999999999,0.0
me,237Ra,149,88,237,2.28835,2.2654665,226.54665,0.0,0.0,0.0,0.0,0.0,0.0,100.0,0.0,0.0,0.0,0.0,0.0,4660.3469959998165,1000.0,-515.6530040000468,1000.0,-4110.6530040001835,1414.213562373095,3611.0,1000.0,8771.0,1000.0,0.0,0.0,0.0,0.6679999999999999,0.020000000000000018,0.020000000000000018,0.688,0.6479999999999999,0.0,0.0,0.0,0.0,0.0,0.6679999999999999,0.020000000000000018,0.020000000000000018,0.688,0.6479999999999999,0.0
me,238Ra,150,88,238,4.8901699999999995,4.841268299999999,484.12683,0.0,0.0,0.0,0.0,0.0,0.0,100.0,0.0,0.0,0.0,0.0,0.0,3888.346995999882,1000.0,-196.6530040000869,1000.0,-4575.653004000118,1414.213562373095,4853.0,1000.0,8464.0,1000.0,0.0,0.0,0.0,0.6679999999999999,0.020000000000000018,0.020000000000000018,0.688,0.6479999999999999,0.0,0.0,0.0,0.0,0.0,0.6679999999999999,0.020000000000000018,0.020000000000000018,0.688,0.6479999999999999,0.0
me,239Ra,151,88,239,2.99742,2.9674457999999997,296.7445800000001,0.0,0.0,0.0,0.0,0.0,0.0,100.0,0.0,0.0,0.0,0.0,0.0,5455.3469960001175,1000.0,576.3469960000514,1000.0,-2704.6530039998834,1414.213562373095,3307.0,1000.0,8160.0,1000.0,0.3805723575176732,0.05925474938954822,0.8408673659341224,0.6663971382124116,0.009551016067357643,0.00011019252721067296,0.6665073307396223,0.656846122145054,0.3766982603002398,0.0,0.0,0.0,0.0,0.6679999999999999,0.020000000000000018,0.020000000000000018,0.688,0.6479999999999999,0.0
me,240Ra,152,88,240,1.9042700000000001,1.8852273000000002,188.52273,0.0,0.0,0.0,0.0,0.0,0.0,100.0,0.0,0.0,0.0,0.0,0.0,4628.3469960001175,1000.0,826.3469960000514,1000.0,-3303.653003999881,1414.213562373095,4625.0,1000.0,7932.0,1000.0,0.0006686330645360395,0.00033431653226801973,0.4161244999138195,0.6679999999999999,0.02,0.02,0.6655056833810485,0.6658646385023269,-0.01812284886291127,0.0,0.0,0.0,0.0,0.6679999999999999,0.020000000000000018,0.020000000000000018,0.688,0.6479999999999999,0.0
me,237Ac,148,89,237,16.2685,16.105815,1610.5815,0.0,0.0,0.0,0.0,0.0,0.0,100.0,0.0,0.0,0.0,0.0,0.0,4065.0,400.0,-306.0,400.0,-6140.2927,400.5256848143449,4371.4235,21.1184,10205.2927,20.514,0.0,0.0,0.0,0.6679999999999999,0.020000000000000018,0.020000000000000018,0.688,0.6479999999999999,0.0,0.0,0.0,0.0,0.0,0.6679999999999999,0.020000000000000018,0.020000000000000018,0.688,0.6479999999999999,0.0
me,238Ac,149,89,238,4.160819999999999,4.1192117999999995,411.92118,0.0,0.0,0.0,0.0,0.0,0.0,100.0,0.0,0.0,0.0,0.0,0.0,5622.346996000033,1000.0,-16.653003999795857,1000.0,-3632.653003999967,1414.213562373095,4083.0,1000.0,9255.0,1000.0,0.0,0.0,0.0,0.6679999999999999,0.020000000000000018,0.020000000000000018,0.688,0.6479999999999999,0.0,0.0,0.0,0.0,0.0,0.6679999999999999,0.020000000000000018,0.020000000000000018,0.688,0.6479999999999999,0.0
me,239Ac,150,89,239,9.28314,9.1903086,919.03086,0.0,0.0,0.0,0.0,0.0,0.0,100.0,0.0,0.0,0.0,0.0,0.0,4826.346995999984,1000.0,743.3469959999678,1000.0,-4130.653004000016,1414.213562373095,4875.0,1000.0,8957.0,1000.0,-0.01635598976988878,-0.00817799488494439,0.9088286005922046,0.6679999999999999,0.020000000000000018,0.020000000000000018,0.688,0.6479999999999999,-0.03424482021578296,0.0,0.0,0.0,0.0,0.6679999999999999,0.020000000000000018,0.020000000000000018,0.688,0.6479999999999999,0.0
me,240Ac,151,89,240,6.51138,6.4462662,644.62662,0.01,0.009000000000000001,0.09000000000000001,0.0,0.0,0.0,100.0,0.0,0.0,0.0,0.0,0.0,6376.346996000166,1000.0,1024.3469959999168,1000.0,-2297.6530039998347,1414.213562373095,3799.0,1000.0,8674.0,1000.0,0.4518786770227042,0.10235973716515961,0.9765778702562977,0.664899275720387,0.011756079049613732,0.0023172424397691627,0.6672165181601561,0.6531431966707733,0.44867220734246077,0.0,0.0,0.0,0.0,0.6679999999999999,0.020000000000000018,0.020000000000000018,0.688,0.6479999999999999,0.0
me,241Ac,152,89,241,3.54619,3.5107281,351.07281,0.05,0.045000000000000005,0.45,0.0,0.0,0.0,100.0,0.0,0.0,0.0,0.0,0.0,5620.346996000079,1000.0,1816.346996000288,1000.0,-2734.65300399992,1414.213562373095,4556.0,1000.0,8355.0,1000.0,0.197167114913653,0.0985835574568265,1.4746374618724865,0.6679999999999999,0.02,0.02,0.6671759204767661,0.6387637764488455,0.13969773871944655,0.0,0.0,0.0,0.0,0.6679999999999999,0.020000000000000018,0.020000000000000018,0.688,0.6479999999999999,0.0
me,239Th,149,90,239,12.38884,12.2649516,1226.49516,0.0,0.0,0.0,0.0,0.0,0.0,100.0,0.0,0.0,0.0,0.0,0.0,3162.0,445.0,-2466.0,400.0,-7171.0,486.2519922838363,5628.0,196.0,10333.0,196.0,0.0,0.0,0.0,0.6679999999999999,0.020000000000000018,0.020000000000000018,0.688,0.6479999999999999,0.0,0.0,0.0,0.0,0.0,0.6679999999999999,0.020000000000000018,0.020000000000000018,0.688,0.6479999999999999,0.0
me,240Th,150,90,240,45.82229,45.3640671,4536.40671,0.0,0.0,0.0,0.0,0.0,0.0,100.0,0.0,0.0,0.0,0.0,0.0,2479.3469959997765,1000.0,-2067.6530040001817,1000.0,-6949.653004000224,1414.213562373095,5349.0,1000.0,9429.0,1000.0,0.0,0.0,0.0,0.6679999999999999,0.020000000000000018,0.020000000000000018,0.688,0.6479999999999999,0.0,0.0,0.0,0.0,0.0,0.6679999999999999,0.020000000000000018,0.020000000000000018,0.688,0.6479999999999999,0.0
me,241Th,151,90,241,23.70459,23.4675441,2346.75441,0.0,0.0,0.0,0.0,0.0,0.0,100.0,0.0,0.0,0.0,0.0,0.0,4043.3469960000816,1000.0,-1324.653004000016,1000.0,-5104.653003999918,1414.213562373095,3800.0,1000.0,9148.0,1000.0,0.0,0.0,0.0,0.6679999999999999,0.020000000000000018,0.020000000000000018,0.688,0.6479999999999999,0.0,0.0,0.0,0.0,0.0,0.6679999999999999,0.020000000000000018,0.020000000000000018,0.688,0.6479999999999999,0.0
me,242Th,152,90,242,10.32738,10.2241062,1022.41062,0.0,0.0,0.0,0.0,0.0,0.0,100.0,0.0,0.0,0.0,0.0,0.0,3268.3469960002185,1000.0,-1004.6530039998523,1000.0,-5575.6530039997815,1414.213562373095,5044.0,1000.0,8844.0,1000.0,0.0,0.0,0.0,0.6679999999999999,0.020000000000000018,0.020000000000000018,0.688,0.6479999999999999,0.0,0.0,0.0,0.0,0.0,0.6679999999999999,0.020000000000000018,0.020000000000000018,0.688,0.6479999999999999,0.0
me,240Pa,149,91,240,23.1444,22.912956,2291.2956,0.0,0.0,0.0,0.0,0.0,0.0,100.0,0.0,0.0,0.0,0.0,0.0,4295.0,200.0,-1634.0,200.0,-6439.870999999999,200.0203579731073,5928.4888,2.8589,10734.871000000001,2.8537,0.0,0.0,0.0,0.6679999999999999,0.020000000000000018,0.020000000000000018,0.688,0.6479999999999999,0.0,0.0,0.0,0.0,0.0,0.6679999999999999,0.020000000000000018,0.020000000000000018,0.688,0.6479999999999999,0.0
me,241Pa,150,91,241,83.97828,83.1384972,8313.84972,0.0,0.0,0.0,0.0,0.0,0.0,100.0,0.0,0.0,0.0,0.0,0.0,3543.0,358.0,-1046.0,300.0,-6975.0,408.14213210596137,4590.0,196.0,10518.0,196.0,0.0,0.0,0.0,0.6679999999999999,0.020000000000000018,0.020000000000000018,0.688,0.6479999999999999,0.0,0.0,0.0,0.0,0.0,0.6679999999999999,0.020000000000000018,0.020000000000000018,0.688,0.6479999999999999,0.0
me,242Pa,151,91,242,6.60381,6.5377719,653.77719,0.0,0.0,0.0,0.0,0.0,0.0,100.0,0.0,0.0,0.0,0.0,0.0,4949.346996000031,1000.0,-881.6530040002597,1000.0,-4684.653003999969,1414.213562373095,4270.0,1000.0,9634.0,1000.0,0.0,0.0,0.0,0.6679999999999999,0.020000000000000018,0.020000000000000018,0.688,0.6479999999999999,0.0,0.0,0.0,0.0,0.0,0.6679999999999999,0.020000000000000018,0.020000000000000018,0.688,0.6479999999999999,0.0
me,243Pa,152,91,243,4.168769999999999,4.1270823000000005,412.70822999999996,0.0,0.0,0.0,0.0,0.0,0.0,100.0,0.0,0.0,0.0,0.0,0.0,4175.346996000144,1000.0,-103.65300399978494,1000.0,-5142.653003999856,1414.213562373095,5048.0,1000.0,9318.0,1000.0,0.0,0.0,0.0,0.6679999999999999,0.020000000000000018,0.020000000000000018,0.688,0.6479999999999999,0.0,0.0,0.0,0.0,0.0,0.6679999999999999,0.020000000000000018,0.020000000000000018,0.688,0.6479999999999999,0.0
me,241U,149,92,241,104.67197,103.6252503,10362.525029999999,0.0,0.0,0.0,0.0,0.0,0.0,100.0,0.0,0.0,0.0,0.0,0.0,1882.0,220.0,-4191.0,196.0,-9256.5254,241.66278161986386,6072.4315,101.4372,11138.5254,100.0045,0.0,0.0,0.0,0.6679999999999999,0.020000000000000018,0.020000000000000018,0.688,0.6479999999999999,0.0,0.0,0.0,0.0,0.0,0.6679999999999999,0.020000000000000018,0.020000000000000018,0.688,0.6479999999999999,0.0
me,243U,151,92,243,425.36707,421.11339929999997,42111.33993,0.0,0.0,0.0,0.0,0.0,0.0,100.0,0.0,0.0,0.0,0.0,0.0,2674.0,302.0,-3008.0,361.0,-7978.0,319.73270086120374,5682.0,203.0,10652.0,105.0,0.0,0.0,0.0,0.6679999999999999,0.020000000000000018,0.020000000000000018,0.688,0.6479999999999999,0.0,0.0,0.0,0.0,0.0,0.6679999999999999,0.020000000000000018,0.020000000000000018,0.688,0.6479999999999999,0.0
